Hours_Studied,Attendance,Parental_Involvement,Access_to_Resources,Extra,Sleep_Hours,Previous_Scores,Motivation_Level,Internet_Access,Tutoring_Sessions,Family_Income,Teacher_Quality,Physical_Activity,Learning_Disabilities,Exam_Score,School_Type_Private,School_Type_Public,Gender_Female,Gender_Male,Parental_Education_Level_College,Parental_Education_Level_High School,Parental_Education_Level_Postgraduate,Distance_from_Home_Far,Distance_from_Home_Moderate,Distance_from_Home_Near,Peer_Influence_Negative,Peer_Influence_Neutral,Peer_Influence_Positive,Estado,Nota_Previa
23.0,84.0,0,2,False,7.0,73.0,0,Yes,0.0,0,1,3.0,False,67,False,True,False,True,False,True,False,False,False,True,False,False,True,Aprobado,Aprobado
19.0,64.0,0,1,False,8.0,59.0,0,Yes,2.0,1,1,4.0,False,61,False,True,True,False,True,False,False,False,True,False,True,False,False,Reprobado,Reprobado
24.0,98.0,1,1,True,7.0,91.0,1,Yes,2.0,1,1,4.0,False,74,False,True,False,True,False,False,True,False,False,True,False,True,False,Aprobado,Aprobado
29.0,89.0,0,1,True,8.0,98.0,1,Yes,1.0,1,1,4.0,False,71,False,True,False,True,False,True,False,False,True,False,True,False,False,Aprobado,Aprobado
19.0,92.0,1,1,True,6.0,65.0,1,Yes,3.0,1,2,4.0,False,70,False,True,True,False,True,False,False,False,False,True,False,True,False,Aprobado,Aprobado
19.0,88.0,1,1,True,8.0,89.0,1,Yes,3.0,1,1,3.0,False,71,False,True,False,True,False,False,True,False,False,True,False,False,True,Aprobado,Aprobado
29.0,84.0,1,0,True,7.0,68.0,0,Yes,1.0,0,1,2.0,False,67,True,False,False,True,False,True,False,False,True,False,False,True,False,Aprobado,Aprobado
25.0,78.0,0,2,True,6.0,50.0,1,Yes,1.0,2,2,2.0,False,66,False,True,False,True,False,True,False,True,False,False,True,False,False,Aprobado,Reprobado
17.0,94.0,1,2,False,6.0,80.0,2,Yes,0.0,1,0,1.0,False,69,True,False,False,True,True,False,False,False,False,True,False,True,False,Aprobado,Aprobado
23.0,98.0,1,1,True,8.0,71.0,1,Yes,0.0,2,2,5.0,False,72,False,True,False,True,False,True,False,False,True,False,False,False,True,Aprobado,Aprobado
17.0,80.0,0,2,False,8.0,88.0,1,No,4.0,1,2,4.0,False,68,True,False,False,True,True,False,False,False,True,False,False,True,False,Aprobado,Aprobado
17.0,97.0,1,2,True,6.0,87.0,0,Yes,2.0,0,2,2.0,False,71,True,False,False,True,False,True,False,False,False,True,False,True,False,Aprobado,Aprobado
21.0,83.0,1,1,True,8.0,97.0,0,Yes,2.0,1,1,4.0,False,70,False,True,False,True,False,True,False,False,False,True,False,False,True,Aprobado,Aprobado
9.0,82.0,1,1,True,8.0,72.0,1,Yes,2.0,1,1,3.0,False,66,True,False,False,True,False,False,True,False,False,True,False,False,True,Aprobado,Aprobado
10.0,78.0,1,2,True,8.0,74.0,1,Yes,1.0,0,1,4.0,False,65,True,False,False,True,False,False,True,False,False,True,False,True,False,Aprobado,Aprobado
17.0,68.0,1,1,False,8.0,70.0,1,Yes,2.0,1,1,4.0,False,64,True,False,True,False,False,True,False,False,False,True,False,False,True,Reprobado,Aprobado
14.0,60.0,1,0,True,10.0,65.0,0,Yes,0.0,2,1,3.0,False,60,True,False,False,True,True,False,False,False,False,True,False,False,True,Reprobado,Aprobado
22.0,70.0,0,1,True,6.0,82.0,1,Yes,1.0,0,2,3.0,False,65,False,True,True,False,False,True,False,False,False,True,False,True,False,Aprobado,Aprobado
15.0,80.0,1,1,True,9.0,91.0,0,Yes,3.0,0,1,2.0,False,67,False,True,True,False,True,False,False,False,True,False,False,False,True,Aprobado,Aprobado
12.0,75.0,1,2,True,7.0,58.0,1,Yes,3.0,1,1,4.0,False,66,True,False,False,True,True,False,False,False,False,True,False,False,True,Aprobado,Reprobado
29.0,78.0,1,1,False,5.0,99.0,2,Yes,0.0,2,1,1.0,False,69,False,True,True,False,False,True,False,False,True,False,True,False,False,Aprobado,Aprobado
19.0,99.0,1,2,False,6.0,84.0,1,Yes,1.0,1,2,3.0,False,72,False,True,False,True,False,True,False,False,False,True,False,True,False,Aprobado,Aprobado
20.0,74.0,1,2,False,8.0,89.0,0,Yes,1.0,1,1,2.0,False,66,False,True,True,False,True,False,False,False,True,False,True,False,False,Aprobado,Aprobado
11.0,78.0,2,1,True,8.0,100.0,2,Yes,1.0,0,1,3.0,False,66,False,True,False,True,False,True,False,False,True,False,False,True,False,Aprobado,Aprobado
17.0,65.0,0,2,True,5.0,75.0,1,Yes,2.0,0,1,3.0,False,63,False,True,True,False,False,True,False,False,False,True,False,False,True,Reprobado,Aprobado
21.0,62.0,2,0,True,6.0,54.0,2,Yes,0.0,2,2,3.0,False,64,False,True,False,True,False,False,True,True,False,False,False,False,True,Reprobado,Reprobado
13.0,91.0,0,1,False,6.0,90.0,1,Yes,1.0,2,1,2.0,True,65,False,True,True,False,False,True,False,False,True,False,True,False,False,Aprobado,Aprobado
22.0,83.0,2,2,True,6.0,94.0,1,Yes,0.0,2,1,2.0,False,71,False,True,False,True,True,False,False,False,True,False,False,True,False,Aprobado,Aprobado
16.0,90.0,1,1,False,4.0,58.0,1,Yes,1.0,0,1,3.0,False,66,False,True,True,False,False,True,False,False,True,False,False,True,False,Aprobado,Reprobado
18.0,66.0,2,2,False,4.0,51.0,0,Yes,2.0,0,1,2.0,False,64,True,False,False,True,True,False,False,False,False,True,False,True,False,Reprobado,Reprobado
16.0,83.0,0,1,False,6.0,57.0,1,Yes,0.0,2,0,4.0,True,63,False,True,True,False,False,True,False,False,False,True,False,False,True,Reprobado,Reprobado
31.0,70.0,1,2,True,7.0,66.0,1,Yes,1.0,2,1,3.0,False,69,False,True,False,True,True,False,False,False,False,True,True,False,False,Aprobado,Aprobado
20.0,69.0,1,1,True,8.0,96.0,1,Yes,2.0,1,2,3.0,False,67,False,True,False,True,False,True,False,False,False,True,False,False,True,Aprobado,Aprobado
14.0,60.0,2,1,False,5.0,50.0,1,Yes,2.0,1,1,3.0,False,61,False,True,True,False,True,False,False,False,False,True,False,True,False,Reprobado,Reprobado
25.0,65.0,2,1,False,5.0,90.0,1,Yes,2.0,1,1,3.0,False,68,False,True,True,False,True,False,False,False,True,False,False,False,True,Aprobado,Aprobado
13.0,72.0,0,1,False,6.0,93.0,0,Yes,1.0,0,1,3.0,False,61,False,True,False,True,False,True,False,False,False,True,True,False,False,Reprobado,Aprobado
21.0,65.0,1,0,True,7.0,91.0,0,Yes,2.0,1,2,3.0,False,64,False,True,True,False,False,True,False,True,False,False,False,False,True,Reprobado,Aprobado
8.0,99.0,1,1,False,9.0,54.0,0,Yes,2.0,0,1,5.0,False,67,False,True,True,False,False,False,True,False,False,True,False,True,False,Aprobado,Reprobado
12.0,72.0,0,1,True,8.0,84.0,1,Yes,1.0,0,1,5.0,False,63,False,True,True,False,False,True,False,False,False,True,False,False,True,Reprobado,Aprobado
21.0,65.0,0,1,True,6.0,98.0,0,Yes,1.0,1,2,4.0,False,64,False,True,False,True,False,True,False,False,False,True,True,False,False,Reprobado,Aprobado
24.0,68.0,2,1,False,8.0,56.0,0,Yes,3.0,2,2,1.0,False,67,False,True,False,True,True,False,False,False,False,True,False,True,False,Aprobado,Reprobado
21.0,84.0,1,1,True,6.0,52.0,0,Yes,1.0,1,2,2.0,True,65,False,True,True,False,True,False,False,True,False,False,False,True,False,Aprobado,Reprobado
19.0,63.0,0,2,False,7.0,94.0,1,Yes,1.0,1,1,3.0,False,64,True,False,False,True,False,True,False,False,True,False,False,False,True,Reprobado,Aprobado
18.0,94.0,1,2,True,7.0,82.0,1,Yes,3.0,1,1,2.0,True,70,True,False,False,True,True,False,False,False,False,True,True,False,False,Aprobado,Aprobado
11.0,98.0,1,1,True,9.0,82.0,0,Yes,1.0,1,1,3.0,False,68,True,False,False,True,False,False,True,True,False,False,False,False,True,Aprobado,Aprobado
16.0,70.0,1,1,True,8.0,98.0,1,Yes,2.0,1,1,3.0,False,65,False,True,False,True,False,True,False,False,True,False,False,False,True,Aprobado,Aprobado
17.0,78.0,1,1,True,6.0,88.0,1,Yes,1.0,1,2,3.0,False,68,True,False,True,False,True,False,False,False,False,True,False,False,True,Aprobado,Aprobado
26.0,61.0,1,0,True,6.0,70.0,1,Yes,2.0,0,1,3.0,False,64,False,True,True,False,False,True,False,False,True,False,False,False,True,Reprobado,Aprobado
22.0,86.0,0,1,True,7.0,72.0,0,Yes,3.0,0,2,2.0,False,68,False,True,False,True,False,True,False,False,True,False,False,False,True,Aprobado,Aprobado
9.0,77.0,1,1,False,5.0,57.0,1,Yes,2.0,1,2,3.0,False,63,False,True,False,True,False,True,False,False,False,True,False,True,False,Reprobado,Reprobado
22.0,71.0,0,1,True,7.0,65.0,0,Yes,1.0,1,0,4.0,False,64,False,True,False,True,True,False,False,False,True,False,False,False,True,Reprobado,Aprobado
18.0,68.0,2,1,False,7.0,72.0,1,Yes,0.0,1,1,3.0,False,64,False,True,False,True,True,False,False,False,False,True,False,True,False,Reprobado,Aprobado
16.0,86.0,0,1,True,8.0,63.0,1,Yes,2.0,1,1,4.0,False,67,False,True,False,True,False,True,False,False,False,True,False,False,True,Aprobado,Reprobado
24.0,77.0,2,0,False,8.0,96.0,1,Yes,0.0,1,1,3.0,False,67,False,True,True,False,False,True,False,False,False,True,False,True,False,Aprobado,Aprobado
26.0,67.0,1,2,True,7.0,51.0,0,Yes,2.0,2,2,4.0,True,66,True,False,True,False,False,False,True,True,False,False,False,True,False,Aprobado,Reprobado
26.0,88.0,1,2,True,5.0,79.0,1,Yes,1.0,0,2,4.0,False,72,True,False,False,True,True,False,False,False,True,False,False,False,True,Aprobado,Aprobado
15.0,83.0,1,2,False,5.0,89.0,0,No,1.0,1,2,2.0,True,65,False,True,True,False,False,True,False,False,False,True,False,True,False,Aprobado,Aprobado
18.0,94.0,1,1,True,6.0,87.0,2,Yes,1.0,1,1,4.0,False,71,False,True,False,True,False,True,False,False,False,True,False,False,True,Aprobado,Aprobado
22.0,65.0,2,0,False,8.0,82.0,1,Yes,2.0,1,2,1.0,False,66,False,True,True,False,False,False,True,False,False,True,False,False,True,Aprobado,Aprobado
26.0,91.0,1,0,True,8.0,71.0,1,Yes,0.0,0,1,3.0,False,68,True,False,False,True,False,True,False,False,True,False,False,True,False,Aprobado,Aprobado
17.0,87.0,1,1,False,7.0,96.0,1,Yes,1.0,2,1,5.0,False,70,False,True,True,False,False,False,True,False,False,True,True,False,False,Aprobado,Aprobado
19.0,65.0,1,1,True,10.0,66.0,0,Yes,0.0,0,1,3.0,False,62,False,True,False,True,False,True,False,False,True,False,False,False,True,Reprobado,Aprobado
13.0,88.0,0,2,True,9.0,88.0,2,Yes,2.0,0,2,4.0,False,68,True,False,False,True,False,False,True,True,False,False,True,False,False,Aprobado,Aprobado
13.0,78.0,1,2,True,9.0,96.0,2,Yes,2.0,0,1,3.0,False,67,False,True,False,True,True,False,False,False,True,False,False,True,False,Aprobado,Aprobado
25.0,98.0,0,2,True,8.0,56.0,1,No,0.0,1,2,3.0,False,71,True,False,False,True,False,False,True,False,False,True,False,True,False,Aprobado,Reprobado
28.0,66.0,1,2,True,8.0,97.0,1,Yes,0.0,1,1,2.0,False,68,False,True,False,True,False,True,False,False,False,True,False,True,False,Aprobado,Aprobado
20.0,86.0,1,1,True,8.0,89.0,1,Yes,1.0,0,1,3.0,False,69,False,True,False,True,False,False,True,False,False,True,True,False,False,Aprobado,Aprobado
26.0,75.0,0,2,True,4.0,81.0,2,Yes,3.0,1,2,2.0,False,70,True,False,False,True,False,True,False,False,True,False,False,False,True,Aprobado,Aprobado
22.0,98.0,1,2,False,5.0,69.0,0,No,1.0,0,2,4.0,False,69,False,True,True,False,False,True,False,False,True,False,True,False,False,Aprobado,Aprobado
16.0,73.0,1,1,False,7.0,95.0,1,Yes,1.0,0,1,4.0,False,65,False,True,False,True,True,False,False,False,False,True,True,False,False,Aprobado,Aprobado
22.0,98.0,1,0,True,7.0,52.0,1,No,3.0,1,1,3.0,False,70,False,True,True,False,True,False,False,False,False,True,False,False,True,Aprobado,Reprobado
29.0,96.0,1,0,True,7.0,72.0,1,Yes,1.0,0,1,3.0,False,71,False,True,False,True,False,True,False,False,True,False,False,False,True,Aprobado,Aprobado
20.0,71.0,1,1,True,7.0,88.0,1,Yes,1.0,0,0,4.0,False,65,False,True,True,False,True,False,False,False,False,True,False,True,False,Aprobado,Aprobado
29.0,92.0,0,1,False,4.0,91.0,1,Yes,2.0,1,1,1.0,False,72,False,True,True,False,False,False,True,False,False,True,True,False,False,Aprobado,Aprobado
4.0,100.0,2,2,True,8.0,60.0,2,Yes,0.0,1,2,4.0,False,69,True,False,False,True,True,False,False,False,True,False,False,False,True,Aprobado,Reprobado
25.0,70.0,1,1,False,7.0,52.0,1,Yes,1.0,1,1,3.0,False,66,False,True,True,False,False,False,True,False,False,True,False,False,True,Aprobado,Reprobado
21.0,77.0,0,1,True,7.0,90.0,1,Yes,4.0,1,1,3.0,False,68,True,False,False,True,False,False,True,False,True,False,False,True,False,Aprobado,Aprobado
18.0,81.0,2,0,True,8.0,71.0,1,Yes,0.0,1,1,3.0,False,65,False,True,True,False,False,True,False,False,True,False,False,True,False,Aprobado,Aprobado
21.0,72.0,1,1,True,5.0,57.0,1,Yes,1.0,2,1,5.0,True,64,False,True,False,True,True,False,False,False,True,False,False,True,False,Reprobado,Reprobado
8.0,61.0,1,1,True,7.0,54.0,1,Yes,1.0,2,1,3.0,False,60,False,True,False,True,True,False,False,False,False,True,False,False,True,Reprobado,Reprobado
19.0,69.0,1,2,True,7.0,82.0,2,Yes,1.0,0,1,2.0,False,65,False,True,False,True,False,True,False,False,False,True,True,False,False,Aprobado,Aprobado
22.0,71.0,2,1,False,6.0,79.0,2,Yes,1.0,0,0,3.0,False,66,False,True,False,True,False,True,False,False,False,True,False,False,True,Aprobado,Aprobado
29.0,78.0,2,2,True,4.0,93.0,0,Yes,5.0,1,2,3.0,False,74,False,True,False,True,True,False,False,False,False,True,False,True,False,Aprobado,Aprobado
17.0,67.0,1,1,True,5.0,52.0,2,Yes,2.0,1,1,3.0,False,62,True,False,True,False,False,True,False,True,False,False,True,False,False,Reprobado,Reprobado
15.0,95.0,1,1,False,7.0,93.0,1,Yes,2.0,0,1,4.0,False,70,False,True,False,True,True,False,False,False,True,False,False,False,True,Aprobado,Aprobado
17.0,88.0,1,2,True,7.0,94.0,0,Yes,0.0,1,1,3.0,False,69,False,True,False,True,False,True,False,False,False,True,False,True,False,Aprobado,Aprobado
25.0,63.0,1,2,True,7.0,72.0,1,Yes,3.0,1,2,4.0,False,67,True,False,False,True,True,False,False,True,False,False,True,False,False,Aprobado,Aprobado
22.0,86.0,0,0,False,6.0,54.0,1,Yes,2.0,1,1,0.0,False,64,False,True,False,True,False,True,False,False,True,False,False,True,False,Reprobado,Reprobado
17.0,86.0,1,2,False,5.0,97.0,2,Yes,3.0,2,1,3.0,False,71,False,True,False,True,True,False,False,False,False,True,False,True,False,Aprobado,Aprobado
23.0,98.0,1,0,True,7.0,54.0,0,Yes,0.0,1,1,3.0,False,68,False,True,True,False,True,False,False,False,False,True,True,False,False,Aprobado,Reprobado
21.0,60.0,2,1,False,7.0,80.0,1,Yes,0.0,1,2,4.0,True,64,False,True,False,True,True,False,False,False,False,True,False,True,False,Reprobado,Aprobado
26.0,70.0,1,0,True,8.0,75.0,1,Yes,1.0,1,0,4.0,True,63,True,False,True,False,False,True,False,True,False,False,False,True,False,Reprobado,Aprobado
16.0,97.0,1,1,True,6.0,92.0,0,Yes,0.0,2,1,4.0,False,71,True,False,False,True,True,False,False,False,False,True,False,False,True,Aprobado,Aprobado
18.0,97.0,2,1,True,4.0,75.0,0,Yes,0.0,0,1,3.0,False,69,False,True,False,True,False,True,False,False,True,False,False,False,True,Aprobado,Aprobado
18.0,89.0,2,1,True,4.0,73.0,1,Yes,3.0,2,1,2.0,False,100,True,False,True,False,True,False,False,False,False,True,False,False,True,Aprobado,Aprobado
11.0,91.0,1,1,False,6.0,94.0,1,Yes,3.0,1,1,3.0,False,68,False,True,False,True,True,False,False,False,True,False,False,True,False,Aprobado,Aprobado
22.0,64.0,0,1,False,7.0,98.0,0,No,1.0,1,1,3.0,False,62,False,True,False,True,False,True,False,False,False,True,True,False,False,Reprobado,Aprobado
22.0,81.0,1,1,True,7.0,77.0,0,Yes,2.0,1,1,3.0,False,68,False,True,True,False,False,False,True,True,False,False,False,False,True,Aprobado,Aprobado
20.0,69.0,2,2,True,6.0,73.0,1,Yes,2.0,0,1,3.0,False,66,True,False,False,True,False,True,False,True,False,False,False,False,True,Aprobado,Aprobado
19.0,67.0,0,1,False,5.0,92.0,2,Yes,0.0,1,1,3.0,False,64,False,True,False,True,True,False,False,False,False,True,False,False,True,Reprobado,Aprobado
12.0,92.0,1,1,False,4.0,92.0,2,Yes,2.0,1,2,3.0,True,67,False,True,False,True,False,True,False,False,True,False,False,True,False,Aprobado,Aprobado
17.0,65.0,1,2,True,8.0,66.0,1,Yes,1.0,2,2,4.0,True,65,False,True,True,False,False,False,True,False,True,False,False,True,False,Aprobado,Aprobado
18.0,79.0,1,1,True,7.0,79.0,1,Yes,0.0,0,2,3.0,False,65,True,False,False,True,True,False,False,True,False,False,False,True,False,Aprobado,Aprobado
15.0,98.0,2,1,False,6.0,58.0,2,Yes,0.0,0,2,3.0,False,69,False,True,False,True,True,False,False,False,False,True,False,False,True,Aprobado,Reprobado
19.0,67.0,1,1,False,5.0,82.0,2,Yes,1.0,0,0,3.0,False,63,True,False,False,True,False,True,False,False,False,True,True,False,False,Reprobado,Aprobado
22.0,99.0,1,0,True,6.0,92.0,0,Yes,3.0,1,1,4.0,False,72,False,True,False,True,False,False,True,False,True,False,True,False,False,Aprobado,Aprobado
31.0,100.0,1,1,False,7.0,59.0,1,Yes,2.0,2,2,5.0,False,76,False,True,False,True,False,False,True,False,True,False,False,False,True,Aprobado,Reprobado
21.0,82.0,1,2,True,7.0,66.0,2,Yes,3.0,0,1,3.0,True,69,False,True,True,False,True,False,False,False,False,True,False,False,True,Aprobado,Aprobado
22.0,67.0,1,1,True,7.0,72.0,2,Yes,3.0,0,2,2.0,False,67,False,True,True,False,False,False,True,False,True,False,False,False,True,Aprobado,Aprobado
20.0,73.0,2,1,True,9.0,92.0,1,Yes,2.0,1,2,3.0,False,69,False,True,False,True,True,False,False,False,False,True,False,False,True,Aprobado,Aprobado
8.0,77.0,2,1,True,6.0,87.0,1,Yes,0.0,0,1,2.0,False,63,False,True,False,True,False,True,False,False,True,False,False,True,False,Reprobado,Aprobado
20.0,72.0,1,1,False,9.0,66.0,1,Yes,3.0,0,2,3.0,False,67,True,False,False,True,False,False,True,False,False,True,False,False,True,Aprobado,Aprobado
20.0,71.0,0,2,True,7.0,62.0,2,Yes,2.0,1,1,5.0,False,66,False,True,False,True,True,False,False,False,False,True,True,False,False,Aprobado,Reprobado
35.0,99.0,2,2,True,7.0,85.0,0,Yes,2.0,1,2,2.0,False,79,True,False,True,False,False,False,True,False,False,True,False,True,False,Aprobado,Aprobado
19.0,66.0,1,1,False,8.0,74.0,1,Yes,1.0,2,1,3.0,False,64,False,True,True,False,False,True,False,False,False,True,False,True,False,Reprobado,Aprobado
22.0,89.0,2,2,True,6.0,80.0,1,Yes,1.0,2,2,3.0,False,73,False,True,True,False,False,True,False,False,False,True,False,False,True,Aprobado,Aprobado
20.0,60.0,0,2,False,7.0,82.0,2,Yes,2.0,0,2,4.0,True,63,False,True,False,True,False,True,False,False,False,True,False,False,True,Reprobado,Aprobado
13.0,84.0,1,1,False,5.0,78.0,1,Yes,1.0,0,2,2.0,False,65,False,True,False,True,False,True,False,False,False,True,False,False,True,Aprobado,Aprobado
27.0,97.0,0,2,True,8.0,81.0,1,Yes,0.0,2,1,5.0,False,73,False,True,True,False,False,True,False,False,False,True,False,False,True,Aprobado,Aprobado
25.0,72.0,2,2,True,8.0,94.0,0,Yes,2.0,0,1,4.0,False,70,True,False,True,False,True,False,False,False,True,False,False,False,True,Aprobado,Aprobado
25.0,67.0,2,1,False,9.0,93.0,2,Yes,2.0,0,2,3.0,True,68,False,True,True,False,False,True,False,False,False,True,False,False,True,Aprobado,Aprobado
15.0,86.0,1,1,True,7.0,57.0,1,Yes,1.0,1,1,3.0,False,65,False,True,False,True,True,False,False,False,False,True,True,False,False,Aprobado,Reprobado
28.0,89.0,0,2,True,9.0,79.0,2,Yes,0.0,0,1,1.0,False,71,True,False,True,False,True,False,False,False,True,False,False,False,True,Aprobado,Aprobado
12.0,88.0,0,1,False,6.0,72.0,0,Yes,2.0,1,1,2.0,False,64,False,True,False,True,True,False,False,True,False,False,False,False,True,Reprobado,Aprobado
24.0,73.0,1,2,True,8.0,64.0,1,Yes,4.0,2,1,3.0,True,68,True,False,False,True,True,False,False,False,True,False,False,True,False,Aprobado,Reprobado
33.0,70.0,1,1,True,6.0,82.0,0,Yes,1.0,0,2,4.0,False,69,False,True,False,True,True,False,False,False,False,True,False,True,False,Aprobado,Aprobado
14.0,98.0,1,1,False,7.0,76.0,1,Yes,0.0,1,2,4.0,False,69,True,False,True,False,True,False,False,False,True,False,False,False,True,Aprobado,Aprobado
17.0,97.0,1,1,False,8.0,89.0,1,Yes,1.0,0,1,4.0,False,69,False,True,False,True,False,True,False,True,False,False,False,True,False,Aprobado,Aprobado
21.0,78.0,1,1,True,10.0,55.0,1,Yes,1.0,2,0,2.0,False,67,True,False,False,True,True,False,False,False,False,True,False,False,True,Aprobado,Reprobado
17.0,94.0,0,1,True,8.0,65.0,0,Yes,4.0,1,1,6.0,False,68,False,True,True,False,False,True,False,True,False,False,False,True,False,Aprobado,Aprobado
11.0,78.0,1,2,True,8.0,51.0,1,Yes,2.0,0,1,3.0,False,64,False,True,False,True,False,False,True,False,False,True,False,True,False,Reprobado,Reprobado
20.0,77.0,1,1,False,6.0,87.0,0,Yes,0.0,0,2,4.0,False,66,False,True,True,False,False,True,False,False,False,True,False,False,True,Aprobado,Aprobado
14.0,66.0,2,0,False,7.0,96.0,1,Yes,3.0,0,2,3.0,False,63,False,True,False,True,False,True,False,False,False,True,True,False,False,Reprobado,Aprobado
23.0,77.0,1,1,True,7.0,79.0,1,Yes,0.0,0,2,2.0,False,66,False,True,False,True,False,True,False,False,True,False,False,True,False,Aprobado,Aprobado
14.0,81.0,1,1,False,9.0,81.0,1,Yes,1.0,0,2,3.0,False,66,True,False,True,False,False,False,True,False,False,True,True,False,False,Aprobado,Aprobado
29.0,61.0,1,2,True,7.0,52.0,0,Yes,3.0,0,1,3.0,False,67,True,False,True,False,True,False,False,False,False,True,False,False,True,Aprobado,Reprobado
15.0,78.0,2,2,False,9.0,75.0,0,Yes,1.0,0,1,1.0,False,65,False,True,False,True,False,True,False,False,False,True,True,False,False,Aprobado,Aprobado
18.0,91.0,0,1,True,5.0,76.0,1,Yes,1.0,1,1,3.0,False,68,False,True,True,False,False,True,False,False,False,True,False,True,False,Aprobado,Aprobado
25.0,87.0,1,0,False,9.0,52.0,2,Yes,1.0,0,2,2.0,False,68,True,False,False,True,False,True,False,False,False,True,False,False,True,Aprobado,Reprobado
13.0,85.0,2,1,False,6.0,89.0,1,Yes,0.0,2,1,1.0,True,65,True,False,False,True,False,True,False,False,False,True,False,True,False,Aprobado,Aprobado
21.0,96.0,1,1,False,8.0,64.0,2,Yes,2.0,1,2,0.0,False,71,False,True,False,True,True,False,False,False,False,True,False,True,False,Aprobado,Reprobado
28.0,61.0,1,2,False,6.0,86.0,2,Yes,1.0,0,1,3.0,True,65,True,False,False,True,False,False,True,True,False,False,True,False,False,Aprobado,Aprobado
10.0,82.0,1,0,False,8.0,70.0,1,Yes,3.0,0,2,1.0,True,64,False,True,True,False,False,False,True,False,False,True,False,False,True,Reprobado,Aprobado
21.0,91.0,2,1,False,6.0,100.0,1,Yes,0.0,2,1,2.0,False,72,True,False,True,False,False,False,True,False,False,True,False,True,False,Aprobado,Aprobado
22.0,82.0,1,1,False,9.0,61.0,1,Yes,2.0,0,1,2.0,True,65,False,True,True,False,False,True,False,False,False,True,True,False,False,Aprobado,Reprobado
25.0,73.0,1,2,False,8.0,53.0,2,No,0.0,0,2,5.0,False,66,True,False,True,False,False,False,True,False,False,True,True,False,False,Aprobado,Reprobado
13.0,65.0,0,2,False,6.0,99.0,1,Yes,0.0,0,1,4.0,False,61,True,False,False,True,False,True,False,False,False,True,True,False,False,Reprobado,Aprobado
12.0,96.0,0,2,True,8.0,62.0,1,Yes,2.0,1,2,3.0,False,68,False,True,True,False,True,False,False,False,False,True,True,False,False,Aprobado,Reprobado
23.0,79.0,2,2,True,8.0,82.0,0,Yes,3.0,1,1,3.0,True,69,False,True,True,False,False,False,True,False,True,False,True,False,False,Aprobado,Aprobado
22.0,95.0,1,2,True,6.0,69.0,1,Yes,1.0,0,1,3.0,False,72,False,True,True,False,True,False,False,False,False,True,False,False,True,Aprobado,Aprobado
22.0,83.0,1,2,True,5.0,82.0,1,Yes,2.0,0,2,3.0,False,71,False,True,True,False,False,False,True,False,False,True,False,False,True,Aprobado,Aprobado
22.0,87.0,2,2,False,5.0,80.0,0,Yes,2.0,0,2,3.0,False,70,False,True,True,False,False,True,False,False,False,True,True,False,False,Aprobado,Aprobado
16.0,92.0,1,2,True,5.0,85.0,0,Yes,1.0,0,1,2.0,False,68,False,True,False,True,False,True,False,False,True,False,False,True,False,Aprobado,Aprobado
21.0,86.0,0,1,True,5.0,51.0,1,Yes,2.0,0,2,2.0,False,67,False,True,True,False,False,True,False,False,True,False,False,False,True,Aprobado,Reprobado
22.0,76.0,1,1,True,8.0,92.0,1,Yes,1.0,0,2,4.0,False,68,False,True,True,False,False,True,False,False,False,True,False,True,False,Aprobado,Aprobado
16.0,81.0,1,1,True,8.0,74.0,1,Yes,3.0,1,1,2.0,False,68,False,True,True,False,False,False,True,False,False,True,False,False,True,Aprobado,Aprobado
31.0,92.0,1,1,True,4.0,76.0,1,Yes,2.0,1,2,4.0,True,72,False,True,False,True,False,True,False,True,False,False,False,False,True,Aprobado,Aprobado
23.0,75.0,0,2,False,6.0,71.0,0,Yes,0.0,1,1,2.0,False,65,False,True,False,True,True,False,False,False,False,True,False,True,False,Aprobado,Aprobado
13.0,76.0,1,2,False,5.0,99.0,0,Yes,2.0,1,1,4.0,False,66,True,False,True,False,False,True,False,False,False,True,False,False,True,Aprobado,Aprobado
24.0,64.0,1,1,True,8.0,90.0,2,Yes,0.0,0,2,3.0,False,65,False,True,False,True,False,True,False,False,False,True,True,False,False,Aprobado,Aprobado
14.0,97.0,1,1,True,6.0,66.0,1,Yes,2.0,1,1,3.0,True,67,False,True,True,False,True,False,False,False,False,True,True,False,False,Aprobado,Aprobado
25.0,64.0,1,2,False,5.0,89.0,0,Yes,2.0,1,1,4.0,False,66,False,True,False,True,True,False,False,True,False,False,False,True,False,Aprobado,Aprobado
27.0,86.0,1,1,False,7.0,72.0,0,Yes,1.0,1,2,4.0,False,69,False,True,False,True,False,True,False,True,False,False,False,False,True,Aprobado,Aprobado
15.0,77.0,1,1,True,8.0,94.0,0,Yes,0.0,2,2,3.0,False,66,False,True,False,True,True,False,False,False,True,False,False,False,True,Aprobado,Aprobado
26.0,76.0,1,2,True,6.0,52.0,1,Yes,4.0,2,0,3.0,False,69,False,True,False,True,False,True,False,False,False,True,False,True,False,Aprobado,Reprobado
22.0,87.0,2,0,True,7.0,68.0,1,No,0.0,0,1,2.0,False,67,False,True,False,True,False,True,False,False,False,True,False,True,False,Aprobado,Aprobado
25.0,63.0,2,1,True,6.0,71.0,1,Yes,1.0,1,0,3.0,False,66,True,False,False,True,False,True,False,False,False,True,False,False,True,Aprobado,Aprobado
31.0,84.0,1,1,True,9.0,87.0,1,Yes,2.0,0,1,3.0,False,71,True,False,False,True,True,False,False,True,False,False,False,True,False,Aprobado,Aprobado
19.0,91.0,2,0,False,6.0,59.0,1,Yes,5.0,1,2,4.0,False,70,False,True,False,True,True,False,False,False,True,False,False,True,False,Aprobado,Reprobado
15.0,93.0,2,1,False,6.0,64.0,1,Yes,2.0,1,2,4.0,False,71,False,True,False,True,False,False,True,False,False,True,False,False,True,Aprobado,Reprobado
15.0,67.0,1,1,True,7.0,86.0,2,Yes,1.0,2,1,3.0,False,66,True,False,False,True,False,False,True,False,False,True,False,False,True,Aprobado,Aprobado
15.0,96.0,1,1,False,7.0,54.0,2,No,3.0,1,2,2.0,False,67,False,True,False,True,False,True,False,False,False,True,True,False,False,Aprobado,Reprobado
20.0,86.0,2,0,False,8.0,60.0,1,Yes,1.0,1,1,4.0,True,66,False,True,True,False,True,False,False,True,False,False,False,True,False,Aprobado,Reprobado
22.0,95.0,1,2,False,9.0,88.0,0,Yes,0.0,0,2,2.0,False,72,False,True,False,True,False,False,True,False,False,True,False,False,True,Aprobado,Aprobado
22.0,79.0,1,1,False,9.0,94.0,1,Yes,1.0,1,1,3.0,False,68,False,True,False,True,False,True,False,False,False,True,False,False,True,Aprobado,Aprobado
25.0,82.0,1,1,False,6.0,86.0,1,No,3.0,0,2,3.0,False,69,False,True,True,False,False,True,False,False,False,True,False,False,True,Aprobado,Aprobado
20.0,97.0,1,1,True,7.0,76.0,0,Yes,2.0,0,0,3.0,False,71,True,False,False,True,False,False,True,False,False,True,False,False,True,Aprobado,Aprobado
29.0,96.0,1,1,True,9.0,55.0,0,No,0.0,1,1,2.0,False,70,False,True,True,False,False,False,True,True,False,False,False,True,False,Aprobado,Reprobado
18.0,78.0,1,1,False,9.0,91.0,2,Yes,2.0,2,0,4.0,False,67,False,True,True,False,True,False,False,True,False,False,False,True,False,Aprobado,Aprobado
36.0,71.0,1,1,True,6.0,56.0,1,Yes,2.0,2,1,2.0,False,69,False,True,False,True,False,True,False,True,False,False,False,False,True,Aprobado,Reprobado
24.0,76.0,0,2,False,8.0,69.0,0,Yes,2.0,1,1,1.0,False,65,False,True,False,True,False,True,False,False,True,False,False,True,False,Aprobado,Aprobado
15.0,76.0,2,2,False,8.0,53.0,1,Yes,1.0,0,1,4.0,False,65,False,True,False,True,True,False,False,False,False,True,False,True,False,Aprobado,Reprobado
14.0,71.0,1,1,True,8.0,85.0,0,Yes,2.0,1,2,4.0,False,64,False,True,False,True,False,True,False,False,False,True,False,True,False,Reprobado,Aprobado
23.0,71.0,0,0,True,9.0,75.0,0,Yes,1.0,0,1,2.0,False,63,False,True,False,True,True,False,False,False,False,True,True,False,False,Reprobado,Aprobado
19.0,94.0,0,1,True,5.0,95.0,1,Yes,3.0,0,0,2.0,False,69,False,True,False,True,False,True,False,False,True,False,False,False,True,Aprobado,Aprobado
24.0,63.0,1,0,True,6.0,57.0,1,Yes,1.0,0,2,5.0,False,64,True,False,True,False,True,False,False,False,False,True,False,True,False,Reprobado,Reprobado
23.0,87.0,2,2,True,8.0,91.0,2,Yes,0.0,2,1,3.0,False,72,True,False,False,True,False,True,False,False,True,False,False,False,True,Aprobado,Aprobado
20.0,67.0,0,1,True,7.0,76.0,1,Yes,0.0,1,1,4.0,False,63,False,True,False,True,False,True,False,False,False,True,False,True,False,Reprobado,Aprobado
15.0,74.0,0,2,True,4.0,68.0,0,Yes,3.0,0,1,3.0,False,64,False,True,True,False,False,True,False,False,False,True,False,False,True,Reprobado,Aprobado
11.0,62.0,1,2,True,5.0,82.0,1,Yes,3.0,2,1,4.0,False,64,True,False,False,True,True,False,False,False,True,False,False,True,False,Reprobado,Aprobado
17.0,71.0,1,1,True,8.0,90.0,1,Yes,5.0,1,1,1.0,False,67,False,True,False,True,False,False,True,True,False,False,False,False,True,Aprobado,Aprobado
25.0,91.0,1,1,False,8.0,72.0,0,Yes,2.0,1,2,0.0,False,71,False,True,False,True,False,False,True,False,False,True,False,False,True,Aprobado,Aprobado
21.0,95.0,1,1,False,5.0,62.0,2,Yes,1.0,1,0,4.0,False,70,False,True,False,True,False,True,False,False,False,True,False,False,True,Aprobado,Reprobado
13.0,69.0,1,0,True,9.0,96.0,0,Yes,0.0,2,1,4.0,False,61,True,False,True,False,False,True,False,True,False,False,False,True,False,Reprobado,Aprobado
21.0,79.0,1,2,True,7.0,66.0,0,Yes,2.0,0,1,4.0,False,67,False,True,False,True,True,False,False,False,True,False,True,False,False,Aprobado,Aprobado
22.0,79.0,2,1,False,5.0,100.0,1,Yes,4.0,2,2,3.0,False,72,False,True,False,True,True,False,False,False,False,True,True,False,False,Aprobado,Aprobado
15.0,95.0,0,0,True,6.0,88.0,0,Yes,1.0,0,1,5.0,False,66,False,True,False,True,False,True,False,False,False,True,True,False,False,Aprobado,Aprobado
21.0,91.0,1,2,True,5.0,84.0,1,Yes,1.0,2,0,2.0,False,70,False,True,False,True,False,True,False,False,False,True,False,True,False,Aprobado,Aprobado
20.0,81.0,2,1,True,6.0,51.0,2,No,3.0,1,1,4.0,True,67,False,True,False,True,False,True,False,False,False,True,False,True,False,Aprobado,Reprobado
13.0,87.0,2,0,True,4.0,72.0,1,Yes,2.0,1,2,3.0,False,67,False,True,True,False,False,True,False,False,True,False,False,True,False,Aprobado,Aprobado
22.0,94.0,0,1,True,7.0,75.0,2,Yes,2.0,2,1,2.0,False,71,False,True,True,False,True,False,False,False,False,True,False,True,False,Aprobado,Aprobado
23.0,60.0,2,1,True,8.0,69.0,1,Yes,1.0,0,1,4.0,False,66,True,False,False,True,True,False,False,False,False,True,False,False,True,Aprobado,Aprobado
26.0,76.0,1,1,True,5.0,57.0,1,Yes,1.0,1,1,4.0,False,68,False,True,False,True,False,True,False,False,False,True,False,False,True,Aprobado,Reprobado
26.0,96.0,1,1,True,7.0,68.0,1,Yes,3.0,2,1,3.0,False,74,True,False,True,False,True,False,False,False,False,True,False,False,True,Aprobado,Aprobado
12.0,90.0,1,0,True,6.0,54.0,1,No,1.0,2,1,3.0,False,64,False,True,False,True,False,True,False,False,False,True,False,True,False,Reprobado,Reprobado
14.0,82.0,1,1,False,8.0,65.0,1,Yes,1.0,0,1,3.0,False,65,True,False,False,True,True,False,False,False,False,True,False,False,True,Aprobado,Aprobado
23.0,81.0,0,1,True,4.0,54.0,1,Yes,1.0,0,1,3.0,False,66,False,True,False,True,True,False,False,False,False,True,False,True,False,Aprobado,Reprobado
23.0,74.0,1,2,True,8.0,88.0,0,Yes,0.0,1,2,3.0,True,66,False,True,False,True,False,True,False,False,False,True,True,False,False,Aprobado,Aprobado
23.0,81.0,1,0,False,4.0,84.0,1,Yes,2.0,1,1,5.0,False,68,False,True,False,True,False,True,False,False,False,True,False,False,True,Aprobado,Aprobado
43.0,86.0,2,1,True,7.0,97.0,1,Yes,2.0,1,2,1.0,False,78,False,True,True,False,False,True,False,False,False,True,False,False,True,Aprobado,Aprobado
23.0,77.0,1,2,True,6.0,69.0,0,Yes,1.0,1,1,2.0,False,67,True,False,True,False,False,True,False,False,True,False,False,False,True,Aprobado,Aprobado
27.0,89.0,1,2,True,6.0,89.0,1,Yes,3.0,1,1,3.0,False,74,True,False,False,True,False,True,False,False,False,True,False,False,True,Aprobado,Aprobado
26.0,94.0,1,2,False,5.0,79.0,2,Yes,1.0,0,2,2.0,False,74,False,True,False,True,False,False,True,False,False,True,False,False,True,Aprobado,Aprobado
24.0,66.0,1,0,False,9.0,82.0,0,Yes,1.0,1,1,2.0,True,62,False,True,True,False,False,True,False,False,False,True,False,True,False,Reprobado,Aprobado
18.0,78.0,2,1,True,5.0,77.0,1,No,2.0,1,1,4.0,False,66,False,True,False,True,False,True,False,True,False,False,False,True,False,Aprobado,Aprobado
25.0,76.0,1,1,True,5.0,89.0,2,Yes,3.0,1,2,3.0,False,69,False,True,True,False,False,True,False,True,False,False,False,True,False,Aprobado,Aprobado
15.0,87.0,1,2,True,10.0,52.0,1,Yes,2.0,0,2,3.0,False,68,True,False,False,True,True,False,False,False,False,True,False,False,True,Aprobado,Reprobado
19.0,70.0,1,0,False,7.0,54.0,2,Yes,0.0,1,1,2.0,True,89,False,True,False,True,False,True,False,False,True,False,False,False,True,Aprobado,Reprobado
17.0,86.0,2,0,False,5.0,55.0,0,No,2.0,2,1,4.0,False,66,True,False,False,True,True,False,False,False,False,True,False,True,False,Aprobado,Reprobado
20.0,95.0,0,1,True,7.0,64.0,0,No,2.0,1,2,3.0,False,68,False,True,True,False,False,True,False,False,False,True,False,True,False,Aprobado,Reprobado
34.0,77.0,1,0,True,7.0,80.0,0,Yes,0.0,1,1,3.0,False,69,False,True,False,True,False,True,False,False,False,True,False,False,True,Aprobado,Aprobado
9.0,96.0,1,1,True,4.0,82.0,2,No,0.0,0,1,4.0,False,67,False,True,False,True,True,False,False,False,False,True,False,False,True,Aprobado,Aprobado
24.0,100.0,2,2,True,6.0,86.0,0,Yes,2.0,1,1,5.0,False,75,True,False,False,True,False,True,False,False,False,True,False,False,True,Aprobado,Aprobado
10.0,64.0,1,2,False,7.0,64.0,2,Yes,0.0,1,1,4.0,True,60,False,True,True,False,False,True,False,False,True,False,False,False,True,Reprobado,Reprobado
17.0,69.0,2,1,True,9.0,83.0,1,Yes,2.0,1,2,4.0,True,66,True,False,True,False,True,False,False,False,True,False,False,False,True,Aprobado,Aprobado
27.0,98.0,0,2,True,7.0,56.0,0,Yes,1.0,2,1,3.0,False,73,True,False,True,False,True,False,False,False,False,True,False,False,True,Aprobado,Reprobado
20.0,98.0,1,0,False,7.0,50.0,0,Yes,1.0,1,2,2.0,False,68,True,False,True,False,False,True,False,False,False,True,False,True,False,Aprobado,Reprobado
14.0,64.0,1,1,True,6.0,85.0,1,Yes,0.0,1,1,3.0,False,62,False,True,False,True,False,True,False,False,False,True,False,True,False,Reprobado,Aprobado
16.0,61.0,1,1,False,9.0,86.0,0,Yes,2.0,0,2,2.0,False,62,False,True,False,True,False,True,False,False,False,True,False,False,True,Reprobado,Aprobado
24.0,66.0,2,0,True,8.0,81.0,2,Yes,1.0,1,1,4.0,False,65,False,True,False,True,False,True,False,True,False,False,False,True,False,Aprobado,Aprobado
16.0,100.0,2,0,True,8.0,63.0,2,Yes,2.0,0,1,3.0,False,69,False,True,False,True,False,True,False,False,True,False,True,False,False,Aprobado,Reprobado
21.0,67.0,1,1,False,7.0,96.0,0,Yes,3.0,0,1,2.0,False,64,False,True,True,False,False,True,False,True,False,False,False,True,False,Reprobado,Aprobado
20.0,80.0,1,2,False,5.0,94.0,1,Yes,0.0,0,0,4.0,True,67,True,False,True,False,False,False,True,False,True,False,False,False,True,Aprobado,Aprobado
16.0,94.0,2,2,True,9.0,76.0,1,Yes,0.0,0,2,2.0,False,70,False,True,False,True,False,True,False,False,False,True,False,True,False,Aprobado,Aprobado
33.0,61.0,1,1,False,7.0,99.0,2,Yes,2.0,1,2,3.0,False,70,False,True,True,False,True,False,False,False,False,True,False,True,False,Aprobado,Aprobado
24.0,84.0,2,0,False,7.0,65.0,0,Yes,3.0,1,2,3.0,False,69,False,True,True,False,False,True,False,False,False,True,False,False,True,Aprobado,Aprobado
8.0,71.0,2,0,False,8.0,75.0,1,Yes,0.0,1,2,3.0,False,61,False,True,False,True,False,True,False,False,False,True,False,False,True,Reprobado,Aprobado
21.0,94.0,1,1,False,7.0,96.0,0,Yes,0.0,1,1,2.0,True,69,True,False,False,True,False,False,True,False,True,False,False,True,False,Aprobado,Aprobado
16.0,71.0,2,1,True,5.0,73.0,1,Yes,1.0,1,1,0.0,True,63,False,True,False,True,False,True,False,False,False,True,False,True,False,Reprobado,Aprobado
25.0,87.0,1,0,True,7.0,74.0,0,Yes,0.0,1,2,4.0,True,67,False,True,False,True,False,True,False,False,False,True,False,True,False,Aprobado,Aprobado
15.0,87.0,0,1,False,4.0,54.0,1,Yes,1.0,1,1,6.0,False,65,False,True,False,True,False,True,False,False,True,False,False,True,False,Aprobado,Reprobado
19.0,69.0,1,1,True,7.0,61.0,2,Yes,3.0,2,2,4.0,False,66,False,True,False,True,False,True,False,False,True,False,False,True,False,Aprobado,Reprobado
23.0,61.0,0,1,False,9.0,58.0,1,Yes,4.0,1,1,2.0,False,63,False,True,False,True,False,True,False,False,False,True,False,True,False,Reprobado,Reprobado
25.0,76.0,1,2,True,4.0,78.0,1,Yes,2.0,1,1,3.0,False,68,True,False,True,False,False,True,False,False,True,False,True,False,False,Aprobado,Aprobado
13.0,72.0,2,2,False,7.0,66.0,1,Yes,0.0,0,2,4.0,False,65,False,True,False,True,False,False,True,False,False,True,False,True,False,Aprobado,Aprobado
18.0,92.0,0,1,True,8.0,54.0,1,Yes,1.0,1,1,3.0,False,67,False,True,False,True,False,True,False,False,False,True,False,False,True,Aprobado,Reprobado
17.0,92.0,0,0,True,8.0,75.0,1,Yes,2.0,1,2,3.0,False,68,False,True,True,False,False,False,True,False,False,True,False,True,False,Aprobado,Aprobado
16.0,78.0,1,2,False,6.0,83.0,1,Yes,0.0,0,0,3.0,True,64,False,True,False,True,True,False,False,False,False,True,False,True,False,Reprobado,Aprobado
31.0,84.0,1,1,False,5.0,87.0,2,Yes,0.0,1,1,3.0,False,71,True,False,False,True,True,False,False,False,True,False,False,False,True,Aprobado,Aprobado
22.0,84.0,1,1,True,6.0,92.0,0,Yes,0.0,1,1,5.0,False,69,False,True,True,False,False,True,False,False,False,True,False,True,False,Aprobado,Aprobado
12.0,93.0,1,1,True,9.0,74.0,0,Yes,1.0,1,1,3.0,False,67,False,True,False,True,False,False,True,False,True,False,False,True,False,Aprobado,Aprobado
26.0,77.0,0,1,False,4.0,70.0,0,Yes,2.0,2,0,3.0,True,65,False,True,True,False,True,False,False,False,True,False,False,True,False,Aprobado,Aprobado
33.0,71.0,0,1,False,5.0,84.0,1,Yes,1.0,1,1,2.0,False,68,False,True,False,True,False,True,False,False,False,True,False,False,True,Aprobado,Aprobado
26.0,71.0,2,1,True,6.0,51.0,0,No,1.0,2,1,3.0,False,67,True,False,False,True,False,False,True,False,True,False,False,False,True,Aprobado,Reprobado
11.0,81.0,1,1,True,6.0,82.0,2,Yes,3.0,1,2,4.0,False,67,False,True,False,True,False,True,False,False,False,True,False,True,False,Aprobado,Aprobado
17.0,78.0,1,2,True,7.0,70.0,1,No,2.0,0,2,3.0,False,66,False,True,False,True,False,True,False,False,False,True,False,False,True,Aprobado,Aprobado
28.0,78.0,2,1,False,9.0,73.0,2,Yes,2.0,1,1,4.0,False,70,False,True,True,False,True,False,False,False,True,False,False,True,False,Aprobado,Aprobado
16.0,64.0,2,0,True,5.0,65.0,1,Yes,3.0,1,2,4.0,False,65,True,False,True,False,False,False,True,False,True,False,False,False,True,Aprobado,Aprobado
23.0,89.0,0,0,True,7.0,56.0,0,Yes,4.0,1,0,4.0,False,69,True,False,True,False,False,False,True,False,False,True,False,False,True,Aprobado,Reprobado
25.0,69.0,1,1,True,7.0,70.0,0,No,1.0,2,2,4.0,False,65,False,True,True,False,False,True,False,True,False,False,False,False,True,Aprobado,Aprobado
14.0,68.0,2,1,False,6.0,65.0,1,Yes,1.0,2,1,3.0,True,63,False,True,False,True,True,False,False,False,False,True,False,True,False,Reprobado,Aprobado
20.0,77.0,1,1,False,5.0,98.0,0,Yes,2.0,0,2,2.0,False,67,True,False,True,False,False,False,True,True,False,False,False,True,False,Aprobado,Aprobado
1.0,69.0,2,1,True,6.0,97.0,1,Yes,1.0,0,1,3.0,False,61,False,True,True,False,False,True,False,False,False,True,False,False,True,Reprobado,Aprobado
14.0,83.0,1,0,True,6.0,82.0,1,Yes,0.0,1,1,2.0,False,65,False,True,True,False,False,True,False,False,False,True,False,False,True,Aprobado,Aprobado
18.0,75.0,0,2,True,8.0,95.0,1,Yes,1.0,0,0,2.0,False,66,False,True,True,False,True,False,False,False,False,True,False,True,False,Aprobado,Aprobado
13.0,78.0,1,2,True,8.0,88.0,2,Yes,0.0,2,0,3.0,False,66,False,True,False,True,True,False,False,False,False,True,False,True,False,Aprobado,Aprobado
30.0,81.0,1,0,True,5.0,67.0,1,Yes,1.0,2,2,1.0,False,69,False,True,False,True,False,True,False,False,False,True,True,False,False,Aprobado,Aprobado
11.0,68.0,1,1,False,6.0,80.0,1,Yes,2.0,1,1,3.0,False,63,False,True,True,False,True,False,False,False,True,False,False,False,True,Reprobado,Aprobado
17.0,66.0,0,2,False,6.0,61.0,1,Yes,1.0,2,1,6.0,False,65,False,True,False,True,False,False,True,False,False,True,False,False,True,Aprobado,Reprobado
21.0,95.0,0,0,False,10.0,84.0,0,Yes,0.0,2,1,4.0,True,67,False,True,False,True,False,True,False,False,False,True,False,True,False,Aprobado,Aprobado
29.0,77.0,2,2,True,7.0,52.0,1,Yes,2.0,2,1,3.0,True,69,False,True,True,False,False,True,False,False,False,True,True,False,False,Aprobado,Reprobado
11.0,76.0,0,1,True,5.0,92.0,1,Yes,4.0,1,0,2.0,False,65,False,True,False,True,False,False,True,False,False,True,True,False,False,Aprobado,Aprobado
27.0,61.0,1,1,False,6.0,79.0,1,Yes,1.0,0,1,3.0,False,65,False,True,False,True,False,True,False,False,True,False,False,False,True,Aprobado,Aprobado
20.0,80.0,2,0,True,6.0,53.0,1,Yes,0.0,0,1,2.0,False,65,False,True,False,True,True,False,False,False,True,False,False,True,False,Aprobado,Reprobado
14.0,82.0,1,2,True,8.0,94.0,0,Yes,2.0,0,2,5.0,False,67,False,True,True,False,True,False,False,True,False,False,True,False,False,Aprobado,Aprobado
23.0,82.0,0,1,True,8.0,94.0,1,Yes,1.0,1,1,2.0,True,66,False,True,False,True,False,True,False,False,False,True,True,False,False,Aprobado,Aprobado
21.0,88.0,1,2,False,7.0,93.0,1,Yes,4.0,0,1,3.0,False,72,False,True,True,False,False,True,False,False,False,True,False,False,True,Aprobado,Aprobado
16.0,67.0,1,2,False,7.0,89.0,2,Yes,3.0,0,1,3.0,False,66,False,True,False,True,True,False,False,False,False,True,False,False,True,Aprobado,Aprobado
20.0,70.0,1,1,True,7.0,84.0,0,No,2.0,1,2,4.0,False,65,True,False,False,True,True,False,False,True,False,False,False,True,False,Aprobado,Aprobado
18.0,92.0,2,1,True,7.0,70.0,1,Yes,1.0,0,1,3.0,False,69,False,True,False,True,False,True,False,False,True,False,False,True,False,Aprobado,Aprobado
21.0,98.0,1,0,False,4.0,57.0,1,Yes,2.0,2,0,2.0,False,68,False,True,True,False,False,True,False,False,False,True,False,True,False,Aprobado,Reprobado
24.0,65.0,1,0,False,7.0,64.0,0,Yes,1.0,2,1,1.0,False,64,False,True,False,True,False,False,True,False,False,True,False,True,False,Reprobado,Reprobado
30.0,80.0,0,2,False,6.0,67.0,1,Yes,3.0,1,1,4.0,False,69,False,True,True,False,True,False,False,False,True,False,True,False,False,Aprobado,Aprobado
13.0,69.0,1,0,True,5.0,68.0,0,Yes,0.0,2,1,1.0,True,59,False,True,True,False,False,True,False,False,True,False,False,False,True,Reprobado,Aprobado
33.0,62.0,2,1,True,10.0,78.0,1,Yes,0.0,1,1,3.0,False,68,True,False,True,False,False,True,False,False,True,False,False,False,True,Aprobado,Aprobado
8.0,73.0,1,1,False,7.0,60.0,1,No,0.0,2,1,3.0,False,60,True,False,True,False,False,True,False,False,False,True,False,True,False,Reprobado,Reprobado
19.0,66.0,1,2,False,7.0,59.0,1,Yes,1.0,2,1,3.0,False,62,False,True,False,True,False,True,False,True,False,False,True,False,False,Reprobado,Reprobado
24.0,88.0,0,1,True,6.0,86.0,0,Yes,0.0,0,0,3.0,False,67,False,True,False,True,True,False,False,False,False,True,True,False,False,Aprobado,Aprobado
22.0,81.0,0,2,True,8.0,50.0,2,Yes,4.0,1,1,5.0,False,68,True,False,True,False,False,True,False,True,False,False,False,False,True,Aprobado,Reprobado
16.0,66.0,1,2,True,5.0,57.0,2,Yes,3.0,1,1,3.0,False,64,False,True,True,False,False,True,False,False,True,False,False,False,True,Reprobado,Reprobado
19.0,60.0,1,2,True,7.0,72.0,2,Yes,3.0,0,2,3.0,False,65,False,True,True,False,False,True,False,False,True,False,False,False,True,Aprobado,Aprobado
17.0,92.0,0,0,True,6.0,57.0,1,Yes,2.0,1,1,2.0,True,65,True,False,True,False,False,True,False,False,True,False,False,False,True,Aprobado,Reprobado
16.0,67.0,2,1,False,8.0,98.0,1,Yes,0.0,0,0,3.0,False,63,False,True,True,False,False,True,False,False,False,True,False,True,False,Reprobado,Aprobado
25.0,84.0,1,0,True,6.0,84.0,0,Yes,2.0,1,2,3.0,False,70,False,True,False,True,False,True,False,False,False,True,False,False,True,Aprobado,Aprobado
22.0,73.0,0,1,True,9.0,72.0,0,Yes,3.0,1,1,3.0,False,66,False,True,True,False,False,True,False,False,False,True,False,False,True,Aprobado,Aprobado
16.0,83.0,1,2,True,7.0,56.0,0,Yes,4.0,2,1,3.0,False,68,False,True,True,False,False,True,False,False,False,True,False,False,True,Aprobado,Reprobado
25.0,73.0,0,0,False,8.0,69.0,1,Yes,3.0,1,1,3.0,False,66,True,False,True,False,False,True,False,False,False,True,False,False,True,Aprobado,Aprobado
22.0,63.0,0,0,False,8.0,83.0,1,Yes,3.0,1,1,1.0,False,63,True,False,False,True,True,False,False,False,False,True,True,False,False,Reprobado,Aprobado
25.0,69.0,2,1,True,9.0,98.0,1,Yes,1.0,0,1,3.0,True,66,False,True,True,False,True,False,False,False,True,False,True,False,False,Aprobado,Aprobado
24.0,68.0,1,1,True,6.0,74.0,1,Yes,1.0,1,1,3.0,False,65,False,True,True,False,False,True,False,False,False,True,False,True,False,Aprobado,Aprobado
15.0,77.0,1,1,True,8.0,85.0,2,Yes,1.0,0,1,2.0,False,66,False,True,False,True,False,False,True,False,True,False,False,False,True,Aprobado,Aprobado
17.0,86.0,2,0,True,4.0,60.0,2,Yes,2.0,2,0,3.0,True,67,True,False,True,False,True,False,False,False,True,False,False,False,True,Aprobado,Reprobado
24.0,71.0,1,1,True,7.0,81.0,1,Yes,0.0,0,1,3.0,False,66,True,False,False,True,False,True,False,False,False,True,False,False,True,Aprobado,Aprobado
24.0,60.0,0,1,False,6.0,62.0,2,Yes,4.0,0,2,3.0,False,63,False,True,True,False,False,True,False,False,False,True,True,False,False,Reprobado,Reprobado
20.0,81.0,1,1,True,5.0,60.0,0,Yes,3.0,1,1,4.0,True,66,False,True,False,True,False,True,False,False,False,True,False,False,True,Aprobado,Reprobado
21.0,84.0,1,1,False,6.0,75.0,0,No,1.0,2,1,3.0,False,67,False,True,False,True,True,False,False,False,True,False,False,False,True,Aprobado,Aprobado
28.0,99.0,1,1,True,6.0,61.0,1,No,1.0,0,1,3.0,False,71,False,True,False,True,False,True,False,False,False,True,False,False,True,Aprobado,Reprobado
16.0,84.0,1,2,True,7.0,86.0,1,Yes,1.0,0,1,2.0,False,67,True,False,True,False,False,True,False,False,False,True,False,True,False,Aprobado,Aprobado
23.0,79.0,1,2,True,6.0,97.0,1,Yes,1.0,2,0,4.0,False,69,False,True,False,True,False,True,False,False,True,False,False,True,False,Aprobado,Aprobado
19.0,83.0,1,1,True,7.0,70.0,1,Yes,2.0,0,1,4.0,True,67,False,True,True,False,False,False,True,False,False,True,True,False,False,Aprobado,Aprobado
19.0,97.0,2,1,True,6.0,66.0,2,Yes,2.0,1,1,2.0,False,72,True,False,True,False,True,False,False,False,True,False,False,False,True,Aprobado,Aprobado
27.0,93.0,2,0,False,6.0,59.0,2,Yes,2.0,0,1,4.0,False,70,True,False,True,False,False,True,False,False,False,True,True,False,False,Aprobado,Reprobado
25.0,73.0,1,2,True,7.0,70.0,0,Yes,0.0,0,1,4.0,False,67,True,False,False,True,False,False,True,False,True,False,False,True,False,Aprobado,Aprobado
25.0,69.0,0,2,True,7.0,78.0,1,Yes,0.0,0,2,3.0,False,64,False,True,True,False,False,True,False,True,False,False,True,False,False,Reprobado,Aprobado
28.0,71.0,1,1,False,8.0,69.0,2,Yes,1.0,1,2,1.0,False,67,True,False,True,False,True,False,False,False,True,False,False,True,False,Aprobado,Aprobado
20.0,80.0,0,2,False,8.0,81.0,1,Yes,3.0,1,1,4.0,False,69,True,False,False,True,False,False,True,False,False,True,True,False,False,Aprobado,Aprobado
24.0,90.0,0,0,False,7.0,83.0,1,Yes,0.0,0,1,3.0,False,68,True,False,False,True,True,False,False,False,False,True,False,False,True,Aprobado,Aprobado
18.0,80.0,1,1,False,8.0,55.0,0,Yes,2.0,0,0,3.0,False,63,False,True,False,True,False,True,False,False,True,False,False,True,False,Reprobado,Reprobado
22.0,63.0,1,2,True,7.0,85.0,1,Yes,4.0,2,2,3.0,False,68,False,True,True,False,True,False,False,False,False,True,True,False,False,Aprobado,Aprobado
19.0,89.0,2,1,True,7.0,95.0,1,Yes,0.0,1,1,3.0,False,70,False,True,False,True,False,True,False,False,False,True,False,False,True,Aprobado,Aprobado
21.0,92.0,1,0,True,8.0,51.0,0,Yes,0.0,1,1,2.0,False,66,False,True,False,True,True,False,False,False,True,False,False,True,False,Aprobado,Reprobado
24.0,72.0,2,2,False,6.0,78.0,2,Yes,0.0,0,2,6.0,False,68,False,True,True,False,False,True,False,False,False,True,True,False,False,Aprobado,Aprobado
15.0,87.0,2,0,True,4.0,80.0,2,Yes,0.0,0,1,3.0,False,67,True,False,False,True,True,False,False,False,False,True,False,False,True,Aprobado,Aprobado
33.0,77.0,0,2,True,5.0,85.0,1,Yes,0.0,0,1,5.0,False,69,True,False,True,False,False,True,False,True,False,False,False,True,False,Aprobado,Aprobado
14.0,96.0,1,0,True,9.0,69.0,2,Yes,0.0,1,1,3.0,True,66,True,False,True,False,True,False,False,False,False,True,True,False,False,Aprobado,Aprobado
13.0,94.0,1,1,True,7.0,91.0,0,Yes,3.0,0,1,3.0,False,68,False,True,False,True,False,True,False,False,False,True,False,True,False,Aprobado,Aprobado
27.0,81.0,1,1,True,7.0,77.0,1,Yes,2.0,1,0,2.0,True,69,False,True,True,False,False,False,True,False,True,False,False,True,False,Aprobado,Aprobado
25.0,88.0,1,1,True,7.0,70.0,0,Yes,1.0,1,1,3.0,False,70,True,False,False,True,False,False,True,False,True,False,False,False,True,Aprobado,Aprobado
24.0,95.0,1,2,True,8.0,86.0,2,Yes,1.0,1,2,3.0,False,74,True,False,False,True,True,False,False,False,False,True,False,True,False,Aprobado,Aprobado
24.0,80.0,1,2,True,7.0,96.0,2,Yes,0.0,0,2,0.0,False,70,False,True,True,False,True,False,False,False,True,False,False,False,True,Aprobado,Aprobado
20.0,73.0,1,1,True,7.0,91.0,0,Yes,1.0,1,2,2.0,False,66,False,True,False,True,False,False,True,False,True,False,False,True,False,Aprobado,Aprobado
15.0,90.0,2,1,True,8.0,97.0,1,Yes,1.0,0,2,3.0,False,69,True,False,True,False,True,False,False,False,False,True,True,False,False,Aprobado,Aprobado
20.0,69.0,1,2,False,6.0,63.0,0,Yes,0.0,0,1,3.0,False,64,False,True,False,True,False,False,True,False,False,True,True,False,False,Reprobado,Reprobado
16.0,76.0,0,2,True,8.0,56.0,1,No,1.0,0,1,1.0,False,62,False,True,False,True,False,True,False,False,False,True,False,False,True,Reprobado,Reprobado
26.0,95.0,0,2,False,7.0,77.0,1,Yes,0.0,1,1,3.0,False,70,False,True,True,False,False,True,False,False,True,False,False,True,False,Aprobado,Aprobado
19.0,89.0,2,1,True,7.0,52.0,1,Yes,2.0,1,1,4.0,False,68,False,True,False,True,False,True,False,False,True,False,True,False,False,Aprobado,Reprobado
15.0,76.0,1,1,True,6.0,84.0,0,Yes,0.0,1,2,3.0,False,65,False,True,True,False,True,False,False,False,False,True,False,True,False,Aprobado,Aprobado
18.0,69.0,2,2,False,7.0,62.0,0,Yes,3.0,1,1,3.0,False,65,False,True,False,True,False,True,False,False,True,False,False,False,True,Aprobado,Reprobado
22.0,74.0,2,2,True,6.0,73.0,0,Yes,3.0,2,2,4.0,False,71,False,True,True,False,False,False,True,False,True,False,False,False,True,Aprobado,Aprobado
17.0,71.0,2,1,True,9.0,83.0,0,Yes,2.0,1,1,5.0,False,66,False,True,False,True,False,True,False,False,False,True,False,True,False,Aprobado,Aprobado
15.0,67.0,1,1,False,4.0,74.0,1,Yes,0.0,0,1,3.0,False,61,False,True,False,True,True,False,False,False,True,False,True,False,False,Reprobado,Aprobado
21.0,90.0,0,1,True,8.0,62.0,0,Yes,2.0,1,2,5.0,True,67,False,True,False,True,False,True,False,False,False,True,True,False,False,Aprobado,Reprobado
21.0,70.0,0,2,True,4.0,94.0,1,Yes,0.0,0,2,2.0,False,65,True,False,False,True,True,False,False,True,False,False,False,True,False,Aprobado,Aprobado
17.0,78.0,1,2,False,8.0,88.0,1,Yes,0.0,0,1,3.0,False,65,False,True,True,False,False,True,False,False,False,True,True,False,False,Aprobado,Aprobado
17.0,75.0,1,2,True,6.0,80.0,1,No,1.0,0,1,5.0,False,65,True,False,False,True,False,True,False,False,True,False,False,False,True,Aprobado,Aprobado
21.0,99.0,1,1,False,8.0,85.0,2,Yes,4.0,1,1,4.0,False,73,False,True,False,True,False,True,False,False,True,False,False,False,True,Aprobado,Aprobado
11.0,76.0,1,1,True,7.0,71.0,1,No,1.0,1,0,2.0,False,62,False,True,False,True,True,False,False,False,False,True,False,True,False,Reprobado,Aprobado
12.0,63.0,1,2,True,5.0,69.0,0,Yes,0.0,1,2,2.0,False,60,False,True,True,False,True,False,False,False,True,False,True,False,False,Reprobado,Aprobado
16.0,64.0,0,1,True,9.0,58.0,0,Yes,1.0,1,1,3.0,False,61,False,True,True,False,True,False,False,False,True,False,False,False,True,Reprobado,Reprobado
19.0,84.0,0,1,True,8.0,90.0,2,Yes,2.0,0,1,3.0,False,67,True,False,False,True,False,False,True,True,False,False,False,True,False,Aprobado,Aprobado
22.0,84.0,2,1,False,8.0,69.0,1,No,3.0,1,2,4.0,False,70,True,False,False,True,True,False,False,False,False,True,False,True,False,Aprobado,Aprobado
29.0,77.0,0,2,False,6.0,85.0,1,Yes,1.0,1,1,1.0,False,69,False,True,False,True,True,False,False,False,False,True,False,False,True,Aprobado,Aprobado
25.0,77.0,1,0,True,8.0,65.0,2,No,0.0,1,1,5.0,False,66,False,True,True,False,True,False,False,True,False,False,False,False,True,Aprobado,Aprobado
19.0,62.0,1,1,False,5.0,90.0,0,Yes,2.0,0,2,3.0,False,64,False,True,False,True,True,False,False,False,True,False,False,False,True,Reprobado,Aprobado
20.0,81.0,2,1,True,4.0,55.0,1,Yes,1.0,2,1,2.0,False,68,True,False,False,True,False,False,True,False,True,False,False,False,True,Aprobado,Reprobado
14.0,80.0,2,1,True,5.0,81.0,1,Yes,1.0,0,1,4.0,False,67,False,True,True,False,False,False,True,True,False,False,False,False,True,Aprobado,Aprobado
20.0,66.0,1,1,False,6.0,90.0,2,Yes,0.0,1,1,1.0,False,64,False,True,True,False,True,False,False,False,False,True,False,True,False,Reprobado,Aprobado
18.0,64.0,1,1,True,6.0,83.0,2,Yes,2.0,0,1,2.0,False,65,False,True,False,True,True,False,False,False,False,True,False,False,True,Aprobado,Aprobado
22.0,65.0,0,2,True,6.0,85.0,1,Yes,2.0,2,1,3.0,True,66,False,True,True,False,False,False,True,False,False,True,False,False,True,Aprobado,Aprobado
15.0,64.0,1,1,True,6.0,76.0,2,Yes,2.0,1,1,4.0,True,63,True,False,True,False,False,True,False,False,False,True,False,False,True,Reprobado,Aprobado
23.0,84.0,2,1,True,6.0,78.0,0,Yes,2.0,0,0,2.0,False,68,False,True,True,False,False,True,False,False,True,False,True,False,False,Aprobado,Aprobado
29.0,68.0,1,2,True,4.0,53.0,1,Yes,1.0,1,1,4.0,False,66,True,False,False,True,False,True,False,True,False,False,True,False,False,Aprobado,Reprobado
19.0,70.0,1,1,False,7.0,63.0,0,No,3.0,0,0,5.0,False,63,False,True,False,True,False,True,False,False,False,True,False,True,False,Reprobado,Reprobado
22.0,67.0,0,1,False,7.0,86.0,0,Yes,1.0,0,1,3.0,False,63,False,True,True,False,False,True,False,False,True,False,False,False,True,Reprobado,Aprobado
24.0,98.0,2,1,True,6.0,97.0,1,Yes,1.0,1,1,4.0,False,74,False,True,False,True,True,False,False,True,False,False,False,False,True,Aprobado,Aprobado
18.0,94.0,1,2,True,9.0,77.0,0,Yes,1.0,1,2,2.0,False,70,False,True,False,True,True,False,False,False,True,False,False,False,True,Aprobado,Aprobado
21.0,69.0,2,2,True,7.0,86.0,1,Yes,2.0,0,1,3.0,False,68,True,False,False,True,False,True,False,False,False,True,False,True,False,Aprobado,Aprobado
20.0,73.0,1,1,True,7.0,84.0,1,Yes,0.0,1,1,4.0,False,66,False,True,True,False,False,False,True,False,True,False,False,True,False,Aprobado,Aprobado
21.0,68.0,1,0,False,8.0,100.0,0,Yes,0.0,1,1,4.0,False,63,False,True,False,True,False,True,False,True,False,False,False,False,True,Reprobado,Aprobado
15.0,80.0,0,2,False,5.0,90.0,1,Yes,4.0,0,1,3.0,False,67,False,True,True,False,True,False,False,True,False,False,False,False,True,Aprobado,Aprobado
20.0,61.0,1,1,False,7.0,81.0,1,Yes,1.0,1,0,3.0,False,62,False,True,False,True,False,True,False,False,True,False,False,True,False,Reprobado,Aprobado
23.0,87.0,2,2,False,8.0,56.0,1,Yes,1.0,1,2,3.0,False,71,False,True,False,True,False,False,True,False,True,False,False,False,True,Aprobado,Reprobado
29.0,81.0,2,1,False,7.0,68.0,1,Yes,2.0,1,1,4.0,False,72,False,True,False,True,False,False,True,False,False,True,False,True,False,Aprobado,Aprobado
26.0,96.0,1,1,True,5.0,63.0,1,No,1.0,2,1,2.0,False,72,True,False,False,True,False,False,True,False,False,True,False,False,True,Aprobado,Reprobado
33.0,67.0,1,1,True,6.0,93.0,2,Yes,0.0,0,2,3.0,False,68,False,True,True,False,False,True,False,True,False,False,False,True,False,Aprobado,Aprobado
15.0,92.0,1,0,True,7.0,72.0,0,Yes,1.0,1,1,5.0,False,66,False,True,True,False,False,True,False,False,False,True,True,False,False,Aprobado,Aprobado
25.0,92.0,1,1,False,4.0,77.0,1,Yes,0.0,0,1,3.0,False,70,False,True,False,True,False,True,False,False,False,True,False,False,True,Aprobado,Aprobado
21.0,65.0,1,0,True,5.0,98.0,2,No,2.0,0,1,4.0,False,66,True,False,False,True,False,False,True,False,False,True,False,False,True,Aprobado,Aprobado
33.0,76.0,1,1,True,10.0,92.0,0,Yes,1.0,2,1,3.0,False,72,True,False,True,False,False,False,True,False,False,True,False,False,True,Aprobado,Aprobado
15.0,67.0,2,1,True,8.0,89.0,0,Yes,0.0,2,2,4.0,False,64,False,True,True,False,False,True,False,False,True,False,False,True,False,Reprobado,Aprobado
15.0,70.0,2,1,False,9.0,57.0,1,Yes,1.0,1,1,3.0,False,63,True,False,True,False,False,True,False,False,False,True,True,False,False,Reprobado,Reprobado
16.0,71.0,1,1,False,8.0,51.0,1,Yes,0.0,0,1,2.0,False,61,False,True,True,False,False,False,True,True,False,False,True,False,False,Reprobado,Reprobado
7.0,82.0,2,2,True,8.0,56.0,1,Yes,0.0,0,1,2.0,False,62,True,False,False,True,False,True,False,True,False,False,True,False,False,Reprobado,Reprobado
17.0,76.0,1,2,False,7.0,87.0,2,Yes,1.0,1,2,4.0,False,68,False,True,True,False,False,True,False,False,False,True,False,False,True,Aprobado,Aprobado
15.0,98.0,0,1,True,8.0,71.0,0,Yes,1.0,1,1,3.0,False,68,False,True,False,True,False,True,False,False,False,True,False,False,True,Aprobado,Aprobado
21.0,65.0,0,1,False,9.0,56.0,2,Yes,1.0,1,1,5.0,False,63,False,True,False,True,False,True,False,False,True,False,False,False,True,Reprobado,Reprobado
22.0,99.0,1,0,True,8.0,87.0,0,Yes,1.0,1,1,4.0,False,70,True,False,True,False,False,True,False,False,True,False,False,True,False,Aprobado,Aprobado
31.0,69.0,2,0,True,7.0,60.0,1,Yes,1.0,0,1,3.0,False,68,False,True,True,False,False,False,True,False,False,True,False,True,False,Aprobado,Reprobado
26.0,91.0,2,1,True,7.0,79.0,1,Yes,1.0,0,1,5.0,False,72,True,False,True,False,False,True,False,False,False,True,False,True,False,Aprobado,Aprobado
17.0,74.0,1,1,True,8.0,87.0,1,Yes,4.0,0,0,3.0,False,67,False,True,False,True,True,False,False,False,False,True,False,False,True,Aprobado,Aprobado
15.0,66.0,0,2,False,6.0,80.0,1,No,1.0,0,1,1.0,False,61,True,False,False,True,True,False,False,False,False,True,False,True,False,Reprobado,Aprobado
23.0,94.0,0,1,False,8.0,100.0,1,No,0.0,0,1,3.0,False,69,False,True,False,True,False,False,True,False,False,True,False,True,False,Aprobado,Aprobado
12.0,72.0,1,0,True,6.0,72.0,2,Yes,2.0,0,2,2.0,False,61,True,False,True,False,False,True,False,False,True,False,True,False,False,Reprobado,Aprobado
31.0,86.0,2,2,True,6.0,66.0,1,Yes,3.0,1,1,3.0,False,75,False,True,False,True,True,False,False,False,True,False,False,False,True,Aprobado,Aprobado
27.0,83.0,2,0,False,5.0,60.0,1,Yes,0.0,2,0,2.0,False,68,False,True,True,False,True,False,False,False,True,False,False,True,False,Aprobado,Reprobado
17.0,79.0,1,0,True,6.0,75.0,0,Yes,1.0,1,2,4.0,False,65,False,True,False,True,False,True,False,False,False,True,False,True,False,Aprobado,Aprobado
10.0,80.0,2,1,True,6.0,93.0,2,Yes,4.0,1,1,3.0,False,67,False,True,True,False,True,False,False,False,True,False,True,False,False,Aprobado,Aprobado
28.0,89.0,1,2,True,10.0,97.0,2,Yes,3.0,1,0,6.0,False,75,False,True,True,False,False,True,False,False,False,True,True,False,False,Aprobado,Aprobado
19.0,64.0,0,1,False,6.0,99.0,1,Yes,1.0,1,1,3.0,False,64,False,True,False,True,True,False,False,False,False,True,False,False,True,Reprobado,Aprobado
27.0,87.0,1,1,False,8.0,77.0,1,Yes,1.0,0,2,4.0,False,70,False,True,False,True,False,True,False,False,True,False,False,True,False,Aprobado,Aprobado
10.0,96.0,2,2,False,6.0,80.0,1,No,0.0,1,1,4.0,False,67,False,True,True,False,False,True,False,False,True,False,False,True,False,Aprobado,Aprobado
16.0,62.0,1,1,True,7.0,79.0,0,Yes,2.0,1,1,3.0,False,63,False,True,False,True,False,True,False,False,False,True,False,True,False,Reprobado,Aprobado
20.0,66.0,2,2,False,7.0,73.0,1,Yes,1.0,1,1,4.0,False,65,False,True,True,False,True,False,False,False,False,True,True,False,False,Aprobado,Aprobado
20.0,89.0,1,1,True,4.0,58.0,1,Yes,1.0,1,1,3.0,False,67,False,True,True,False,False,True,False,True,False,False,False,False,True,Aprobado,Reprobado
17.0,77.0,0,2,True,5.0,53.0,1,Yes,2.0,2,1,3.0,False,86,False,True,False,True,True,False,False,False,False,True,False,True,False,Aprobado,Reprobado
24.0,76.0,0,2,False,6.0,72.0,2,Yes,3.0,1,2,3.0,True,67,False,True,True,False,False,True,False,False,True,False,False,True,False,Aprobado,Aprobado
14.0,65.0,2,1,False,5.0,59.0,0,Yes,1.0,2,1,4.0,False,63,False,True,False,True,False,False,True,True,False,False,False,False,True,Reprobado,Reprobado
19.0,80.0,1,1,False,7.0,94.0,1,Yes,0.0,1,0,3.0,False,66,False,True,True,False,True,False,False,False,True,False,False,True,False,Aprobado,Aprobado
21.0,65.0,2,2,False,7.0,88.0,0,Yes,2.0,0,1,1.0,False,65,True,False,False,True,False,True,False,False,False,True,False,True,False,Aprobado,Aprobado
23.0,79.0,1,1,False,5.0,81.0,1,Yes,1.0,1,1,3.0,False,67,True,False,True,False,False,True,False,False,False,True,False,True,False,Aprobado,Aprobado
24.0,91.0,1,1,False,7.0,52.0,0,Yes,0.0,2,2,4.0,False,69,False,True,False,True,True,False,False,False,False,True,False,True,False,Aprobado,Reprobado
13.0,70.0,2,2,False,6.0,81.0,1,Yes,2.0,1,0,2.0,False,66,False,True,False,True,False,False,True,False,False,True,False,False,True,Aprobado,Aprobado
11.0,79.0,1,1,True,7.0,81.0,1,Yes,1.0,2,1,2.0,False,64,False,True,False,True,False,True,False,False,True,False,False,True,False,Reprobado,Aprobado
28.0,100.0,2,0,True,6.0,72.0,1,Yes,1.0,0,1,2.0,False,73,False,True,True,False,False,False,True,False,False,True,True,False,False,Aprobado,Aprobado
22.0,87.0,0,1,False,8.0,83.0,0,Yes,1.0,0,1,1.0,False,66,False,True,False,True,True,False,False,True,False,False,False,True,False,Aprobado,Aprobado
16.0,94.0,1,1,False,9.0,93.0,0,Yes,1.0,0,1,4.0,False,68,False,True,True,False,False,False,True,False,False,True,True,False,False,Aprobado,Aprobado
29.0,77.0,2,0,True,8.0,88.0,0,Yes,0.0,1,2,4.0,False,70,False,True,False,True,True,False,False,False,True,False,False,False,True,Aprobado,Aprobado
21.0,91.0,2,1,False,9.0,74.0,1,Yes,2.0,0,0,2.0,False,69,True,False,True,False,False,True,False,False,False,True,True,False,False,Aprobado,Aprobado
27.0,62.0,1,2,True,5.0,63.0,0,Yes,4.0,2,1,4.0,False,67,False,True,True,False,False,True,False,False,False,True,True,False,False,Aprobado,Reprobado
20.0,65.0,1,0,False,6.0,74.0,0,Yes,0.0,1,1,3.0,False,62,True,False,False,True,True,False,False,False,True,False,False,False,True,Reprobado,Aprobado
32.0,68.0,1,0,False,8.0,97.0,2,Yes,1.0,0,1,2.0,False,68,False,True,False,True,False,True,False,False,False,True,False,False,True,Aprobado,Aprobado
31.0,76.0,1,2,True,9.0,91.0,1,Yes,1.0,0,1,4.0,False,72,True,False,False,True,False,False,True,False,False,True,False,True,False,Aprobado,Aprobado
19.0,94.0,0,1,False,8.0,51.0,1,Yes,3.0,1,0,5.0,False,69,True,False,False,True,False,False,True,False,False,True,False,False,True,Aprobado,Reprobado
26.0,74.0,0,0,False,5.0,89.0,0,Yes,3.0,2,2,2.0,False,66,True,False,False,True,False,True,False,False,False,True,True,False,False,Aprobado,Aprobado
24.0,86.0,2,2,False,6.0,59.0,1,Yes,1.0,0,1,3.0,False,70,False,True,True,False,False,True,False,False,True,False,False,False,True,Aprobado,Reprobado
28.0,88.0,2,1,False,8.0,79.0,1,Yes,0.0,1,1,3.0,False,71,False,True,False,True,False,True,False,True,False,False,False,False,True,Aprobado,Aprobado
14.0,83.0,1,1,True,7.0,90.0,1,Yes,0.0,0,0,3.0,False,65,False,True,True,False,True,False,False,False,False,True,True,False,False,Aprobado,Aprobado
24.0,74.0,2,1,True,6.0,78.0,1,Yes,3.0,0,2,3.0,False,70,False,True,True,False,True,False,False,False,False,True,False,False,True,Aprobado,Aprobado
26.0,83.0,0,0,False,7.0,70.0,2,No,2.0,1,2,4.0,True,65,False,True,False,True,False,True,False,False,True,False,True,False,False,Aprobado,Aprobado
9.0,74.0,1,2,False,7.0,66.0,0,Yes,1.0,2,2,3.0,False,62,True,False,True,False,False,True,False,True,False,False,False,True,False,Reprobado,Aprobado
13.0,63.0,2,1,True,5.0,65.0,1,Yes,2.0,2,1,2.0,False,62,True,False,False,True,False,True,False,True,False,False,False,True,False,Reprobado,Aprobado
8.0,100.0,2,1,True,8.0,92.0,1,Yes,1.0,1,2,3.0,False,70,False,True,True,False,False,False,True,False,True,False,False,True,False,Aprobado,Aprobado
18.0,65.0,1,2,True,6.0,91.0,1,No,5.0,0,1,3.0,False,66,True,False,False,True,True,False,False,False,False,True,False,True,False,Aprobado,Aprobado
24.0,63.0,2,0,True,7.0,91.0,0,Yes,4.0,0,1,4.0,False,67,True,False,True,False,False,True,False,False,False,True,False,False,True,Aprobado,Aprobado
29.0,95.0,1,0,False,9.0,64.0,1,Yes,1.0,1,2,3.0,False,72,False,True,True,False,False,True,False,False,False,True,False,False,True,Aprobado,Reprobado
20.0,72.0,2,0,True,7.0,90.0,0,Yes,0.0,0,2,3.0,False,66,True,False,True,False,False,False,True,False,False,True,True,False,False,Aprobado,Aprobado
30.0,86.0,1,0,True,8.0,52.0,1,Yes,2.0,1,1,2.0,True,68,False,True,True,False,True,False,False,False,True,False,True,False,False,Aprobado,Reprobado
12.0,73.0,2,1,False,5.0,60.0,1,Yes,1.0,0,1,4.0,False,62,False,True,False,True,False,True,False,False,True,False,True,False,False,Reprobado,Reprobado
10.0,76.0,0,1,True,8.0,76.0,1,Yes,2.0,2,2,3.0,True,64,True,False,False,True,False,False,True,False,True,False,False,False,True,Reprobado,Aprobado
20.0,70.0,1,1,False,8.0,70.0,1,Yes,0.0,0,1,5.0,False,65,False,True,True,False,False,False,True,False,False,True,False,True,False,Aprobado,Aprobado
22.0,74.0,1,0,True,6.0,56.0,0,Yes,4.0,1,2,3.0,False,66,False,True,False,True,False,False,True,False,True,False,True,False,False,Aprobado,Reprobado
20.0,76.0,1,0,False,7.0,52.0,1,Yes,2.0,0,2,3.0,False,64,True,False,True,False,False,True,False,False,False,True,False,True,False,Reprobado,Reprobado
8.0,89.0,1,2,True,7.0,81.0,0,Yes,4.0,0,1,3.0,False,67,False,True,False,True,True,False,False,False,False,True,False,True,False,Aprobado,Aprobado
19.0,80.0,2,1,True,7.0,66.0,0,Yes,4.0,1,1,4.0,False,69,False,True,True,False,True,False,False,False,False,True,True,False,False,Aprobado,Aprobado
12.0,98.0,2,1,True,8.0,51.0,1,Yes,0.0,1,0,5.0,False,68,False,True,False,True,False,False,True,False,True,False,False,False,True,Aprobado,Reprobado
24.0,62.0,1,1,False,6.0,72.0,2,Yes,2.0,0,0,4.0,False,64,False,True,False,True,False,True,False,False,False,True,False,True,False,Reprobado,Aprobado
22.0,80.0,2,1,True,7.0,65.0,1,Yes,2.0,2,1,2.0,False,68,True,False,True,False,False,True,False,False,True,False,False,True,False,Aprobado,Aprobado
14.0,83.0,0,0,True,9.0,79.0,1,Yes,1.0,1,0,3.0,False,64,False,True,False,True,False,True,False,False,False,True,False,False,True,Reprobado,Aprobado
17.0,97.0,1,2,False,9.0,96.0,2,Yes,0.0,2,1,1.0,False,71,False,True,False,True,False,False,True,False,False,True,True,False,False,Aprobado,Aprobado
14.0,62.0,2,2,True,8.0,65.0,0,Yes,3.0,0,1,2.0,False,61,False,True,False,True,False,True,False,True,False,False,True,False,False,Reprobado,Aprobado
20.0,83.0,0,1,False,7.0,100.0,1,Yes,4.0,0,1,3.0,False,68,False,True,False,True,True,False,False,False,False,True,True,False,False,Aprobado,Aprobado
26.0,94.0,2,1,True,10.0,54.0,0,Yes,2.0,2,1,5.0,False,73,False,True,False,True,False,True,False,False,False,True,False,True,False,Aprobado,Reprobado
14.0,70.0,2,1,True,9.0,54.0,1,No,3.0,1,1,1.0,False,64,False,True,False,True,True,False,False,False,False,True,False,False,True,Reprobado,Reprobado
23.0,95.0,1,1,True,7.0,86.0,1,Yes,3.0,0,1,4.0,True,72,False,True,False,True,False,False,True,True,False,False,False,False,True,Aprobado,Aprobado
17.0,61.0,1,1,True,7.0,87.0,2,Yes,5.0,1,1,3.0,False,65,False,True,False,True,False,True,False,False,False,True,False,True,False,Aprobado,Aprobado
15.0,89.0,1,1,True,6.0,71.0,1,Yes,1.0,1,2,4.0,False,68,False,True,True,False,False,True,False,False,False,True,False,False,True,Aprobado,Aprobado
19.0,97.0,2,0,True,8.0,64.0,1,Yes,2.0,0,2,3.0,False,71,False,True,False,True,False,True,False,False,False,True,False,False,True,Aprobado,Reprobado
14.0,86.0,1,0,True,8.0,90.0,1,No,3.0,1,1,3.0,True,65,False,True,False,True,False,False,True,False,False,True,True,False,False,Aprobado,Aprobado
17.0,78.0,1,1,False,8.0,98.0,0,Yes,2.0,1,1,2.0,False,66,True,False,False,True,False,True,False,False,False,True,False,False,True,Aprobado,Aprobado
13.0,62.0,0,2,False,7.0,99.0,1,Yes,4.0,1,0,1.0,False,63,False,True,True,False,False,False,True,False,True,False,False,False,True,Reprobado,Aprobado
32.0,97.0,1,2,False,5.0,82.0,1,Yes,1.0,1,1,3.0,False,74,False,True,False,True,False,True,False,False,True,False,False,True,False,Aprobado,Aprobado
20.0,79.0,2,0,True,7.0,87.0,0,No,2.0,1,2,4.0,True,66,True,False,True,False,False,True,False,False,False,True,False,True,False,Aprobado,Aprobado
16.0,61.0,1,0,False,8.0,91.0,2,Yes,2.0,1,2,3.0,False,63,False,True,False,True,True,False,False,False,True,False,False,True,False,Reprobado,Aprobado
21.0,88.0,2,1,True,6.0,90.0,2,Yes,2.0,2,1,4.0,False,72,True,False,False,True,False,True,False,False,True,False,False,True,False,Aprobado,Aprobado
19.0,79.0,1,2,False,7.0,100.0,0,Yes,1.0,2,2,2.0,False,69,False,True,True,False,True,False,False,True,False,False,False,False,True,Aprobado,Aprobado
19.0,65.0,1,2,True,9.0,91.0,1,Yes,1.0,1,2,4.0,False,67,False,True,False,True,True,False,False,False,False,True,False,False,True,Aprobado,Aprobado
24.0,69.0,0,2,False,5.0,83.0,0,Yes,3.0,0,1,3.0,False,66,True,False,False,True,False,True,False,False,False,True,False,True,False,Aprobado,Aprobado
25.0,63.0,2,1,False,7.0,69.0,1,Yes,0.0,0,2,5.0,False,64,True,False,True,False,False,True,False,False,True,False,True,False,False,Reprobado,Aprobado
17.0,83.0,0,1,False,9.0,80.0,1,Yes,4.0,1,2,2.0,False,67,False,True,True,False,True,False,False,False,False,True,True,False,False,Aprobado,Aprobado
17.0,85.0,1,0,False,7.0,94.0,2,Yes,4.0,0,1,3.0,False,69,False,True,True,False,True,False,False,False,False,True,False,False,True,Aprobado,Aprobado
18.0,80.0,1,0,True,6.0,65.0,1,Yes,2.0,0,2,2.0,False,65,False,True,True,False,True,False,False,False,False,True,True,False,False,Aprobado,Aprobado
6.0,93.0,1,1,False,7.0,52.0,2,Yes,0.0,1,1,2.0,False,64,False,True,True,False,True,False,False,False,False,True,False,True,False,Reprobado,Reprobado
11.0,94.0,1,0,True,8.0,66.0,2,No,1.0,2,0,4.0,False,65,False,True,True,False,False,True,False,False,False,True,False,True,False,Aprobado,Aprobado
28.0,85.0,1,2,True,7.0,98.0,1,Yes,2.0,0,2,1.0,True,72,True,False,False,True,False,True,False,False,False,True,False,False,True,Aprobado,Aprobado
30.0,61.0,0,2,True,8.0,90.0,1,Yes,2.0,0,2,2.0,False,66,False,True,True,False,False,True,False,False,True,False,True,False,False,Aprobado,Aprobado
19.0,88.0,1,0,False,7.0,59.0,1,Yes,2.0,0,1,3.0,False,66,False,True,True,False,True,False,False,False,False,True,False,True,False,Aprobado,Reprobado
23.0,77.0,2,2,True,7.0,51.0,1,Yes,1.0,0,0,3.0,False,67,True,False,False,True,True,False,False,False,True,False,False,False,True,Aprobado,Reprobado
22.0,83.0,1,1,True,8.0,83.0,2,Yes,1.0,2,1,3.0,True,69,True,False,False,True,False,False,True,False,True,False,True,False,False,Aprobado,Aprobado
38.0,86.0,0,2,True,7.0,79.0,0,Yes,3.0,0,1,3.0,False,73,False,True,False,True,False,True,False,False,False,True,True,False,False,Aprobado,Aprobado
27.0,74.0,1,2,False,6.0,54.0,1,Yes,3.0,1,1,3.0,False,69,False,True,True,False,True,False,False,False,False,True,False,True,False,Aprobado,Reprobado
19.0,97.0,1,0,False,8.0,98.0,1,Yes,1.0,0,1,4.0,True,68,True,False,False,True,False,True,False,False,False,True,False,True,False,Aprobado,Aprobado
14.0,65.0,0,1,True,7.0,81.0,1,Yes,1.0,0,1,3.0,False,61,False,True,True,False,False,True,False,False,True,False,False,False,True,Reprobado,Aprobado
10.0,87.0,1,0,True,6.0,83.0,1,No,0.0,0,1,4.0,False,63,False,True,False,True,False,True,False,False,False,True,False,False,True,Reprobado,Aprobado
21.0,60.0,1,2,True,8.0,93.0,0,Yes,0.0,0,1,2.0,False,63,False,True,True,False,False,True,False,True,False,False,False,False,True,Reprobado,Aprobado
15.0,97.0,0,1,True,9.0,67.0,1,Yes,1.0,0,2,2.0,False,68,False,True,False,True,True,False,False,False,False,True,False,True,False,Aprobado,Aprobado
11.0,65.0,1,2,False,7.0,78.0,1,Yes,2.0,0,1,3.0,False,63,False,True,True,False,False,False,True,False,False,True,False,True,False,Reprobado,Aprobado
16.0,64.0,2,1,True,7.0,79.0,1,Yes,3.0,1,1,4.0,True,66,True,False,True,False,False,False,True,False,False,True,False,False,True,Aprobado,Aprobado
14.0,73.0,2,1,True,5.0,98.0,1,Yes,2.0,0,1,4.0,False,65,False,True,True,False,False,True,False,False,True,False,True,False,False,Aprobado,Aprobado
30.0,75.0,2,2,False,7.0,57.0,2,Yes,0.0,0,1,1.0,True,68,False,True,True,False,True,False,False,False,False,True,False,True,False,Aprobado,Reprobado
25.0,69.0,1,1,True,7.0,88.0,2,Yes,0.0,0,1,4.0,False,66,False,True,True,False,True,False,False,False,False,True,True,False,False,Aprobado,Aprobado
20.0,83.0,0,0,False,7.0,79.0,0,No,2.0,1,1,5.0,False,66,False,True,False,True,False,False,True,False,True,False,False,False,True,Aprobado,Aprobado
29.0,78.0,2,1,False,6.0,92.0,1,Yes,2.0,0,1,4.0,False,70,True,False,False,True,False,True,False,False,False,True,True,False,False,Aprobado,Aprobado
20.0,61.0,0,0,True,8.0,92.0,1,Yes,0.0,1,1,2.0,False,61,False,True,True,False,False,True,False,False,False,True,True,False,False,Reprobado,Aprobado
15.0,73.0,1,0,True,7.0,51.0,1,Yes,2.0,0,2,3.0,False,61,True,False,False,True,False,True,False,False,True,False,True,False,False,Reprobado,Reprobado
29.0,92.0,1,1,True,10.0,63.0,2,Yes,1.0,0,2,4.0,False,71,True,False,False,True,False,True,False,False,True,False,True,False,False,Aprobado,Reprobado
23.0,88.0,0,1,True,7.0,59.0,1,Yes,1.0,1,1,2.0,False,67,False,True,False,True,False,True,False,False,False,True,True,False,False,Aprobado,Reprobado
14.0,89.0,2,2,True,4.0,73.0,1,Yes,2.0,1,2,3.0,False,70,False,True,False,True,True,False,False,False,False,True,True,False,False,Aprobado,Aprobado
19.0,88.0,2,1,False,5.0,95.0,1,Yes,2.0,0,1,4.0,False,69,True,False,False,True,True,False,False,False,True,False,True,False,False,Aprobado,Aprobado
15.0,72.0,2,2,False,8.0,50.0,1,Yes,2.0,1,1,4.0,False,65,False,True,True,False,False,True,False,False,False,True,False,True,False,Aprobado,Reprobado
12.0,64.0,2,0,True,6.0,74.0,2,Yes,0.0,1,1,2.0,False,61,False,True,False,True,False,True,False,False,True,False,False,False,True,Reprobado,Aprobado
26.0,71.0,1,0,False,6.0,94.0,0,Yes,3.0,0,1,4.0,False,68,False,True,False,True,False,False,True,False,False,True,False,False,True,Aprobado,Aprobado
31.0,93.0,2,0,True,5.0,96.0,1,Yes,2.0,0,1,2.0,False,74,False,True,False,True,False,True,False,False,False,True,False,False,True,Aprobado,Aprobado
12.0,99.0,1,1,False,6.0,83.0,0,Yes,1.0,1,1,3.0,False,67,False,True,True,False,False,True,False,False,False,True,True,False,False,Aprobado,Aprobado
23.0,80.0,1,1,True,7.0,91.0,0,Yes,5.0,2,1,1.0,False,70,False,True,True,False,False,True,False,False,False,True,True,False,False,Aprobado,Aprobado
16.0,60.0,0,1,True,8.0,66.0,0,Yes,1.0,2,2,2.0,True,59,True,False,True,False,False,True,False,False,True,False,False,True,False,Reprobado,Aprobado
17.0,66.0,2,2,False,5.0,64.0,0,Yes,0.0,1,2,2.0,False,64,True,False,False,True,True,False,False,False,False,True,False,True,False,Reprobado,Reprobado
16.0,73.0,2,1,True,8.0,52.0,1,Yes,2.0,1,2,4.0,False,66,False,True,True,False,True,False,False,False,False,True,False,False,True,Aprobado,Reprobado
15.0,83.0,0,0,True,5.0,75.0,1,Yes,1.0,1,1,3.0,False,63,False,True,True,False,False,True,False,True,False,False,False,True,False,Reprobado,Aprobado
20.0,63.0,0,0,True,8.0,73.0,0,Yes,0.0,2,1,3.0,False,61,False,True,True,False,True,False,False,False,False,True,False,True,False,Reprobado,Aprobado
15.0,98.0,0,2,True,8.0,69.0,0,Yes,2.0,0,1,4.0,False,68,False,True,True,False,False,True,False,False,True,False,False,True,False,Aprobado,Aprobado
22.0,75.0,1,1,False,6.0,56.0,0,Yes,3.0,1,1,3.0,False,65,True,False,False,True,False,True,False,True,False,False,False,False,True,Aprobado,Reprobado
20.0,97.0,1,2,False,5.0,62.0,1,Yes,1.0,1,1,4.0,False,69,True,False,False,True,False,True,False,True,False,False,False,True,False,Aprobado,Reprobado
19.0,91.0,2,0,True,8.0,60.0,1,Yes,2.0,0,1,4.0,False,68,True,False,False,True,False,True,False,False,True,False,False,True,False,Aprobado,Reprobado
15.0,90.0,1,0,True,6.0,97.0,0,Yes,2.0,2,2,2.0,False,69,False,True,False,True,False,True,False,False,False,True,False,False,True,Aprobado,Aprobado
17.0,84.0,1,0,True,7.0,98.0,2,Yes,1.0,0,2,2.0,False,67,False,True,True,False,True,False,False,True,False,False,False,True,False,Aprobado,Aprobado
25.0,85.0,2,2,False,8.0,50.0,2,Yes,1.0,2,1,1.0,False,70,False,True,True,False,True,False,False,False,True,False,False,True,False,Aprobado,Reprobado
23.0,86.0,1,1,True,8.0,59.0,0,Yes,1.0,0,1,3.0,False,68,False,True,True,False,False,False,True,False,True,False,False,True,False,Aprobado,Reprobado
14.0,85.0,1,1,False,6.0,94.0,0,Yes,0.0,2,1,4.0,False,67,False,True,False,True,True,False,False,False,False,True,False,False,True,Aprobado,Aprobado
21.0,82.0,2,1,False,7.0,52.0,1,Yes,4.0,0,1,3.0,False,67,False,True,False,True,False,True,False,True,False,False,False,True,False,Aprobado,Reprobado
25.0,99.0,2,1,True,6.0,97.0,2,Yes,0.0,1,1,3.0,False,75,False,True,False,True,True,False,False,False,True,False,False,False,True,Aprobado,Aprobado
10.0,89.0,0,0,True,8.0,69.0,0,Yes,3.0,0,1,4.0,False,63,False,True,False,True,True,False,False,False,True,False,True,False,False,Reprobado,Aprobado
23.0,91.0,0,1,False,9.0,77.0,2,Yes,1.0,0,1,5.0,False,70,False,True,False,True,False,True,False,False,False,True,False,False,True,Aprobado,Aprobado
16.0,95.0,1,0,True,6.0,88.0,0,Yes,2.0,2,2,4.0,False,70,False,True,True,False,False,True,False,False,False,True,False,False,True,Aprobado,Aprobado
23.0,69.0,1,2,True,7.0,62.0,1,Yes,1.0,1,1,4.0,True,64,False,True,False,True,False,True,False,True,False,False,False,True,False,Reprobado,Reprobado
15.0,63.0,1,0,False,8.0,55.0,0,Yes,0.0,1,0,3.0,False,59,False,True,True,False,True,False,False,False,False,True,False,True,False,Reprobado,Reprobado
9.0,79.0,1,0,False,7.0,90.0,2,Yes,1.0,2,0,3.0,False,63,False,True,False,True,False,True,False,False,False,True,False,True,False,Reprobado,Aprobado
10.0,81.0,2,1,True,8.0,99.0,1,No,2.0,1,1,4.0,False,67,False,True,True,False,False,False,True,False,True,False,False,False,True,Aprobado,Aprobado
20.0,93.0,0,2,True,7.0,83.0,1,Yes,0.0,1,1,2.0,True,68,True,False,False,True,False,True,False,False,False,True,True,False,False,Aprobado,Aprobado
22.0,78.0,1,1,True,5.0,91.0,0,Yes,0.0,1,2,3.0,False,68,True,False,False,True,False,False,True,False,False,True,True,False,False,Aprobado,Aprobado
15.0,83.0,1,1,False,7.0,97.0,1,Yes,2.0,0,2,2.0,False,97,True,False,True,False,False,True,False,False,False,True,False,True,False,Aprobado,Aprobado
24.0,81.0,1,0,False,9.0,61.0,1,Yes,1.0,0,0,4.0,False,66,False,True,True,False,True,False,False,False,False,True,False,False,True,Aprobado,Reprobado
10.0,62.0,1,0,False,7.0,68.0,2,Yes,3.0,1,1,3.0,False,61,False,True,False,True,False,False,True,False,False,True,False,True,False,Reprobado,Aprobado
20.0,85.0,2,1,False,9.0,61.0,2,Yes,2.0,2,1,3.0,False,70,False,True,False,True,True,False,False,False,False,True,False,False,True,Aprobado,Reprobado
13.0,93.0,0,0,True,4.0,53.0,2,Yes,1.0,1,0,1.0,False,65,False,True,False,True,False,False,True,False,False,True,False,False,True,Aprobado,Reprobado
16.0,66.0,0,1,True,8.0,87.0,2,Yes,3.0,1,1,2.0,False,64,False,True,True,False,False,True,False,False,True,False,False,False,True,Reprobado,Aprobado
20.0,84.0,1,2,True,6.0,57.0,2,Yes,2.0,1,1,4.0,False,69,False,True,True,False,False,True,False,True,False,False,False,False,True,Aprobado,Reprobado
15.0,84.0,1,2,False,6.0,55.0,0,Yes,1.0,1,1,2.0,False,64,True,False,False,True,False,True,False,False,False,True,True,False,False,Reprobado,Reprobado
18.0,67.0,0,0,True,9.0,68.0,0,Yes,2.0,0,2,2.0,False,61,True,False,False,True,False,False,True,False,False,True,True,False,False,Reprobado,Aprobado
26.0,65.0,0,1,False,7.0,53.0,0,Yes,3.0,2,1,2.0,False,64,False,True,True,False,False,True,False,False,False,True,False,False,True,Reprobado,Reprobado
17.0,99.0,1,2,False,6.0,59.0,1,Yes,0.0,1,1,3.0,False,68,False,True,False,True,False,True,False,False,True,False,False,True,False,Aprobado,Reprobado
25.0,76.0,1,2,False,8.0,53.0,2,Yes,1.0,2,2,3.0,True,67,False,True,True,False,False,True,False,True,False,False,False,False,True,Aprobado,Reprobado
13.0,69.0,2,0,False,4.0,94.0,1,Yes,3.0,0,0,3.0,True,62,False,True,False,True,False,True,False,False,False,True,False,False,True,Reprobado,Aprobado
23.0,67.0,1,1,True,9.0,89.0,1,Yes,2.0,0,2,2.0,False,66,False,True,True,False,False,True,False,False,False,True,False,True,False,Aprobado,Aprobado
29.0,87.0,1,2,True,10.0,93.0,2,Yes,1.0,0,1,4.0,False,72,False,True,False,True,False,True,False,False,True,False,False,True,False,Aprobado,Aprobado
5.0,84.0,1,1,True,8.0,93.0,2,Yes,4.0,2,2,3.0,False,68,False,True,False,True,True,False,False,False,True,False,False,False,True,Aprobado,Aprobado
15.0,86.0,1,2,True,8.0,97.0,1,Yes,4.0,2,1,3.0,False,71,False,True,False,True,False,True,False,False,False,True,False,False,True,Aprobado,Aprobado
23.0,64.0,1,1,True,7.0,59.0,2,Yes,3.0,1,1,2.0,False,65,False,True,True,False,False,True,False,False,True,False,False,False,True,Aprobado,Reprobado
19.0,96.0,1,0,True,5.0,95.0,0,No,2.0,1,0,3.0,False,68,True,False,True,False,False,True,False,False,True,False,False,True,False,Aprobado,Aprobado
22.0,76.0,1,0,False,9.0,76.0,1,Yes,2.0,0,2,5.0,False,65,False,True,True,False,False,True,False,True,False,False,False,True,False,Aprobado,Aprobado
16.0,73.0,2,0,True,8.0,58.0,1,Yes,1.0,1,1,4.0,False,64,False,True,True,False,False,True,False,False,False,True,False,True,False,Reprobado,Reprobado
21.0,78.0,1,0,False,8.0,83.0,1,Yes,2.0,1,1,4.0,True,65,False,True,False,True,False,True,False,True,False,False,False,False,True,Aprobado,Aprobado
19.0,76.0,2,2,True,8.0,66.0,0,Yes,0.0,0,2,4.0,True,65,True,False,False,True,False,True,False,False,False,True,True,False,False,Aprobado,Aprobado
27.0,95.0,2,1,False,7.0,52.0,2,Yes,3.0,1,2,3.0,False,73,True,False,True,False,True,False,False,False,True,False,True,False,False,Aprobado,Reprobado
22.0,97.0,1,2,True,6.0,54.0,1,Yes,1.0,0,2,3.0,False,72,False,True,False,True,False,False,True,False,False,True,False,False,True,Aprobado,Reprobado
22.0,72.0,0,1,True,10.0,71.0,1,Yes,1.0,1,1,1.0,False,64,True,False,False,True,True,False,False,False,False,True,True,False,False,Reprobado,Aprobado
18.0,95.0,1,1,True,7.0,91.0,0,Yes,0.0,0,1,4.0,True,69,False,True,False,True,False,False,True,False,True,False,False,False,True,Aprobado,Aprobado
17.0,91.0,1,1,False,6.0,66.0,2,Yes,1.0,2,1,3.0,False,69,True,False,False,True,False,True,False,False,False,True,False,False,True,Aprobado,Aprobado
17.0,97.0,1,2,True,9.0,88.0,1,No,0.0,1,1,2.0,False,70,False,True,False,True,False,True,False,False,False,True,False,False,True,Aprobado,Aprobado
22.0,70.0,0,1,False,7.0,53.0,0,Yes,1.0,0,1,3.0,False,83,False,True,True,False,False,True,False,False,False,True,False,False,True,Aprobado,Reprobado
17.0,83.0,2,1,False,7.0,70.0,0,Yes,3.0,0,1,5.0,False,68,True,False,True,False,False,False,True,False,False,True,False,True,False,Aprobado,Aprobado
22.0,71.0,0,2,True,9.0,56.0,2,Yes,1.0,0,2,3.0,True,84,False,True,True,False,True,False,False,False,False,True,False,True,False,Aprobado,Reprobado
32.0,93.0,1,1,True,8.0,93.0,2,Yes,1.0,1,2,3.0,False,75,False,True,True,False,False,False,True,True,False,False,True,False,False,Aprobado,Aprobado
25.0,60.0,0,2,False,8.0,98.0,1,Yes,1.0,1,1,5.0,False,67,False,True,True,False,False,False,True,False,False,True,False,True,False,Aprobado,Aprobado
18.0,83.0,1,2,True,5.0,66.0,1,Yes,0.0,2,1,4.0,False,69,True,False,False,True,False,False,True,False,False,True,False,False,True,Aprobado,Aprobado
27.0,74.0,2,1,False,8.0,99.0,2,No,3.0,1,1,4.0,False,71,False,True,False,True,False,True,False,False,False,True,False,False,True,Aprobado,Aprobado
18.0,73.0,1,0,True,5.0,88.0,1,Yes,1.0,1,1,5.0,False,66,False,True,True,False,True,False,False,False,False,True,False,False,True,Aprobado,Aprobado
8.0,86.0,1,2,False,6.0,50.0,2,Yes,1.0,1,1,2.0,False,65,False,True,False,True,True,False,False,False,False,True,False,False,True,Aprobado,Reprobado
14.0,94.0,2,1,False,7.0,74.0,1,Yes,1.0,2,1,5.0,False,70,True,False,False,True,True,False,False,False,False,True,False,False,True,Aprobado,Aprobado
9.0,84.0,2,0,False,7.0,92.0,2,Yes,1.0,0,2,4.0,False,66,False,True,False,True,False,False,True,False,False,True,True,False,False,Aprobado,Aprobado
18.0,94.0,2,1,True,8.0,77.0,1,Yes,3.0,1,2,4.0,False,74,False,True,False,True,False,False,True,False,False,True,False,False,True,Aprobado,Aprobado
20.0,71.0,2,1,False,8.0,77.0,1,Yes,0.0,2,1,4.0,False,66,True,False,False,True,False,True,False,False,True,False,False,True,False,Aprobado,Aprobado
30.0,81.0,1,2,False,8.0,72.0,0,Yes,0.0,0,1,2.0,False,68,False,True,False,True,False,True,False,False,True,False,False,True,False,Aprobado,Aprobado
22.0,78.0,1,2,True,5.0,70.0,1,Yes,2.0,0,1,1.0,False,68,False,True,False,True,True,False,False,False,False,True,False,False,True,Aprobado,Aprobado
19.0,60.0,1,2,False,10.0,51.0,1,Yes,0.0,1,1,3.0,True,62,False,True,True,False,True,False,False,False,False,True,False,False,True,Reprobado,Reprobado
25.0,82.0,1,2,True,7.0,81.0,1,Yes,2.0,1,1,2.0,False,71,True,False,False,True,False,False,True,False,True,False,False,True,False,Aprobado,Aprobado
7.0,86.0,1,0,False,9.0,88.0,1,Yes,2.0,0,1,2.0,False,63,False,True,True,False,True,False,False,False,False,True,True,False,False,Reprobado,Aprobado
21.0,84.0,2,2,False,4.0,90.0,1,Yes,2.0,1,0,3.0,False,69,False,True,False,True,False,True,False,True,False,False,False,True,False,Aprobado,Aprobado
25.0,89.0,1,1,True,7.0,81.0,2,Yes,3.0,1,1,0.0,False,71,False,True,False,True,True,False,False,False,False,True,True,False,False,Aprobado,Aprobado
11.0,83.0,2,0,True,5.0,67.0,1,Yes,1.0,1,1,2.0,False,66,False,True,False,True,False,False,True,False,False,True,False,False,True,Aprobado,Aprobado
27.0,63.0,1,2,False,6.0,51.0,0,Yes,0.0,0,1,2.0,False,64,False,True,False,True,False,False,True,False,True,False,False,False,True,Reprobado,Reprobado
22.0,65.0,1,1,True,7.0,95.0,0,Yes,3.0,0,1,2.0,False,65,False,True,True,False,False,True,False,False,True,False,False,False,True,Aprobado,Aprobado
18.0,84.0,1,2,False,6.0,71.0,1,Yes,4.0,1,0,2.0,False,69,False,True,True,False,False,True,False,False,False,True,False,False,True,Aprobado,Aprobado
24.0,71.0,1,0,False,9.0,80.0,1,Yes,2.0,1,2,3.0,False,66,True,False,True,False,False,True,False,False,False,True,False,False,True,Aprobado,Aprobado
34.0,63.0,1,2,True,10.0,60.0,0,Yes,1.0,1,1,4.0,False,67,False,True,True,False,False,True,False,False,False,True,True,False,False,Aprobado,Reprobado
21.0,77.0,1,0,True,6.0,57.0,1,Yes,4.0,0,1,5.0,False,65,False,True,False,True,False,True,False,True,False,False,True,False,False,Aprobado,Reprobado
21.0,82.0,0,0,True,6.0,54.0,2,Yes,3.0,0,1,2.0,False,65,False,True,False,True,True,False,False,False,True,False,True,False,False,Aprobado,Reprobado
17.0,73.0,2,1,False,5.0,90.0,2,Yes,1.0,0,1,4.0,False,67,True,False,False,True,False,True,False,False,False,True,False,False,True,Aprobado,Aprobado
15.0,89.0,0,1,True,9.0,82.0,0,Yes,1.0,1,1,3.0,False,66,False,True,False,True,True,False,False,False,False,True,False,True,False,Aprobado,Aprobado
25.0,86.0,1,1,True,7.0,81.0,0,Yes,1.0,2,0,1.0,False,69,False,True,False,True,False,True,False,False,False,True,False,False,True,Aprobado,Aprobado
15.0,73.0,1,2,False,7.0,96.0,0,Yes,1.0,0,1,2.0,False,64,False,True,False,True,True,False,False,False,False,True,True,False,False,Reprobado,Aprobado
20.0,90.0,1,1,True,7.0,58.0,2,Yes,1.0,2,2,4.0,False,70,True,False,False,True,False,True,False,False,False,True,False,True,False,Aprobado,Reprobado
17.0,86.0,2,1,True,7.0,59.0,0,Yes,3.0,0,1,3.0,False,68,False,True,False,True,False,False,True,False,True,False,False,False,True,Aprobado,Reprobado
23.0,85.0,2,0,True,6.0,59.0,0,Yes,1.0,1,1,1.0,False,68,False,True,False,True,False,True,False,False,False,True,True,False,False,Aprobado,Reprobado
22.0,82.0,2,1,True,7.0,71.0,0,Yes,1.0,2,1,3.0,False,69,True,False,True,False,False,True,False,False,False,True,False,False,True,Aprobado,Aprobado
26.0,60.0,1,1,True,7.0,94.0,2,Yes,3.0,2,1,2.0,False,68,False,True,True,False,False,True,False,False,True,False,False,False,True,Aprobado,Aprobado
17.0,88.0,1,1,True,8.0,94.0,1,Yes,5.0,1,1,2.0,True,70,False,True,True,False,True,False,False,False,False,True,False,True,False,Aprobado,Aprobado
18.0,75.0,2,1,True,5.0,80.0,1,Yes,2.0,0,2,3.0,False,67,False,True,True,False,False,True,False,False,False,True,False,True,False,Aprobado,Aprobado
14.0,98.0,2,2,True,7.0,83.0,1,No,3.0,0,1,3.0,False,72,False,True,False,True,True,False,False,False,False,True,False,False,True,Aprobado,Aprobado
17.0,93.0,2,0,False,6.0,95.0,1,Yes,1.0,0,1,4.0,False,69,False,True,False,True,False,True,False,False,False,True,False,True,False,Aprobado,Aprobado
22.0,84.0,2,1,False,7.0,81.0,1,Yes,1.0,1,0,3.0,False,69,True,False,False,True,False,True,False,False,True,False,False,False,True,Aprobado,Aprobado
25.0,70.0,0,1,True,8.0,61.0,0,No,3.0,0,1,4.0,False,64,False,True,True,False,True,False,False,False,True,False,False,False,True,Reprobado,Reprobado
14.0,68.0,0,1,True,6.0,85.0,1,Yes,2.0,1,1,3.0,False,63,False,True,True,False,False,True,False,False,False,True,False,True,False,Reprobado,Aprobado
25.0,74.0,2,2,True,9.0,88.0,1,Yes,3.0,1,2,3.0,True,70,False,True,False,True,False,True,False,False,False,True,False,True,False,Aprobado,Aprobado
28.0,79.0,2,1,True,4.0,82.0,1,Yes,0.0,1,1,3.0,False,70,True,False,False,True,False,True,False,False,False,True,False,False,True,Aprobado,Aprobado
22.0,72.0,2,1,True,9.0,64.0,0,Yes,1.0,1,1,2.0,False,66,False,True,True,False,True,False,False,False,False,True,True,False,False,Aprobado,Reprobado
31.0,81.0,1,1,False,9.0,70.0,0,Yes,1.0,0,1,4.0,False,70,False,True,True,False,False,False,True,False,False,True,False,True,False,Aprobado,Aprobado
15.0,67.0,1,2,True,6.0,74.0,2,Yes,0.0,2,1,2.0,False,66,False,True,True,False,False,False,True,False,False,True,False,False,True,Aprobado,Aprobado
13.0,99.0,1,1,True,6.0,57.0,1,Yes,1.0,0,1,5.0,False,68,False,True,False,True,True,False,False,False,False,True,True,False,False,Aprobado,Reprobado
9.0,64.0,1,1,False,5.0,73.0,1,Yes,1.0,1,1,4.0,False,61,False,True,False,True,True,False,False,False,False,True,False,False,True,Reprobado,Aprobado
29.0,97.0,1,1,False,8.0,58.0,1,Yes,1.0,2,1,4.0,False,72,True,False,True,False,True,False,False,False,True,False,True,False,False,Aprobado,Reprobado
24.0,97.0,2,0,False,7.0,75.0,0,Yes,1.0,1,1,2.0,False,69,False,True,True,False,False,True,False,False,True,False,True,False,False,Aprobado,Aprobado
20.0,81.0,1,0,True,6.0,53.0,0,Yes,0.0,1,0,4.0,False,63,False,True,True,False,False,True,False,True,False,False,False,True,False,Reprobado,Reprobado
22.0,89.0,1,2,True,5.0,97.0,1,Yes,2.0,1,1,5.0,False,72,True,False,False,True,False,True,False,False,False,True,False,True,False,Aprobado,Aprobado
13.0,77.0,1,1,True,10.0,62.0,1,Yes,1.0,2,1,4.0,False,65,True,False,False,True,True,False,False,False,True,False,False,True,False,Aprobado,Reprobado
35.0,85.0,1,2,True,6.0,73.0,2,Yes,1.0,2,1,5.0,False,74,False,True,True,False,False,True,False,False,True,False,True,False,False,Aprobado,Aprobado
21.0,74.0,1,0,True,7.0,52.0,0,Yes,1.0,2,1,4.0,False,62,False,True,False,True,False,True,False,True,False,False,True,False,False,Reprobado,Reprobado
21.0,72.0,2,1,False,7.0,60.0,0,Yes,0.0,0,1,4.0,False,65,True,False,False,True,False,False,True,False,False,True,False,True,False,Aprobado,Reprobado
24.0,83.0,0,2,False,6.0,85.0,0,Yes,1.0,0,2,4.0,False,68,False,True,True,False,False,True,False,False,True,False,False,True,False,Aprobado,Aprobado
23.0,80.0,1,0,True,6.0,56.0,1,Yes,3.0,1,1,2.0,True,66,False,True,False,True,False,True,False,False,False,True,False,False,True,Aprobado,Reprobado
21.0,83.0,2,1,True,6.0,81.0,0,Yes,3.0,2,1,4.0,False,71,False,True,False,True,False,False,True,False,True,False,True,False,False,Aprobado,Aprobado
15.0,71.0,1,2,False,8.0,50.0,0,Yes,1.0,1,1,2.0,True,62,False,True,True,False,False,False,True,False,False,True,False,True,False,Reprobado,Reprobado
23.0,75.0,0,2,True,6.0,73.0,0,Yes,1.0,0,1,2.0,False,65,False,True,True,False,False,True,False,False,True,False,False,False,True,Aprobado,Aprobado
31.0,63.0,1,2,False,9.0,86.0,0,Yes,0.0,2,1,3.0,False,68,False,True,False,True,False,False,True,False,True,False,False,True,False,Aprobado,Aprobado
28.0,62.0,1,2,False,6.0,96.0,1,Yes,4.0,1,2,3.0,False,70,False,True,False,True,False,True,False,False,False,True,False,False,True,Aprobado,Aprobado
30.0,70.0,0,1,False,8.0,75.0,1,Yes,1.0,1,1,2.0,False,67,True,False,True,False,False,True,False,False,False,True,False,False,True,Aprobado,Aprobado
17.0,63.0,1,1,False,4.0,92.0,1,Yes,2.0,0,1,4.0,False,63,False,True,True,False,False,True,False,False,False,True,True,False,False,Reprobado,Aprobado
14.0,64.0,2,2,True,6.0,90.0,0,Yes,0.0,0,2,2.0,False,63,True,False,True,False,False,True,False,False,False,True,True,False,False,Reprobado,Aprobado
19.0,93.0,1,2,False,6.0,65.0,1,Yes,0.0,1,2,3.0,False,69,False,True,False,True,False,True,False,False,False,True,False,True,False,Aprobado,Aprobado
20.0,62.0,0,1,True,5.0,94.0,2,Yes,3.0,1,1,3.0,False,66,False,True,False,True,False,False,True,False,False,True,False,True,False,Aprobado,Aprobado
27.0,86.0,1,1,True,7.0,82.0,0,Yes,2.0,0,1,3.0,False,70,False,True,True,False,False,True,False,False,True,False,False,False,True,Aprobado,Aprobado
10.0,71.0,1,1,True,7.0,55.0,2,Yes,2.0,0,2,3.0,False,63,False,True,True,False,True,False,False,False,False,True,False,False,True,Reprobado,Reprobado
29.0,95.0,0,1,True,4.0,97.0,1,Yes,0.0,1,1,4.0,True,72,True,False,True,False,True,False,False,False,True,False,False,False,True,Aprobado,Aprobado
19.0,79.0,2,1,True,10.0,59.0,0,Yes,1.0,1,1,3.0,True,65,False,True,False,True,True,False,False,False,True,False,False,True,False,Aprobado,Reprobado
17.0,72.0,1,2,True,7.0,74.0,0,Yes,2.0,2,1,4.0,False,67,False,True,False,True,False,False,True,True,False,False,False,False,True,Aprobado,Aprobado
14.0,81.0,1,1,True,7.0,73.0,0,No,1.0,2,1,3.0,True,63,True,False,False,True,False,True,False,False,True,False,False,False,True,Reprobado,Aprobado
10.0,75.0,2,1,False,9.0,81.0,1,Yes,3.0,0,2,5.0,False,65,False,True,True,False,False,True,False,False,False,True,True,False,False,Aprobado,Aprobado
25.0,83.0,1,1,True,8.0,83.0,1,Yes,2.0,0,1,1.0,True,67,False,True,True,False,False,True,False,False,True,False,False,True,False,Aprobado,Aprobado
20.0,65.0,1,0,True,7.0,62.0,2,Yes,0.0,1,1,0.0,True,80,False,True,False,True,False,False,True,False,False,True,False,True,False,Aprobado,Reprobado
12.0,100.0,1,1,True,4.0,68.0,1,Yes,2.0,0,1,3.0,False,68,False,True,False,True,True,False,False,True,False,False,False,True,False,Aprobado,Aprobado
12.0,77.0,1,1,True,8.0,57.0,1,Yes,2.0,0,2,2.0,False,63,False,True,False,True,True,False,False,False,True,False,True,False,False,Reprobado,Reprobado
18.0,74.0,1,1,False,6.0,56.0,1,Yes,1.0,1,1,3.0,False,64,True,False,False,True,True,False,False,False,True,False,False,False,True,Reprobado,Reprobado
30.0,88.0,1,1,False,9.0,91.0,1,Yes,3.0,1,0,3.0,False,73,False,True,True,False,False,True,False,False,False,True,False,False,True,Aprobado,Aprobado
18.0,75.0,1,1,True,6.0,88.0,0,Yes,2.0,1,2,1.0,True,66,False,True,True,False,False,False,True,False,False,True,True,False,False,Aprobado,Aprobado
11.0,93.0,1,1,True,6.0,72.0,0,Yes,2.0,0,1,3.0,False,66,False,True,False,True,True,False,False,False,True,False,True,False,False,Aprobado,Aprobado
19.0,78.0,2,2,False,5.0,55.0,1,Yes,0.0,1,1,4.0,False,66,False,True,False,True,False,True,False,False,True,False,False,True,False,Aprobado,Reprobado
18.0,89.0,1,2,True,5.0,72.0,0,Yes,4.0,1,0,2.0,False,69,False,True,True,False,False,True,False,False,False,True,False,True,False,Aprobado,Aprobado
4.0,64.0,1,2,True,7.0,65.0,1,Yes,1.0,1,2,4.0,False,59,False,True,False,True,False,True,False,True,False,False,True,False,False,Reprobado,Aprobado
20.0,94.0,1,1,False,7.0,89.0,1,Yes,0.0,0,1,1.0,False,68,True,False,False,True,False,True,False,False,False,True,False,True,False,Aprobado,Aprobado
19.0,89.0,1,1,False,6.0,55.0,1,Yes,1.0,0,1,3.0,False,67,True,False,True,False,False,False,True,False,True,False,False,True,False,Aprobado,Reprobado
24.0,68.0,1,1,True,10.0,73.0,0,Yes,1.0,1,1,4.0,True,64,False,True,True,False,False,True,False,False,True,False,False,True,False,Reprobado,Aprobado
31.0,66.0,0,2,True,8.0,80.0,0,Yes,0.0,0,0,4.0,False,65,True,False,True,False,False,True,False,False,False,True,True,False,False,Aprobado,Aprobado
27.0,73.0,1,1,False,7.0,99.0,0,Yes,1.0,0,1,4.0,False,68,False,True,False,True,True,False,False,False,False,True,False,False,True,Aprobado,Aprobado
18.0,99.0,1,2,True,4.0,54.0,0,Yes,0.0,1,1,3.0,False,70,False,True,False,True,False,False,True,False,True,False,False,False,True,Aprobado,Reprobado
13.0,70.0,1,1,False,8.0,56.0,1,Yes,2.0,1,2,0.0,False,62,False,True,False,True,False,True,False,False,False,True,False,True,False,Reprobado,Reprobado
35.0,78.0,2,0,True,10.0,99.0,1,Yes,1.0,0,1,2.0,False,72,True,False,False,True,False,True,False,False,False,True,False,False,True,Aprobado,Aprobado
20.0,61.0,1,0,True,7.0,70.0,0,Yes,1.0,1,1,4.0,False,62,True,False,True,False,False,True,False,False,True,False,False,False,True,Reprobado,Aprobado
20.0,76.0,2,2,True,6.0,87.0,0,Yes,1.0,0,1,4.0,False,68,False,True,False,True,False,False,True,False,True,False,True,False,False,Aprobado,Aprobado
20.0,83.0,2,1,False,7.0,89.0,1,Yes,3.0,0,2,4.0,False,69,True,False,True,False,False,True,False,False,False,True,True,False,False,Aprobado,Aprobado
21.0,98.0,2,1,False,5.0,66.0,0,Yes,3.0,2,2,5.0,False,73,False,True,False,True,False,True,False,False,False,True,False,False,True,Aprobado,Aprobado
19.0,81.0,2,2,False,8.0,61.0,0,Yes,3.0,1,1,5.0,False,69,True,False,False,True,False,False,True,False,False,True,True,False,False,Aprobado,Reprobado
17.0,93.0,1,1,True,9.0,64.0,1,Yes,1.0,1,1,3.0,False,67,False,True,True,False,False,True,False,False,True,False,False,True,False,Aprobado,Reprobado
17.0,82.0,1,0,False,6.0,88.0,0,Yes,2.0,0,0,3.0,False,65,True,False,False,True,False,False,True,False,False,True,False,True,False,Aprobado,Aprobado
20.0,62.0,0,0,False,6.0,92.0,2,Yes,2.0,1,1,3.0,False,63,False,True,False,True,False,False,True,False,True,False,False,False,True,Reprobado,Aprobado
17.0,73.0,2,1,True,7.0,85.0,1,Yes,2.0,0,1,2.0,False,66,False,True,False,True,False,True,False,False,True,False,False,False,True,Aprobado,Aprobado
16.0,83.0,1,1,False,6.0,72.0,1,Yes,1.0,0,2,2.0,False,66,False,True,False,True,True,False,False,False,False,True,False,False,True,Aprobado,Aprobado
21.0,98.0,1,2,False,5.0,63.0,0,Yes,0.0,0,2,2.0,False,70,False,True,False,True,False,False,True,False,False,True,False,True,False,Aprobado,Reprobado
18.0,94.0,1,1,False,6.0,71.0,0,Yes,2.0,2,1,3.0,False,69,False,True,False,True,False,False,True,True,False,False,False,True,False,Aprobado,Aprobado
29.0,69.0,1,2,False,6.0,96.0,0,Yes,1.0,2,1,4.0,False,70,False,True,True,False,False,True,False,False,False,True,False,False,True,Aprobado,Aprobado
4.0,69.0,1,0,False,9.0,93.0,0,No,2.0,1,2,3.0,False,58,True,False,True,False,False,True,False,False,True,False,True,False,False,Reprobado,Aprobado
27.0,68.0,1,1,False,9.0,66.0,1,Yes,3.0,2,1,3.0,False,67,True,False,False,True,False,True,False,True,False,False,False,False,True,Aprobado,Aprobado
27.0,97.0,2,2,True,9.0,66.0,0,Yes,1.0,0,1,3.0,False,73,False,True,False,True,False,True,False,True,False,False,False,False,True,Aprobado,Aprobado
8.0,94.0,2,0,False,8.0,89.0,2,Yes,0.0,1,1,2.0,False,66,False,True,True,False,False,True,False,False,False,True,False,True,False,Aprobado,Aprobado
18.0,91.0,2,2,True,7.0,71.0,2,Yes,0.0,1,1,3.0,False,70,False,True,False,True,False,True,False,False,False,True,False,True,False,Aprobado,Aprobado
18.0,76.0,2,2,False,6.0,79.0,1,Yes,1.0,1,1,2.0,False,67,True,False,True,False,False,False,True,True,False,False,False,False,True,Aprobado,Aprobado
12.0,80.0,0,0,False,9.0,71.0,2,Yes,1.0,0,0,3.0,True,60,True,False,True,False,False,True,False,False,True,False,False,False,True,Reprobado,Aprobado
15.0,79.0,2,1,False,8.0,62.0,0,Yes,1.0,0,0,3.0,False,65,False,True,False,True,True,False,False,False,False,True,False,False,True,Aprobado,Reprobado
13.0,70.0,1,1,False,5.0,59.0,1,Yes,0.0,1,2,2.0,False,63,True,False,True,False,False,False,True,False,False,True,False,False,True,Reprobado,Reprobado
31.0,80.0,2,2,True,6.0,57.0,0,Yes,1.0,1,2,3.0,False,72,True,False,True,False,False,True,False,False,False,True,False,False,True,Aprobado,Reprobado
26.0,61.0,0,1,True,5.0,51.0,2,Yes,0.0,0,1,5.0,False,62,True,False,True,False,False,True,False,False,True,False,False,True,False,Reprobado,Reprobado
28.0,65.0,1,1,True,4.0,64.0,1,Yes,6.0,1,2,3.0,False,70,False,True,False,True,False,False,True,False,False,True,False,True,False,Aprobado,Reprobado
24.0,95.0,2,0,True,8.0,59.0,1,Yes,2.0,0,2,1.0,False,70,False,True,False,True,True,False,False,False,True,False,True,False,False,Aprobado,Reprobado
13.0,90.0,1,1,False,5.0,63.0,1,Yes,0.0,0,1,4.0,False,64,False,True,True,False,False,True,False,False,True,False,False,True,False,Reprobado,Reprobado
17.0,77.0,1,1,True,6.0,54.0,0,Yes,3.0,0,1,4.0,False,64,False,True,False,True,False,True,False,False,True,False,False,True,False,Reprobado,Reprobado
23.0,81.0,1,0,True,7.0,67.0,1,Yes,0.0,1,2,5.0,False,67,True,False,True,False,False,True,False,False,True,False,False,False,True,Aprobado,Aprobado
13.0,75.0,1,2,True,7.0,76.0,2,Yes,1.0,1,2,1.0,False,64,False,True,False,True,False,True,False,False,True,False,True,False,False,Reprobado,Aprobado
24.0,90.0,1,1,True,6.0,97.0,0,Yes,1.0,2,2,4.0,False,72,False,True,False,True,False,True,False,False,False,True,False,False,True,Aprobado,Aprobado
19.0,91.0,1,0,False,9.0,67.0,1,Yes,0.0,1,1,3.0,False,66,True,False,True,False,True,False,False,False,False,True,True,False,False,Aprobado,Aprobado
18.0,91.0,1,1,False,5.0,52.0,1,Yes,2.0,1,1,4.0,False,66,False,True,True,False,False,True,False,False,True,False,True,False,False,Aprobado,Reprobado
24.0,89.0,1,2,True,5.0,68.0,1,Yes,0.0,0,2,2.0,False,71,False,True,True,False,False,False,True,False,False,True,False,False,True,Aprobado,Aprobado
23.0,68.0,0,0,False,8.0,91.0,1,Yes,5.0,0,1,5.0,False,66,False,True,True,False,False,False,True,False,False,True,True,False,False,Aprobado,Aprobado
18.0,74.0,1,0,True,6.0,67.0,2,Yes,2.0,0,2,2.0,False,64,False,True,False,True,False,True,False,False,False,True,False,True,False,Reprobado,Aprobado
27.0,79.0,1,0,False,6.0,65.0,0,Yes,0.0,1,1,2.0,False,66,True,False,False,True,True,False,False,False,False,True,True,False,False,Aprobado,Aprobado
14.0,73.0,1,0,True,5.0,96.0,0,Yes,1.0,0,1,3.0,False,62,False,True,True,False,False,True,False,False,True,False,True,False,False,Reprobado,Aprobado
24.0,90.0,1,1,False,8.0,65.0,1,Yes,4.0,0,1,4.0,False,70,False,True,False,True,False,True,False,False,True,False,False,True,False,Aprobado,Aprobado
24.0,73.0,1,1,True,7.0,99.0,1,Yes,3.0,1,2,3.0,False,69,True,False,True,False,False,True,False,False,False,True,False,True,False,Aprobado,Aprobado
18.0,66.0,2,1,False,7.0,92.0,1,Yes,2.0,0,1,4.0,False,65,True,False,False,True,False,True,False,False,True,False,False,True,False,Aprobado,Aprobado
22.0,76.0,2,1,True,6.0,84.0,2,Yes,2.0,1,2,3.0,False,70,False,True,False,True,False,True,False,False,False,True,False,True,False,Aprobado,Aprobado
12.0,99.0,2,2,True,6.0,80.0,1,No,0.0,2,1,3.0,False,70,False,True,False,True,False,True,False,False,True,False,False,False,True,Aprobado,Aprobado
26.0,69.0,1,1,True,7.0,61.0,1,Yes,1.0,2,2,2.0,False,67,False,True,False,True,True,False,False,False,False,True,False,False,True,Aprobado,Reprobado
19.0,84.0,1,2,True,8.0,87.0,0,Yes,2.0,0,2,3.0,False,69,False,True,True,False,False,True,False,False,True,False,False,False,True,Aprobado,Aprobado
17.0,77.0,0,1,False,9.0,67.0,0,Yes,0.0,0,2,5.0,True,62,False,True,True,False,False,True,False,False,False,True,False,True,False,Reprobado,Aprobado
26.0,63.0,1,2,True,9.0,74.0,1,Yes,1.0,0,1,4.0,False,67,True,False,True,False,False,True,False,False,False,True,False,False,True,Aprobado,Aprobado
16.0,80.0,2,1,False,8.0,55.0,2,No,0.0,0,1,6.0,False,65,False,True,False,True,True,False,False,False,True,False,False,False,True,Aprobado,Reprobado
12.0,88.0,1,1,False,8.0,65.0,1,Yes,0.0,0,1,4.0,False,65,False,True,False,True,False,True,False,False,False,True,False,False,True,Aprobado,Aprobado
11.0,81.0,1,2,True,5.0,76.0,1,Yes,1.0,0,1,3.0,False,65,False,True,False,True,False,False,True,True,False,False,False,True,False,Aprobado,Aprobado
24.0,95.0,1,0,True,6.0,73.0,1,No,3.0,0,1,2.0,False,69,False,True,False,True,False,True,False,False,True,False,False,False,True,Aprobado,Aprobado
12.0,72.0,1,1,False,8.0,67.0,0,Yes,4.0,1,1,4.0,False,63,False,True,False,True,False,True,False,False,False,True,False,True,False,Reprobado,Aprobado
31.0,63.0,0,2,True,7.0,74.0,0,Yes,3.0,1,1,2.0,False,66,False,True,False,True,True,False,False,False,True,False,True,False,False,Aprobado,Aprobado
8.0,97.0,1,2,True,8.0,87.0,1,Yes,0.0,1,1,2.0,True,67,False,True,False,True,False,True,False,False,False,True,False,False,True,Aprobado,Aprobado
30.0,75.0,1,1,False,8.0,73.0,2,Yes,1.0,1,1,3.0,False,69,False,True,False,True,True,False,False,False,False,True,True,False,False,Aprobado,Aprobado
21.0,83.0,1,1,True,8.0,75.0,2,Yes,1.0,0,2,2.0,False,67,False,True,False,True,False,True,False,True,False,False,False,True,False,Aprobado,Aprobado
19.0,92.0,1,1,True,5.0,85.0,1,Yes,1.0,1,2,4.0,False,70,True,False,False,True,False,True,False,False,False,True,False,True,False,Aprobado,Aprobado
17.0,73.0,2,2,True,7.0,92.0,1,Yes,2.0,2,1,2.0,False,67,True,False,False,True,False,True,False,False,True,False,True,False,False,Aprobado,Aprobado
22.0,89.0,2,1,False,6.0,76.0,1,Yes,2.0,0,1,4.0,False,70,False,True,False,True,False,True,False,False,False,True,False,True,False,Aprobado,Aprobado
20.0,65.0,2,2,True,6.0,97.0,1,Yes,0.0,0,0,3.0,False,65,True,False,True,False,False,True,False,False,True,False,True,False,False,Aprobado,Aprobado
27.0,72.0,1,0,False,4.0,68.0,1,No,0.0,1,2,3.0,True,63,False,True,False,True,True,False,False,False,False,True,True,False,False,Reprobado,Aprobado
21.0,66.0,1,1,True,7.0,63.0,1,Yes,0.0,2,1,3.0,False,64,False,True,True,False,False,True,False,False,False,True,False,True,False,Reprobado,Reprobado
21.0,92.0,2,1,True,4.0,85.0,0,Yes,1.0,2,1,3.0,False,69,False,True,False,True,False,True,False,True,False,False,True,False,False,Aprobado,Aprobado
18.0,69.0,0,1,False,8.0,59.0,0,No,1.0,0,1,4.0,False,60,False,True,True,False,False,True,False,False,False,True,False,False,True,Reprobado,Reprobado
20.0,89.0,0,1,True,9.0,95.0,1,Yes,3.0,0,1,3.0,False,69,False,True,False,True,False,True,False,False,True,False,False,False,True,Aprobado,Aprobado
22.0,98.0,1,0,True,8.0,69.0,1,Yes,4.0,2,1,2.0,False,72,True,False,True,False,False,True,False,False,False,True,False,False,True,Aprobado,Aprobado
10.0,81.0,1,0,True,7.0,85.0,0,Yes,1.0,0,1,2.0,False,63,False,True,False,True,True,False,False,False,False,True,False,True,False,Reprobado,Aprobado
12.0,82.0,0,1,False,9.0,79.0,2,Yes,0.0,0,1,2.0,False,63,True,False,True,False,True,False,False,False,True,False,False,False,True,Reprobado,Aprobado
24.0,78.0,2,0,True,7.0,53.0,2,Yes,0.0,1,1,4.0,True,66,False,True,False,True,False,True,False,False,False,True,False,True,False,Aprobado,Reprobado
21.0,73.0,1,1,False,6.0,85.0,1,Yes,6.0,1,2,5.0,False,70,False,True,False,True,True,False,False,False,False,True,False,True,False,Aprobado,Aprobado
19.0,79.0,1,2,True,7.0,90.0,1,Yes,1.0,2,1,4.0,False,68,False,True,True,False,True,False,False,True,False,False,True,False,False,Aprobado,Aprobado
20.0,84.0,1,1,True,10.0,99.0,0,Yes,2.0,1,1,3.0,False,69,True,False,False,True,False,True,False,False,True,False,False,False,True,Aprobado,Aprobado
22.0,99.0,1,1,True,5.0,71.0,2,Yes,0.0,1,2,4.0,False,72,False,True,True,False,True,False,False,False,False,True,False,True,False,Aprobado,Aprobado
17.0,98.0,0,2,False,5.0,75.0,0,Yes,1.0,0,0,3.0,True,67,True,False,False,True,True,False,False,False,False,True,False,False,True,Aprobado,Aprobado
15.0,94.0,0,1,False,8.0,94.0,0,Yes,1.0,2,1,4.0,False,68,False,True,False,True,False,True,False,False,True,False,False,False,True,Aprobado,Aprobado
21.0,96.0,1,2,False,7.0,63.0,1,Yes,1.0,1,1,2.0,False,70,True,False,True,False,False,False,True,True,False,False,True,False,False,Aprobado,Reprobado
14.0,79.0,2,1,True,6.0,59.0,1,Yes,5.0,1,2,3.0,False,68,False,True,False,True,False,False,True,True,False,False,False,False,True,Aprobado,Reprobado
22.0,86.0,1,1,True,5.0,57.0,2,Yes,2.0,1,1,3.0,False,69,False,True,False,True,True,False,False,False,True,False,False,False,True,Aprobado,Reprobado
10.0,96.0,1,1,False,4.0,99.0,1,Yes,1.0,1,1,5.0,False,68,True,False,True,False,True,False,False,False,False,True,True,False,False,Aprobado,Aprobado
26.0,76.0,1,1,False,5.0,64.0,0,Yes,0.0,1,1,5.0,False,66,False,True,True,False,True,False,False,True,False,False,False,False,True,Aprobado,Reprobado
23.0,98.0,1,1,False,9.0,88.0,2,Yes,1.0,0,1,4.0,False,72,False,True,True,False,False,False,True,False,True,False,True,False,False,Aprobado,Aprobado
22.0,77.0,1,1,True,7.0,72.0,1,Yes,2.0,1,2,3.0,False,67,False,True,False,True,False,True,False,False,False,True,False,True,False,Aprobado,Aprobado
26.0,84.0,0,2,False,4.0,62.0,1,No,3.0,2,2,2.0,False,70,False,True,False,True,False,True,False,False,False,True,False,False,True,Aprobado,Reprobado
30.0,88.0,2,1,True,9.0,96.0,1,Yes,1.0,1,2,3.0,True,73,True,False,False,True,False,True,False,False,False,True,False,True,False,Aprobado,Aprobado
26.0,98.0,1,0,True,9.0,73.0,2,Yes,1.0,2,0,6.0,False,73,False,True,False,True,False,False,True,False,True,False,False,True,False,Aprobado,Aprobado
9.0,70.0,1,1,False,9.0,78.0,0,Yes,1.0,1,0,2.0,False,60,False,True,True,False,False,True,False,False,False,True,False,True,False,Reprobado,Aprobado
12.0,90.0,1,2,False,6.0,61.0,0,Yes,2.0,1,2,3.0,False,67,False,True,False,True,True,False,False,False,False,True,False,True,False,Aprobado,Reprobado
16.0,81.0,2,1,True,7.0,66.0,1,Yes,3.0,2,2,4.0,False,69,True,False,False,True,False,True,False,False,False,True,False,False,True,Aprobado,Aprobado
20.0,71.0,1,0,False,7.0,87.0,2,Yes,1.0,1,1,5.0,False,65,False,True,False,True,False,True,False,False,False,True,True,False,False,Aprobado,Aprobado
23.0,91.0,0,2,True,9.0,67.0,0,Yes,2.0,0,1,4.0,False,70,False,True,True,False,False,True,False,False,False,True,False,True,False,Aprobado,Aprobado
16.0,82.0,2,2,True,6.0,75.0,0,Yes,3.0,1,1,3.0,False,68,False,True,True,False,True,False,False,False,True,False,False,True,False,Aprobado,Aprobado
21.0,86.0,1,0,False,6.0,56.0,1,Yes,1.0,0,2,2.0,False,66,True,False,True,False,True,False,False,False,False,True,True,False,False,Aprobado,Reprobado
15.0,73.0,0,2,True,8.0,93.0,1,Yes,1.0,0,2,4.0,False,65,False,True,False,True,True,False,False,True,False,False,False,False,True,Aprobado,Aprobado
16.0,79.0,0,1,True,9.0,87.0,1,Yes,1.0,0,1,2.0,False,64,False,True,True,False,True,False,False,False,True,False,False,True,False,Reprobado,Aprobado
12.0,85.0,2,2,True,7.0,88.0,2,Yes,1.0,0,1,0.0,False,67,False,True,True,False,True,False,False,True,False,False,False,True,False,Aprobado,Aprobado
14.0,76.0,2,1,True,8.0,59.0,0,Yes,3.0,1,1,5.0,False,65,True,False,False,True,False,True,False,False,True,False,False,True,False,Aprobado,Reprobado
12.0,68.0,2,2,True,7.0,75.0,1,Yes,1.0,1,0,4.0,False,64,True,False,False,True,False,True,False,False,False,True,False,False,True,Reprobado,Aprobado
14.0,98.0,2,2,False,7.0,51.0,1,Yes,0.0,1,0,1.0,True,67,False,True,False,True,False,True,False,False,False,True,False,False,True,Aprobado,Reprobado
26.0,80.0,1,0,True,6.0,66.0,1,Yes,2.0,2,1,4.0,False,70,False,True,False,True,False,False,True,False,False,True,False,True,False,Aprobado,Aprobado
14.0,89.0,1,0,True,5.0,67.0,0,No,3.0,0,0,3.0,False,63,True,False,True,False,False,True,False,True,False,False,False,True,False,Reprobado,Aprobado
36.0,76.0,1,1,False,6.0,96.0,1,Yes,1.0,0,1,2.0,False,71,True,False,False,True,True,False,False,False,False,True,False,True,False,Aprobado,Aprobado
23.0,74.0,2,0,False,6.0,100.0,0,Yes,2.0,2,0,3.0,False,68,True,False,False,True,False,True,False,False,False,True,False,False,True,Aprobado,Aprobado
21.0,76.0,1,1,False,7.0,81.0,1,Yes,0.0,1,2,2.0,False,67,True,False,True,False,True,False,False,False,True,False,False,False,True,Aprobado,Aprobado
15.0,76.0,2,2,True,9.0,76.0,1,Yes,1.0,1,2,2.0,False,67,False,True,True,False,False,False,True,True,False,False,False,True,False,Aprobado,Aprobado
24.0,82.0,0,1,True,7.0,72.0,1,Yes,0.0,1,2,2.0,False,68,False,True,True,False,False,False,True,False,True,False,False,False,True,Aprobado,Aprobado
17.0,82.0,2,1,False,6.0,51.0,1,Yes,1.0,0,1,3.0,False,66,False,True,False,True,False,False,True,False,True,False,False,False,True,Aprobado,Reprobado
21.0,80.0,1,1,True,8.0,90.0,1,Yes,0.0,1,1,4.0,False,68,False,True,False,True,True,False,False,False,False,True,True,False,False,Aprobado,Aprobado
35.0,65.0,2,1,True,7.0,84.0,2,Yes,0.0,1,1,2.0,False,70,False,True,False,True,False,True,False,False,True,False,False,False,True,Aprobado,Aprobado
19.0,80.0,0,0,False,8.0,82.0,1,Yes,5.0,0,0,3.0,False,67,False,True,False,True,True,False,False,False,False,True,False,False,True,Aprobado,Aprobado
27.0,67.0,0,1,True,6.0,90.0,1,Yes,2.0,2,2,3.0,False,67,True,False,False,True,False,True,False,False,True,False,False,True,False,Aprobado,Aprobado
16.0,65.0,0,2,False,9.0,96.0,0,Yes,2.0,0,1,2.0,False,62,False,True,False,True,False,True,False,False,False,True,True,False,False,Reprobado,Aprobado
20.0,97.0,1,2,False,9.0,69.0,0,Yes,0.0,0,0,3.0,True,67,False,True,False,True,False,True,False,False,False,True,True,False,False,Aprobado,Aprobado
31.0,84.0,1,2,False,7.0,71.0,0,Yes,4.0,0,1,4.0,False,70,False,True,False,True,False,True,False,True,False,False,True,False,False,Aprobado,Aprobado
16.0,86.0,2,2,False,8.0,99.0,1,Yes,4.0,0,2,4.0,False,72,True,False,False,True,True,False,False,False,False,True,False,True,False,Aprobado,Aprobado
31.0,76.0,1,1,True,9.0,83.0,1,Yes,2.0,2,1,3.0,False,70,True,False,True,False,False,True,False,False,True,False,True,False,False,Aprobado,Aprobado
24.0,96.0,0,2,False,6.0,93.0,1,Yes,2.0,0,1,2.0,False,94,False,True,True,False,False,True,False,False,True,False,False,True,False,Aprobado,Aprobado
17.0,86.0,1,1,False,7.0,61.0,1,No,2.0,2,1,3.0,False,66,False,True,False,True,False,True,False,False,True,False,False,False,True,Aprobado,Reprobado
24.0,91.0,0,0,True,7.0,66.0,2,Yes,2.0,0,2,3.0,False,69,False,True,False,True,False,True,False,False,False,True,False,True,False,Aprobado,Aprobado
26.0,75.0,2,1,False,5.0,70.0,0,Yes,0.0,2,0,2.0,False,68,True,False,False,True,False,False,True,False,False,True,False,True,False,Aprobado,Aprobado
24.0,98.0,2,0,False,8.0,66.0,2,Yes,2.0,0,1,1.0,False,71,False,True,False,True,False,True,False,False,True,False,False,False,True,Aprobado,Aprobado
11.0,93.0,2,1,False,9.0,94.0,1,Yes,4.0,0,2,4.0,False,69,False,True,False,True,False,True,False,False,True,False,False,True,False,Aprobado,Aprobado
16.0,94.0,1,1,False,7.0,76.0,0,Yes,2.0,1,1,3.0,True,67,False,True,True,False,False,True,False,False,False,True,False,True,False,Aprobado,Aprobado
19.0,67.0,0,1,True,8.0,98.0,1,Yes,2.0,0,1,2.0,False,64,True,False,True,False,False,False,True,False,False,True,True,False,False,Reprobado,Aprobado
20.0,71.0,1,1,True,9.0,66.0,1,Yes,1.0,1,0,5.0,True,63,True,False,True,False,True,False,False,False,False,True,True,False,False,Reprobado,Aprobado
24.0,71.0,1,2,True,6.0,52.0,1,Yes,2.0,1,1,3.0,False,66,True,False,True,False,True,False,False,True,False,False,False,True,False,Aprobado,Reprobado
21.0,71.0,2,1,True,8.0,57.0,0,No,2.0,2,1,1.0,False,66,False,True,True,False,False,False,True,False,False,True,False,False,True,Aprobado,Reprobado
12.0,94.0,0,2,True,6.0,61.0,1,Yes,3.0,2,2,4.0,False,69,False,True,False,True,True,False,False,False,False,True,False,True,False,Aprobado,Reprobado
22.0,61.0,0,0,True,6.0,82.0,0,Yes,4.0,1,1,4.0,False,64,False,True,True,False,False,True,False,False,True,False,False,False,True,Reprobado,Aprobado
24.0,63.0,2,1,False,8.0,59.0,0,Yes,1.0,0,1,3.0,True,62,False,True,False,True,False,True,False,False,False,True,False,True,False,Reprobado,Reprobado
23.0,71.0,1,1,True,7.0,69.0,2,Yes,3.0,0,1,5.0,True,66,False,True,True,False,False,True,False,True,False,False,False,False,True,Aprobado,Aprobado
26.0,68.0,1,2,True,8.0,90.0,1,Yes,4.0,0,2,3.0,False,70,True,False,False,True,False,True,False,False,False,True,False,True,False,Aprobado,Aprobado
25.0,69.0,2,1,True,7.0,56.0,1,Yes,2.0,0,1,4.0,False,67,True,False,False,True,False,True,False,False,False,True,False,True,False,Aprobado,Reprobado
23.0,92.0,0,1,False,8.0,54.0,1,Yes,0.0,2,0,1.0,False,68,False,True,True,False,False,False,True,False,False,True,False,False,True,Aprobado,Reprobado
20.0,83.0,2,0,False,9.0,77.0,2,Yes,0.0,0,1,3.0,True,67,False,True,False,True,False,True,False,False,False,True,False,False,True,Aprobado,Aprobado
10.0,60.0,1,1,False,9.0,85.0,1,Yes,0.0,1,2,4.0,False,62,False,True,False,True,False,False,True,False,False,True,False,False,True,Reprobado,Aprobado
23.0,77.0,0,1,True,8.0,96.0,1,Yes,1.0,2,1,1.0,True,67,True,False,False,True,True,False,False,False,False,True,False,True,False,Aprobado,Aprobado
21.0,76.0,1,2,True,8.0,83.0,1,Yes,0.0,0,1,5.0,False,68,False,True,False,True,False,True,False,False,False,True,False,False,True,Aprobado,Aprobado
22.0,65.0,0,1,False,7.0,97.0,0,Yes,2.0,1,2,4.0,False,64,True,False,True,False,False,True,False,False,True,False,False,True,False,Reprobado,Aprobado
12.0,87.0,1,0,True,7.0,62.0,1,No,2.0,1,1,4.0,False,64,False,True,True,False,False,True,False,False,False,True,False,True,False,Reprobado,Reprobado
14.0,88.0,1,1,False,8.0,67.0,1,Yes,2.0,2,0,3.0,False,66,False,True,False,True,False,False,True,True,False,False,False,True,False,Aprobado,Aprobado
26.0,89.0,1,0,True,7.0,92.0,1,Yes,2.0,0,2,2.0,False,72,False,True,False,True,False,False,True,False,True,False,False,False,True,Aprobado,Aprobado
20.0,89.0,1,2,True,8.0,91.0,1,Yes,2.0,1,1,3.0,False,72,False,True,True,False,False,True,False,False,False,True,False,False,True,Aprobado,Aprobado
24.0,60.0,1,2,True,9.0,83.0,2,Yes,2.0,1,0,3.0,True,66,False,True,False,True,False,True,False,False,False,True,False,False,True,Aprobado,Aprobado
20.0,98.0,0,1,False,7.0,75.0,2,Yes,4.0,1,1,1.0,False,72,True,False,False,True,True,False,False,False,False,True,False,False,True,Aprobado,Aprobado
20.0,93.0,2,1,True,4.0,51.0,0,Yes,1.0,1,1,3.0,False,69,False,True,False,True,False,True,False,False,False,True,False,False,True,Aprobado,Reprobado
26.0,96.0,2,2,True,10.0,64.0,0,Yes,2.0,1,1,3.0,True,72,True,False,True,False,False,True,False,False,False,True,False,True,False,Aprobado,Reprobado
17.0,61.0,0,0,True,6.0,58.0,1,Yes,1.0,1,2,4.0,False,60,False,True,False,True,False,True,False,False,False,True,False,True,False,Reprobado,Reprobado
21.0,97.0,1,1,True,7.0,53.0,1,Yes,0.0,2,1,2.0,False,69,False,True,False,True,False,True,False,False,True,False,False,True,False,Aprobado,Reprobado
17.0,92.0,1,2,False,8.0,89.0,1,Yes,0.0,0,0,3.0,True,68,False,True,False,True,False,True,False,False,False,True,False,False,True,Aprobado,Aprobado
17.0,93.0,0,1,True,9.0,57.0,2,Yes,3.0,0,2,2.0,False,69,True,False,False,True,True,False,False,False,False,True,False,True,False,Aprobado,Reprobado
18.0,64.0,1,0,True,10.0,68.0,0,Yes,1.0,0,1,5.0,False,62,False,True,False,True,False,True,False,False,False,True,False,False,True,Reprobado,Aprobado
21.0,90.0,1,1,True,6.0,99.0,0,Yes,2.0,0,2,2.0,False,71,False,True,False,True,False,True,False,False,True,False,False,False,True,Aprobado,Aprobado
17.0,98.0,1,2,True,9.0,70.0,0,Yes,1.0,2,1,2.0,False,70,True,False,False,True,False,True,False,False,False,True,True,False,False,Aprobado,Aprobado
28.0,87.0,0,0,True,7.0,57.0,1,Yes,2.0,1,2,4.0,False,68,True,False,False,True,False,True,False,False,True,False,True,False,False,Aprobado,Reprobado
15.0,83.0,2,1,True,10.0,84.0,1,Yes,1.0,2,2,2.0,False,68,False,True,False,True,True,False,False,False,False,True,True,False,False,Aprobado,Aprobado
19.0,98.0,1,2,False,9.0,90.0,0,No,1.0,2,1,2.0,False,70,True,False,True,False,True,False,False,True,False,False,False,False,True,Aprobado,Aprobado
17.0,78.0,1,2,False,7.0,64.0,1,Yes,0.0,0,1,3.0,False,65,True,False,True,False,False,True,False,False,False,True,False,True,False,Aprobado,Reprobado
29.0,84.0,2,1,True,6.0,90.0,1,Yes,0.0,1,2,3.0,False,73,False,True,False,True,False,False,True,True,False,False,False,False,True,Aprobado,Aprobado
21.0,79.0,2,1,False,4.0,64.0,0,Yes,0.0,0,2,4.0,False,66,False,True,False,True,True,False,False,False,True,False,True,False,False,Aprobado,Reprobado
26.0,97.0,1,1,False,8.0,85.0,0,No,2.0,2,0,3.0,False,71,False,True,False,True,False,True,False,False,False,True,False,True,False,Aprobado,Aprobado
11.0,63.0,2,1,True,9.0,56.0,2,Yes,2.0,1,1,3.0,False,62,False,True,True,False,False,True,False,False,False,True,False,True,False,Reprobado,Reprobado
22.0,80.0,1,1,True,8.0,71.0,2,Yes,2.0,0,1,3.0,False,68,True,False,True,False,False,True,False,False,False,True,False,False,True,Aprobado,Aprobado
25.0,87.0,1,2,False,4.0,76.0,0,Yes,1.0,0,2,4.0,False,70,False,True,False,True,True,False,False,True,False,False,False,False,True,Aprobado,Aprobado
20.0,92.0,1,0,False,5.0,86.0,0,Yes,0.0,1,1,2.0,False,68,False,True,True,False,False,False,True,False,True,False,False,True,False,Aprobado,Aprobado
26.0,83.0,2,0,True,8.0,83.0,1,Yes,2.0,0,2,2.0,False,71,False,True,True,False,True,False,False,False,False,True,False,True,False,Aprobado,Aprobado
17.0,96.0,1,1,True,10.0,93.0,1,Yes,2.0,1,0,4.0,False,70,False,True,True,False,False,True,False,False,False,True,True,False,False,Aprobado,Aprobado
28.0,98.0,1,1,True,7.0,59.0,1,Yes,1.0,0,1,3.0,False,72,False,True,False,True,False,True,False,False,False,True,False,False,True,Aprobado,Reprobado
34.0,63.0,1,2,True,9.0,83.0,1,Yes,2.0,1,2,2.0,False,69,False,True,False,True,True,False,False,False,True,False,True,False,False,Aprobado,Aprobado
18.0,76.0,1,2,False,5.0,56.0,1,Yes,1.0,0,0,2.0,False,63,False,True,False,True,True,False,False,False,True,False,True,False,False,Reprobado,Reprobado
17.0,61.0,1,1,False,7.0,74.0,2,Yes,0.0,1,1,2.0,False,62,False,True,True,False,False,False,True,False,False,True,False,True,False,Reprobado,Aprobado
29.0,73.0,1,1,False,7.0,76.0,1,Yes,2.0,0,2,3.0,False,68,True,False,True,False,False,True,False,False,False,True,False,True,False,Aprobado,Aprobado
29.0,81.0,0,1,True,9.0,51.0,0,Yes,2.0,1,1,5.0,False,70,False,True,False,True,False,False,True,False,False,True,False,False,True,Aprobado,Reprobado
17.0,96.0,1,1,True,6.0,54.0,1,Yes,1.0,1,1,4.0,False,69,True,False,False,True,False,True,False,False,False,True,False,False,True,Aprobado,Reprobado
17.0,94.0,1,1,False,10.0,92.0,0,Yes,2.0,0,1,2.0,False,68,True,False,False,True,False,True,False,False,False,True,True,False,False,Aprobado,Aprobado
18.0,65.0,2,1,True,7.0,64.0,1,Yes,2.0,2,1,1.0,False,65,False,True,False,True,False,True,False,False,False,True,False,False,True,Aprobado,Reprobado
12.0,64.0,1,0,False,5.0,67.0,1,Yes,3.0,0,1,2.0,True,59,True,False,False,True,False,True,False,False,False,True,False,False,True,Reprobado,Aprobado
14.0,84.0,1,1,False,5.0,82.0,1,Yes,3.0,0,1,3.0,False,66,False,True,False,True,True,False,False,True,False,False,False,False,True,Aprobado,Aprobado
14.0,81.0,2,1,False,6.0,61.0,0,Yes,0.0,0,1,4.0,False,64,False,True,False,True,False,True,False,False,True,False,False,False,True,Reprobado,Reprobado
15.0,71.0,0,1,False,8.0,60.0,2,No,5.0,0,2,4.0,False,63,False,True,True,False,False,True,False,True,False,False,False,False,True,Reprobado,Reprobado
20.0,96.0,1,1,False,6.0,71.0,1,Yes,5.0,0,2,3.0,False,72,False,True,False,True,True,False,False,False,False,True,False,True,False,Aprobado,Aprobado
21.0,97.0,1,2,True,6.0,53.0,0,Yes,0.0,0,1,3.0,True,67,False,True,False,True,False,True,False,False,True,False,True,False,False,Aprobado,Reprobado
29.0,76.0,1,1,False,8.0,96.0,0,Yes,2.0,0,1,2.0,False,94,False,True,False,True,False,False,True,False,True,False,False,False,True,Aprobado,Aprobado
14.0,96.0,1,2,True,4.0,97.0,0,Yes,2.0,1,1,3.0,False,70,False,True,True,False,False,True,False,False,False,True,True,False,False,Aprobado,Aprobado
26.0,75.0,0,1,False,6.0,72.0,1,Yes,0.0,0,2,3.0,False,66,False,True,False,True,False,True,False,False,False,True,False,True,False,Aprobado,Aprobado
19.0,89.0,0,1,True,5.0,60.0,0,Yes,4.0,1,1,2.0,False,69,False,True,True,False,False,False,True,False,True,False,False,False,True,Aprobado,Reprobado
20.0,79.0,1,0,True,6.0,74.0,0,Yes,2.0,0,1,2.0,False,64,False,True,False,True,False,True,False,True,False,False,False,False,True,Reprobado,Aprobado
24.0,65.0,1,1,False,7.0,55.0,0,Yes,1.0,0,2,3.0,True,63,True,False,True,False,False,True,False,False,False,True,False,False,True,Reprobado,Reprobado
13.0,97.0,2,2,False,7.0,70.0,1,Yes,1.0,0,2,4.0,False,71,False,True,True,False,False,False,True,False,False,True,False,True,False,Aprobado,Aprobado
22.0,78.0,2,1,False,7.0,54.0,1,Yes,1.0,1,1,3.0,True,65,False,True,False,True,False,True,False,False,True,False,True,False,False,Aprobado,Reprobado
21.0,89.0,0,1,True,9.0,85.0,0,Yes,1.0,1,1,5.0,False,68,False,True,True,False,True,False,False,True,False,False,True,False,False,Aprobado,Aprobado
23.0,75.0,1,1,False,7.0,64.0,2,Yes,1.0,0,1,3.0,True,64,False,True,False,True,False,True,False,False,True,False,True,False,False,Reprobado,Reprobado
22.0,61.0,0,0,True,10.0,76.0,2,Yes,1.0,2,2,2.0,False,64,False,True,False,True,True,False,False,False,False,True,False,False,True,Reprobado,Aprobado
35.0,64.0,1,1,True,8.0,51.0,1,Yes,2.0,1,1,5.0,True,66,False,True,False,True,False,True,False,False,False,True,True,False,False,Aprobado,Reprobado
16.0,80.0,2,1,False,6.0,76.0,1,Yes,1.0,1,2,4.0,False,68,False,True,False,True,True,False,False,False,False,True,False,False,True,Aprobado,Aprobado
17.0,88.0,1,1,False,10.0,50.0,1,Yes,3.0,0,2,5.0,False,67,False,True,True,False,True,False,False,False,True,False,False,True,False,Aprobado,Reprobado
16.0,73.0,0,2,True,7.0,96.0,1,Yes,1.0,1,1,3.0,False,66,True,False,True,False,False,True,False,False,True,False,False,False,True,Aprobado,Aprobado
17.0,88.0,1,1,True,10.0,75.0,1,Yes,2.0,1,1,3.0,False,68,False,True,False,True,False,True,False,False,False,True,False,True,False,Aprobado,Aprobado
16.0,88.0,0,1,False,7.0,55.0,1,Yes,3.0,0,0,3.0,False,66,False,True,False,True,False,False,True,False,False,True,False,True,False,Aprobado,Reprobado
27.0,88.0,1,1,False,7.0,67.0,1,Yes,3.0,2,1,4.0,False,71,False,True,False,True,True,False,False,True,False,False,False,True,False,Aprobado,Aprobado
29.0,80.0,1,2,True,8.0,52.0,1,Yes,4.0,0,1,4.0,False,71,False,True,True,False,False,True,False,False,True,False,False,False,True,Aprobado,Reprobado
17.0,97.0,1,2,False,7.0,77.0,1,Yes,0.0,0,1,4.0,False,68,True,False,False,True,True,False,False,True,False,False,True,False,False,Aprobado,Aprobado
15.0,80.0,2,0,False,9.0,56.0,2,Yes,3.0,1,1,3.0,True,64,False,True,True,False,False,True,False,False,False,True,False,True,False,Reprobado,Reprobado
23.0,78.0,1,1,True,10.0,74.0,0,Yes,3.0,1,1,4.0,False,67,False,True,False,True,False,True,False,False,True,False,True,False,False,Aprobado,Aprobado
17.0,68.0,2,1,True,4.0,65.0,2,Yes,0.0,1,1,2.0,False,64,True,False,False,True,False,True,False,False,True,False,False,False,True,Reprobado,Aprobado
24.0,72.0,2,0,True,8.0,88.0,2,Yes,3.0,0,1,2.0,False,68,False,True,True,False,False,True,False,False,False,True,False,False,True,Aprobado,Aprobado
21.0,62.0,1,0,False,6.0,74.0,2,Yes,0.0,0,2,3.0,True,62,True,False,False,True,False,False,True,True,False,False,False,False,True,Reprobado,Aprobado
11.0,85.0,1,0,True,4.0,92.0,0,Yes,0.0,1,2,1.0,False,64,False,True,False,True,True,False,False,False,False,True,False,True,False,Reprobado,Aprobado
29.0,70.0,0,2,False,8.0,97.0,0,Yes,3.0,0,2,3.0,False,70,False,True,False,True,False,False,True,False,True,False,False,False,True,Aprobado,Aprobado
31.0,72.0,1,1,False,8.0,98.0,2,Yes,0.0,0,1,4.0,False,68,False,True,False,True,True,False,False,True,False,False,False,True,False,Aprobado,Aprobado
16.0,91.0,1,1,False,8.0,63.0,2,Yes,2.0,1,2,3.0,False,69,False,True,True,False,True,False,False,False,False,True,False,True,False,Aprobado,Reprobado
18.0,73.0,0,1,True,8.0,88.0,0,Yes,3.0,0,1,4.0,False,65,False,True,False,True,True,False,False,False,True,False,False,False,True,Aprobado,Aprobado
22.0,70.0,1,2,True,8.0,72.0,1,Yes,2.0,2,1,3.0,False,67,False,True,False,True,False,True,False,False,False,True,False,True,False,Aprobado,Aprobado
22.0,67.0,2,1,False,6.0,71.0,0,Yes,2.0,1,1,2.0,False,65,False,True,False,True,True,False,False,False,True,False,False,False,True,Aprobado,Aprobado
24.0,91.0,2,1,False,7.0,93.0,0,Yes,0.0,1,1,2.0,False,71,False,True,False,True,False,True,False,False,True,False,False,False,True,Aprobado,Aprobado
32.0,65.0,1,0,True,8.0,57.0,0,Yes,2.0,0,1,3.0,False,65,False,True,True,False,False,True,False,False,True,False,False,False,True,Aprobado,Reprobado
19.0,78.0,1,1,True,9.0,74.0,0,Yes,2.0,0,1,5.0,False,66,False,True,True,False,False,True,False,False,True,False,False,False,True,Aprobado,Aprobado
15.0,80.0,2,1,False,7.0,80.0,1,Yes,0.0,0,0,5.0,False,65,False,True,True,False,False,True,False,False,False,True,False,True,False,Aprobado,Aprobado
12.0,87.0,1,1,True,7.0,53.0,0,Yes,2.0,1,1,1.0,False,65,True,False,False,True,True,False,False,False,False,True,False,True,False,Aprobado,Reprobado
16.0,85.0,0,1,False,7.0,93.0,2,Yes,1.0,1,2,3.0,False,68,False,True,False,True,False,True,False,False,False,True,False,False,True,Aprobado,Aprobado
20.0,92.0,1,1,True,5.0,66.0,1,Yes,2.0,1,1,2.0,True,68,False,True,False,True,True,False,False,False,True,False,True,False,False,Aprobado,Aprobado
31.0,62.0,2,1,False,8.0,83.0,1,Yes,0.0,1,2,2.0,True,67,True,False,True,False,True,False,False,False,False,True,False,True,False,Aprobado,Aprobado
17.0,72.0,0,1,True,5.0,96.0,2,Yes,3.0,2,1,3.0,False,65,False,True,False,True,False,True,False,False,True,False,True,False,False,Aprobado,Aprobado
21.0,71.0,1,0,False,8.0,86.0,1,Yes,2.0,1,2,2.0,False,66,False,True,False,True,True,False,False,False,False,True,False,True,False,Aprobado,Aprobado
20.0,66.0,1,1,True,7.0,94.0,0,Yes,0.0,1,0,4.0,False,63,False,True,True,False,False,True,False,False,True,False,False,True,False,Reprobado,Aprobado
27.0,72.0,2,2,True,5.0,53.0,1,Yes,1.0,2,1,5.0,False,70,True,False,False,True,False,False,True,False,False,True,False,True,False,Aprobado,Reprobado
35.0,72.0,2,2,True,5.0,75.0,1,Yes,1.0,0,1,5.0,False,72,False,True,False,True,True,False,False,False,True,False,False,False,True,Aprobado,Aprobado
17.0,81.0,1,2,False,6.0,78.0,1,Yes,2.0,0,1,2.0,False,67,True,False,False,True,False,True,False,False,True,False,False,False,True,Aprobado,Aprobado
17.0,87.0,2,0,True,6.0,84.0,1,Yes,0.0,1,1,3.0,False,67,False,True,False,True,True,False,False,True,False,False,False,False,True,Aprobado,Aprobado
26.0,75.0,0,1,True,9.0,56.0,1,Yes,1.0,0,1,5.0,False,66,False,True,False,True,False,True,False,False,True,False,False,False,True,Aprobado,Reprobado
24.0,89.0,0,1,False,7.0,83.0,1,No,1.0,0,0,3.0,False,66,False,True,False,True,False,True,False,False,True,False,False,True,False,Aprobado,Aprobado
31.0,73.0,2,1,True,8.0,57.0,1,Yes,2.0,0,2,4.0,False,69,False,True,False,True,False,True,False,True,False,False,False,True,False,Aprobado,Reprobado
24.0,72.0,1,0,True,9.0,53.0,1,Yes,0.0,0,2,4.0,True,62,True,False,False,True,False,True,False,False,True,False,False,True,False,Reprobado,Reprobado
18.0,82.0,0,1,False,9.0,73.0,0,Yes,2.0,0,1,4.0,False,66,False,True,True,False,True,False,False,False,False,True,False,False,True,Aprobado,Aprobado
24.0,61.0,1,1,False,7.0,80.0,2,Yes,0.0,0,1,3.0,False,64,False,True,False,True,False,False,True,False,True,False,False,False,True,Reprobado,Aprobado
27.0,63.0,2,1,True,6.0,98.0,1,Yes,1.0,0,2,2.0,False,67,False,True,True,False,False,True,False,False,True,False,False,False,True,Aprobado,Aprobado
25.0,77.0,2,2,False,8.0,85.0,1,Yes,2.0,1,1,1.0,False,71,False,True,False,True,True,False,False,False,False,True,False,False,True,Aprobado,Aprobado
23.0,98.0,2,1,True,6.0,80.0,1,Yes,1.0,1,1,2.0,False,73,False,True,False,True,False,True,False,False,True,False,False,False,True,Aprobado,Aprobado
26.0,89.0,1,0,True,10.0,61.0,0,Yes,0.0,1,2,3.0,False,68,False,True,True,False,False,True,False,False,True,False,False,True,False,Aprobado,Reprobado
27.0,64.0,2,0,True,8.0,58.0,1,Yes,2.0,2,2,1.0,False,66,False,True,False,True,False,False,True,True,False,False,False,True,False,Aprobado,Reprobado
28.0,94.0,1,2,True,7.0,80.0,1,Yes,3.0,0,2,4.0,False,75,False,True,False,True,False,False,True,True,False,False,False,False,True,Aprobado,Aprobado
24.0,89.0,1,2,True,8.0,61.0,1,Yes,1.0,0,2,3.0,False,72,False,True,True,False,False,False,True,False,False,True,False,False,True,Aprobado,Reprobado
19.0,84.0,2,0,True,7.0,85.0,1,Yes,1.0,2,1,3.0,False,68,True,False,False,True,False,True,False,False,False,True,False,True,False,Aprobado,Aprobado
21.0,93.0,1,1,True,6.0,56.0,1,No,1.0,0,1,3.0,False,68,False,True,False,True,False,True,False,False,False,True,False,False,True,Aprobado,Reprobado
27.0,76.0,0,2,True,8.0,67.0,1,Yes,1.0,1,1,4.0,False,69,False,True,False,True,False,True,False,False,False,True,False,False,True,Aprobado,Aprobado
15.0,69.0,1,1,True,7.0,89.0,1,Yes,1.0,0,2,2.0,False,63,False,True,True,False,True,False,False,False,True,False,True,False,False,Reprobado,Aprobado
22.0,80.0,1,2,True,10.0,92.0,1,Yes,0.0,1,2,2.0,False,70,False,True,True,False,False,True,False,False,False,True,False,False,True,Aprobado,Aprobado
18.0,82.0,0,1,True,6.0,67.0,0,Yes,1.0,2,0,3.0,False,66,True,False,False,True,False,False,True,False,True,False,False,False,True,Aprobado,Aprobado
20.0,82.0,0,0,True,8.0,60.0,1,Yes,3.0,1,2,4.0,False,66,False,True,False,True,False,True,False,False,True,False,False,False,True,Aprobado,Reprobado
28.0,83.0,1,2,False,6.0,98.0,1,Yes,1.0,0,2,2.0,False,72,True,False,False,True,False,False,True,False,True,False,False,True,False,Aprobado,Aprobado
21.0,98.0,0,1,False,6.0,88.0,1,Yes,1.0,1,0,3.0,False,71,False,True,False,True,False,False,True,False,False,True,False,True,False,Aprobado,Aprobado
20.0,96.0,2,1,False,4.0,90.0,1,Yes,3.0,0,1,2.0,False,72,True,False,False,True,True,False,False,False,False,True,False,True,False,Aprobado,Aprobado
12.0,95.0,1,1,False,8.0,61.0,2,Yes,4.0,2,2,1.0,False,69,True,False,False,True,True,False,False,False,False,True,False,True,False,Aprobado,Reprobado
24.0,92.0,0,2,True,6.0,71.0,0,Yes,2.0,0,2,2.0,False,71,False,True,False,True,False,True,False,False,False,True,False,False,True,Aprobado,Aprobado
24.0,98.0,1,0,False,9.0,53.0,1,Yes,3.0,2,0,2.0,False,69,True,False,False,True,False,False,True,True,False,False,True,False,False,Aprobado,Reprobado
33.0,64.0,2,1,False,8.0,55.0,1,Yes,1.0,1,2,3.0,False,68,False,True,True,False,True,False,False,False,True,False,False,True,False,Aprobado,Reprobado
18.0,71.0,0,0,True,7.0,61.0,0,Yes,2.0,0,1,4.0,False,61,False,True,False,True,True,False,False,False,False,True,True,False,False,Reprobado,Reprobado
21.0,80.0,1,2,False,5.0,65.0,2,Yes,2.0,1,0,1.0,False,68,True,False,False,True,False,False,True,False,True,False,False,True,False,Aprobado,Aprobado
21.0,94.0,2,1,True,8.0,100.0,0,Yes,0.0,0,1,3.0,False,72,False,True,False,True,False,False,True,False,False,True,False,True,False,Aprobado,Aprobado
29.0,80.0,1,1,True,6.0,71.0,1,Yes,0.0,1,1,3.0,False,70,False,True,True,False,True,False,False,False,True,False,False,False,True,Aprobado,Aprobado
19.0,90.0,2,1,True,5.0,85.0,2,Yes,0.0,1,2,5.0,False,73,True,False,True,False,False,False,True,False,False,True,False,False,True,Aprobado,Aprobado
22.0,66.0,1,2,False,8.0,95.0,0,Yes,3.0,1,1,3.0,False,67,True,False,True,False,False,True,False,False,True,False,False,False,True,Aprobado,Aprobado
24.0,70.0,1,2,False,5.0,62.0,1,Yes,2.0,0,1,4.0,True,65,True,False,False,True,True,False,False,False,False,True,True,False,False,Aprobado,Reprobado
21.0,89.0,1,1,False,4.0,57.0,1,Yes,1.0,2,1,2.0,False,68,True,False,True,False,False,True,False,False,False,True,False,False,True,Aprobado,Reprobado
17.0,67.0,0,2,True,9.0,62.0,2,Yes,3.0,1,1,3.0,False,65,False,True,False,True,False,True,False,False,False,True,False,False,True,Aprobado,Reprobado
21.0,74.0,2,1,False,6.0,94.0,1,Yes,1.0,0,2,1.0,False,97,False,True,False,True,False,True,False,False,False,True,False,False,True,Aprobado,Aprobado
26.0,71.0,2,0,True,4.0,83.0,0,Yes,1.0,1,1,3.0,False,66,False,True,False,True,True,False,False,False,True,False,True,False,False,Aprobado,Aprobado
14.0,74.0,2,2,True,6.0,73.0,2,Yes,2.0,1,1,3.0,False,67,True,False,True,False,False,True,False,False,False,True,False,True,False,Aprobado,Aprobado
21.0,88.0,2,1,False,6.0,91.0,1,Yes,2.0,2,1,1.0,False,70,False,True,True,False,False,True,False,False,True,False,False,True,False,Aprobado,Aprobado
16.0,75.0,2,1,True,9.0,62.0,1,Yes,3.0,0,1,4.0,False,66,False,True,True,False,False,True,False,False,True,False,False,False,True,Aprobado,Reprobado
27.0,82.0,1,2,True,5.0,62.0,0,Yes,1.0,0,2,4.0,False,69,True,False,True,False,False,True,False,False,True,False,False,True,False,Aprobado,Reprobado
11.0,64.0,2,1,True,5.0,78.0,0,Yes,2.0,0,2,4.0,False,62,True,False,False,True,True,False,False,False,True,False,False,True,False,Reprobado,Aprobado
17.0,92.0,1,0,True,8.0,90.0,2,Yes,1.0,2,0,3.0,False,68,False,True,False,True,False,True,False,False,False,True,True,False,False,Aprobado,Aprobado
22.0,75.0,1,2,True,6.0,63.0,0,Yes,1.0,0,1,2.0,False,67,False,True,False,True,True,False,False,False,False,True,False,False,True,Aprobado,Reprobado
29.0,86.0,1,1,True,7.0,61.0,1,Yes,0.0,1,1,4.0,False,68,False,True,True,False,False,True,False,True,False,False,True,False,False,Aprobado,Reprobado
20.0,89.0,2,1,True,6.0,74.0,1,Yes,1.0,0,2,2.0,False,69,True,False,False,True,False,True,False,False,True,False,False,True,False,Aprobado,Aprobado
17.0,68.0,1,1,True,10.0,57.0,1,Yes,1.0,2,1,1.0,True,62,True,False,True,False,False,True,False,False,True,False,False,False,True,Reprobado,Reprobado
31.0,95.0,2,1,True,5.0,87.0,1,Yes,2.0,0,1,3.0,False,75,False,True,False,True,False,False,True,False,True,False,False,True,False,Aprobado,Aprobado
11.0,85.0,1,1,False,7.0,79.0,0,Yes,2.0,2,0,3.0,False,65,False,True,False,True,False,True,False,False,False,True,False,False,True,Aprobado,Aprobado
7.0,77.0,2,1,False,9.0,76.0,1,Yes,2.0,1,2,3.0,False,63,False,True,False,True,True,False,False,False,True,False,True,False,False,Reprobado,Aprobado
23.0,67.0,2,1,False,6.0,94.0,0,Yes,1.0,1,1,2.0,False,66,False,True,False,True,True,False,False,True,False,False,False,False,True,Aprobado,Aprobado
17.0,98.0,0,2,False,6.0,87.0,2,No,3.0,1,1,5.0,False,71,True,False,True,False,True,False,False,False,False,True,False,False,True,Aprobado,Aprobado
14.0,90.0,2,1,True,8.0,57.0,1,Yes,0.0,1,1,3.0,True,66,False,True,False,True,True,False,False,False,True,False,False,False,True,Aprobado,Reprobado
24.0,68.0,1,1,False,9.0,71.0,1,Yes,2.0,1,1,4.0,False,66,False,True,False,True,True,False,False,False,False,True,False,True,False,Aprobado,Aprobado
21.0,74.0,1,2,False,6.0,66.0,0,Yes,1.0,1,2,4.0,False,66,True,False,False,True,False,True,False,False,False,True,True,False,False,Aprobado,Aprobado
17.0,92.0,2,2,True,9.0,90.0,1,Yes,1.0,2,0,3.0,False,71,False,True,False,True,False,True,False,False,True,False,False,False,True,Aprobado,Aprobado
12.0,88.0,1,1,True,7.0,86.0,2,Yes,3.0,1,2,3.0,True,68,False,True,False,True,False,True,False,False,True,False,False,False,True,Aprobado,Aprobado
25.0,91.0,1,1,False,8.0,74.0,2,Yes,1.0,1,2,3.0,False,71,True,False,False,True,True,False,False,False,True,False,False,False,True,Aprobado,Aprobado
24.0,78.0,1,1,True,9.0,91.0,0,Yes,0.0,2,2,3.0,False,68,False,True,True,False,False,False,True,True,False,False,True,False,False,Aprobado,Aprobado
19.0,89.0,0,1,False,8.0,71.0,1,Yes,2.0,0,2,4.0,False,68,False,True,False,True,False,True,False,False,False,True,False,False,True,Aprobado,Aprobado
31.0,75.0,1,1,False,7.0,90.0,0,Yes,2.0,1,2,2.0,True,68,False,True,False,True,False,True,False,False,True,False,False,True,False,Aprobado,Aprobado
14.0,68.0,1,1,True,6.0,52.0,1,Yes,2.0,0,1,2.0,False,62,False,True,False,True,True,False,False,False,False,True,False,False,True,Reprobado,Reprobado
11.0,85.0,2,0,True,10.0,57.0,2,Yes,0.0,1,2,5.0,False,65,False,True,False,True,False,True,False,False,False,True,False,True,False,Aprobado,Reprobado
16.0,99.0,0,2,False,6.0,88.0,2,Yes,2.0,0,0,3.0,False,71,False,True,False,True,False,False,True,False,False,True,False,True,False,Aprobado,Aprobado
20.0,72.0,1,2,True,7.0,56.0,0,Yes,0.0,0,1,6.0,True,63,False,True,False,True,True,False,False,False,True,False,True,False,False,Reprobado,Reprobado
21.0,78.0,2,1,False,8.0,84.0,0,Yes,1.0,2,0,4.0,False,68,False,True,False,True,False,True,False,False,False,True,False,False,True,Aprobado,Aprobado
19.0,87.0,2,0,True,8.0,86.0,0,Yes,1.0,1,2,4.0,False,69,False,True,True,False,False,True,False,False,True,False,False,False,True,Aprobado,Aprobado
22.0,82.0,2,2,False,10.0,83.0,1,Yes,1.0,0,2,2.0,True,69,True,False,False,True,True,False,False,False,True,False,False,True,False,Aprobado,Aprobado
12.0,94.0,1,2,True,7.0,91.0,0,Yes,3.0,1,1,3.0,False,71,True,False,True,False,False,False,True,False,False,True,False,False,True,Aprobado,Aprobado
29.0,90.0,1,2,False,7.0,76.0,1,Yes,0.0,0,1,1.0,False,71,False,True,True,False,False,False,True,False,True,False,False,True,False,Aprobado,Aprobado
20.0,62.0,1,1,True,9.0,95.0,0,Yes,0.0,1,1,3.0,True,62,True,False,False,True,False,True,False,False,False,True,False,True,False,Reprobado,Aprobado
27.0,100.0,0,0,True,7.0,78.0,0,Yes,2.0,1,1,2.0,False,70,False,True,False,True,False,True,False,False,False,True,True,False,False,Aprobado,Aprobado
22.0,90.0,2,2,False,8.0,75.0,2,Yes,1.0,0,0,3.0,False,70,True,False,False,True,True,False,False,False,True,False,False,True,False,Aprobado,Aprobado
23.0,95.0,1,1,True,7.0,75.0,1,Yes,2.0,2,1,2.0,False,73,False,True,False,True,True,False,False,False,False,True,False,False,True,Aprobado,Aprobado
23.0,86.0,1,2,True,8.0,96.0,0,Yes,3.0,1,1,2.0,False,71,True,False,True,False,False,True,False,False,True,False,False,False,True,Aprobado,Aprobado
23.0,94.0,1,0,True,8.0,62.0,1,Yes,2.0,0,1,0.0,False,69,False,True,True,False,False,False,True,False,True,False,False,False,True,Aprobado,Reprobado
24.0,64.0,1,2,True,6.0,85.0,2,Yes,0.0,2,0,3.0,True,66,True,False,False,True,False,False,True,False,False,True,False,True,False,Aprobado,Aprobado
28.0,74.0,1,0,True,4.0,62.0,1,Yes,1.0,0,1,3.0,False,65,True,False,False,True,False,True,False,False,True,False,False,True,False,Aprobado,Reprobado
21.0,95.0,2,1,False,4.0,55.0,1,Yes,2.0,1,2,1.0,False,71,True,False,False,True,True,False,False,False,False,True,False,True,False,Aprobado,Reprobado
24.0,68.0,1,1,True,4.0,98.0,2,Yes,2.0,1,2,2.0,False,68,False,True,False,True,False,True,False,False,False,True,True,False,False,Aprobado,Aprobado
19.0,63.0,1,2,True,7.0,56.0,1,Yes,2.0,0,1,3.0,False,64,True,False,True,False,False,True,False,False,False,True,False,False,True,Reprobado,Reprobado
29.0,92.0,0,0,True,4.0,84.0,1,Yes,2.0,0,1,3.0,False,71,False,True,False,True,False,False,True,False,False,True,True,False,False,Aprobado,Aprobado
16.0,93.0,0,1,False,7.0,71.0,1,Yes,0.0,1,2,2.0,False,67,False,True,False,True,False,True,False,False,False,True,False,False,True,Aprobado,Aprobado
31.0,67.0,1,0,False,7.0,92.0,2,Yes,2.0,1,1,3.0,False,66,False,True,True,False,False,True,False,True,False,False,True,False,False,Aprobado,Aprobado
20.0,94.0,0,2,True,8.0,89.0,1,Yes,1.0,0,1,4.0,False,71,False,True,False,True,False,True,False,False,False,True,False,False,True,Aprobado,Aprobado
11.0,87.0,0,1,False,8.0,57.0,2,Yes,0.0,0,1,2.0,False,62,False,True,False,True,False,True,False,False,True,False,True,False,False,Reprobado,Reprobado
21.0,81.0,2,1,False,8.0,73.0,1,Yes,3.0,0,1,2.0,True,67,False,True,False,True,False,True,False,False,False,True,False,False,True,Aprobado,Aprobado
16.0,93.0,1,0,True,8.0,51.0,1,Yes,3.0,0,1,2.0,False,67,False,True,False,True,True,False,False,False,False,True,False,True,False,Aprobado,Reprobado
25.0,77.0,0,1,True,7.0,71.0,1,Yes,0.0,1,1,3.0,False,66,False,True,True,False,False,True,False,False,False,True,True,False,False,Aprobado,Aprobado
16.0,68.0,0,1,True,7.0,85.0,2,Yes,1.0,0,2,3.0,False,64,True,False,True,False,False,False,True,False,True,False,False,False,True,Reprobado,Aprobado
17.0,71.0,0,1,True,6.0,62.0,1,Yes,2.0,0,1,3.0,True,62,False,True,False,True,True,False,False,False,False,True,False,True,False,Reprobado,Reprobado
9.0,80.0,1,2,False,7.0,91.0,0,Yes,1.0,1,1,3.0,False,65,False,True,True,False,True,False,False,False,False,True,False,True,False,Aprobado,Aprobado
17.0,81.0,1,0,True,5.0,53.0,0,Yes,0.0,1,1,1.0,False,63,False,True,False,True,True,False,False,False,False,True,False,True,False,Reprobado,Reprobado
5.0,92.0,1,1,True,9.0,52.0,1,Yes,2.0,2,1,4.0,True,64,True,False,True,False,True,False,False,False,True,False,False,True,False,Reprobado,Reprobado
10.0,92.0,0,2,True,6.0,51.0,0,Yes,1.0,1,1,3.0,False,65,True,False,True,False,False,True,False,False,False,True,False,True,False,Aprobado,Reprobado
25.0,83.0,1,2,False,7.0,64.0,1,Yes,0.0,0,1,2.0,False,68,False,True,False,True,True,False,False,False,True,False,False,True,False,Aprobado,Reprobado
25.0,91.0,1,2,True,7.0,73.0,1,Yes,2.0,0,1,3.0,False,72,False,True,True,False,False,True,False,False,False,True,False,False,True,Aprobado,Aprobado
23.0,68.0,1,1,True,9.0,55.0,1,Yes,0.0,0,1,3.0,False,64,False,True,False,True,True,False,False,False,True,False,False,False,True,Reprobado,Reprobado
14.0,62.0,2,1,False,4.0,100.0,0,Yes,1.0,0,1,3.0,False,62,False,True,False,True,False,True,False,False,False,True,False,True,False,Reprobado,Aprobado
20.0,95.0,1,0,True,7.0,100.0,0,No,3.0,0,1,2.0,False,69,True,False,True,False,False,True,False,False,False,True,False,True,False,Aprobado,Aprobado
20.0,63.0,0,0,True,8.0,76.0,1,Yes,3.0,1,1,4.0,False,64,False,True,True,False,False,False,True,False,False,True,False,True,False,Reprobado,Aprobado
13.0,70.0,2,1,False,10.0,78.0,1,Yes,1.0,0,1,2.0,False,61,False,True,True,False,False,True,False,True,False,False,True,False,False,Reprobado,Aprobado
29.0,88.0,1,2,False,7.0,96.0,0,Yes,2.0,0,0,2.0,False,72,False,True,True,False,False,True,False,False,False,True,False,False,True,Aprobado,Aprobado
25.0,76.0,1,0,True,6.0,88.0,0,Yes,1.0,1,1,3.0,False,66,True,False,False,True,True,False,False,True,False,False,True,False,False,Aprobado,Aprobado
19.0,95.0,2,0,False,10.0,58.0,0,Yes,2.0,2,1,3.0,False,69,False,True,False,True,False,True,False,False,False,True,False,False,True,Aprobado,Reprobado
20.0,72.0,1,1,False,8.0,90.0,2,No,2.0,0,0,2.0,False,65,True,False,True,False,True,False,False,False,False,True,False,True,False,Aprobado,Aprobado
21.0,60.0,2,1,True,9.0,62.0,1,Yes,2.0,0,1,3.0,False,64,False,True,False,True,False,True,False,False,False,True,False,False,True,Reprobado,Reprobado
8.0,72.0,0,1,True,5.0,72.0,1,Yes,3.0,2,0,4.0,False,62,True,False,True,False,False,True,False,False,False,True,False,False,True,Reprobado,Aprobado
19.0,83.0,1,1,False,8.0,77.0,2,Yes,1.0,0,1,4.0,False,66,False,True,False,True,False,True,False,True,False,False,False,False,True,Aprobado,Aprobado
16.0,75.0,0,0,True,5.0,86.0,1,Yes,0.0,0,1,1.0,False,62,False,True,True,False,True,False,False,False,True,False,False,False,True,Reprobado,Aprobado
14.0,81.0,1,1,True,5.0,58.0,2,Yes,3.0,0,2,4.0,False,66,False,True,False,True,False,False,True,False,True,False,True,False,False,Aprobado,Reprobado
18.0,95.0,1,2,False,8.0,54.0,1,Yes,2.0,2,1,3.0,False,70,False,True,True,False,True,False,False,False,True,False,False,True,False,Aprobado,Reprobado
31.0,96.0,1,1,True,8.0,93.0,0,Yes,3.0,0,1,3.0,False,75,False,True,False,True,False,True,False,False,False,True,False,False,True,Aprobado,Aprobado
24.0,71.0,0,2,True,6.0,91.0,1,Yes,3.0,2,1,2.0,False,67,False,True,True,False,False,True,False,True,False,False,False,True,False,Aprobado,Aprobado
17.0,78.0,0,1,True,9.0,76.0,0,Yes,4.0,1,1,2.0,False,66,False,True,False,True,True,False,False,False,False,True,False,False,True,Aprobado,Aprobado
23.0,82.0,1,2,False,6.0,83.0,1,Yes,2.0,1,1,3.0,False,71,True,False,False,True,False,False,True,False,True,False,False,False,True,Aprobado,Aprobado
28.0,98.0,2,1,True,7.0,86.0,1,Yes,2.0,1,2,2.0,False,75,True,False,True,False,False,True,False,False,False,True,False,True,False,Aprobado,Aprobado
26.0,100.0,2,2,False,7.0,74.0,0,Yes,1.0,1,1,2.0,False,72,False,True,True,False,False,True,False,True,False,False,False,True,False,Aprobado,Aprobado
20.0,69.0,2,1,False,7.0,63.0,0,Yes,2.0,0,1,2.0,False,64,True,False,True,False,False,True,False,False,True,False,True,False,False,Reprobado,Reprobado
16.0,89.0,1,1,True,9.0,74.0,1,No,1.0,0,1,3.0,False,65,False,True,False,True,False,True,False,True,False,False,False,True,False,Aprobado,Aprobado
24.0,75.0,0,1,False,5.0,98.0,2,Yes,1.0,0,1,3.0,False,67,False,True,False,True,False,True,False,False,False,True,False,False,True,Aprobado,Aprobado
22.0,60.0,1,1,False,6.0,92.0,0,Yes,2.0,0,2,2.0,False,63,False,True,False,True,False,True,False,False,False,True,True,False,False,Reprobado,Aprobado
25.0,60.0,1,0,True,5.0,73.0,0,Yes,1.0,1,1,2.0,False,62,False,True,False,True,False,True,False,False,False,True,True,False,False,Reprobado,Aprobado
24.0,78.0,0,2,True,10.0,61.0,2,Yes,2.0,1,1,4.0,False,69,False,True,True,False,True,False,False,False,True,False,False,False,True,Aprobado,Reprobado
26.0,80.0,1,1,True,7.0,94.0,1,Yes,1.0,0,1,2.0,False,70,True,False,False,True,False,False,True,False,True,False,False,False,True,Aprobado,Aprobado
17.0,61.0,0,1,True,6.0,82.0,2,Yes,0.0,1,2,4.0,False,63,False,True,False,True,False,False,True,False,False,True,False,True,False,Reprobado,Aprobado
28.0,87.0,1,1,True,7.0,70.0,1,Yes,2.0,0,1,2.0,False,71,False,True,False,True,False,False,True,False,False,True,False,True,False,Aprobado,Aprobado
21.0,72.0,1,0,True,8.0,56.0,1,Yes,0.0,0,1,4.0,False,63,False,True,False,True,False,True,False,False,False,True,False,True,False,Reprobado,Reprobado
32.0,82.0,0,1,True,8.0,88.0,0,Yes,0.0,2,1,2.0,False,71,False,True,False,True,True,False,False,False,True,False,False,False,True,Aprobado,Aprobado
16.0,72.0,1,1,True,6.0,66.0,0,Yes,0.0,0,1,4.0,False,63,True,False,False,True,True,False,False,False,False,True,False,False,True,Reprobado,Aprobado
30.0,67.0,1,2,True,6.0,80.0,2,Yes,0.0,0,1,4.0,False,68,False,True,False,True,False,True,False,False,True,False,False,True,False,Aprobado,Aprobado
21.0,76.0,1,0,True,5.0,78.0,2,No,0.0,0,2,3.0,False,65,False,True,False,True,False,True,False,False,False,True,False,True,False,Aprobado,Aprobado
16.0,69.0,2,2,True,7.0,85.0,1,Yes,0.0,2,2,3.0,False,66,True,False,True,False,False,True,False,False,False,True,True,False,False,Aprobado,Aprobado
17.0,81.0,0,1,True,9.0,77.0,1,Yes,3.0,0,1,4.0,False,66,False,True,False,True,True,False,False,True,False,False,False,True,False,Aprobado,Aprobado
18.0,68.0,2,2,False,6.0,82.0,0,Yes,0.0,1,2,3.0,False,66,False,True,False,True,False,True,False,False,False,True,False,False,True,Aprobado,Aprobado
23.0,80.0,0,0,True,8.0,54.0,1,Yes,0.0,1,2,2.0,False,65,True,False,True,False,False,True,False,False,False,True,False,False,True,Aprobado,Reprobado
23.0,66.0,1,2,False,6.0,83.0,1,Yes,0.0,2,1,2.0,False,66,False,True,True,False,False,True,False,False,False,True,False,False,True,Aprobado,Aprobado
17.0,87.0,1,1,True,5.0,60.0,1,Yes,4.0,1,1,3.0,True,67,True,False,True,False,False,True,False,False,False,True,False,False,True,Aprobado,Reprobado
20.0,90.0,2,1,False,8.0,70.0,1,Yes,0.0,1,1,3.0,False,68,True,False,True,False,False,True,False,False,True,False,False,True,False,Aprobado,Aprobado
33.0,64.0,1,0,True,10.0,76.0,0,Yes,2.0,2,2,3.0,False,68,True,False,False,True,False,True,False,False,False,True,False,True,False,Aprobado,Aprobado
30.0,79.0,0,1,False,8.0,84.0,1,Yes,3.0,0,1,3.0,False,69,True,False,True,False,True,False,False,False,True,False,True,False,False,Aprobado,Aprobado
23.0,63.0,1,0,True,6.0,87.0,0,Yes,1.0,1,1,2.0,False,64,False,True,False,True,False,False,True,False,False,True,False,True,False,Reprobado,Aprobado
20.0,84.0,1,1,False,6.0,85.0,1,Yes,0.0,1,1,3.0,False,67,True,False,False,True,False,True,False,False,True,False,False,False,True,Aprobado,Aprobado
21.0,71.0,1,1,True,10.0,55.0,0,Yes,1.0,1,1,4.0,False,63,False,True,True,False,False,True,False,False,True,False,True,False,False,Reprobado,Reprobado
24.0,81.0,0,2,True,7.0,69.0,1,Yes,3.0,0,1,3.0,False,67,False,True,False,True,True,False,False,False,False,True,True,False,False,Aprobado,Aprobado
14.0,81.0,1,2,True,6.0,64.0,0,No,2.0,2,2,2.0,False,64,False,True,True,False,False,True,False,True,False,False,False,True,False,Reprobado,Reprobado
18.0,97.0,0,1,False,7.0,70.0,0,Yes,0.0,2,1,2.0,True,66,False,True,True,False,False,True,False,False,False,True,False,True,False,Aprobado,Aprobado
10.0,82.0,2,1,False,7.0,82.0,0,Yes,2.0,0,2,4.0,False,65,True,False,False,True,False,True,False,False,False,True,False,True,False,Aprobado,Aprobado
22.0,83.0,1,1,True,8.0,60.0,0,No,4.0,1,1,2.0,False,68,False,True,True,False,False,False,True,False,True,False,False,True,False,Aprobado,Reprobado
24.0,76.0,0,2,False,9.0,75.0,0,Yes,0.0,0,1,5.0,False,66,True,False,False,True,False,True,False,False,False,True,False,False,True,Aprobado,Aprobado
17.0,98.0,2,2,False,9.0,94.0,0,Yes,0.0,2,0,3.0,False,71,False,True,False,True,True,False,False,False,False,True,True,False,False,Aprobado,Aprobado
29.0,91.0,1,2,True,7.0,87.0,1,No,2.0,1,2,4.0,False,74,True,False,True,False,True,False,False,False,False,True,True,False,False,Aprobado,Aprobado
13.0,71.0,1,2,False,7.0,86.0,0,Yes,2.0,0,1,3.0,False,65,False,True,False,True,False,False,True,False,False,True,False,False,True,Aprobado,Aprobado
11.0,94.0,0,2,True,8.0,92.0,2,Yes,0.0,1,1,4.0,False,68,False,True,True,False,False,True,False,False,False,True,False,True,False,Aprobado,Aprobado
21.0,77.0,1,2,True,6.0,70.0,0,No,2.0,2,1,2.0,False,68,True,False,False,True,True,False,False,False,False,True,False,False,True,Aprobado,Aprobado
26.0,93.0,1,1,False,8.0,88.0,1,Yes,1.0,1,2,4.0,True,72,False,True,False,True,True,False,False,False,False,True,False,True,False,Aprobado,Aprobado
30.0,93.0,2,2,True,7.0,53.0,1,Yes,3.0,0,1,2.0,False,74,True,False,True,False,False,False,True,False,True,False,True,False,False,Aprobado,Reprobado
17.0,68.0,0,2,False,8.0,53.0,1,Yes,0.0,0,1,2.0,False,61,False,True,False,True,True,False,False,False,False,True,False,True,False,Reprobado,Reprobado
26.0,88.0,0,0,False,10.0,67.0,0,Yes,0.0,0,0,3.0,False,65,True,False,False,True,False,True,False,True,False,False,False,False,True,Aprobado,Aprobado
20.0,72.0,2,0,False,8.0,60.0,0,Yes,0.0,0,1,5.0,False,63,False,True,False,True,False,True,False,False,False,True,False,True,False,Reprobado,Reprobado
19.0,72.0,2,1,True,7.0,76.0,1,Yes,1.0,1,2,2.0,False,66,False,True,True,False,False,True,False,False,True,False,False,False,True,Aprobado,Aprobado
25.0,72.0,0,2,True,6.0,59.0,1,Yes,2.0,0,1,3.0,False,66,False,True,False,True,False,True,False,False,False,True,True,False,False,Aprobado,Reprobado
24.0,89.0,2,1,True,7.0,99.0,1,Yes,2.0,0,2,4.0,False,73,True,False,True,False,False,True,False,False,False,True,False,True,False,Aprobado,Aprobado
11.0,69.0,1,1,False,5.0,93.0,1,Yes,0.0,1,2,4.0,False,63,False,True,False,True,True,False,False,False,False,True,True,False,False,Reprobado,Aprobado
29.0,60.0,2,2,True,8.0,99.0,1,Yes,0.0,1,1,4.0,True,68,False,True,True,False,False,True,False,False,False,True,False,False,True,Aprobado,Aprobado
28.0,89.0,2,0,True,4.0,90.0,2,Yes,3.0,0,2,2.0,True,73,False,True,True,False,False,False,True,False,True,False,False,False,True,Aprobado,Aprobado
16.0,67.0,0,2,True,8.0,98.0,1,Yes,0.0,2,0,3.0,False,63,True,False,False,True,False,True,False,False,True,False,True,False,False,Reprobado,Aprobado
22.0,64.0,1,2,True,8.0,68.0,1,Yes,2.0,1,1,4.0,False,65,False,True,False,True,False,True,False,False,False,True,True,False,False,Aprobado,Aprobado
23.0,70.0,0,2,True,7.0,75.0,2,Yes,0.0,0,1,4.0,False,66,False,True,True,False,False,True,False,False,False,True,False,False,True,Aprobado,Aprobado
22.0,75.0,0,0,True,6.0,62.0,1,Yes,0.0,2,2,3.0,False,65,False,True,True,False,False,False,True,False,False,True,True,False,False,Aprobado,Reprobado
17.0,79.0,0,2,True,7.0,82.0,1,Yes,0.0,1,2,2.0,False,66,False,True,False,True,True,False,False,False,False,True,True,False,False,Aprobado,Aprobado
16.0,62.0,2,1,False,4.0,89.0,2,Yes,3.0,0,1,3.0,False,65,False,True,True,False,True,False,False,False,False,True,False,True,False,Aprobado,Aprobado
20.0,99.0,1,1,False,8.0,75.0,1,Yes,2.0,0,2,2.0,False,70,True,False,True,False,False,False,True,True,False,False,True,False,False,Aprobado,Aprobado
27.0,89.0,1,1,False,7.0,65.0,1,Yes,1.0,1,1,3.0,False,70,False,True,True,False,False,True,False,False,False,True,False,True,False,Aprobado,Aprobado
23.0,73.0,2,1,True,9.0,75.0,1,Yes,0.0,2,2,3.0,False,68,True,False,True,False,False,True,False,False,True,False,False,False,True,Aprobado,Aprobado
18.0,73.0,1,2,False,8.0,53.0,1,No,1.0,0,2,3.0,False,64,False,True,False,True,False,False,True,False,True,False,False,True,False,Reprobado,Reprobado
25.0,78.0,1,1,False,7.0,86.0,1,Yes,1.0,1,1,3.0,False,68,False,True,True,False,False,False,True,False,True,False,True,False,False,Aprobado,Aprobado
3.0,85.0,0,2,False,8.0,73.0,0,Yes,2.0,0,1,3.0,False,62,True,False,False,True,False,True,False,False,False,True,False,True,False,Reprobado,Aprobado
27.0,66.0,1,1,True,6.0,95.0,1,Yes,1.0,1,1,3.0,False,68,False,True,False,True,True,False,False,False,True,False,False,False,True,Aprobado,Aprobado
10.0,68.0,0,1,False,6.0,96.0,0,Yes,1.0,2,1,3.0,False,61,False,True,False,True,True,False,False,False,True,False,False,True,False,Reprobado,Aprobado
18.0,94.0,2,1,True,7.0,56.0,0,No,1.0,0,1,3.0,False,69,False,True,False,True,False,False,True,False,False,True,False,False,True,Aprobado,Reprobado
13.0,70.0,1,1,True,7.0,100.0,1,Yes,3.0,0,1,3.0,False,65,False,True,False,True,False,True,False,False,False,True,False,True,False,Aprobado,Aprobado
12.0,75.0,1,2,True,6.0,98.0,1,Yes,2.0,0,1,2.0,False,65,False,True,False,True,True,False,False,True,False,False,False,True,False,Aprobado,Aprobado
27.0,95.0,1,2,False,7.0,81.0,0,Yes,3.0,0,1,2.0,False,72,False,True,False,True,False,True,False,False,True,False,False,True,False,Aprobado,Aprobado
17.0,87.0,1,1,True,7.0,91.0,2,Yes,3.0,0,2,3.0,True,70,False,True,True,False,True,False,False,False,False,True,False,False,True,Aprobado,Aprobado
22.0,74.0,1,2,True,10.0,51.0,1,No,1.0,1,1,4.0,False,65,True,False,False,True,False,True,False,False,False,True,True,False,False,Aprobado,Reprobado
20.0,87.0,1,1,False,7.0,99.0,1,Yes,3.0,0,1,3.0,False,69,False,True,False,True,False,True,False,False,False,True,True,False,False,Aprobado,Aprobado
23.0,61.0,2,0,True,6.0,73.0,1,Yes,1.0,1,1,3.0,False,65,False,True,False,True,True,False,False,False,False,True,False,False,True,Aprobado,Aprobado
20.0,89.0,0,1,True,7.0,95.0,0,Yes,3.0,0,1,2.0,False,69,True,False,False,True,False,True,False,False,False,True,False,True,False,Aprobado,Aprobado
12.0,79.0,0,1,True,9.0,69.0,1,Yes,2.0,0,2,3.0,False,65,False,True,False,True,False,False,True,False,False,True,False,True,False,Aprobado,Aprobado
26.0,93.0,1,2,True,9.0,89.0,1,Yes,0.0,0,1,3.0,False,72,False,True,False,True,True,False,False,False,True,False,False,True,False,Aprobado,Aprobado
17.0,98.0,2,0,True,10.0,71.0,1,Yes,0.0,0,2,3.0,False,70,True,False,True,False,False,False,True,False,True,False,False,False,True,Aprobado,Aprobado
11.0,97.0,1,1,True,7.0,68.0,0,Yes,0.0,0,1,2.0,False,64,True,False,True,False,False,True,False,False,True,False,True,False,False,Reprobado,Aprobado
17.0,96.0,1,0,False,8.0,97.0,0,Yes,0.0,1,1,3.0,False,67,False,True,True,False,False,True,False,False,False,True,True,False,False,Aprobado,Aprobado
29.0,80.0,1,0,False,5.0,85.0,2,Yes,0.0,2,2,2.0,False,69,False,True,False,True,False,True,False,False,True,False,False,True,False,Aprobado,Aprobado
25.0,74.0,0,1,True,6.0,92.0,0,Yes,4.0,1,1,3.0,False,70,True,False,False,True,False,False,True,False,False,True,False,False,True,Aprobado,Aprobado
18.0,79.0,1,1,True,5.0,77.0,0,Yes,1.0,0,2,3.0,False,65,False,True,False,True,False,True,False,False,False,True,False,True,False,Aprobado,Aprobado
18.0,88.0,2,2,True,8.0,96.0,0,Yes,1.0,0,1,3.0,False,69,False,True,True,False,False,True,False,True,False,False,False,False,True,Aprobado,Aprobado
18.0,95.0,2,1,True,7.0,87.0,2,Yes,5.0,1,1,2.0,False,74,False,True,False,True,True,False,False,False,False,True,False,True,False,Aprobado,Aprobado
32.0,68.0,0,1,True,7.0,54.0,1,Yes,1.0,0,1,1.0,False,66,True,False,False,True,False,False,True,False,False,True,False,True,False,Aprobado,Reprobado
22.0,97.0,1,1,True,6.0,88.0,2,Yes,1.0,0,0,4.0,False,72,True,False,False,True,True,False,False,False,False,True,False,False,True,Aprobado,Aprobado
23.0,93.0,1,0,True,8.0,51.0,2,No,0.0,0,2,1.0,False,67,True,False,False,True,False,True,False,False,False,True,False,False,True,Aprobado,Reprobado
26.0,99.0,0,2,True,4.0,91.0,2,Yes,2.0,2,0,4.0,False,75,False,True,True,False,False,False,True,False,True,False,False,True,False,Aprobado,Aprobado
21.0,95.0,1,0,True,7.0,67.0,1,Yes,3.0,1,1,2.0,False,70,False,True,True,False,True,False,False,True,False,False,False,False,True,Aprobado,Aprobado
18.0,71.0,0,0,False,7.0,80.0,1,Yes,1.0,1,0,4.0,False,63,False,True,True,False,False,False,True,False,True,False,False,True,False,Reprobado,Aprobado
19.0,64.0,1,1,False,4.0,87.0,2,Yes,2.0,1,1,4.0,False,65,True,False,False,True,False,True,False,False,True,False,False,False,True,Aprobado,Aprobado
20.0,64.0,1,2,False,8.0,82.0,1,Yes,3.0,1,0,3.0,False,64,False,True,True,False,False,True,False,False,True,False,True,False,False,Reprobado,Aprobado
20.0,72.0,1,2,False,7.0,84.0,0,Yes,2.0,1,2,2.0,False,65,False,True,True,False,False,True,False,False,True,False,True,False,False,Aprobado,Aprobado
24.0,85.0,1,1,True,8.0,95.0,1,Yes,2.0,1,1,4.0,False,70,False,True,True,False,False,True,False,False,False,True,True,False,False,Aprobado,Aprobado
20.0,92.0,1,0,False,10.0,69.0,1,Yes,0.0,0,1,2.0,False,67,False,True,False,True,False,False,True,True,False,False,False,False,True,Aprobado,Aprobado
24.0,96.0,1,1,True,7.0,77.0,0,No,0.0,0,1,2.0,True,67,False,True,True,False,False,True,False,False,False,True,True,False,False,Aprobado,Aprobado
20.0,85.0,1,2,False,8.0,59.0,1,Yes,1.0,1,1,3.0,False,68,False,True,True,False,False,False,True,True,False,False,False,False,True,Aprobado,Reprobado
20.0,60.0,1,1,False,9.0,73.0,2,Yes,4.0,1,1,4.0,False,65,False,True,False,True,True,False,False,False,False,True,True,False,False,Aprobado,Aprobado
8.0,67.0,2,1,True,8.0,58.0,0,Yes,2.0,1,1,1.0,False,61,False,True,True,False,False,False,True,False,True,False,False,False,True,Reprobado,Reprobado
25.0,64.0,1,0,True,6.0,82.0,0,Yes,2.0,0,1,3.0,False,63,False,True,True,False,False,True,False,False,True,False,True,False,False,Reprobado,Aprobado
22.0,75.0,1,0,True,5.0,66.0,0,Yes,2.0,0,1,2.0,False,80,False,True,False,True,False,True,False,True,False,False,False,False,True,Aprobado,Aprobado
26.0,80.0,1,1,True,8.0,93.0,1,Yes,2.0,0,0,1.0,False,69,False,True,False,True,False,False,True,False,True,False,False,True,False,Aprobado,Aprobado
3.0,62.0,1,0,False,6.0,67.0,1,Yes,1.0,0,1,3.0,False,55,False,True,False,True,False,True,False,False,False,True,True,False,False,Reprobado,Aprobado
33.0,74.0,1,1,False,9.0,64.0,1,Yes,2.0,1,1,4.0,False,70,True,False,True,False,False,False,True,False,False,True,False,True,False,Aprobado,Reprobado
19.0,67.0,1,1,True,6.0,75.0,2,Yes,1.0,0,1,3.0,False,65,False,True,True,False,True,False,False,False,False,True,False,True,False,Aprobado,Aprobado
27.0,86.0,0,1,True,7.0,59.0,0,Yes,1.0,1,1,3.0,False,68,False,True,False,True,False,True,False,False,False,True,False,True,False,Aprobado,Reprobado
14.0,79.0,1,0,True,5.0,60.0,1,Yes,3.0,0,1,5.0,False,64,False,True,False,True,False,True,False,False,False,True,True,False,False,Reprobado,Reprobado
24.0,80.0,1,1,False,6.0,89.0,1,Yes,1.0,0,2,3.0,False,69,False,True,False,True,True,False,False,False,False,True,False,True,False,Aprobado,Aprobado
14.0,77.0,0,2,False,6.0,75.0,1,Yes,1.0,1,2,4.0,True,89,False,True,True,False,False,True,False,False,False,True,False,True,False,Aprobado,Aprobado
16.0,98.0,1,0,True,6.0,60.0,1,Yes,1.0,1,1,3.0,False,67,True,False,False,True,False,True,False,True,False,False,False,False,True,Aprobado,Reprobado
31.0,69.0,1,1,False,7.0,52.0,1,No,2.0,2,0,5.0,False,92,False,True,False,True,True,False,False,True,False,False,False,True,False,Aprobado,Reprobado
19.0,81.0,2,2,False,6.0,73.0,0,No,1.0,0,2,3.0,False,67,True,False,True,False,False,True,False,False,False,True,False,False,True,Aprobado,Aprobado
21.0,89.0,0,1,True,10.0,87.0,0,Yes,3.0,1,1,3.0,False,70,False,True,False,True,True,False,False,False,False,True,False,False,True,Aprobado,Aprobado
25.0,82.0,2,0,False,8.0,68.0,1,Yes,1.0,0,2,3.0,False,68,False,True,False,True,True,False,False,False,False,True,False,True,False,Aprobado,Aprobado
23.0,97.0,1,0,True,9.0,62.0,1,Yes,0.0,0,1,2.0,False,70,True,False,False,True,False,False,True,False,False,True,False,False,True,Aprobado,Reprobado
21.0,75.0,1,1,True,7.0,70.0,0,Yes,3.0,1,1,4.0,True,67,False,True,False,True,False,False,True,False,False,True,False,False,True,Aprobado,Aprobado
22.0,79.0,1,1,True,7.0,98.0,2,Yes,0.0,2,1,3.0,False,69,False,True,False,True,False,True,False,False,False,True,False,True,False,Aprobado,Aprobado
34.0,64.0,1,1,False,6.0,71.0,2,Yes,0.0,0,2,4.0,False,67,True,False,True,False,False,True,False,False,False,True,True,False,False,Aprobado,Aprobado
20.0,84.0,2,2,True,10.0,63.0,1,Yes,0.0,0,1,4.0,False,69,True,False,True,False,False,True,False,False,False,True,False,False,True,Aprobado,Reprobado
21.0,72.0,1,2,False,7.0,78.0,0,No,0.0,2,1,1.0,True,63,False,True,True,False,False,True,False,False,False,True,False,True,False,Reprobado,Aprobado
26.0,66.0,1,1,False,6.0,91.0,1,Yes,3.0,1,1,3.0,False,69,False,True,True,False,True,False,False,False,False,True,False,False,True,Aprobado,Aprobado
27.0,82.0,1,2,False,6.0,51.0,0,Yes,1.0,0,1,3.0,False,66,False,True,False,True,False,True,False,False,True,False,True,False,False,Aprobado,Reprobado
27.0,81.0,1,1,False,8.0,78.0,1,Yes,0.0,1,1,3.0,False,68,False,True,False,True,False,True,False,False,True,False,False,False,True,Aprobado,Aprobado
24.0,63.0,1,1,True,9.0,92.0,1,Yes,4.0,1,1,4.0,False,69,True,False,False,True,False,False,True,False,False,True,False,False,True,Aprobado,Aprobado
13.0,88.0,2,0,True,9.0,61.0,0,Yes,4.0,1,1,3.0,False,66,True,False,True,False,False,True,False,False,False,True,True,False,False,Aprobado,Reprobado
30.0,85.0,1,1,True,6.0,96.0,0,Yes,1.0,1,1,4.0,False,72,True,False,True,False,False,True,False,False,False,True,False,True,False,Aprobado,Aprobado
13.0,68.0,0,1,True,6.0,79.0,1,Yes,1.0,2,1,3.0,False,62,True,False,False,True,True,False,False,False,False,True,True,False,False,Reprobado,Aprobado
22.0,79.0,1,1,False,9.0,76.0,1,Yes,1.0,0,1,2.0,False,67,True,False,False,True,False,True,False,False,False,True,False,False,True,Aprobado,Aprobado
15.0,89.0,2,0,False,10.0,98.0,0,Yes,0.0,0,1,2.0,False,67,True,False,False,True,True,False,False,False,False,True,False,False,True,Aprobado,Aprobado
20.0,81.0,2,2,True,7.0,56.0,0,No,1.0,1,1,3.0,False,67,True,False,False,True,False,True,False,False,False,True,False,False,True,Aprobado,Reprobado
22.0,76.0,1,0,False,9.0,87.0,0,Yes,2.0,0,2,3.0,True,65,False,True,True,False,True,False,False,False,False,True,False,True,False,Aprobado,Aprobado
22.0,73.0,2,0,False,5.0,91.0,1,Yes,1.0,1,1,3.0,False,67,False,True,False,True,False,False,True,False,True,False,False,False,True,Aprobado,Aprobado
23.0,84.0,0,0,False,6.0,74.0,1,No,3.0,0,1,1.0,False,66,False,True,True,False,False,True,False,False,False,True,False,False,True,Aprobado,Aprobado
30.0,98.0,0,0,True,5.0,50.0,2,Yes,0.0,0,2,2.0,False,70,False,True,False,True,True,False,False,False,False,True,True,False,False,Aprobado,Reprobado
23.0,87.0,0,2,False,8.0,76.0,1,Yes,2.0,2,1,5.0,True,71,False,True,True,False,False,False,True,False,False,True,False,False,True,Aprobado,Aprobado
19.0,63.0,0,2,True,7.0,58.0,1,Yes,2.0,0,2,3.0,False,64,True,False,True,False,False,False,True,False,False,True,False,True,False,Reprobado,Reprobado
26.0,78.0,0,2,True,7.0,78.0,0,Yes,4.0,1,1,4.0,False,69,True,False,True,False,False,True,False,False,True,False,False,True,False,Aprobado,Aprobado
27.0,96.0,1,2,True,9.0,87.0,0,No,0.0,1,2,2.0,False,72,False,True,False,True,True,False,False,False,True,False,False,False,True,Aprobado,Aprobado
13.0,64.0,1,0,True,6.0,77.0,1,Yes,0.0,0,2,4.0,False,60,False,True,False,True,False,True,False,False,False,True,False,True,False,Reprobado,Aprobado
24.0,100.0,1,0,True,7.0,82.0,0,Yes,1.0,1,2,3.0,False,71,True,False,False,True,False,True,False,False,True,False,False,False,True,Aprobado,Aprobado
24.0,98.0,1,1,True,5.0,55.0,2,Yes,0.0,1,1,3.0,False,71,False,True,False,True,False,True,False,False,True,False,False,False,True,Aprobado,Reprobado
18.0,63.0,2,2,False,9.0,55.0,1,Yes,2.0,2,2,2.0,False,66,True,False,True,False,False,False,True,False,False,True,False,False,True,Aprobado,Reprobado
28.0,97.0,1,1,False,9.0,93.0,0,Yes,3.0,1,2,3.0,False,74,False,True,True,False,False,True,False,False,False,True,False,True,False,Aprobado,Aprobado
19.0,75.0,1,1,False,8.0,52.0,2,Yes,0.0,0,1,4.0,False,64,False,True,False,True,False,False,True,False,True,False,True,False,False,Reprobado,Reprobado
21.0,94.0,1,0,True,7.0,64.0,0,Yes,2.0,1,1,2.0,False,68,True,False,False,True,False,True,False,False,False,True,False,True,False,Aprobado,Reprobado
19.0,77.0,2,0,False,6.0,97.0,0,Yes,4.0,0,1,2.0,False,66,False,True,False,True,False,True,False,False,False,True,True,False,False,Aprobado,Aprobado
20.0,78.0,1,1,False,5.0,73.0,0,Yes,1.0,0,1,3.0,False,65,False,True,True,False,True,False,False,False,False,True,True,False,False,Aprobado,Aprobado
13.0,85.0,0,2,True,7.0,84.0,1,No,0.0,0,1,5.0,False,64,False,True,True,False,False,True,False,False,True,False,False,True,False,Reprobado,Aprobado
11.0,91.0,1,0,False,8.0,61.0,1,Yes,1.0,2,1,3.0,False,65,True,False,False,True,False,False,True,True,False,False,False,False,True,Aprobado,Reprobado
30.0,61.0,2,2,False,10.0,64.0,0,Yes,4.0,1,1,2.0,False,69,False,True,False,True,False,False,True,False,True,False,False,False,True,Aprobado,Reprobado
15.0,84.0,1,2,True,6.0,75.0,1,Yes,2.0,1,1,4.0,True,68,True,False,True,False,False,False,True,False,False,True,False,False,True,Aprobado,Aprobado
14.0,67.0,1,2,False,7.0,82.0,0,Yes,1.0,1,1,3.0,False,62,False,True,True,False,False,True,False,True,False,False,False,True,False,Reprobado,Aprobado
7.0,74.0,0,2,False,9.0,98.0,2,Yes,3.0,2,0,2.0,False,63,False,True,False,True,False,True,False,False,True,False,False,True,False,Reprobado,Aprobado
16.0,74.0,2,0,False,9.0,79.0,2,Yes,0.0,2,1,4.0,False,65,False,True,True,False,False,False,True,False,True,False,False,True,False,Aprobado,Aprobado
12.0,79.0,0,2,False,6.0,55.0,1,Yes,1.0,0,2,4.0,False,62,True,False,True,False,True,False,False,True,False,False,False,True,False,Reprobado,Reprobado
30.0,73.0,0,1,False,7.0,68.0,1,Yes,0.0,0,2,2.0,False,67,False,True,False,True,False,False,True,False,False,True,False,False,True,Aprobado,Aprobado
26.0,64.0,0,2,False,6.0,62.0,0,Yes,1.0,0,1,5.0,False,64,True,False,False,True,False,True,False,False,True,False,False,False,True,Reprobado,Reprobado
16.0,66.0,1,0,False,6.0,63.0,0,Yes,2.0,1,2,3.0,False,61,False,True,False,True,True,False,False,False,True,False,False,True,False,Reprobado,Reprobado
34.0,61.0,0,1,False,9.0,75.0,1,Yes,1.0,0,1,2.0,False,65,False,True,False,True,True,False,False,True,False,False,False,True,False,Aprobado,Aprobado
26.0,79.0,2,0,False,7.0,66.0,1,Yes,1.0,2,1,5.0,True,67,False,True,False,True,False,True,False,False,True,False,False,False,True,Aprobado,Aprobado
18.0,98.0,2,0,False,7.0,64.0,1,Yes,0.0,1,1,4.0,False,70,False,True,False,True,False,False,True,False,True,False,False,False,True,Aprobado,Reprobado
5.0,65.0,1,2,True,7.0,98.0,0,Yes,1.0,0,0,3.0,False,59,True,False,False,True,False,True,False,True,False,False,False,False,True,Reprobado,Aprobado
34.0,98.0,1,2,False,7.0,79.0,1,Yes,1.0,0,1,4.0,False,75,True,False,False,True,True,False,False,False,False,True,False,True,False,Aprobado,Aprobado
12.0,89.0,0,1,True,7.0,63.0,1,Yes,4.0,0,2,2.0,False,67,False,True,False,True,True,False,False,False,False,True,False,True,False,Aprobado,Reprobado
10.0,85.0,1,1,True,6.0,64.0,0,Yes,1.0,1,1,3.0,False,64,False,True,False,True,True,False,False,False,False,True,True,False,False,Reprobado,Reprobado
26.0,86.0,1,2,True,9.0,91.0,1,Yes,3.0,2,1,3.0,True,72,False,True,True,False,False,True,False,False,False,True,False,True,False,Aprobado,Aprobado
35.0,93.0,1,1,True,6.0,94.0,1,Yes,5.0,1,1,2.0,True,76,False,True,True,False,True,False,False,False,False,True,False,True,False,Aprobado,Aprobado
28.0,64.0,1,2,True,6.0,84.0,0,Yes,2.0,1,1,2.0,False,69,True,False,False,True,False,False,True,False,False,True,False,False,True,Aprobado,Aprobado
23.0,80.0,0,1,False,7.0,72.0,0,Yes,0.0,0,2,5.0,False,65,False,True,False,True,False,True,False,False,False,True,True,False,False,Aprobado,Aprobado
24.0,88.0,2,1,False,10.0,88.0,0,Yes,2.0,2,2,1.0,False,72,False,True,True,False,False,False,True,True,False,False,False,False,True,Aprobado,Aprobado
25.0,83.0,1,2,True,6.0,97.0,0,Yes,0.0,0,0,4.0,False,69,False,True,False,True,False,True,False,False,False,True,False,True,False,Aprobado,Aprobado
25.0,93.0,2,1,False,8.0,58.0,1,Yes,0.0,2,1,4.0,False,71,True,False,True,False,False,True,False,False,True,False,False,False,True,Aprobado,Reprobado
22.0,63.0,2,1,False,7.0,93.0,2,Yes,0.0,1,1,2.0,False,64,True,False,False,True,False,True,False,True,False,False,False,True,False,Reprobado,Aprobado
21.0,88.0,2,2,True,7.0,92.0,2,Yes,2.0,1,1,3.0,False,74,False,True,True,False,False,False,True,False,False,True,False,False,True,Aprobado,Aprobado
20.0,81.0,1,2,True,8.0,68.0,1,Yes,0.0,1,1,3.0,False,68,False,True,False,True,True,False,False,False,False,True,False,True,False,Aprobado,Aprobado
15.0,75.0,1,2,True,4.0,65.0,2,Yes,1.0,0,0,4.0,False,66,True,False,True,False,False,False,True,False,True,False,False,False,True,Aprobado,Aprobado
18.0,74.0,1,1,False,6.0,78.0,2,Yes,0.0,2,1,2.0,False,65,False,True,True,False,False,True,False,False,True,False,False,False,True,Aprobado,Aprobado
10.0,85.0,2,1,True,8.0,64.0,0,Yes,2.0,2,1,3.0,False,67,False,True,True,False,False,False,True,False,False,True,False,True,False,Aprobado,Reprobado
19.0,96.0,1,1,False,7.0,57.0,2,Yes,0.0,0,1,3.0,False,69,False,True,True,False,False,True,False,False,False,True,False,False,True,Aprobado,Reprobado
14.0,80.0,2,0,True,7.0,98.0,2,Yes,2.0,0,2,2.0,False,66,True,False,False,True,False,True,False,False,False,True,True,False,False,Aprobado,Aprobado
13.0,93.0,1,2,True,8.0,75.0,1,Yes,1.0,1,1,2.0,False,69,True,False,False,True,False,True,False,False,False,True,False,False,True,Aprobado,Aprobado
21.0,76.0,1,1,True,6.0,74.0,1,Yes,2.0,1,1,3.0,False,67,True,False,False,True,False,True,False,False,False,True,False,True,False,Aprobado,Aprobado
28.0,64.0,1,1,True,9.0,56.0,1,Yes,1.0,0,0,2.0,False,64,False,True,False,True,True,False,False,False,False,True,True,False,False,Reprobado,Reprobado
26.0,62.0,2,2,False,8.0,75.0,1,Yes,2.0,1,1,2.0,False,67,False,True,False,True,True,False,False,False,True,False,False,True,False,Aprobado,Aprobado
11.0,62.0,0,2,True,7.0,87.0,2,No,3.0,0,2,3.0,False,61,False,True,True,False,False,True,False,True,False,False,False,False,True,Reprobado,Aprobado
14.0,75.0,1,0,True,8.0,62.0,0,Yes,0.0,2,1,2.0,False,61,False,True,True,False,False,True,False,False,True,False,True,False,False,Reprobado,Reprobado
26.0,73.0,1,1,True,9.0,68.0,2,Yes,4.0,1,1,2.0,False,68,False,True,False,True,False,True,False,True,False,False,False,True,False,Aprobado,Aprobado
14.0,89.0,0,2,False,6.0,59.0,0,Yes,2.0,0,2,5.0,False,66,False,True,False,True,False,False,True,False,True,False,False,True,False,Aprobado,Reprobado
19.0,90.0,1,1,False,8.0,68.0,0,Yes,0.0,2,1,4.0,False,66,False,True,False,True,False,True,False,False,True,False,True,False,False,Aprobado,Aprobado
23.0,62.0,1,2,False,10.0,93.0,2,Yes,2.0,0,1,4.0,False,68,False,True,True,False,True,False,False,False,False,True,False,False,True,Aprobado,Aprobado
14.0,69.0,0,2,False,8.0,62.0,2,Yes,1.0,1,2,2.0,False,63,True,False,False,True,False,True,False,False,False,True,False,True,False,Reprobado,Reprobado
21.0,71.0,1,1,True,7.0,51.0,1,Yes,3.0,1,2,3.0,False,66,True,False,True,False,False,False,True,False,True,False,False,True,False,Aprobado,Reprobado
12.0,82.0,2,1,True,10.0,77.0,2,Yes,0.0,1,1,4.0,False,66,False,True,True,False,True,False,False,True,False,False,False,True,False,Aprobado,Aprobado
16.0,66.0,2,1,True,7.0,79.0,2,Yes,0.0,2,2,3.0,False,66,True,False,True,False,True,False,False,False,False,True,False,True,False,Aprobado,Aprobado
22.0,65.0,1,1,True,9.0,66.0,2,Yes,2.0,1,1,4.0,False,65,False,True,False,True,False,True,False,False,False,True,True,False,False,Aprobado,Aprobado
10.0,98.0,1,1,True,6.0,82.0,1,Yes,2.0,2,1,2.0,False,69,False,True,False,True,True,False,False,False,True,False,False,False,True,Aprobado,Aprobado
23.0,92.0,1,2,False,9.0,52.0,2,Yes,1.0,2,1,2.0,False,71,True,False,True,False,False,True,False,False,False,True,False,False,True,Aprobado,Reprobado
20.0,67.0,2,2,False,6.0,67.0,2,Yes,1.0,1,2,2.0,True,66,False,True,True,False,True,False,False,False,False,True,False,False,True,Aprobado,Aprobado
23.0,76.0,1,1,True,7.0,57.0,2,Yes,1.0,1,1,3.0,False,66,False,True,True,False,False,True,False,False,True,False,True,False,False,Aprobado,Reprobado
21.0,74.0,1,2,True,6.0,61.0,0,No,0.0,0,1,4.0,False,65,True,False,False,True,False,True,False,False,False,True,False,False,True,Aprobado,Reprobado
28.0,92.0,0,1,False,10.0,69.0,1,Yes,4.0,0,1,4.0,False,71,False,True,True,False,False,True,False,False,True,False,False,True,False,Aprobado,Aprobado
21.0,80.0,1,2,False,7.0,75.0,2,Yes,3.0,1,2,2.0,False,69,True,False,False,True,False,True,False,True,False,False,False,True,False,Aprobado,Aprobado
17.0,65.0,0,0,True,5.0,55.0,1,Yes,2.0,0,1,3.0,False,61,False,True,True,False,False,True,False,False,False,True,False,False,True,Reprobado,Reprobado
21.0,90.0,2,1,True,7.0,55.0,2,Yes,1.0,0,2,4.0,False,70,False,True,True,False,False,True,False,False,False,True,False,True,False,Aprobado,Reprobado
23.0,76.0,1,1,False,8.0,84.0,2,Yes,2.0,2,1,4.0,False,70,False,True,True,False,True,False,False,False,False,True,False,False,True,Aprobado,Aprobado
20.0,71.0,1,1,False,7.0,70.0,2,Yes,0.0,2,2,4.0,False,65,False,True,True,False,False,True,False,False,False,True,True,False,False,Aprobado,Aprobado
20.0,75.0,1,0,True,6.0,59.0,1,Yes,2.0,1,1,1.0,False,64,False,True,False,True,False,False,True,False,True,False,True,False,False,Reprobado,Reprobado
16.0,80.0,2,2,True,9.0,62.0,0,Yes,0.0,2,1,4.0,False,68,False,True,True,False,False,False,True,False,False,True,False,True,False,Aprobado,Reprobado
16.0,74.0,0,1,True,9.0,86.0,0,Yes,1.0,0,1,2.0,False,63,True,False,True,False,False,True,False,False,False,True,False,True,False,Reprobado,Aprobado
12.0,70.0,1,2,False,5.0,53.0,1,Yes,2.0,0,1,3.0,False,63,True,False,False,True,True,False,False,False,False,True,False,False,True,Reprobado,Reprobado
30.0,76.0,1,1,True,6.0,75.0,0,Yes,3.0,2,1,3.0,False,71,False,True,True,False,True,False,False,False,False,True,False,False,True,Aprobado,Aprobado
13.0,61.0,2,0,False,7.0,68.0,0,No,1.0,1,1,2.0,False,58,False,True,False,True,False,True,False,False,False,True,False,True,False,Reprobado,Aprobado
16.0,91.0,1,1,True,6.0,91.0,1,Yes,1.0,1,1,2.0,False,68,False,True,True,False,False,True,False,False,True,False,False,True,False,Aprobado,Aprobado
16.0,67.0,1,2,False,8.0,90.0,2,Yes,1.0,2,0,4.0,False,65,False,True,False,True,False,True,False,False,False,True,False,True,False,Aprobado,Aprobado
25.0,62.0,1,1,False,10.0,84.0,0,Yes,2.0,0,1,3.0,False,65,False,True,True,False,True,False,False,False,False,True,False,False,True,Aprobado,Aprobado
18.0,86.0,2,0,True,6.0,69.0,0,Yes,2.0,1,2,2.0,False,68,False,True,False,True,False,True,False,False,False,True,False,False,True,Aprobado,Aprobado
27.0,91.0,0,2,True,9.0,82.0,1,Yes,0.0,0,0,1.0,False,69,False,True,False,True,False,True,False,True,False,False,False,True,False,Aprobado,Aprobado
16.0,93.0,1,1,True,5.0,82.0,0,Yes,5.0,2,1,1.0,False,71,False,True,False,True,False,True,False,False,False,True,False,False,True,Aprobado,Aprobado
22.0,80.0,0,1,False,8.0,67.0,0,Yes,2.0,0,0,2.0,False,65,True,False,False,True,False,False,True,False,True,False,False,False,True,Aprobado,Aprobado
15.0,68.0,0,1,True,6.0,94.0,0,Yes,0.0,1,2,5.0,False,64,False,True,True,False,False,False,True,False,False,True,False,True,False,Reprobado,Aprobado
33.0,89.0,0,1,False,8.0,99.0,1,Yes,2.0,2,2,4.0,False,75,True,False,False,True,True,False,False,False,True,False,False,False,True,Aprobado,Aprobado
13.0,88.0,2,1,False,4.0,66.0,0,Yes,1.0,0,2,4.0,False,67,False,True,True,False,False,True,False,False,False,True,False,False,True,Aprobado,Aprobado
22.0,70.0,1,2,True,5.0,90.0,2,Yes,1.0,1,2,3.0,False,68,False,True,True,False,True,False,False,True,False,False,False,True,False,Aprobado,Aprobado
24.0,96.0,2,2,False,8.0,75.0,0,Yes,1.0,1,1,1.0,False,72,False,True,True,False,True,False,False,False,True,False,False,False,True,Aprobado,Aprobado
22.0,64.0,1,1,False,6.0,73.0,2,Yes,3.0,1,1,4.0,False,67,False,True,True,False,False,False,True,False,True,False,False,False,True,Aprobado,Aprobado
19.0,99.0,2,1,False,7.0,69.0,1,Yes,1.0,2,1,3.0,False,72,False,True,False,True,False,True,False,False,False,True,False,False,True,Aprobado,Aprobado
19.0,94.0,1,0,True,10.0,65.0,2,Yes,1.0,0,2,3.0,False,69,False,True,False,True,False,False,True,False,True,False,True,False,False,Aprobado,Aprobado
20.0,88.0,0,0,False,7.0,96.0,0,Yes,0.0,2,2,3.0,False,68,False,True,False,True,False,False,True,False,True,False,False,False,True,Aprobado,Aprobado
19.0,98.0,1,1,True,8.0,87.0,1,Yes,0.0,1,1,6.0,False,70,True,False,False,True,False,True,False,False,False,True,True,False,False,Aprobado,Aprobado
26.0,89.0,1,1,False,6.0,72.0,2,Yes,1.0,0,1,3.0,True,69,False,True,True,False,True,False,False,False,False,True,False,True,False,Aprobado,Aprobado
33.0,68.0,1,0,True,5.0,88.0,1,Yes,2.0,0,1,1.0,False,67,False,True,False,True,True,False,False,False,True,False,True,False,False,Aprobado,Aprobado
17.0,78.0,1,1,False,7.0,86.0,1,No,0.0,0,0,3.0,False,63,False,True,True,False,True,False,False,False,False,True,False,True,False,Reprobado,Aprobado
12.0,63.0,1,2,False,5.0,63.0,0,Yes,4.0,0,1,2.0,False,61,True,False,False,True,False,True,False,False,True,False,False,False,True,Reprobado,Reprobado
19.0,76.0,1,2,True,6.0,59.0,1,Yes,1.0,1,1,3.0,False,66,False,True,True,False,False,True,False,False,False,True,False,True,False,Aprobado,Reprobado
35.0,90.0,2,1,True,7.0,92.0,0,No,0.0,0,1,4.0,False,73,True,False,False,True,False,True,False,False,False,True,False,True,False,Aprobado,Aprobado
15.0,75.0,1,2,True,7.0,91.0,2,Yes,0.0,1,2,3.0,False,67,False,True,False,True,True,False,False,False,True,False,False,True,False,Aprobado,Aprobado
30.0,73.0,2,1,True,8.0,100.0,1,Yes,2.0,2,2,2.0,False,72,False,True,True,False,False,True,False,False,False,True,False,True,False,Aprobado,Aprobado
30.0,84.0,2,1,False,8.0,51.0,0,Yes,1.0,0,1,4.0,True,69,False,True,False,True,False,False,True,True,False,False,False,False,True,Aprobado,Reprobado
17.0,95.0,0,2,False,5.0,77.0,1,Yes,2.0,1,1,4.0,False,69,False,True,True,False,False,True,False,False,True,False,False,False,True,Aprobado,Aprobado
23.0,62.0,0,2,True,6.0,85.0,1,Yes,1.0,0,1,3.0,True,63,False,True,False,True,True,False,False,False,True,False,True,False,False,Reprobado,Aprobado
30.0,75.0,1,1,True,4.0,79.0,0,Yes,0.0,1,1,4.0,False,67,False,True,False,True,False,True,False,False,True,False,True,False,False,Aprobado,Aprobado
18.0,66.0,1,1,False,6.0,86.0,1,Yes,0.0,2,1,2.0,False,63,False,True,True,False,False,True,False,False,True,False,False,False,True,Reprobado,Aprobado
19.0,88.0,1,2,True,8.0,57.0,0,No,1.0,1,0,4.0,False,66,True,False,False,True,True,False,False,False,False,True,True,False,False,Aprobado,Reprobado
17.0,64.0,1,1,False,9.0,50.0,1,Yes,2.0,0,2,4.0,False,62,False,True,True,False,False,True,False,False,True,False,False,False,True,Reprobado,Reprobado
14.0,87.0,1,1,True,7.0,55.0,1,Yes,2.0,0,2,4.0,False,68,True,False,False,True,False,False,True,False,False,True,False,False,True,Aprobado,Reprobado
16.0,71.0,1,2,False,9.0,69.0,1,Yes,1.0,0,1,4.0,False,65,False,True,True,False,False,False,True,False,False,True,False,True,False,Aprobado,Aprobado
13.0,68.0,0,0,True,8.0,66.0,1,Yes,0.0,1,0,4.0,True,59,False,True,False,True,True,False,False,False,False,True,False,True,False,Reprobado,Aprobado
20.0,97.0,2,1,True,7.0,94.0,2,Yes,1.0,1,1,1.0,False,72,False,True,False,True,True,False,False,False,True,False,True,False,False,Aprobado,Aprobado
15.0,61.0,1,2,True,6.0,54.0,1,Yes,0.0,2,2,2.0,False,63,True,False,False,True,False,False,True,False,False,True,False,True,False,Reprobado,Reprobado
21.0,78.0,1,1,False,4.0,72.0,1,Yes,1.0,1,2,4.0,False,68,False,True,False,True,False,False,True,False,False,True,False,True,False,Aprobado,Aprobado
11.0,61.0,1,1,True,9.0,98.0,2,Yes,0.0,1,2,2.0,False,61,False,True,False,True,False,True,False,False,True,False,True,False,False,Reprobado,Aprobado
22.0,79.0,0,1,False,7.0,75.0,0,Yes,1.0,0,2,3.0,False,65,True,False,True,False,False,True,False,False,False,True,False,True,False,Aprobado,Aprobado
25.0,80.0,1,1,True,9.0,57.0,0,Yes,2.0,0,2,3.0,False,68,False,True,True,False,False,True,False,False,True,False,False,False,True,Aprobado,Reprobado
8.0,73.0,0,1,True,6.0,65.0,2,Yes,1.0,0,1,4.0,False,61,False,True,False,True,True,False,False,False,True,False,False,True,False,Reprobado,Aprobado
22.0,65.0,0,0,True,10.0,81.0,1,Yes,1.0,0,1,3.0,False,63,True,False,False,True,False,False,True,False,False,True,False,True,False,Reprobado,Aprobado
27.0,75.0,1,1,True,7.0,51.0,2,Yes,1.0,1,0,2.0,False,67,False,True,False,True,False,False,True,False,False,True,True,False,False,Aprobado,Reprobado
13.0,87.0,0,1,True,6.0,98.0,0,Yes,0.0,2,2,3.0,True,66,False,True,False,True,False,False,True,False,True,False,False,False,True,Aprobado,Aprobado
30.0,91.0,1,1,True,7.0,78.0,2,Yes,3.0,1,1,2.0,False,75,True,False,False,True,False,False,True,False,False,True,False,False,True,Aprobado,Aprobado
23.0,81.0,1,1,False,7.0,85.0,0,Yes,0.0,1,1,4.0,False,68,False,True,False,True,False,True,False,False,False,True,False,False,True,Aprobado,Aprobado
16.0,84.0,0,1,False,7.0,75.0,2,Yes,2.0,1,1,3.0,False,65,False,True,True,False,False,True,False,False,False,True,True,False,False,Aprobado,Aprobado
20.0,68.0,0,1,False,6.0,98.0,2,Yes,0.0,0,2,4.0,False,64,False,True,True,False,False,True,False,False,False,True,True,False,False,Reprobado,Aprobado
23.0,71.0,2,1,True,4.0,79.0,1,No,2.0,0,1,3.0,False,67,False,True,False,True,False,True,False,False,False,True,False,False,True,Aprobado,Aprobado
20.0,66.0,0,1,True,6.0,83.0,1,Yes,2.0,0,1,3.0,False,64,True,False,False,True,True,False,False,False,False,True,False,True,False,Reprobado,Aprobado
23.0,70.0,1,2,True,9.0,93.0,1,Yes,0.0,0,2,2.0,True,67,False,True,True,False,False,False,True,False,True,False,False,True,False,Aprobado,Aprobado
14.0,69.0,1,2,True,6.0,93.0,0,No,2.0,0,1,0.0,False,63,True,False,False,True,False,True,False,False,False,True,False,True,False,Reprobado,Aprobado
21.0,81.0,2,1,True,4.0,51.0,1,Yes,0.0,1,1,2.0,False,67,True,False,True,False,True,False,False,False,True,False,False,False,True,Aprobado,Reprobado
12.0,83.0,2,0,True,5.0,64.0,1,Yes,1.0,2,1,2.0,False,65,True,False,True,False,False,False,True,False,False,True,True,False,False,Aprobado,Reprobado
19.0,98.0,2,0,True,7.0,62.0,2,Yes,1.0,0,2,2.0,False,70,False,True,True,False,False,True,False,False,False,True,False,True,False,Aprobado,Reprobado
15.0,68.0,1,1,True,6.0,50.0,2,Yes,2.0,2,0,3.0,False,62,False,True,False,True,False,True,False,False,True,False,False,True,False,Reprobado,Reprobado
16.0,86.0,2,1,True,7.0,94.0,1,Yes,2.0,0,2,3.0,False,69,False,True,True,False,False,True,False,False,True,False,False,True,False,Aprobado,Aprobado
27.0,93.0,1,0,True,6.0,66.0,1,Yes,2.0,1,1,3.0,False,70,False,True,True,False,True,False,False,False,True,False,True,False,False,Aprobado,Aprobado
27.0,82.0,1,1,True,9.0,67.0,0,Yes,1.0,0,2,2.0,False,68,True,False,False,True,False,True,False,False,True,False,False,True,False,Aprobado,Aprobado
24.0,70.0,1,2,False,8.0,55.0,1,Yes,4.0,0,2,4.0,False,68,False,True,True,False,False,False,True,False,True,False,False,False,True,Aprobado,Reprobado
13.0,71.0,1,1,True,10.0,99.0,1,Yes,0.0,0,1,3.0,False,64,False,True,False,True,False,False,True,False,False,True,False,True,False,Reprobado,Aprobado
18.0,62.0,0,2,True,6.0,91.0,2,No,4.0,0,1,1.0,False,63,True,False,False,True,False,True,False,False,True,False,False,True,False,Reprobado,Aprobado
27.0,72.0,0,0,True,7.0,79.0,1,Yes,2.0,2,2,2.0,False,68,False,True,True,False,False,False,True,False,True,False,False,False,True,Aprobado,Aprobado
21.0,90.0,2,0,True,9.0,89.0,0,Yes,1.0,0,0,2.0,False,67,False,True,True,False,False,True,False,True,False,False,False,True,False,Aprobado,Aprobado
34.0,62.0,2,0,False,8.0,89.0,0,Yes,3.0,0,1,4.0,False,68,True,False,True,False,True,False,False,False,True,False,False,True,False,Aprobado,Aprobado
22.0,69.0,1,2,True,6.0,83.0,1,Yes,1.0,0,1,2.0,False,66,False,True,True,False,True,False,False,False,True,False,False,False,True,Aprobado,Aprobado
21.0,88.0,1,1,True,8.0,59.0,0,No,2.0,1,1,1.0,False,67,True,False,False,True,False,False,True,False,False,True,True,False,False,Aprobado,Reprobado
18.0,91.0,2,1,False,8.0,86.0,2,Yes,1.0,1,1,4.0,True,69,False,True,False,True,False,True,False,False,True,False,False,True,False,Aprobado,Aprobado
21.0,78.0,2,1,True,4.0,78.0,1,Yes,2.0,2,1,3.0,False,68,True,False,False,True,False,True,False,True,False,False,True,False,False,Aprobado,Aprobado
19.0,88.0,1,2,False,6.0,86.0,1,Yes,4.0,1,1,3.0,True,70,False,True,False,True,True,False,False,False,True,False,False,False,True,Aprobado,Aprobado
24.0,76.0,1,1,False,7.0,77.0,1,Yes,3.0,1,1,4.0,False,68,True,False,True,False,False,False,True,False,True,False,True,False,False,Aprobado,Aprobado
26.0,66.0,0,1,True,9.0,98.0,1,Yes,2.0,0,1,2.0,False,66,False,True,False,True,True,False,False,False,False,True,False,True,False,Aprobado,Aprobado
15.0,76.0,1,2,True,8.0,81.0,1,Yes,2.0,0,1,4.0,False,67,True,False,True,False,False,False,True,False,True,False,False,True,False,Aprobado,Aprobado
12.0,83.0,1,1,False,6.0,79.0,1,Yes,1.0,2,0,4.0,False,65,False,True,True,False,False,True,False,False,True,False,False,True,False,Aprobado,Aprobado
9.0,98.0,1,1,False,6.0,92.0,1,Yes,0.0,1,1,5.0,False,67,False,True,False,True,False,True,False,False,True,False,False,True,False,Aprobado,Aprobado
23.0,63.0,1,1,False,8.0,69.0,2,Yes,2.0,1,0,4.0,True,63,False,True,False,True,False,True,False,False,False,True,True,False,False,Reprobado,Aprobado
13.0,80.0,0,2,True,4.0,66.0,2,Yes,2.0,0,1,2.0,False,64,False,True,True,False,False,True,False,False,True,False,True,False,False,Reprobado,Aprobado
7.0,73.0,2,1,True,6.0,75.0,1,Yes,3.0,0,1,3.0,False,64,False,True,True,False,True,False,False,False,False,True,False,True,False,Reprobado,Aprobado
22.0,80.0,0,0,False,9.0,79.0,2,Yes,0.0,1,1,3.0,False,66,True,False,True,False,True,False,False,False,True,False,False,True,False,Aprobado,Aprobado
35.0,61.0,1,2,True,7.0,61.0,0,Yes,2.0,1,1,4.0,True,68,True,False,False,True,False,True,False,False,False,True,False,False,True,Aprobado,Reprobado
20.0,73.0,2,1,True,6.0,84.0,2,Yes,0.0,1,1,3.0,False,67,False,True,False,True,False,True,False,False,True,False,False,False,True,Aprobado,Aprobado
25.0,93.0,1,2,False,5.0,90.0,0,Yes,1.0,1,1,2.0,False,72,False,True,False,True,True,False,False,False,False,True,False,False,True,Aprobado,Aprobado
20.0,82.0,1,1,True,8.0,79.0,0,Yes,1.0,0,1,4.0,False,67,False,True,False,True,False,True,False,False,False,True,False,False,True,Aprobado,Aprobado
19.0,78.0,1,1,False,7.0,76.0,2,Yes,2.0,1,0,3.0,False,66,False,True,True,False,True,False,False,False,True,False,False,True,False,Aprobado,Aprobado
26.0,71.0,2,0,False,7.0,65.0,1,Yes,1.0,0,1,3.0,False,66,False,True,True,False,True,False,False,False,False,True,False,False,True,Aprobado,Aprobado
18.0,72.0,2,2,True,8.0,95.0,1,Yes,1.0,1,1,4.0,False,67,False,True,False,True,False,True,False,False,True,False,True,False,False,Aprobado,Aprobado
22.0,75.0,1,1,False,7.0,88.0,0,Yes,0.0,0,1,3.0,False,65,True,False,False,True,False,False,True,True,False,False,False,True,False,Aprobado,Aprobado
22.0,93.0,2,1,False,7.0,74.0,0,Yes,2.0,1,2,3.0,False,70,False,True,False,True,True,False,False,True,False,False,True,False,False,Aprobado,Aprobado
16.0,99.0,0,1,True,5.0,83.0,0,Yes,0.0,0,2,4.0,False,69,True,False,True,False,False,False,True,False,False,True,False,True,False,Aprobado,Aprobado
26.0,78.0,2,2,True,5.0,67.0,0,Yes,1.0,2,2,3.0,False,69,True,False,False,True,False,True,False,False,True,False,True,False,False,Aprobado,Aprobado
19.0,76.0,2,1,True,8.0,53.0,1,Yes,1.0,1,1,4.0,False,66,False,True,True,False,True,False,False,False,False,True,True,False,False,Aprobado,Reprobado
15.0,94.0,1,0,False,8.0,60.0,1,Yes,2.0,1,1,4.0,False,66,False,True,False,True,False,True,False,True,False,False,False,True,False,Aprobado,Reprobado
23.0,77.0,2,2,True,8.0,54.0,1,Yes,1.0,0,1,3.0,False,67,False,True,True,False,True,False,False,False,True,False,True,False,False,Aprobado,Reprobado
15.0,82.0,1,2,True,6.0,75.0,1,Yes,1.0,1,0,3.0,False,67,False,True,False,True,False,True,False,False,False,True,False,False,True,Aprobado,Aprobado
20.0,69.0,1,1,True,8.0,81.0,2,Yes,2.0,1,1,4.0,False,67,False,True,False,True,False,True,False,False,False,True,False,False,True,Aprobado,Aprobado
20.0,90.0,2,2,True,6.0,69.0,1,Yes,2.0,2,2,3.0,False,72,False,True,True,False,False,True,False,False,False,True,False,True,False,Aprobado,Aprobado
27.0,81.0,1,0,True,9.0,77.0,0,Yes,1.0,1,2,4.0,False,68,False,True,True,False,True,False,False,False,True,False,False,True,False,Aprobado,Aprobado
23.0,92.0,1,0,True,6.0,54.0,2,Yes,3.0,1,1,2.0,True,70,False,True,False,True,False,False,True,False,False,True,False,False,True,Aprobado,Reprobado
20.0,91.0,1,1,True,6.0,88.0,1,Yes,1.0,0,1,4.0,False,69,False,True,False,True,False,True,False,False,True,False,False,False,True,Aprobado,Aprobado
25.0,69.0,2,0,True,7.0,52.0,2,Yes,1.0,0,1,4.0,False,65,False,True,False,True,False,True,False,False,True,False,False,False,True,Aprobado,Reprobado
28.0,89.0,2,2,False,8.0,82.0,1,Yes,0.0,1,1,3.0,False,72,False,True,False,True,False,False,True,True,False,False,True,False,False,Aprobado,Aprobado
23.0,92.0,1,2,False,7.0,72.0,1,Yes,0.0,0,1,4.0,False,69,False,True,True,False,True,False,False,True,False,False,False,True,False,Aprobado,Aprobado
20.0,74.0,1,1,True,7.0,59.0,0,Yes,5.0,2,1,4.0,False,68,False,True,True,False,False,True,False,False,False,True,False,False,True,Aprobado,Reprobado
12.0,67.0,2,2,False,6.0,76.0,2,Yes,1.0,0,1,2.0,False,62,False,True,False,True,False,True,False,False,True,False,True,False,False,Reprobado,Aprobado
14.0,60.0,1,0,True,7.0,89.0,0,Yes,2.0,1,1,3.0,False,60,False,True,False,True,False,True,False,False,True,False,False,True,False,Reprobado,Aprobado
18.0,78.0,2,1,True,7.0,71.0,0,Yes,3.0,1,1,4.0,False,67,False,True,False,True,False,True,False,False,True,False,False,True,False,Aprobado,Aprobado
16.0,74.0,2,2,True,6.0,68.0,0,Yes,2.0,1,1,4.0,False,67,False,True,False,True,True,False,False,False,False,True,False,True,False,Aprobado,Aprobado
19.0,82.0,1,2,True,7.0,57.0,1,Yes,1.0,1,1,3.0,False,67,False,True,False,True,False,True,False,False,False,True,False,True,False,Aprobado,Reprobado
20.0,68.0,1,1,True,7.0,80.0,0,Yes,0.0,0,1,4.0,False,63,True,False,True,False,False,True,False,False,False,True,False,True,False,Reprobado,Aprobado
23.0,94.0,1,0,True,10.0,91.0,2,Yes,1.0,1,1,3.0,False,71,False,True,False,True,False,True,False,False,False,True,False,True,False,Aprobado,Aprobado
20.0,70.0,1,1,True,6.0,78.0,2,Yes,0.0,1,1,2.0,False,66,True,False,True,False,True,False,False,False,False,True,False,False,True,Aprobado,Aprobado
23.0,69.0,1,1,True,6.0,58.0,2,Yes,0.0,1,1,1.0,False,65,False,True,True,False,False,False,True,False,False,True,False,True,False,Aprobado,Reprobado
20.0,79.0,2,1,True,7.0,83.0,2,Yes,2.0,1,1,2.0,False,69,False,True,True,False,False,True,False,False,True,False,False,False,True,Aprobado,Aprobado
8.0,80.0,2,0,False,6.0,52.0,2,Yes,2.0,1,1,1.0,False,63,False,True,True,False,False,True,False,False,False,True,False,False,True,Reprobado,Reprobado
14.0,69.0,1,1,True,5.0,92.0,2,Yes,3.0,0,0,2.0,False,64,False,True,True,False,False,False,True,False,True,False,True,False,False,Reprobado,Aprobado
19.0,71.0,2,2,False,5.0,96.0,2,Yes,2.0,0,1,0.0,True,67,True,False,True,False,True,False,False,False,False,True,False,True,False,Aprobado,Aprobado
13.0,67.0,1,1,True,6.0,80.0,2,Yes,1.0,0,2,2.0,False,62,False,True,False,True,False,True,False,False,True,False,True,False,False,Reprobado,Aprobado
24.0,89.0,1,0,True,6.0,94.0,0,Yes,2.0,1,1,2.0,False,68,False,True,False,True,False,True,False,True,False,False,False,True,False,Aprobado,Aprobado
29.0,91.0,1,2,False,5.0,54.0,0,Yes,2.0,0,1,3.0,False,71,False,True,False,True,False,False,True,False,True,False,False,True,False,Aprobado,Reprobado
27.0,78.0,2,1,False,7.0,61.0,1,No,1.0,0,1,3.0,False,66,False,True,True,False,False,True,False,False,True,False,True,False,False,Aprobado,Reprobado
19.0,89.0,1,2,True,4.0,66.0,0,Yes,1.0,0,1,1.0,False,69,False,True,True,False,False,False,True,False,False,True,False,False,True,Aprobado,Aprobado
29.0,89.0,1,0,True,8.0,89.0,0,Yes,1.0,1,2,4.0,False,71,True,False,False,True,False,True,False,False,True,False,False,True,False,Aprobado,Aprobado
21.0,66.0,1,1,True,6.0,74.0,1,Yes,2.0,1,2,4.0,False,66,True,False,True,False,False,True,False,False,False,True,False,True,False,Aprobado,Aprobado
18.0,99.0,1,1,False,6.0,67.0,1,Yes,5.0,0,1,3.0,False,72,False,True,True,False,False,False,True,False,False,True,False,False,True,Aprobado,Aprobado
16.0,93.0,1,1,True,8.0,58.0,1,Yes,1.0,2,2,4.0,False,70,False,True,True,False,True,False,False,False,False,True,False,False,True,Aprobado,Reprobado
18.0,68.0,0,1,False,8.0,91.0,2,Yes,1.0,0,2,3.0,False,65,True,False,True,False,False,False,True,False,False,True,False,True,False,Aprobado,Aprobado
18.0,67.0,2,1,False,6.0,51.0,1,Yes,0.0,1,2,2.0,False,64,False,True,True,False,True,False,False,False,False,True,False,False,True,Reprobado,Reprobado
21.0,65.0,1,1,True,8.0,67.0,1,Yes,1.0,0,1,2.0,False,63,False,True,False,True,True,False,False,False,True,False,False,False,True,Reprobado,Aprobado
21.0,66.0,1,1,False,9.0,62.0,0,No,3.0,1,1,2.0,False,63,True,False,False,True,False,True,False,False,False,True,False,False,True,Reprobado,Reprobado
20.0,90.0,0,1,False,5.0,56.0,1,No,3.0,1,1,2.0,False,66,False,True,False,True,False,True,False,False,True,False,False,False,True,Aprobado,Reprobado
23.0,79.0,2,2,True,8.0,59.0,0,Yes,1.0,0,2,4.0,False,68,False,True,False,True,True,False,False,False,True,False,True,False,False,Aprobado,Reprobado
27.0,91.0,1,2,True,5.0,75.0,0,Yes,1.0,2,2,4.0,False,74,False,True,False,True,True,False,False,False,False,True,False,True,False,Aprobado,Aprobado
26.0,90.0,2,2,False,9.0,71.0,0,Yes,0.0,2,0,2.0,False,71,True,False,True,False,True,False,False,False,False,True,True,False,False,Aprobado,Aprobado
11.0,84.0,2,1,True,6.0,76.0,2,Yes,3.0,0,2,3.0,False,67,False,True,True,False,False,True,False,False,True,False,True,False,False,Aprobado,Aprobado
5.0,87.0,2,0,False,6.0,86.0,1,Yes,2.0,1,2,3.0,False,66,False,True,True,False,False,False,True,False,False,True,False,False,True,Aprobado,Aprobado
26.0,61.0,2,1,True,9.0,95.0,1,Yes,0.0,1,1,6.0,False,67,True,False,False,True,True,False,False,False,False,True,True,False,False,Aprobado,Aprobado
12.0,72.0,0,2,True,8.0,56.0,2,Yes,3.0,0,1,1.0,True,62,False,True,False,True,False,True,False,False,True,False,False,False,True,Reprobado,Reprobado
19.0,86.0,1,0,False,6.0,54.0,0,Yes,1.0,2,2,5.0,False,68,True,False,False,True,False,False,True,False,False,True,False,False,True,Aprobado,Reprobado
13.0,60.0,1,1,True,7.0,66.0,1,Yes,2.0,0,1,3.0,False,62,False,True,False,True,False,False,True,False,False,True,False,False,True,Reprobado,Aprobado
9.0,61.0,2,1,True,6.0,77.0,0,No,1.0,2,1,2.0,False,82,True,False,False,True,False,True,False,False,False,True,False,True,False,Aprobado,Aprobado
23.0,94.0,2,1,False,5.0,55.0,2,Yes,2.0,1,1,2.0,True,70,False,True,False,True,False,True,False,False,False,True,False,False,True,Aprobado,Reprobado
25.0,87.0,2,1,False,7.0,86.0,1,Yes,4.0,1,0,2.0,False,72,True,False,False,True,True,False,False,False,False,True,True,False,False,Aprobado,Aprobado
17.0,71.0,0,2,True,6.0,78.0,0,Yes,0.0,1,1,4.0,False,64,False,True,True,False,True,False,False,False,False,True,False,False,True,Reprobado,Aprobado
4.0,88.0,1,2,False,6.0,87.0,0,Yes,1.0,1,2,4.0,False,66,False,True,False,True,True,False,False,False,False,True,False,True,False,Aprobado,Aprobado
17.0,92.0,1,1,True,9.0,68.0,2,Yes,0.0,1,0,3.0,False,68,True,False,True,False,True,False,False,False,False,True,False,False,True,Aprobado,Aprobado
22.0,72.0,0,1,False,6.0,70.0,0,Yes,1.0,2,1,3.0,False,64,False,True,False,True,False,False,True,True,False,False,False,True,False,Reprobado,Aprobado
11.0,61.0,0,1,True,7.0,90.0,2,Yes,0.0,1,2,3.0,False,61,False,True,True,False,False,True,False,False,False,True,False,True,False,Reprobado,Aprobado
21.0,97.0,1,1,True,9.0,63.0,1,Yes,0.0,1,1,1.0,False,69,False,True,False,True,False,True,False,False,True,False,False,False,True,Aprobado,Reprobado
20.0,74.0,2,2,False,7.0,69.0,0,Yes,2.0,2,2,2.0,False,68,True,False,False,True,True,False,False,False,False,True,False,True,False,Aprobado,Aprobado
23.0,64.0,1,1,False,6.0,51.0,1,Yes,1.0,1,1,5.0,False,64,False,True,False,True,True,False,False,False,False,True,False,False,True,Reprobado,Reprobado
21.0,80.0,1,2,False,7.0,78.0,1,Yes,1.0,0,2,4.0,False,67,True,False,True,False,False,True,False,False,True,False,True,False,False,Aprobado,Aprobado
14.0,91.0,1,1,True,8.0,93.0,1,Yes,0.0,1,1,3.0,False,67,False,True,False,True,False,True,False,False,True,False,False,True,False,Aprobado,Aprobado
27.0,69.0,1,1,False,8.0,51.0,1,Yes,1.0,2,1,2.0,False,65,False,True,False,True,False,True,False,False,False,True,True,False,False,Aprobado,Reprobado
19.0,71.0,2,1,True,10.0,81.0,1,Yes,2.0,1,2,3.0,False,68,False,True,True,False,False,True,False,False,False,True,False,False,True,Aprobado,Aprobado
20.0,70.0,1,2,True,6.0,92.0,1,Yes,2.0,1,0,3.0,False,67,False,True,False,True,False,True,False,False,False,True,False,False,True,Aprobado,Aprobado
14.0,100.0,0,1,False,7.0,75.0,0,Yes,1.0,0,1,3.0,False,67,False,True,False,True,False,False,True,False,True,False,False,False,True,Aprobado,Aprobado
17.0,68.0,1,2,True,5.0,66.0,1,Yes,1.0,2,1,4.0,False,64,False,True,False,True,False,True,False,False,False,True,True,False,False,Reprobado,Aprobado
15.0,83.0,2,2,True,8.0,100.0,1,Yes,0.0,1,1,3.0,False,70,False,True,True,False,True,False,False,False,False,True,False,False,True,Aprobado,Aprobado
19.0,97.0,1,2,False,7.0,53.0,1,Yes,2.0,0,0,3.0,False,69,True,False,False,True,True,False,False,False,True,False,False,True,False,Aprobado,Reprobado
30.0,66.0,1,2,False,7.0,61.0,0,Yes,0.0,2,2,2.0,False,66,True,False,False,True,False,True,False,True,False,False,False,False,True,Aprobado,Reprobado
12.0,99.0,0,1,False,6.0,94.0,1,Yes,2.0,1,1,3.0,False,69,False,True,False,True,False,False,True,False,True,False,False,True,False,Aprobado,Aprobado
10.0,98.0,0,1,True,6.0,65.0,1,Yes,1.0,0,2,2.0,False,66,True,False,False,True,False,True,False,False,False,True,False,False,True,Aprobado,Aprobado
29.0,95.0,2,1,True,7.0,91.0,0,Yes,1.0,0,1,3.0,False,73,False,True,True,False,False,True,False,False,True,False,False,True,False,Aprobado,Aprobado
19.0,69.0,1,1,True,6.0,67.0,1,No,4.0,2,2,4.0,False,66,True,False,False,True,False,False,True,False,True,False,False,False,True,Aprobado,Aprobado
16.0,85.0,1,2,True,7.0,91.0,2,Yes,0.0,1,1,2.0,False,69,False,True,False,True,False,False,True,False,True,False,False,True,False,Aprobado,Aprobado
26.0,90.0,1,0,True,7.0,84.0,0,Yes,1.0,1,1,3.0,False,70,False,True,False,True,False,True,False,False,True,False,False,False,True,Aprobado,Aprobado
16.0,99.0,2,1,True,5.0,73.0,2,Yes,1.0,1,1,5.0,True,71,True,False,False,True,True,False,False,True,False,False,False,False,True,Aprobado,Aprobado
31.0,67.0,0,2,True,5.0,76.0,1,Yes,2.0,1,2,4.0,False,70,False,True,False,True,True,False,False,False,False,True,False,False,True,Aprobado,Aprobado
24.0,91.0,2,0,True,6.0,59.0,1,Yes,0.0,0,1,4.0,False,69,True,False,False,True,False,True,False,False,False,True,False,True,False,Aprobado,Reprobado
17.0,74.0,1,1,False,9.0,56.0,1,Yes,1.0,1,2,3.0,False,63,True,False,False,True,False,True,False,False,True,False,True,False,False,Reprobado,Reprobado
33.0,67.0,2,1,True,6.0,86.0,1,Yes,4.0,1,2,3.0,True,71,False,True,True,False,False,True,False,False,False,True,False,False,True,Aprobado,Aprobado
16.0,77.0,2,2,False,7.0,92.0,0,Yes,2.0,1,1,2.0,False,67,False,True,False,True,True,False,False,False,False,True,True,False,False,Aprobado,Aprobado
24.0,92.0,1,1,True,5.0,86.0,2,Yes,3.0,1,2,2.0,False,73,False,True,True,False,False,True,False,False,False,True,False,True,False,Aprobado,Aprobado
22.0,79.0,0,2,True,6.0,96.0,1,Yes,1.0,2,1,2.0,False,68,False,True,False,True,True,False,False,False,True,False,False,True,False,Aprobado,Aprobado
28.0,82.0,0,1,True,5.0,95.0,1,Yes,0.0,2,0,3.0,False,69,False,True,False,True,False,True,False,False,False,True,False,True,False,Aprobado,Aprobado
29.0,100.0,2,2,True,8.0,89.0,1,Yes,2.0,1,1,3.0,False,76,True,False,True,False,False,True,False,False,True,False,False,True,False,Aprobado,Aprobado
20.0,76.0,0,1,True,5.0,95.0,1,Yes,4.0,0,2,3.0,False,68,False,True,False,True,False,True,False,False,False,True,False,False,True,Aprobado,Aprobado
15.0,85.0,1,1,False,8.0,58.0,2,Yes,1.0,0,1,3.0,False,65,True,False,False,True,True,False,False,False,False,True,True,False,False,Aprobado,Reprobado
23.0,75.0,1,1,True,8.0,87.0,0,Yes,0.0,2,0,1.0,False,66,False,True,True,False,False,True,False,False,False,True,False,False,True,Aprobado,Aprobado
16.0,76.0,1,0,False,7.0,88.0,2,Yes,0.0,0,1,2.0,False,65,False,True,False,True,False,False,True,False,False,True,False,False,True,Aprobado,Aprobado
32.0,88.0,0,1,False,8.0,58.0,0,Yes,3.0,0,2,3.0,False,69,True,False,False,True,False,True,False,False,True,False,True,False,False,Aprobado,Reprobado
21.0,98.0,2,1,True,10.0,95.0,1,Yes,0.0,1,1,1.0,False,71,False,True,False,True,False,True,False,False,False,True,False,True,False,Aprobado,Aprobado
18.0,82.0,2,0,True,8.0,50.0,1,Yes,1.0,2,1,3.0,False,66,False,True,False,True,False,True,False,False,True,False,False,False,True,Aprobado,Reprobado
21.0,91.0,1,2,False,5.0,72.0,1,Yes,3.0,0,1,3.0,True,69,False,True,True,False,False,True,False,False,False,True,True,False,False,Aprobado,Aprobado
12.0,64.0,1,1,False,9.0,51.0,0,No,2.0,0,1,4.0,False,59,False,True,False,True,True,False,False,False,False,True,False,True,False,Reprobado,Reprobado
14.0,68.0,1,2,False,7.0,76.0,1,Yes,2.0,2,1,3.0,False,65,False,True,False,True,False,True,False,False,False,True,False,False,True,Aprobado,Aprobado
27.0,80.0,2,2,False,10.0,71.0,2,Yes,4.0,0,0,2.0,False,72,False,True,False,True,True,False,False,False,False,True,False,True,False,Aprobado,Aprobado
16.0,61.0,1,0,True,6.0,81.0,1,Yes,0.0,1,1,2.0,False,60,False,True,False,True,True,False,False,False,False,True,True,False,False,Reprobado,Aprobado
14.0,70.0,1,1,True,9.0,88.0,0,Yes,0.0,2,1,4.0,False,64,True,False,True,False,True,False,False,False,True,False,False,False,True,Reprobado,Aprobado
23.0,81.0,1,1,False,7.0,88.0,0,Yes,1.0,0,1,4.0,False,69,False,True,False,True,False,False,True,False,False,True,False,False,True,Aprobado,Aprobado
27.0,61.0,2,2,True,10.0,86.0,1,Yes,3.0,1,2,3.0,False,70,True,False,True,False,False,True,False,False,False,True,False,False,True,Aprobado,Aprobado
24.0,71.0,1,2,True,7.0,55.0,0,Yes,2.0,2,1,3.0,False,67,False,True,False,True,True,False,False,True,False,False,False,False,True,Aprobado,Reprobado
26.0,81.0,1,1,False,10.0,71.0,0,Yes,0.0,1,1,5.0,True,67,True,False,True,False,False,True,False,False,False,True,False,False,True,Aprobado,Aprobado
15.0,83.0,1,0,True,8.0,91.0,1,Yes,0.0,0,1,3.0,False,64,True,False,False,True,True,False,False,True,False,False,False,True,False,Reprobado,Aprobado
11.0,97.0,1,1,True,8.0,83.0,0,Yes,4.0,1,2,2.0,False,68,True,False,False,True,False,True,False,True,False,False,True,False,False,Aprobado,Aprobado
29.0,86.0,1,2,False,10.0,84.0,0,Yes,1.0,0,2,4.0,False,72,True,False,True,False,False,True,False,False,False,True,False,False,True,Aprobado,Aprobado
18.0,77.0,1,2,True,6.0,61.0,1,Yes,1.0,0,1,3.0,False,65,True,False,True,False,False,True,False,False,False,True,False,True,False,Aprobado,Reprobado
18.0,97.0,1,2,False,8.0,66.0,0,Yes,2.0,1,1,2.0,False,70,False,True,False,True,True,False,False,False,True,False,False,True,False,Aprobado,Aprobado
28.0,91.0,2,1,False,7.0,98.0,0,Yes,2.0,0,1,5.0,False,75,True,False,False,True,False,False,True,False,False,True,False,False,True,Aprobado,Aprobado
23.0,68.0,0,0,True,7.0,92.0,1,No,3.0,0,2,4.0,False,65,True,False,False,True,False,True,False,False,False,True,False,True,False,Aprobado,Aprobado
23.0,65.0,1,2,True,7.0,58.0,0,Yes,1.0,0,1,3.0,True,63,False,True,True,False,True,False,False,False,True,False,False,True,False,Reprobado,Reprobado
33.0,87.0,1,2,False,8.0,77.0,0,Yes,0.0,0,1,3.0,True,71,True,False,False,True,False,True,False,False,False,True,False,False,True,Aprobado,Aprobado
16.0,82.0,1,0,True,8.0,75.0,1,Yes,2.0,1,1,2.0,False,66,False,True,True,False,True,False,False,False,False,True,False,False,True,Aprobado,Aprobado
26.0,92.0,1,0,True,6.0,72.0,1,Yes,1.0,0,1,3.0,False,69,True,False,True,False,False,True,False,False,True,False,False,True,False,Aprobado,Aprobado
20.0,90.0,2,1,False,7.0,74.0,0,No,0.0,2,0,3.0,False,68,True,False,True,False,False,False,True,False,True,False,False,False,True,Aprobado,Aprobado
22.0,85.0,1,2,False,4.0,82.0,1,Yes,1.0,1,2,2.0,False,71,False,True,False,True,False,False,True,False,False,True,False,False,True,Aprobado,Aprobado
29.0,99.0,2,1,True,8.0,98.0,2,No,5.0,0,0,2.0,False,77,False,True,False,True,False,False,True,False,False,True,False,True,False,Aprobado,Aprobado
23.0,81.0,2,0,True,10.0,94.0,2,Yes,1.0,1,2,2.0,False,70,False,True,True,False,True,False,False,False,False,True,False,True,False,Aprobado,Aprobado
23.0,65.0,1,1,False,7.0,94.0,1,Yes,1.0,2,1,3.0,False,66,False,True,True,False,True,False,False,False,False,True,True,False,False,Aprobado,Aprobado
26.0,93.0,2,1,False,5.0,85.0,0,Yes,1.0,2,2,3.0,False,73,False,True,True,False,True,False,False,False,True,False,False,False,True,Aprobado,Aprobado
18.0,70.0,1,1,True,8.0,51.0,1,Yes,1.0,0,1,3.0,False,62,True,False,False,True,True,False,False,False,True,False,True,False,False,Reprobado,Reprobado
15.0,91.0,1,1,False,6.0,72.0,0,Yes,0.0,1,1,2.0,False,65,False,True,True,False,False,True,False,False,True,False,False,True,False,Aprobado,Aprobado
14.0,98.0,2,2,True,7.0,76.0,1,Yes,0.0,0,1,2.0,False,71,False,True,False,True,False,False,True,False,False,True,False,True,False,Aprobado,Aprobado
8.0,88.0,1,1,True,8.0,92.0,2,Yes,1.0,0,1,4.0,False,66,False,True,False,True,True,False,False,False,False,True,True,False,False,Aprobado,Aprobado
32.0,84.0,0,1,True,8.0,96.0,1,Yes,1.0,0,1,3.0,False,72,False,True,True,False,False,True,False,False,False,True,False,False,True,Aprobado,Aprobado
13.0,78.0,1,1,True,9.0,73.0,1,Yes,0.0,1,2,4.0,False,64,True,False,False,True,False,True,False,False,False,True,True,False,False,Reprobado,Aprobado
19.0,75.0,1,1,False,7.0,65.0,0,Yes,0.0,0,0,4.0,False,63,True,False,True,False,False,True,False,False,False,True,False,True,False,Reprobado,Aprobado
18.0,74.0,0,1,True,7.0,67.0,0,Yes,0.0,0,1,3.0,False,63,False,True,False,True,False,True,False,False,False,True,False,False,True,Reprobado,Aprobado
22.0,85.0,2,1,False,8.0,79.0,2,Yes,5.0,1,2,2.0,False,72,False,True,True,False,False,True,False,False,False,True,False,True,False,Aprobado,Aprobado
25.0,90.0,1,1,True,7.0,64.0,1,Yes,2.0,1,2,2.0,False,71,False,True,False,True,False,True,False,False,True,False,False,False,True,Aprobado,Reprobado
25.0,87.0,2,2,True,6.0,96.0,0,No,3.0,1,1,2.0,False,72,False,True,True,False,False,True,False,False,True,False,False,False,True,Aprobado,Aprobado
17.0,68.0,1,2,True,8.0,71.0,1,Yes,1.0,1,2,2.0,False,65,True,False,False,True,False,True,False,False,False,True,False,True,False,Aprobado,Aprobado
19.0,80.0,1,1,True,5.0,100.0,1,Yes,0.0,1,1,3.0,False,67,False,True,True,False,False,True,False,False,False,True,False,True,False,Aprobado,Aprobado
22.0,92.0,0,2,True,7.0,55.0,0,Yes,1.0,0,1,4.0,False,68,False,True,True,False,False,True,False,False,True,False,False,False,True,Aprobado,Reprobado
19.0,79.0,1,2,True,5.0,59.0,1,Yes,2.0,0,1,2.0,False,66,True,False,False,True,False,False,True,True,False,False,False,True,False,Aprobado,Reprobado
30.0,81.0,1,2,False,6.0,76.0,1,Yes,0.0,2,1,3.0,False,72,False,True,False,True,False,False,True,False,False,True,False,False,True,Aprobado,Aprobado
23.0,91.0,2,1,False,6.0,93.0,1,Yes,3.0,0,0,3.0,False,71,False,True,True,False,False,True,False,False,True,False,False,True,False,Aprobado,Aprobado
24.0,86.0,1,2,False,6.0,68.0,0,Yes,3.0,0,2,3.0,True,70,False,True,True,False,True,False,False,False,True,False,False,False,True,Aprobado,Aprobado
24.0,76.0,1,1,False,9.0,92.0,1,Yes,1.0,1,0,3.0,False,68,False,True,True,False,False,False,True,False,False,True,False,True,False,Aprobado,Aprobado
27.0,96.0,1,2,False,9.0,71.0,0,Yes,0.0,0,1,4.0,False,72,True,False,True,False,True,False,False,False,False,True,False,False,True,Aprobado,Aprobado
21.0,67.0,0,1,True,9.0,93.0,2,Yes,1.0,0,2,3.0,False,66,False,True,False,True,True,False,False,False,False,True,False,True,False,Aprobado,Aprobado
12.0,100.0,1,1,False,7.0,64.0,1,Yes,1.0,1,2,6.0,False,69,False,True,False,True,False,True,False,False,False,True,False,False,True,Aprobado,Reprobado
22.0,65.0,0,1,True,6.0,74.0,2,Yes,2.0,1,1,1.0,False,65,False,True,False,True,True,False,False,False,False,True,False,False,True,Aprobado,Aprobado
16.0,61.0,2,2,False,8.0,64.0,1,Yes,1.0,0,2,3.0,False,62,False,True,False,True,False,True,False,True,False,False,False,False,True,Reprobado,Reprobado
17.0,96.0,2,2,False,7.0,61.0,0,Yes,1.0,0,2,1.0,False,69,False,True,True,False,True,False,False,False,True,False,False,False,True,Aprobado,Reprobado
24.0,70.0,1,1,True,7.0,71.0,1,Yes,1.0,1,0,4.0,False,65,False,True,False,True,False,True,False,False,False,True,True,False,False,Aprobado,Aprobado
27.0,89.0,1,0,False,4.0,67.0,1,Yes,2.0,0,0,4.0,False,69,True,False,True,False,True,False,False,False,False,True,False,True,False,Aprobado,Aprobado
20.0,92.0,0,2,True,8.0,89.0,1,Yes,1.0,0,1,3.0,False,69,False,True,True,False,False,True,False,False,True,False,False,True,False,Aprobado,Aprobado
22.0,94.0,2,1,True,8.0,87.0,1,Yes,2.0,0,1,5.0,False,73,True,False,True,False,True,False,False,False,False,True,False,True,False,Aprobado,Aprobado
30.0,100.0,2,1,True,7.0,68.0,0,Yes,2.0,1,1,2.0,False,75,True,False,True,False,False,False,True,False,False,True,False,True,False,Aprobado,Aprobado
21.0,72.0,2,2,True,8.0,100.0,1,Yes,3.0,0,2,3.0,False,70,True,False,False,True,True,False,False,True,False,False,False,False,True,Aprobado,Aprobado
36.0,88.0,1,2,False,8.0,99.0,2,Yes,0.0,0,1,3.0,False,74,True,False,True,False,True,False,False,False,False,True,True,False,False,Aprobado,Aprobado
23.0,65.0,1,1,True,6.0,96.0,1,Yes,0.0,0,0,3.0,False,65,False,True,False,True,False,True,False,False,False,True,False,False,True,Aprobado,Aprobado
9.0,76.0,1,1,False,7.0,79.0,1,Yes,1.0,1,1,3.0,False,63,False,True,False,True,True,False,False,False,False,True,True,False,False,Reprobado,Aprobado
25.0,94.0,2,2,False,5.0,71.0,0,Yes,4.0,1,2,4.0,False,74,False,True,True,False,True,False,False,False,False,True,True,False,False,Aprobado,Aprobado
22.0,75.0,2,2,True,9.0,66.0,0,Yes,0.0,0,1,2.0,False,67,True,False,False,True,False,False,True,False,False,True,False,True,False,Aprobado,Aprobado
28.0,84.0,1,1,True,8.0,51.0,1,No,3.0,1,1,4.0,False,71,False,True,True,False,False,False,True,False,False,True,False,False,True,Aprobado,Reprobado
24.0,80.0,2,0,True,6.0,82.0,1,Yes,1.0,0,2,3.0,False,68,False,True,True,False,True,False,False,False,True,False,False,True,False,Aprobado,Aprobado
19.0,86.0,2,1,False,8.0,78.0,1,Yes,2.0,1,1,4.0,False,69,False,True,True,False,True,False,False,False,False,True,True,False,False,Aprobado,Aprobado
13.0,99.0,1,2,False,7.0,81.0,1,Yes,0.0,1,1,4.0,False,71,False,True,False,True,False,False,True,False,False,True,False,False,True,Aprobado,Aprobado
19.0,62.0,2,1,True,6.0,79.0,0,Yes,7.0,1,1,2.0,False,66,False,True,True,False,False,True,False,False,False,True,False,True,False,Aprobado,Aprobado
15.0,83.0,1,1,True,7.0,57.0,0,Yes,0.0,1,1,3.0,False,65,True,False,False,True,False,False,True,False,False,True,False,False,True,Aprobado,Reprobado
17.0,95.0,1,0,True,8.0,85.0,0,No,1.0,0,2,2.0,False,66,True,False,True,False,True,False,False,False,True,False,True,False,False,Aprobado,Aprobado
24.0,79.0,0,0,True,8.0,68.0,2,Yes,2.0,0,1,2.0,False,65,True,False,False,True,False,True,False,False,False,True,True,False,False,Aprobado,Aprobado
30.0,63.0,1,1,False,10.0,76.0,1,Yes,1.0,1,1,4.0,False,67,False,True,True,False,False,False,True,False,True,False,False,True,False,Aprobado,Aprobado
22.0,82.0,2,1,False,7.0,68.0,2,Yes,2.0,0,1,4.0,False,70,True,False,False,True,False,False,True,False,False,True,False,True,False,Aprobado,Aprobado
13.0,73.0,1,1,True,7.0,51.0,1,Yes,1.0,0,1,4.0,False,63,False,True,False,True,False,False,True,False,False,True,False,False,True,Reprobado,Reprobado
23.0,66.0,0,0,False,8.0,94.0,0,Yes,1.0,1,2,3.0,False,64,True,False,False,True,False,False,True,False,True,False,False,True,False,Reprobado,Aprobado
27.0,94.0,1,1,True,7.0,57.0,1,Yes,1.0,1,1,1.0,False,71,True,False,False,True,False,True,False,False,False,True,False,True,False,Aprobado,Reprobado
16.0,81.0,1,2,True,6.0,79.0,1,Yes,2.0,0,2,3.0,False,68,False,True,True,False,True,False,False,False,True,False,False,False,True,Aprobado,Aprobado
19.0,97.0,1,0,False,6.0,94.0,1,Yes,2.0,2,1,4.0,False,72,False,True,False,True,False,False,True,False,False,True,False,True,False,Aprobado,Aprobado
20.0,92.0,1,2,True,4.0,61.0,1,Yes,2.0,2,1,4.0,False,71,False,True,False,True,True,False,False,False,False,True,False,True,False,Aprobado,Reprobado
15.0,88.0,0,0,True,8.0,71.0,1,No,1.0,0,0,2.0,False,64,True,False,False,True,False,False,True,False,True,False,False,False,True,Reprobado,Aprobado
24.0,60.0,2,0,True,5.0,69.0,1,Yes,1.0,1,2,5.0,False,64,False,True,False,True,False,True,False,False,True,False,False,True,False,Reprobado,Aprobado
19.0,77.0,2,1,True,6.0,54.0,0,Yes,3.0,2,1,2.0,False,66,True,False,False,True,True,False,False,False,True,False,True,False,False,Aprobado,Reprobado
23.0,68.0,1,2,True,7.0,71.0,2,Yes,3.0,1,1,3.0,False,68,False,True,True,False,False,True,False,False,True,False,False,False,True,Aprobado,Aprobado
15.0,96.0,2,1,False,7.0,74.0,1,Yes,2.0,0,0,2.0,False,68,True,False,False,True,False,True,False,True,False,False,False,False,True,Aprobado,Aprobado
17.0,67.0,2,1,True,10.0,51.0,1,Yes,3.0,0,1,5.0,False,65,False,True,False,True,False,True,False,False,False,True,False,False,True,Aprobado,Reprobado
24.0,71.0,1,1,True,5.0,74.0,1,Yes,1.0,1,1,3.0,False,67,True,False,False,True,False,True,False,False,False,True,False,False,True,Aprobado,Aprobado
18.0,81.0,1,0,True,10.0,55.0,0,Yes,3.0,0,1,2.0,False,64,False,True,False,True,False,True,False,False,False,True,True,False,False,Reprobado,Reprobado
30.0,71.0,2,1,True,9.0,95.0,2,No,1.0,1,1,4.0,False,70,False,True,False,True,True,False,False,False,False,True,False,True,False,Aprobado,Aprobado
18.0,68.0,1,2,True,8.0,83.0,0,Yes,1.0,0,1,2.0,False,65,False,True,False,True,True,False,False,False,False,True,False,False,True,Aprobado,Aprobado
21.0,84.0,1,0,False,9.0,53.0,0,Yes,2.0,1,2,3.0,False,65,False,True,True,False,False,True,False,False,True,False,True,False,False,Aprobado,Reprobado
26.0,64.0,2,1,False,8.0,91.0,2,Yes,1.0,1,1,4.0,False,68,False,True,False,True,False,True,False,False,False,True,False,False,True,Aprobado,Aprobado
11.0,62.0,1,2,True,4.0,68.0,1,Yes,2.0,2,1,3.0,False,61,False,True,False,True,False,True,False,False,True,False,True,False,False,Reprobado,Aprobado
9.0,75.0,2,0,False,8.0,61.0,2,Yes,3.0,1,1,3.0,False,63,False,True,False,True,False,True,False,False,False,True,False,True,False,Reprobado,Reprobado
11.0,89.0,1,1,True,5.0,63.0,1,Yes,0.0,1,1,2.0,False,65,False,True,True,False,True,False,False,False,False,True,False,True,False,Aprobado,Reprobado
28.0,82.0,1,1,True,6.0,80.0,1,Yes,1.0,0,1,5.0,False,69,True,False,True,False,False,True,False,True,False,False,False,True,False,Aprobado,Aprobado
17.0,77.0,1,1,False,7.0,54.0,0,Yes,1.0,0,2,2.0,False,64,False,True,False,True,True,False,False,False,False,True,False,False,True,Reprobado,Reprobado
35.0,83.0,1,0,False,6.0,53.0,1,Yes,1.0,0,1,2.0,False,69,True,False,True,False,False,True,False,False,False,True,False,True,False,Aprobado,Reprobado
17.0,75.0,2,1,True,8.0,81.0,0,Yes,3.0,2,1,3.0,True,67,False,True,False,True,False,False,True,False,False,True,False,True,False,Aprobado,Aprobado
21.0,97.0,1,2,True,7.0,99.0,2,Yes,1.0,1,2,1.0,False,74,False,True,False,True,False,False,True,False,True,False,False,True,False,Aprobado,Aprobado
29.0,62.0,2,1,True,8.0,74.0,1,Yes,1.0,0,1,3.0,True,66,True,False,False,True,True,False,False,False,False,True,True,False,False,Aprobado,Aprobado
32.0,87.0,1,2,True,7.0,71.0,1,Yes,0.0,2,0,4.0,True,72,False,True,False,True,True,False,False,False,False,True,False,True,False,Aprobado,Aprobado
32.0,96.0,1,0,True,7.0,97.0,0,Yes,1.0,0,1,5.0,False,73,False,True,False,True,True,False,False,False,True,False,False,True,False,Aprobado,Aprobado
27.0,92.0,2,1,False,6.0,62.0,2,Yes,0.0,1,2,4.0,False,73,False,True,False,True,True,False,False,False,False,True,False,False,True,Aprobado,Reprobado
26.0,67.0,0,1,True,5.0,62.0,2,Yes,0.0,1,1,2.0,False,63,False,True,False,True,False,True,False,False,True,False,True,False,False,Reprobado,Reprobado
24.0,72.0,2,1,True,7.0,95.0,1,Yes,3.0,0,1,2.0,False,69,False,True,False,True,False,False,True,False,False,True,True,False,False,Aprobado,Aprobado
25.0,89.0,0,0,True,6.0,82.0,2,Yes,2.0,0,1,6.0,False,71,False,True,False,True,False,False,True,False,False,True,False,True,False,Aprobado,Aprobado
17.0,63.0,2,1,False,9.0,53.0,2,Yes,1.0,0,2,4.0,False,63,False,True,False,True,True,False,False,False,True,False,False,True,False,Reprobado,Reprobado
15.0,92.0,1,2,True,5.0,84.0,1,Yes,0.0,2,0,5.0,False,69,False,True,True,False,False,True,False,False,True,False,False,False,True,Aprobado,Aprobado
20.0,89.0,2,2,True,10.0,91.0,0,Yes,3.0,1,1,3.0,False,72,True,False,False,True,True,False,False,False,True,False,False,True,False,Aprobado,Aprobado
19.0,89.0,2,0,True,7.0,64.0,1,Yes,2.0,0,1,4.0,True,68,False,True,True,False,False,False,True,False,True,False,False,False,True,Aprobado,Reprobado
17.0,64.0,0,2,False,7.0,69.0,1,Yes,1.0,1,1,3.0,False,62,False,True,True,False,False,True,False,False,False,True,True,False,False,Reprobado,Aprobado
24.0,89.0,0,2,True,6.0,60.0,1,Yes,1.0,0,1,2.0,False,68,True,False,False,True,False,True,False,False,False,True,False,True,False,Aprobado,Reprobado
26.0,87.0,1,1,True,8.0,82.0,2,Yes,1.0,0,1,2.0,False,71,False,True,False,True,False,False,True,False,False,True,True,False,False,Aprobado,Aprobado
21.0,93.0,1,0,True,7.0,83.0,0,No,1.0,2,2,3.0,True,67,False,True,False,True,False,True,False,False,True,False,False,True,False,Aprobado,Aprobado
29.0,62.0,0,2,True,7.0,53.0,2,Yes,0.0,0,1,3.0,False,65,True,False,True,False,True,False,False,False,True,False,False,False,True,Aprobado,Reprobado
13.0,61.0,0,1,True,8.0,84.0,2,No,1.0,1,2,3.0,True,60,False,True,False,True,False,False,True,True,False,False,False,True,False,Reprobado,Aprobado
19.0,75.0,1,2,True,8.0,83.0,2,Yes,2.0,2,1,2.0,False,68,False,True,False,True,False,True,False,False,False,True,False,True,False,Aprobado,Aprobado
16.0,66.0,0,1,True,9.0,52.0,1,Yes,1.0,1,0,3.0,True,59,False,True,False,True,False,True,False,False,False,True,True,False,False,Reprobado,Reprobado
9.0,82.0,2,1,False,8.0,78.0,1,Yes,0.0,2,1,0.0,False,64,False,True,True,False,False,True,False,False,True,False,False,True,False,Reprobado,Aprobado
20.0,97.0,2,1,True,6.0,81.0,2,Yes,2.0,0,0,3.0,False,71,False,True,False,True,False,True,False,False,True,False,False,True,False,Aprobado,Aprobado
19.0,76.0,2,2,False,4.0,72.0,0,Yes,2.0,2,1,2.0,False,68,False,True,True,False,True,False,False,False,True,False,False,True,False,Aprobado,Aprobado
29.0,94.0,0,1,True,7.0,95.0,1,No,2.0,0,1,3.0,True,70,False,True,False,True,True,False,False,False,True,False,False,True,False,Aprobado,Aprobado
24.0,60.0,0,0,False,7.0,66.0,1,Yes,1.0,1,2,4.0,False,62,False,True,True,False,True,False,False,False,False,True,False,True,False,Reprobado,Aprobado
14.0,67.0,1,1,False,10.0,53.0,1,Yes,2.0,2,1,3.0,False,62,False,True,False,True,True,False,False,False,False,True,False,True,False,Reprobado,Reprobado
31.0,61.0,2,1,False,7.0,84.0,1,Yes,2.0,1,1,3.0,False,68,True,False,False,True,False,True,False,False,False,True,False,True,False,Aprobado,Aprobado
27.0,73.0,1,1,False,8.0,80.0,0,Yes,3.0,1,1,3.0,False,68,True,False,True,False,False,True,False,False,False,True,True,False,False,Aprobado,Aprobado
23.0,96.0,1,1,True,8.0,99.0,2,Yes,3.0,0,0,4.0,False,74,False,True,True,False,False,True,False,False,False,True,False,False,True,Aprobado,Aprobado
19.0,64.0,0,1,False,8.0,62.0,1,Yes,0.0,2,1,4.0,True,61,False,True,False,True,True,False,False,False,False,True,False,False,True,Reprobado,Reprobado
14.0,84.0,1,1,True,8.0,70.0,1,Yes,1.0,0,2,5.0,False,67,False,True,False,True,True,False,False,False,False,True,False,True,False,Aprobado,Aprobado
18.0,78.0,1,0,False,6.0,73.0,1,Yes,1.0,2,2,2.0,False,65,False,True,True,False,False,True,False,False,True,False,False,False,True,Aprobado,Aprobado
27.0,98.0,0,1,True,6.0,93.0,0,No,5.0,2,2,3.0,False,100,False,True,True,False,False,True,False,False,True,False,False,False,True,Aprobado,Aprobado
31.0,65.0,1,0,True,7.0,71.0,1,Yes,1.0,0,1,4.0,False,65,False,True,False,True,False,True,False,False,True,False,False,True,False,Aprobado,Aprobado
29.0,68.0,1,1,False,4.0,89.0,1,Yes,0.0,1,1,4.0,True,67,True,False,False,True,True,False,False,False,False,True,False,True,False,Aprobado,Aprobado
17.0,61.0,1,2,True,7.0,58.0,0,Yes,2.0,0,1,3.0,True,61,False,True,True,False,False,True,False,False,False,True,False,False,True,Reprobado,Reprobado
13.0,77.0,1,1,False,6.0,70.0,1,Yes,3.0,1,2,4.0,True,64,False,True,False,True,False,True,False,False,False,True,False,True,False,Reprobado,Aprobado
21.0,71.0,2,0,False,7.0,58.0,2,Yes,1.0,1,2,3.0,True,64,False,True,True,False,True,False,False,True,False,False,False,False,True,Reprobado,Reprobado
9.0,95.0,1,1,True,7.0,97.0,1,Yes,1.0,0,0,2.0,False,67,False,True,False,True,True,False,False,False,False,True,False,True,False,Aprobado,Aprobado
22.0,84.0,1,1,True,5.0,59.0,1,Yes,0.0,2,2,3.0,False,69,True,False,True,False,True,False,False,False,False,True,False,False,True,Aprobado,Reprobado
19.0,85.0,2,1,True,9.0,71.0,0,Yes,1.0,1,2,2.0,False,69,False,True,True,False,False,False,True,False,True,False,False,False,True,Aprobado,Aprobado
17.0,81.0,2,1,False,7.0,54.0,1,Yes,4.0,0,1,3.0,False,67,False,True,True,False,False,True,False,False,False,True,False,False,True,Aprobado,Reprobado
10.0,64.0,1,2,False,8.0,96.0,1,Yes,1.0,1,1,3.0,False,62,False,True,False,True,False,True,False,False,True,False,False,True,False,Reprobado,Aprobado
23.0,78.0,0,2,False,7.0,81.0,1,Yes,0.0,0,1,1.0,False,66,True,False,False,True,False,True,False,False,False,True,False,True,False,Aprobado,Aprobado
17.0,100.0,2,1,False,8.0,98.0,0,Yes,0.0,1,2,4.0,False,72,False,True,False,True,True,False,False,False,False,True,False,False,True,Aprobado,Aprobado
13.0,93.0,1,1,True,5.0,52.0,0,Yes,2.0,1,1,3.0,False,67,False,True,True,False,True,False,False,False,False,True,False,False,True,Aprobado,Reprobado
3.0,96.0,2,2,True,9.0,59.0,1,Yes,2.0,0,1,3.0,False,66,False,True,True,False,True,False,False,False,True,False,True,False,False,Aprobado,Reprobado
20.0,93.0,0,0,True,8.0,69.0,1,Yes,2.0,0,1,4.0,False,67,False,True,False,True,False,True,False,False,True,False,False,True,False,Aprobado,Aprobado
31.0,64.0,2,0,True,7.0,81.0,0,Yes,1.0,1,1,4.0,False,67,False,True,True,False,False,True,False,False,False,True,False,False,True,Aprobado,Aprobado
30.0,69.0,1,1,True,7.0,66.0,1,Yes,0.0,1,0,4.0,False,68,False,True,True,False,False,False,True,False,False,True,False,False,True,Aprobado,Aprobado
17.0,60.0,2,1,True,9.0,86.0,1,Yes,0.0,0,2,2.0,False,63,False,True,False,True,False,True,False,False,False,True,False,False,True,Reprobado,Aprobado
16.0,72.0,1,2,False,6.0,58.0,0,Yes,1.0,1,1,2.0,False,62,False,True,False,True,False,True,False,True,False,False,True,False,False,Reprobado,Reprobado
23.0,64.0,2,1,True,5.0,80.0,0,Yes,3.0,1,2,2.0,True,65,False,True,True,False,True,False,False,False,True,False,True,False,False,Aprobado,Aprobado
14.0,79.0,1,1,True,6.0,70.0,1,Yes,1.0,0,1,6.0,False,65,False,True,False,True,True,False,False,False,True,False,False,False,True,Aprobado,Aprobado
22.0,87.0,1,2,True,7.0,75.0,1,Yes,0.0,1,2,2.0,True,70,False,True,True,False,True,False,False,False,False,True,False,False,True,Aprobado,Aprobado
25.0,95.0,0,1,False,7.0,78.0,1,Yes,7.0,0,1,4.0,False,73,False,True,False,True,False,True,False,False,False,True,False,False,True,Aprobado,Aprobado
27.0,90.0,2,1,True,9.0,53.0,1,Yes,1.0,1,2,2.0,False,73,False,True,True,False,False,False,True,False,False,True,False,False,True,Aprobado,Reprobado
19.0,98.0,1,0,True,6.0,96.0,1,No,2.0,0,1,2.0,False,68,True,False,False,True,False,True,False,False,True,False,True,False,False,Aprobado,Aprobado
19.0,62.0,1,0,False,6.0,89.0,2,Yes,3.0,1,1,1.0,False,63,False,True,False,True,False,True,False,False,True,False,False,False,True,Reprobado,Aprobado
15.0,60.0,1,0,True,5.0,72.0,2,Yes,2.0,2,2,2.0,False,62,False,True,False,True,False,True,False,False,False,True,False,False,True,Reprobado,Aprobado
15.0,86.0,2,1,True,8.0,77.0,1,Yes,0.0,1,1,3.0,False,69,False,True,False,True,False,False,True,False,False,True,False,False,True,Aprobado,Aprobado
19.0,72.0,1,2,False,5.0,52.0,1,Yes,2.0,1,1,3.0,False,66,False,True,False,True,False,False,True,False,False,True,False,True,False,Aprobado,Reprobado
22.0,70.0,1,2,True,8.0,75.0,2,Yes,0.0,1,1,3.0,False,68,True,False,False,True,False,False,True,False,False,True,False,False,True,Aprobado,Aprobado
25.0,73.0,2,1,True,6.0,71.0,0,Yes,0.0,0,1,3.0,False,67,True,False,True,False,True,False,False,True,False,False,False,False,True,Aprobado,Aprobado
15.0,71.0,2,2,True,6.0,69.0,0,Yes,2.0,0,2,4.0,False,65,True,False,True,False,True,False,False,False,False,True,True,False,False,Aprobado,Aprobado
29.0,80.0,0,1,True,10.0,91.0,2,No,1.0,2,1,3.0,False,70,False,True,False,True,True,False,False,False,True,False,False,False,True,Aprobado,Aprobado
18.0,78.0,0,1,True,9.0,59.0,2,No,0.0,2,2,1.0,False,64,True,False,True,False,False,True,False,False,True,False,False,False,True,Reprobado,Reprobado
20.0,80.0,0,0,True,7.0,59.0,2,Yes,2.0,1,2,3.0,False,65,True,False,False,True,False,True,False,False,True,False,False,True,False,Aprobado,Reprobado
16.0,87.0,1,1,False,5.0,76.0,2,Yes,1.0,0,2,2.0,False,67,True,False,True,False,False,False,True,True,False,False,False,True,False,Aprobado,Aprobado
5.0,75.0,1,0,True,10.0,84.0,1,Yes,0.0,2,1,4.0,False,62,True,False,True,False,False,False,True,False,True,False,False,True,False,Reprobado,Aprobado
25.0,70.0,1,1,True,7.0,51.0,2,Yes,3.0,0,1,4.0,False,66,False,True,False,True,False,True,False,False,True,False,False,False,True,Aprobado,Reprobado
24.0,67.0,2,2,True,7.0,77.0,0,Yes,0.0,2,1,2.0,False,68,False,True,True,False,True,False,False,False,False,True,False,False,True,Aprobado,Aprobado
18.0,74.0,1,0,False,8.0,65.0,2,Yes,0.0,1,2,4.0,False,64,False,True,True,False,True,False,False,False,True,False,False,False,True,Reprobado,Aprobado
20.0,90.0,2,0,False,4.0,88.0,1,Yes,3.0,0,1,3.0,False,69,False,True,False,True,False,True,False,False,True,False,True,False,False,Aprobado,Aprobado
23.0,90.0,1,1,True,6.0,73.0,0,No,1.0,2,1,2.0,False,69,True,False,True,False,False,True,False,False,False,True,False,False,True,Aprobado,Aprobado
11.0,87.0,1,1,True,7.0,92.0,1,Yes,1.0,1,1,5.0,False,67,False,True,True,False,False,True,False,False,True,False,False,False,True,Aprobado,Aprobado
17.0,69.0,1,1,True,7.0,70.0,0,Yes,0.0,0,2,3.0,True,61,False,True,False,True,True,False,False,False,True,False,False,True,False,Reprobado,Aprobado
25.0,84.0,2,1,True,5.0,91.0,0,Yes,1.0,1,1,4.0,True,70,False,True,True,False,False,False,True,False,True,False,False,False,True,Aprobado,Aprobado
12.0,83.0,0,1,True,7.0,86.0,0,Yes,1.0,2,1,4.0,False,65,False,True,True,False,True,False,False,False,False,True,True,False,False,Aprobado,Aprobado
22.0,79.0,1,1,True,7.0,91.0,0,Yes,0.0,0,1,4.0,True,66,False,True,False,True,True,False,False,False,True,False,False,False,True,Aprobado,Aprobado
12.0,82.0,0,1,True,10.0,91.0,1,Yes,3.0,0,1,3.0,False,66,False,True,False,True,False,False,True,False,False,True,True,False,False,Aprobado,Aprobado
23.0,80.0,1,2,True,9.0,74.0,1,Yes,4.0,1,1,3.0,False,69,False,True,False,True,False,True,False,False,True,False,True,False,False,Aprobado,Aprobado
20.0,83.0,1,1,True,7.0,68.0,2,Yes,1.0,1,1,1.0,False,67,False,True,True,False,False,True,False,False,False,True,False,False,True,Aprobado,Aprobado
10.0,89.0,2,2,True,7.0,88.0,1,Yes,2.0,2,1,2.0,False,71,True,False,True,False,False,False,True,False,False,True,False,False,True,Aprobado,Aprobado
27.0,64.0,2,2,True,9.0,68.0,2,Yes,1.0,0,2,4.0,False,68,True,False,False,True,False,True,False,False,False,True,False,True,False,Aprobado,Aprobado
16.0,90.0,1,1,False,7.0,54.0,2,No,2.0,1,1,3.0,False,67,False,True,True,False,False,True,False,False,False,True,False,False,True,Aprobado,Reprobado
15.0,65.0,2,1,False,5.0,93.0,0,Yes,2.0,0,1,4.0,True,63,False,True,True,False,False,True,False,False,False,True,False,True,False,Reprobado,Aprobado
21.0,63.0,1,1,False,10.0,70.0,0,Yes,1.0,2,2,2.0,False,64,True,False,True,False,True,False,False,False,False,True,False,False,True,Reprobado,Aprobado
27.0,99.0,2,1,True,6.0,57.0,1,Yes,3.0,0,1,3.0,False,73,False,True,False,True,True,False,False,False,True,False,False,True,False,Aprobado,Reprobado
14.0,98.0,1,1,True,10.0,82.0,2,Yes,1.0,0,1,3.0,False,69,True,False,False,True,False,True,False,False,True,False,False,False,True,Aprobado,Aprobado
20.0,62.0,2,0,False,8.0,94.0,2,Yes,1.0,1,1,3.0,False,65,False,True,True,False,False,True,False,False,False,True,False,False,True,Aprobado,Aprobado
23.0,78.0,2,0,True,6.0,93.0,1,Yes,0.0,1,2,5.0,False,70,True,False,False,True,False,False,True,False,False,True,False,False,True,Aprobado,Aprobado
24.0,67.0,2,1,True,4.0,78.0,0,Yes,1.0,0,2,2.0,False,67,False,True,True,False,False,True,False,False,False,True,False,False,True,Aprobado,Aprobado
21.0,79.0,1,0,True,8.0,54.0,2,Yes,3.0,0,1,3.0,False,67,False,True,True,False,False,False,True,False,True,False,False,False,True,Aprobado,Reprobado
18.0,93.0,1,2,True,5.0,85.0,1,Yes,0.0,0,1,3.0,False,70,False,True,False,True,False,True,False,False,False,True,False,False,True,Aprobado,Aprobado
15.0,98.0,2,0,False,8.0,80.0,0,No,2.0,2,2,2.0,False,69,False,True,True,False,False,False,True,False,False,True,True,False,False,Aprobado,Aprobado
21.0,85.0,2,1,False,10.0,61.0,2,Yes,2.0,1,1,2.0,True,68,False,True,False,True,False,True,False,False,False,True,False,True,False,Aprobado,Reprobado
14.0,74.0,1,2,False,5.0,95.0,2,Yes,1.0,0,2,3.0,True,66,False,True,False,True,True,False,False,False,False,True,False,False,True,Aprobado,Aprobado
2.0,84.0,0,2,False,8.0,54.0,0,Yes,3.0,0,0,4.0,False,62,False,True,False,True,False,True,False,False,False,True,False,False,True,Reprobado,Reprobado
23.0,72.0,1,1,True,6.0,69.0,0,Yes,2.0,2,1,4.0,False,67,False,True,False,True,False,True,False,False,False,True,False,False,True,Aprobado,Aprobado
25.0,96.0,1,0,True,9.0,55.0,2,Yes,2.0,1,2,4.0,False,71,False,True,False,True,False,True,False,False,True,False,False,True,False,Aprobado,Reprobado
6.0,95.0,2,1,True,7.0,96.0,1,Yes,4.0,0,1,2.0,False,68,False,True,True,False,False,True,False,False,True,False,False,True,False,Aprobado,Aprobado
14.0,82.0,2,1,True,7.0,52.0,2,Yes,3.0,0,1,2.0,False,66,False,True,True,False,False,True,False,False,False,True,True,False,False,Aprobado,Reprobado
24.0,73.0,0,1,True,9.0,71.0,2,Yes,0.0,0,1,3.0,False,64,False,True,False,True,False,True,False,False,True,False,False,True,False,Reprobado,Aprobado
32.0,72.0,2,1,True,8.0,93.0,0,Yes,1.0,0,1,4.0,False,71,True,False,True,False,False,False,True,False,False,True,False,True,False,Aprobado,Aprobado
20.0,61.0,0,0,True,6.0,63.0,1,Yes,1.0,1,2,4.0,False,61,False,True,False,True,True,False,False,True,False,False,False,False,True,Reprobado,Reprobado
16.0,93.0,1,2,False,10.0,55.0,1,No,2.0,0,1,2.0,False,67,False,True,False,True,True,False,False,False,False,True,False,True,False,Aprobado,Reprobado
19.0,78.0,1,0,True,5.0,56.0,0,Yes,3.0,2,1,4.0,False,65,False,True,True,False,True,False,False,False,True,False,False,True,False,Aprobado,Reprobado
28.0,73.0,2,1,True,7.0,70.0,0,No,0.0,0,1,6.0,False,66,True,False,True,False,True,False,False,False,True,False,True,False,False,Aprobado,Aprobado
16.0,79.0,2,2,True,6.0,71.0,1,Yes,2.0,0,2,4.0,False,68,False,True,True,False,False,True,False,False,False,True,False,True,False,Aprobado,Aprobado
15.0,93.0,1,1,False,5.0,86.0,1,Yes,0.0,0,1,2.0,False,66,False,True,False,True,True,False,False,True,False,False,False,True,False,Aprobado,Aprobado
17.0,65.0,1,1,False,5.0,62.0,1,Yes,2.0,1,1,4.0,False,63,False,True,True,False,False,True,False,False,False,True,False,False,True,Reprobado,Reprobado
14.0,94.0,0,0,True,7.0,85.0,0,Yes,1.0,2,1,3.0,False,66,False,True,True,False,False,True,False,False,True,False,False,True,False,Aprobado,Aprobado
21.0,96.0,1,2,False,8.0,100.0,1,Yes,1.0,2,1,2.0,False,73,True,False,True,False,True,False,False,False,False,True,False,False,True,Aprobado,Aprobado
30.0,98.0,1,0,True,9.0,93.0,1,Yes,1.0,0,0,3.0,False,88,True,False,False,True,False,True,False,False,False,True,False,False,True,Aprobado,Aprobado
22.0,76.0,1,1,False,9.0,82.0,2,Yes,0.0,1,2,4.0,False,67,True,False,False,True,False,True,False,False,False,True,False,True,False,Aprobado,Aprobado
18.0,69.0,2,2,True,7.0,97.0,1,Yes,2.0,1,1,2.0,False,69,False,True,True,False,True,False,False,False,False,True,False,False,True,Aprobado,Aprobado
18.0,75.0,1,0,True,6.0,100.0,2,Yes,2.0,0,1,3.0,False,67,False,True,True,False,False,True,False,False,False,True,False,False,True,Aprobado,Aprobado
11.0,73.0,1,2,True,9.0,79.0,1,Yes,1.0,0,2,2.0,False,64,False,True,False,True,False,True,False,False,False,True,False,True,False,Reprobado,Aprobado
25.0,67.0,1,2,True,6.0,64.0,1,No,0.0,0,1,2.0,False,64,False,True,False,True,False,True,False,False,True,False,False,True,False,Reprobado,Reprobado
20.0,84.0,0,1,False,5.0,96.0,0,Yes,1.0,0,1,2.0,False,65,False,True,False,True,False,True,False,False,False,True,True,False,False,Aprobado,Aprobado
19.0,79.0,1,1,False,8.0,92.0,2,Yes,1.0,1,2,2.0,False,68,False,True,False,True,False,True,False,False,False,True,False,False,True,Aprobado,Aprobado
39.0,95.0,1,2,True,9.0,54.0,2,Yes,2.0,1,1,3.0,False,77,True,False,False,True,False,True,False,False,True,False,False,False,True,Aprobado,Reprobado
22.0,61.0,1,1,True,6.0,97.0,2,Yes,0.0,0,2,2.0,True,63,False,True,False,True,False,True,False,False,False,True,True,False,False,Reprobado,Aprobado
15.0,86.0,2,2,True,10.0,68.0,1,Yes,0.0,2,1,5.0,False,69,False,True,False,True,True,False,False,False,False,True,False,True,False,Aprobado,Aprobado
17.0,91.0,1,1,True,8.0,66.0,1,Yes,3.0,1,0,2.0,False,69,False,True,False,True,True,False,False,False,False,True,False,False,True,Aprobado,Aprobado
27.0,90.0,1,0,False,8.0,67.0,1,Yes,2.0,1,1,3.0,False,70,False,True,False,True,False,False,True,False,False,True,True,False,False,Aprobado,Aprobado
21.0,95.0,2,1,True,6.0,66.0,2,Yes,1.0,1,2,4.0,False,73,False,True,False,True,True,False,False,False,False,True,False,False,True,Aprobado,Aprobado
11.0,89.0,1,0,True,9.0,76.0,1,Yes,1.0,1,2,3.0,False,66,False,True,False,True,False,False,True,True,False,False,False,True,False,Aprobado,Aprobado
26.0,97.0,1,0,False,5.0,79.0,2,Yes,2.0,0,0,3.0,False,71,True,False,True,False,False,True,False,False,False,True,False,False,True,Aprobado,Aprobado
16.0,73.0,1,0,True,6.0,71.0,1,Yes,2.0,2,2,5.0,False,66,False,True,False,True,True,False,False,False,False,True,False,False,True,Aprobado,Aprobado
31.0,80.0,1,1,True,6.0,71.0,2,Yes,2.0,0,2,3.0,False,71,False,True,True,False,False,True,False,False,False,True,False,True,False,Aprobado,Aprobado
26.0,61.0,1,0,True,5.0,87.0,1,Yes,3.0,2,2,2.0,True,66,False,True,False,True,False,True,False,False,False,True,False,False,True,Aprobado,Aprobado
17.0,60.0,1,2,True,8.0,50.0,2,Yes,0.0,0,2,4.0,False,63,False,True,True,False,False,True,False,False,False,True,False,False,True,Reprobado,Reprobado
28.0,70.0,2,2,True,8.0,97.0,1,Yes,5.0,0,0,5.0,True,70,False,True,False,True,False,True,False,False,False,True,True,False,False,Aprobado,Aprobado
20.0,64.0,2,1,True,8.0,86.0,1,Yes,1.0,1,1,2.0,False,66,False,True,False,True,False,False,True,False,False,True,False,True,False,Aprobado,Aprobado
25.0,70.0,1,1,False,7.0,85.0,1,Yes,1.0,1,1,4.0,False,66,False,True,False,True,False,True,False,False,False,True,True,False,False,Aprobado,Aprobado
23.0,67.0,1,1,False,8.0,71.0,2,Yes,2.0,1,1,4.0,False,66,False,True,True,False,True,False,False,False,True,False,False,True,False,Aprobado,Aprobado
15.0,61.0,1,1,False,7.0,98.0,1,Yes,1.0,1,1,3.0,False,62,False,True,False,True,False,True,False,False,False,True,False,True,False,Reprobado,Aprobado
16.0,96.0,1,1,False,6.0,50.0,2,Yes,1.0,1,2,3.0,False,69,False,True,False,True,True,False,False,False,False,True,False,False,True,Aprobado,Reprobado
26.0,60.0,0,2,True,6.0,54.0,0,Yes,1.0,0,1,1.0,False,63,True,False,False,True,False,False,True,False,True,False,False,False,True,Reprobado,Reprobado
18.0,89.0,1,0,True,4.0,90.0,0,Yes,1.0,2,1,2.0,True,68,False,True,True,False,False,False,True,False,False,True,False,False,True,Aprobado,Aprobado
18.0,66.0,1,2,False,9.0,87.0,1,Yes,1.0,1,0,3.0,False,64,True,False,False,True,False,True,False,False,True,False,False,False,True,Reprobado,Aprobado
14.0,96.0,0,2,True,9.0,64.0,2,Yes,2.0,0,2,3.0,False,69,False,True,False,True,False,False,True,False,True,False,False,True,False,Aprobado,Reprobado
23.0,96.0,0,1,True,10.0,80.0,0,Yes,3.0,0,2,3.0,False,71,False,True,False,True,False,True,False,False,False,True,False,False,True,Aprobado,Aprobado
32.0,86.0,1,1,True,6.0,77.0,1,No,2.0,1,0,4.0,False,71,True,False,False,True,False,True,False,False,False,True,True,False,False,Aprobado,Aprobado
14.0,87.0,1,1,False,6.0,76.0,1,Yes,1.0,0,1,4.0,False,66,True,False,True,False,True,False,False,True,False,False,False,False,True,Aprobado,Aprobado
20.0,60.0,1,1,True,4.0,80.0,0,Yes,2.0,2,1,3.0,True,63,True,False,False,True,True,False,False,False,True,False,False,False,True,Reprobado,Aprobado
28.0,99.0,0,1,True,8.0,100.0,0,Yes,0.0,1,1,2.0,False,72,False,True,False,True,False,True,False,True,False,False,False,False,True,Aprobado,Aprobado
20.0,95.0,1,1,True,8.0,99.0,0,No,1.0,0,1,3.0,False,70,True,False,True,False,True,False,False,False,False,True,False,True,False,Aprobado,Aprobado
23.0,96.0,1,0,False,9.0,99.0,1,Yes,0.0,2,1,2.0,False,71,True,False,True,False,True,False,False,False,False,True,False,True,False,Aprobado,Aprobado
14.0,86.0,0,0,True,6.0,77.0,1,Yes,3.0,2,1,3.0,False,65,True,False,False,True,False,True,False,True,False,False,False,True,False,Aprobado,Aprobado
23.0,74.0,1,0,True,8.0,66.0,0,Yes,0.0,2,1,4.0,False,65,False,True,True,False,False,False,True,False,False,True,True,False,False,Aprobado,Aprobado
19.0,96.0,0,1,False,6.0,78.0,2,Yes,1.0,0,0,2.0,False,67,False,True,False,True,False,True,False,True,False,False,False,False,True,Aprobado,Aprobado
26.0,72.0,2,1,False,9.0,81.0,2,Yes,0.0,1,2,3.0,False,68,False,True,False,True,False,True,False,False,False,True,False,True,False,Aprobado,Aprobado
27.0,83.0,1,1,True,8.0,66.0,1,Yes,3.0,1,1,4.0,False,70,False,True,True,False,True,False,False,True,False,False,False,False,True,Aprobado,Aprobado
36.0,64.0,1,1,True,5.0,82.0,1,Yes,2.0,1,2,2.0,False,70,True,False,True,False,False,True,False,False,False,True,False,False,True,Aprobado,Aprobado
23.0,97.0,0,2,True,7.0,81.0,0,Yes,2.0,1,2,3.0,False,72,False,True,False,True,False,True,False,False,False,True,False,True,False,Aprobado,Aprobado
22.0,66.0,1,2,False,4.0,95.0,1,Yes,1.0,0,0,5.0,False,65,False,True,False,True,True,False,False,False,True,False,False,True,False,Aprobado,Aprobado
21.0,69.0,1,1,True,5.0,62.0,2,Yes,2.0,0,1,3.0,False,65,False,True,False,True,False,True,False,False,False,True,False,False,True,Aprobado,Reprobado
18.0,82.0,2,1,True,5.0,85.0,2,Yes,3.0,1,2,4.0,False,71,True,False,False,True,False,False,True,False,False,True,False,True,False,Aprobado,Aprobado
22.0,91.0,2,2,True,6.0,73.0,0,Yes,3.0,2,1,4.0,False,74,False,True,False,True,False,False,True,False,False,True,False,False,True,Aprobado,Aprobado
18.0,85.0,0,1,False,7.0,56.0,0,Yes,0.0,0,1,4.0,False,64,True,False,False,True,False,True,False,False,True,False,False,False,True,Reprobado,Reprobado
21.0,69.0,1,1,False,7.0,66.0,2,Yes,1.0,1,1,4.0,False,64,True,False,True,False,False,True,False,True,False,False,False,True,False,Reprobado,Aprobado
28.0,60.0,1,2,True,7.0,53.0,0,Yes,3.0,0,1,3.0,False,65,True,False,True,False,False,True,False,False,False,True,False,True,False,Aprobado,Reprobado
14.0,90.0,0,1,True,7.0,66.0,1,Yes,1.0,1,1,5.0,False,67,False,True,False,True,True,False,False,False,False,True,False,True,False,Aprobado,Aprobado
27.0,99.0,2,1,False,7.0,53.0,0,Yes,2.0,0,2,3.0,False,73,False,True,False,True,True,False,False,False,False,True,False,True,False,Aprobado,Reprobado
28.0,92.0,0,2,False,5.0,96.0,2,Yes,1.0,1,0,3.0,False,72,False,True,False,True,True,False,False,False,True,False,False,True,False,Aprobado,Aprobado
19.0,78.0,1,1,False,7.0,55.0,0,Yes,0.0,1,1,3.0,False,65,False,True,False,True,True,False,False,False,False,True,False,False,True,Aprobado,Reprobado
7.0,96.0,1,2,False,9.0,91.0,1,Yes,0.0,0,1,4.0,False,67,False,True,False,True,True,False,False,False,False,True,False,True,False,Aprobado,Aprobado
16.0,76.0,1,1,True,7.0,95.0,0,Yes,2.0,1,1,3.0,False,66,False,True,True,False,False,True,False,False,False,True,True,False,False,Aprobado,Aprobado
28.0,81.0,2,1,True,8.0,73.0,0,Yes,0.0,1,2,3.0,False,70,False,True,False,True,False,False,True,False,False,True,True,False,False,Aprobado,Aprobado
20.0,79.0,2,1,False,8.0,53.0,1,Yes,2.0,1,1,3.0,False,66,True,False,True,False,False,True,False,False,True,False,False,True,False,Aprobado,Reprobado
14.0,78.0,2,2,True,8.0,80.0,0,Yes,1.0,1,1,1.0,False,66,False,True,True,False,False,True,False,False,False,True,False,True,False,Aprobado,Aprobado
17.0,91.0,1,0,True,7.0,62.0,0,Yes,3.0,2,1,3.0,False,68,False,True,False,True,False,False,True,False,False,True,True,False,False,Aprobado,Reprobado
25.0,81.0,0,1,True,8.0,59.0,0,Yes,3.0,0,1,4.0,False,68,False,True,False,True,True,False,False,False,False,True,False,False,True,Aprobado,Reprobado
23.0,73.0,2,2,False,8.0,78.0,0,Yes,0.0,2,1,4.0,False,67,False,True,True,False,False,True,False,False,True,False,False,True,False,Aprobado,Aprobado
19.0,70.0,2,1,True,8.0,68.0,2,No,1.0,0,1,3.0,False,65,False,True,True,False,True,False,False,False,False,True,False,False,True,Aprobado,Aprobado
18.0,62.0,1,0,True,8.0,87.0,1,Yes,4.0,0,1,4.0,False,64,False,True,True,False,True,False,False,False,False,True,False,False,True,Reprobado,Aprobado
18.0,83.0,2,1,False,5.0,80.0,2,Yes,1.0,2,2,2.0,False,70,False,True,False,True,True,False,False,False,False,True,False,False,True,Aprobado,Aprobado
14.0,69.0,0,1,False,5.0,91.0,1,Yes,0.0,2,1,3.0,False,63,False,True,False,True,True,False,False,False,True,False,False,False,True,Reprobado,Aprobado
30.0,66.0,1,2,False,6.0,53.0,0,No,2.0,0,1,2.0,False,65,False,True,False,True,False,True,False,False,False,True,False,False,True,Aprobado,Reprobado
18.0,86.0,0,1,True,9.0,62.0,1,Yes,4.0,1,1,2.0,True,67,False,True,True,False,False,False,True,False,False,True,True,False,False,Aprobado,Reprobado
27.0,87.0,1,1,True,7.0,78.0,0,Yes,3.0,0,1,5.0,False,71,True,False,True,False,False,True,False,False,False,True,True,False,False,Aprobado,Aprobado
29.0,90.0,2,1,True,7.0,94.0,1,Yes,1.0,0,0,4.0,False,73,True,False,True,False,False,True,False,False,False,True,False,True,False,Aprobado,Aprobado
26.0,80.0,1,1,False,4.0,91.0,0,Yes,1.0,0,1,3.0,False,67,True,False,False,True,False,True,False,True,False,False,False,True,False,Aprobado,Aprobado
17.0,96.0,2,1,True,7.0,84.0,1,Yes,2.0,0,2,3.0,False,72,True,False,True,False,True,False,False,False,False,True,False,False,True,Aprobado,Aprobado
22.0,97.0,1,1,False,7.0,79.0,2,Yes,2.0,1,2,0.0,False,71,False,True,False,True,False,True,False,True,False,False,False,False,True,Aprobado,Aprobado
20.0,92.0,1,2,True,4.0,82.0,2,Yes,0.0,1,1,4.0,False,72,False,True,False,True,False,False,True,False,False,True,False,True,False,Aprobado,Aprobado
15.0,85.0,2,2,True,7.0,61.0,1,Yes,1.0,1,2,3.0,False,68,False,True,False,True,False,True,False,False,False,True,True,False,False,Aprobado,Reprobado
22.0,72.0,0,0,True,5.0,80.0,1,Yes,2.0,0,2,3.0,False,65,False,True,True,False,True,False,False,False,False,True,False,True,False,Aprobado,Aprobado
13.0,99.0,2,1,False,6.0,75.0,0,Yes,1.0,1,1,4.0,True,68,False,True,True,False,True,False,False,True,False,False,False,False,True,Aprobado,Aprobado
27.0,71.0,1,0,False,8.0,69.0,1,Yes,1.0,2,1,4.0,False,67,False,True,False,True,True,False,False,False,False,True,False,False,True,Aprobado,Aprobado
17.0,68.0,1,1,False,7.0,94.0,2,Yes,1.0,2,1,4.0,False,66,True,False,True,False,True,False,False,False,True,False,False,True,False,Aprobado,Aprobado
21.0,78.0,1,0,True,6.0,91.0,1,Yes,0.0,1,0,1.0,True,64,True,False,False,True,False,True,False,False,False,True,False,True,False,Reprobado,Aprobado
22.0,62.0,2,1,False,6.0,54.0,1,Yes,3.0,0,1,3.0,False,65,True,False,False,True,False,False,True,False,False,True,False,True,False,Aprobado,Reprobado
18.0,99.0,1,1,False,6.0,99.0,1,Yes,0.0,0,1,3.0,False,69,False,True,False,True,False,True,False,False,True,False,False,True,False,Aprobado,Aprobado
24.0,84.0,1,1,True,7.0,61.0,1,Yes,2.0,1,1,2.0,False,68,False,True,False,True,False,True,False,True,False,False,False,False,True,Aprobado,Reprobado
17.0,82.0,2,2,False,5.0,61.0,1,Yes,3.0,1,1,4.0,False,69,False,True,False,True,False,False,True,False,False,True,False,True,False,Aprobado,Reprobado
25.0,86.0,1,1,True,9.0,97.0,0,Yes,1.0,2,1,3.0,False,70,True,False,False,True,False,True,False,False,True,False,False,True,False,Aprobado,Aprobado
12.0,80.0,2,1,False,5.0,72.0,1,Yes,1.0,2,1,4.0,True,65,True,False,True,False,False,True,False,False,False,True,False,False,True,Aprobado,Aprobado
21.0,61.0,1,1,False,4.0,90.0,0,Yes,2.0,1,0,3.0,False,63,False,True,False,True,False,True,False,False,False,True,False,True,False,Reprobado,Aprobado
32.0,84.0,0,1,True,8.0,64.0,1,Yes,1.0,0,2,3.0,False,71,True,False,True,False,True,False,False,False,False,True,False,False,True,Aprobado,Reprobado
14.0,89.0,1,2,True,6.0,94.0,0,Yes,0.0,0,1,2.0,False,68,True,False,False,True,False,False,True,False,False,True,False,True,False,Aprobado,Aprobado
16.0,77.0,1,1,True,7.0,92.0,2,Yes,5.0,0,2,3.0,False,70,False,True,True,False,False,False,True,False,False,True,False,False,True,Aprobado,Aprobado
23.0,90.0,1,2,True,8.0,76.0,2,Yes,2.0,1,0,3.0,False,72,False,True,True,False,False,True,False,False,False,True,False,False,True,Aprobado,Aprobado
21.0,69.0,1,1,True,6.0,85.0,1,Yes,3.0,0,0,1.0,False,64,False,True,True,False,True,False,False,True,False,False,False,True,False,Reprobado,Aprobado
22.0,69.0,0,1,False,7.0,98.0,0,Yes,0.0,0,1,2.0,False,64,False,True,False,True,False,False,True,False,True,False,False,False,True,Reprobado,Aprobado
23.0,66.0,1,0,True,8.0,73.0,2,Yes,2.0,2,1,2.0,False,66,False,True,True,False,True,False,False,False,False,True,False,False,True,Aprobado,Aprobado
24.0,75.0,1,2,True,9.0,75.0,2,Yes,0.0,1,2,3.0,False,69,False,True,False,True,True,False,False,True,False,False,False,False,True,Aprobado,Aprobado
27.0,94.0,1,0,False,6.0,86.0,1,Yes,2.0,1,1,2.0,False,71,True,False,True,False,False,True,False,False,False,True,False,True,False,Aprobado,Aprobado
22.0,93.0,1,2,True,6.0,69.0,2,Yes,0.0,2,0,3.0,True,69,False,True,False,True,False,True,False,False,False,True,True,False,False,Aprobado,Aprobado
19.0,75.0,2,1,False,8.0,98.0,0,Yes,1.0,0,1,3.0,False,67,False,True,False,True,False,False,True,False,True,False,False,True,False,Aprobado,Aprobado
24.0,84.0,0,1,True,7.0,52.0,1,Yes,0.0,0,2,3.0,False,66,False,True,False,True,False,True,False,False,False,True,False,True,False,Aprobado,Reprobado
31.0,89.0,1,1,False,7.0,70.0,1,Yes,2.0,0,2,2.0,False,71,False,True,True,False,False,True,False,False,True,False,False,False,True,Aprobado,Aprobado
19.0,70.0,1,0,True,9.0,86.0,0,Yes,2.0,2,1,2.0,True,63,False,True,False,True,False,True,False,False,False,True,False,True,False,Reprobado,Aprobado
14.0,67.0,1,0,False,4.0,71.0,1,Yes,0.0,2,1,4.0,False,62,False,True,True,False,True,False,False,False,False,True,False,True,False,Reprobado,Aprobado
27.0,99.0,1,2,False,5.0,63.0,1,Yes,0.0,1,2,4.0,False,73,False,True,True,False,False,True,False,False,False,True,False,True,False,Aprobado,Reprobado
19.0,85.0,2,1,False,4.0,71.0,0,Yes,1.0,1,2,3.0,False,66,False,True,True,False,False,True,False,True,False,False,True,False,False,Aprobado,Aprobado
7.0,99.0,2,1,True,9.0,94.0,1,Yes,3.0,2,2,2.0,False,72,False,True,False,True,False,False,True,False,True,False,False,False,True,Aprobado,Aprobado
25.0,74.0,2,0,True,8.0,77.0,0,Yes,1.0,0,1,2.0,False,67,False,True,True,False,False,False,True,False,True,False,False,True,False,Aprobado,Aprobado
17.0,88.0,0,0,False,5.0,67.0,1,No,0.0,1,2,3.0,False,65,False,True,False,True,False,False,True,False,False,True,False,True,False,Aprobado,Aprobado
19.0,69.0,1,1,True,7.0,84.0,1,Yes,2.0,1,1,4.0,False,66,False,True,False,True,False,True,False,False,False,True,False,True,False,Aprobado,Aprobado
22.0,70.0,2,1,True,7.0,81.0,0,Yes,3.0,1,1,2.0,False,68,False,True,True,False,False,False,True,False,True,False,False,True,False,Aprobado,Aprobado
21.0,80.0,1,2,True,4.0,78.0,1,Yes,1.0,1,2,4.0,False,69,True,False,True,False,False,True,False,False,False,True,False,True,False,Aprobado,Aprobado
24.0,73.0,2,1,True,7.0,70.0,1,Yes,0.0,2,1,3.0,False,68,False,True,True,False,False,False,True,False,False,True,True,False,False,Aprobado,Aprobado
17.0,67.0,1,2,True,5.0,54.0,1,Yes,0.0,0,1,2.0,False,61,False,True,False,True,False,True,False,False,True,False,True,False,False,Reprobado,Reprobado
23.0,71.0,2,0,True,8.0,81.0,1,Yes,3.0,1,2,2.0,False,68,True,False,False,True,False,True,False,False,False,True,False,False,True,Aprobado,Aprobado
18.0,61.0,2,0,True,5.0,71.0,0,Yes,3.0,2,2,3.0,False,64,True,False,False,True,True,False,False,False,False,True,False,True,False,Reprobado,Aprobado
24.0,88.0,1,0,True,7.0,71.0,0,No,1.0,0,2,3.0,False,67,False,True,False,True,True,False,False,False,True,False,False,True,False,Aprobado,Aprobado
24.0,80.0,0,2,True,9.0,62.0,2,Yes,3.0,2,0,3.0,False,68,False,True,False,True,False,True,False,False,True,False,False,True,False,Aprobado,Reprobado
14.0,64.0,1,2,False,8.0,62.0,0,Yes,1.0,1,2,4.0,True,61,False,True,False,True,False,True,False,False,True,False,False,False,True,Reprobado,Reprobado
27.0,67.0,2,0,False,8.0,89.0,0,Yes,1.0,0,0,3.0,False,66,False,True,True,False,False,False,True,False,False,True,False,False,True,Aprobado,Aprobado
17.0,64.0,2,0,True,7.0,74.0,0,Yes,2.0,1,0,2.0,False,64,False,True,True,False,False,False,True,False,False,True,False,False,True,Reprobado,Aprobado
25.0,85.0,0,1,False,5.0,55.0,0,Yes,3.0,2,1,3.0,False,67,False,True,True,False,False,True,False,False,True,False,True,False,False,Aprobado,Reprobado
22.0,64.0,1,2,False,6.0,52.0,0,Yes,2.0,2,1,4.0,False,64,True,False,True,False,True,False,False,False,True,False,True,False,False,Reprobado,Reprobado
31.0,90.0,2,2,False,7.0,61.0,0,Yes,0.0,0,1,3.0,False,72,False,True,False,True,False,True,False,False,False,True,False,False,True,Aprobado,Reprobado
19.0,61.0,1,1,False,7.0,74.0,0,Yes,2.0,2,1,3.0,False,62,False,True,False,True,False,False,True,True,False,False,True,False,False,Reprobado,Aprobado
18.0,70.0,2,1,True,5.0,81.0,0,Yes,2.0,0,1,2.0,False,63,True,False,True,False,False,True,False,True,False,False,True,False,False,Reprobado,Aprobado
20.0,96.0,2,2,False,8.0,57.0,0,Yes,1.0,0,1,4.0,False,70,True,False,False,True,False,True,False,False,False,True,False,True,False,Aprobado,Reprobado
18.0,89.0,2,1,False,5.0,72.0,0,Yes,3.0,1,1,3.0,False,69,False,True,False,True,True,False,False,False,True,False,False,False,True,Aprobado,Aprobado
25.0,63.0,0,1,True,9.0,54.0,1,Yes,3.0,1,0,2.0,False,64,False,True,False,True,False,True,False,False,False,True,False,False,True,Reprobado,Reprobado
10.0,93.0,0,1,False,7.0,52.0,1,Yes,2.0,1,1,3.0,False,66,False,True,False,True,False,False,True,False,False,True,False,False,True,Aprobado,Reprobado
14.0,80.0,0,1,True,8.0,93.0,1,Yes,3.0,0,2,4.0,False,67,True,False,True,False,False,True,False,False,False,True,False,False,True,Aprobado,Aprobado
14.0,94.0,2,2,True,8.0,83.0,1,Yes,4.0,1,0,5.0,True,71,False,True,True,False,False,False,True,False,False,True,True,False,False,Aprobado,Aprobado
26.0,84.0,1,2,True,10.0,89.0,1,Yes,0.0,0,2,1.0,False,70,True,False,True,False,False,True,False,True,False,False,False,False,True,Aprobado,Aprobado
30.0,87.0,0,1,False,7.0,59.0,1,Yes,2.0,1,1,3.0,False,69,False,True,False,True,False,True,False,False,True,False,False,True,False,Aprobado,Reprobado
19.0,100.0,1,0,False,6.0,66.0,2,Yes,0.0,0,1,3.0,False,68,False,True,False,True,False,True,False,False,True,False,False,True,False,Aprobado,Aprobado
19.0,69.0,1,2,True,6.0,72.0,1,No,1.0,0,1,1.0,False,64,False,True,True,False,True,False,False,False,False,True,False,True,False,Reprobado,Aprobado
20.0,85.0,2,1,True,9.0,83.0,0,Yes,3.0,1,1,3.0,True,70,False,True,False,True,True,False,False,False,False,True,False,False,True,Aprobado,Aprobado
27.0,78.0,2,0,True,5.0,77.0,1,Yes,0.0,1,0,3.0,False,69,True,False,False,True,False,False,True,False,False,True,False,True,False,Aprobado,Aprobado
14.0,62.0,1,1,True,6.0,78.0,1,Yes,0.0,2,1,2.0,False,63,False,True,True,False,True,False,False,False,False,True,False,False,True,Reprobado,Aprobado
21.0,61.0,0,1,False,7.0,58.0,1,Yes,1.0,1,0,3.0,False,60,False,True,True,False,False,True,False,False,False,True,True,False,False,Reprobado,Reprobado
26.0,65.0,2,0,False,7.0,74.0,1,Yes,2.0,0,1,4.0,False,65,False,True,True,False,False,True,False,False,False,True,True,False,False,Aprobado,Aprobado
23.0,86.0,1,1,False,8.0,91.0,1,Yes,0.0,0,1,0.0,False,67,False,True,False,True,False,True,False,False,False,True,True,False,False,Aprobado,Aprobado
21.0,83.0,1,0,False,5.0,75.0,0,Yes,1.0,1,1,4.0,False,66,False,True,False,True,True,False,False,False,False,True,True,False,False,Aprobado,Aprobado
26.0,82.0,0,2,False,7.0,60.0,1,No,3.0,0,1,3.0,False,68,False,True,True,False,False,False,True,False,False,True,False,True,False,Aprobado,Reprobado
4.0,61.0,0,2,True,7.0,71.0,2,Yes,0.0,0,0,1.0,False,58,False,True,False,True,False,False,True,False,False,True,False,False,True,Reprobado,Aprobado
24.0,79.0,0,2,True,5.0,88.0,1,Yes,0.0,1,1,3.0,False,67,False,True,True,False,False,True,False,False,True,False,False,True,False,Aprobado,Aprobado
16.0,97.0,1,1,True,8.0,57.0,0,Yes,0.0,1,1,4.0,True,68,False,True,False,True,False,True,False,False,False,True,False,False,True,Aprobado,Reprobado
9.0,76.0,1,1,True,7.0,79.0,1,Yes,1.0,0,1,3.0,False,62,False,True,True,False,False,True,False,False,False,True,False,True,False,Reprobado,Aprobado
23.0,85.0,0,2,False,7.0,98.0,2,No,2.0,0,1,3.0,False,69,False,True,True,False,False,False,True,False,True,False,True,False,False,Aprobado,Aprobado
28.0,91.0,1,2,True,6.0,69.0,2,Yes,1.0,1,2,4.0,False,73,True,False,False,True,False,True,False,True,False,False,False,True,False,Aprobado,Aprobado
19.0,91.0,2,0,False,6.0,52.0,1,Yes,2.0,0,1,4.0,True,66,False,True,False,True,False,True,False,False,True,False,True,False,False,Aprobado,Reprobado
26.0,81.0,0,1,True,5.0,82.0,1,Yes,0.0,1,1,5.0,True,67,False,True,True,False,False,False,True,False,False,True,True,False,False,Aprobado,Aprobado
30.0,94.0,1,1,False,8.0,52.0,1,Yes,1.0,1,0,4.0,False,71,False,True,True,False,False,True,False,False,False,True,False,True,False,Aprobado,Reprobado
28.0,76.0,1,1,True,9.0,60.0,1,Yes,1.0,0,1,2.0,False,66,False,True,False,True,False,True,False,True,False,False,False,True,False,Aprobado,Reprobado
30.0,96.0,2,1,True,10.0,52.0,1,Yes,0.0,2,2,4.0,False,74,False,True,True,False,True,False,False,False,True,False,False,False,True,Aprobado,Reprobado
24.0,70.0,1,2,False,8.0,59.0,0,Yes,2.0,0,2,5.0,False,67,False,True,False,True,False,True,False,False,False,True,False,False,True,Aprobado,Reprobado
20.0,71.0,2,1,False,6.0,93.0,2,Yes,2.0,1,2,2.0,False,68,False,True,False,True,False,False,True,False,False,True,True,False,False,Aprobado,Aprobado
10.0,62.0,1,1,False,6.0,87.0,2,Yes,2.0,0,2,3.0,False,61,False,True,False,True,False,True,False,False,False,True,False,True,False,Reprobado,Aprobado
19.0,92.0,1,2,False,8.0,67.0,1,Yes,2.0,1,1,2.0,False,69,True,False,True,False,False,True,False,False,False,True,True,False,False,Aprobado,Aprobado
15.0,77.0,0,1,True,7.0,95.0,0,Yes,4.0,0,1,4.0,False,65,False,True,False,True,False,True,False,False,True,False,False,False,True,Aprobado,Aprobado
33.0,69.0,1,2,True,7.0,83.0,1,Yes,2.0,1,0,2.0,False,71,False,True,False,True,False,False,True,False,False,True,False,True,False,Aprobado,Aprobado
19.0,69.0,1,0,False,7.0,72.0,1,Yes,1.0,0,0,2.0,False,61,False,True,True,False,False,True,False,True,False,False,False,False,True,Reprobado,Aprobado
21.0,96.0,1,2,True,9.0,53.0,1,Yes,0.0,0,2,3.0,False,70,False,True,False,True,True,False,False,False,False,True,False,True,False,Aprobado,Reprobado
23.0,93.0,1,0,False,6.0,87.0,1,Yes,2.0,1,1,3.0,False,70,True,False,False,True,False,True,False,False,True,False,False,True,False,Aprobado,Aprobado
20.0,82.0,1,2,True,9.0,69.0,0,Yes,1.0,1,1,3.0,False,69,False,True,False,True,True,False,False,False,False,True,False,False,True,Aprobado,Aprobado
30.0,85.0,2,0,True,7.0,65.0,2,Yes,2.0,0,1,3.0,False,70,False,True,True,False,False,True,False,False,False,True,True,False,False,Aprobado,Aprobado
16.0,79.0,2,1,True,6.0,64.0,1,Yes,4.0,0,0,4.0,True,67,False,True,False,True,True,False,False,False,False,True,False,False,True,Aprobado,Reprobado
21.0,76.0,0,1,False,6.0,50.0,0,Yes,2.0,0,1,4.0,False,63,False,True,True,False,False,False,True,False,True,False,True,False,False,Reprobado,Reprobado
16.0,97.0,1,1,False,7.0,87.0,1,Yes,1.0,2,1,3.0,False,70,False,True,True,False,False,True,False,False,False,True,False,True,False,Aprobado,Aprobado
12.0,65.0,1,1,False,8.0,57.0,1,Yes,1.0,2,2,5.0,True,61,True,False,True,False,False,True,False,False,False,True,False,False,True,Reprobado,Reprobado
16.0,77.0,0,2,True,6.0,76.0,0,Yes,1.0,0,1,1.0,False,64,False,True,True,False,False,False,True,False,True,False,False,True,False,Reprobado,Aprobado
20.0,74.0,1,1,True,8.0,51.0,2,Yes,2.0,1,1,3.0,False,65,False,True,False,True,True,False,False,False,False,True,True,False,False,Aprobado,Reprobado
17.0,80.0,1,1,False,6.0,81.0,1,Yes,1.0,1,2,1.0,False,65,False,True,False,True,True,False,False,True,False,False,False,True,False,Aprobado,Aprobado
16.0,78.0,1,0,True,7.0,68.0,2,Yes,3.0,0,2,3.0,False,66,True,False,True,False,False,False,True,True,False,False,False,False,True,Aprobado,Aprobado
12.0,81.0,2,2,True,5.0,82.0,0,Yes,1.0,1,2,3.0,False,66,False,True,True,False,False,True,False,True,False,False,False,False,True,Aprobado,Aprobado
20.0,66.0,0,1,True,8.0,54.0,1,Yes,2.0,1,0,2.0,False,63,False,True,False,True,False,False,True,False,False,True,False,False,True,Reprobado,Reprobado
11.0,81.0,0,2,True,7.0,63.0,1,Yes,3.0,1,1,2.0,False,66,False,True,False,True,False,False,True,False,False,True,False,True,False,Aprobado,Reprobado
25.0,70.0,1,1,True,9.0,56.0,2,Yes,0.0,0,1,1.0,False,64,False,True,False,True,False,True,False,True,False,False,False,False,True,Reprobado,Reprobado
20.0,67.0,2,0,False,8.0,82.0,1,Yes,3.0,0,2,4.0,True,65,False,True,False,True,False,True,False,False,False,True,False,True,False,Aprobado,Aprobado
11.0,63.0,2,1,False,7.0,55.0,0,Yes,3.0,2,1,1.0,False,62,True,False,False,True,False,False,True,False,False,True,False,False,True,Reprobado,Reprobado
18.0,91.0,0,2,True,9.0,81.0,2,Yes,4.0,2,1,5.0,False,71,False,True,False,True,False,True,False,False,True,False,False,True,False,Aprobado,Aprobado
15.0,77.0,1,1,True,8.0,57.0,0,Yes,1.0,0,1,2.0,False,63,False,True,False,True,True,False,False,False,False,True,False,True,False,Reprobado,Reprobado
22.0,85.0,1,2,False,9.0,97.0,2,Yes,0.0,1,2,3.0,False,70,False,True,False,True,True,False,False,False,True,False,True,False,False,Aprobado,Aprobado
28.0,89.0,1,0,True,6.0,71.0,0,Yes,2.0,0,1,4.0,False,70,True,False,False,True,True,False,False,False,True,False,False,True,False,Aprobado,Aprobado
9.0,87.0,1,1,False,8.0,56.0,1,Yes,1.0,1,2,3.0,False,65,False,True,True,False,True,False,False,False,True,False,False,False,True,Aprobado,Reprobado
21.0,79.0,2,2,True,8.0,52.0,1,Yes,1.0,0,1,3.0,True,66,False,True,True,False,False,True,False,False,False,True,False,True,False,Aprobado,Reprobado
19.0,76.0,1,0,True,5.0,66.0,1,Yes,2.0,1,1,4.0,False,66,True,False,True,False,True,False,False,False,False,True,False,False,True,Aprobado,Aprobado
24.0,75.0,1,0,False,9.0,95.0,2,Yes,0.0,1,2,2.0,False,68,False,True,False,True,True,False,False,False,False,True,False,False,True,Aprobado,Aprobado
21.0,86.0,2,2,False,5.0,57.0,1,Yes,1.0,0,1,3.0,False,68,True,False,False,True,False,True,False,False,False,True,True,False,False,Aprobado,Reprobado
15.0,80.0,2,1,True,5.0,90.0,1,Yes,4.0,1,2,3.0,False,69,True,False,True,False,False,True,False,False,False,True,False,True,False,Aprobado,Aprobado
18.0,94.0,1,1,True,4.0,71.0,1,Yes,3.0,2,0,3.0,False,71,False,True,True,False,True,False,False,False,False,True,False,False,True,Aprobado,Aprobado
15.0,95.0,1,1,True,8.0,90.0,0,Yes,2.0,0,1,1.0,False,69,True,False,False,True,False,False,True,False,False,True,True,False,False,Aprobado,Aprobado
26.0,67.0,1,2,True,5.0,94.0,1,Yes,0.0,1,1,2.0,False,68,False,True,False,True,True,False,False,False,False,True,False,False,True,Aprobado,Aprobado
20.0,65.0,1,2,True,6.0,100.0,1,Yes,2.0,0,2,5.0,False,67,False,True,False,True,False,True,False,False,True,False,False,True,False,Aprobado,Aprobado
31.0,85.0,2,1,False,8.0,53.0,1,Yes,2.0,0,2,3.0,False,72,False,True,False,True,False,True,False,False,False,True,False,False,True,Aprobado,Reprobado
20.0,72.0,2,1,True,7.0,90.0,2,Yes,2.0,1,1,3.0,False,68,False,True,False,True,False,True,False,False,False,True,False,True,False,Aprobado,Aprobado
16.0,61.0,2,1,True,6.0,53.0,0,Yes,0.0,2,1,4.0,True,60,False,True,True,False,False,True,False,False,True,False,False,False,True,Reprobado,Reprobado
11.0,96.0,1,2,False,5.0,66.0,2,Yes,2.0,0,1,4.0,False,68,False,True,False,True,False,True,False,False,True,False,False,True,False,Aprobado,Aprobado
9.0,69.0,2,1,True,7.0,82.0,2,Yes,1.0,2,2,2.0,False,65,False,True,True,False,False,True,False,False,False,True,False,False,True,Aprobado,Aprobado
10.0,97.0,0,2,False,8.0,72.0,2,Yes,0.0,0,1,3.0,False,67,False,True,True,False,False,False,True,False,True,False,False,True,False,Aprobado,Aprobado
22.0,89.0,0,1,False,8.0,78.0,0,Yes,4.0,2,1,3.0,False,70,True,False,True,False,False,True,False,False,False,True,False,False,True,Aprobado,Aprobado
23.0,91.0,1,0,True,10.0,98.0,2,Yes,0.0,0,2,3.0,False,70,True,False,True,False,False,True,False,False,False,True,True,False,False,Aprobado,Aprobado
11.0,68.0,1,1,False,6.0,91.0,0,Yes,3.0,0,2,2.0,False,61,False,True,True,False,True,False,False,True,False,False,True,False,False,Reprobado,Aprobado
25.0,69.0,2,0,True,5.0,68.0,1,Yes,2.0,2,2,4.0,False,68,False,True,False,True,True,False,False,True,False,False,False,False,True,Aprobado,Aprobado
17.0,81.0,1,2,False,7.0,80.0,2,Yes,1.0,0,1,3.0,False,67,False,True,True,False,False,False,True,False,False,True,True,False,False,Aprobado,Aprobado
21.0,67.0,1,2,False,7.0,52.0,1,Yes,3.0,0,1,3.0,True,62,False,True,True,False,False,True,False,False,True,False,True,False,False,Reprobado,Reprobado
30.0,72.0,1,0,False,7.0,73.0,1,Yes,0.0,2,1,4.0,False,66,False,True,False,True,False,True,False,False,True,False,False,True,False,Aprobado,Aprobado
25.0,73.0,2,1,True,6.0,80.0,1,Yes,3.0,2,1,2.0,False,69,False,True,True,False,False,True,False,True,False,False,False,False,True,Aprobado,Aprobado
18.0,66.0,1,2,True,4.0,86.0,1,Yes,2.0,1,1,4.0,False,66,False,True,True,False,True,False,False,False,False,True,True,False,False,Aprobado,Aprobado
15.0,68.0,1,1,True,5.0,95.0,1,Yes,0.0,2,1,5.0,False,64,False,True,True,False,True,False,False,False,False,True,True,False,False,Reprobado,Aprobado
7.0,92.0,2,1,False,8.0,64.0,2,Yes,1.0,0,0,4.0,False,66,False,True,False,True,False,False,True,False,False,True,False,True,False,Aprobado,Reprobado
16.0,67.0,1,1,False,7.0,95.0,0,Yes,2.0,1,1,5.0,True,63,False,True,False,True,False,True,False,False,False,True,False,True,False,Reprobado,Aprobado
19.0,61.0,0,2,True,8.0,83.0,0,Yes,1.0,1,1,3.0,False,62,True,False,False,True,False,True,False,False,False,True,True,False,False,Reprobado,Aprobado
14.0,85.0,1,1,True,8.0,54.0,0,Yes,1.0,2,1,4.0,False,65,True,False,False,True,False,False,True,False,True,False,True,False,False,Aprobado,Reprobado
19.0,99.0,0,2,False,8.0,69.0,0,Yes,0.0,2,1,2.0,False,68,True,False,False,True,False,True,False,False,True,False,True,False,False,Aprobado,Aprobado
20.0,73.0,2,2,True,8.0,74.0,0,Yes,1.0,0,0,4.0,False,65,True,False,False,True,False,True,False,False,True,False,True,False,False,Aprobado,Aprobado
19.0,65.0,1,2,True,7.0,68.0,0,Yes,1.0,0,0,4.0,False,63,False,True,True,False,True,False,False,False,False,True,False,True,False,Reprobado,Aprobado
16.0,83.0,2,2,True,7.0,56.0,1,Yes,3.0,1,1,2.0,False,68,False,True,False,True,False,True,False,False,False,True,True,False,False,Aprobado,Reprobado
21.0,96.0,1,2,True,4.0,78.0,0,Yes,2.0,2,1,2.0,False,72,True,False,False,True,False,True,False,False,False,True,False,False,True,Aprobado,Aprobado
23.0,91.0,2,0,False,6.0,57.0,1,Yes,2.0,0,1,3.0,False,69,True,False,False,True,False,True,False,False,False,True,False,False,True,Aprobado,Reprobado
13.0,85.0,0,1,False,6.0,96.0,0,Yes,1.0,0,2,5.0,False,66,False,True,False,True,False,False,True,True,False,False,False,False,True,Aprobado,Aprobado
28.0,73.0,0,0,True,7.0,93.0,2,Yes,2.0,0,2,3.0,False,68,True,False,False,True,True,False,False,False,False,True,False,True,False,Aprobado,Aprobado
19.0,82.0,0,0,False,6.0,74.0,1,Yes,1.0,1,2,2.0,False,64,False,True,False,True,False,True,False,False,True,False,False,True,False,Reprobado,Aprobado
20.0,64.0,1,0,True,8.0,53.0,0,Yes,1.0,0,1,2.0,False,61,False,True,False,True,False,True,False,False,False,True,False,False,True,Reprobado,Reprobado
24.0,87.0,0,1,False,6.0,78.0,2,Yes,0.0,0,0,2.0,True,67,False,True,False,True,False,False,True,False,False,True,False,True,False,Aprobado,Aprobado
21.0,89.0,1,0,True,9.0,80.0,1,Yes,0.0,1,0,3.0,False,68,False,True,False,True,False,False,True,False,True,False,False,True,False,Aprobado,Aprobado
26.0,99.0,1,1,False,6.0,94.0,2,Yes,2.0,1,1,3.0,False,74,False,True,False,True,False,True,False,False,False,True,False,False,True,Aprobado,Aprobado
22.0,70.0,1,2,True,6.0,53.0,1,Yes,3.0,1,2,2.0,False,67,False,True,True,False,False,True,False,False,False,True,False,False,True,Aprobado,Reprobado
16.0,61.0,1,2,True,6.0,85.0,1,Yes,2.0,1,1,3.0,False,64,True,False,False,True,False,True,False,False,False,True,False,False,True,Reprobado,Aprobado
22.0,82.0,0,2,False,6.0,78.0,1,Yes,3.0,1,2,3.0,False,69,False,True,False,True,False,True,False,False,True,False,False,True,False,Aprobado,Aprobado
13.0,88.0,2,1,True,9.0,59.0,1,Yes,0.0,0,1,3.0,True,63,True,False,True,False,False,True,False,True,False,False,True,False,False,Reprobado,Reprobado
21.0,92.0,1,1,False,7.0,56.0,1,Yes,0.0,0,1,4.0,False,67,True,False,True,False,False,True,False,False,True,False,False,True,False,Aprobado,Reprobado
20.0,68.0,2,1,True,7.0,85.0,1,Yes,1.0,1,1,3.0,False,65,False,True,False,True,True,False,False,True,False,False,False,True,False,Aprobado,Aprobado
19.0,70.0,1,1,True,6.0,67.0,1,Yes,5.0,1,0,4.0,False,67,False,True,True,False,False,False,True,False,True,False,False,False,True,Aprobado,Aprobado
19.0,81.0,2,1,False,7.0,100.0,1,Yes,1.0,0,1,5.0,False,68,True,False,True,False,False,False,True,False,True,False,True,False,False,Aprobado,Aprobado
9.0,73.0,1,0,True,7.0,95.0,1,No,3.0,0,1,3.0,False,62,True,False,False,True,False,False,True,False,False,True,True,False,False,Reprobado,Aprobado
17.0,94.0,2,1,True,7.0,78.0,1,Yes,1.0,0,2,3.0,False,70,False,True,True,False,True,False,False,False,False,True,False,True,False,Aprobado,Aprobado
21.0,79.0,0,2,True,7.0,82.0,1,Yes,1.0,2,1,3.0,False,67,False,True,True,False,False,True,False,False,False,True,True,False,False,Aprobado,Aprobado
21.0,92.0,2,2,True,9.0,58.0,1,Yes,2.0,2,1,5.0,False,89,False,True,True,False,False,True,False,False,True,False,False,True,False,Aprobado,Reprobado
14.0,83.0,2,1,True,7.0,95.0,0,Yes,1.0,0,1,2.0,True,65,True,False,True,False,False,True,False,False,False,True,False,True,False,Aprobado,Aprobado
28.0,91.0,0,1,True,5.0,73.0,1,No,2.0,1,1,2.0,False,69,False,True,True,False,False,True,False,False,False,True,False,True,False,Aprobado,Aprobado
15.0,73.0,1,1,False,7.0,76.0,2,Yes,2.0,0,1,4.0,False,64,False,True,True,False,False,True,False,True,False,False,False,False,True,Reprobado,Aprobado
26.0,93.0,2,0,False,6.0,94.0,1,Yes,6.0,2,1,4.0,False,74,True,False,True,False,False,True,False,False,False,True,True,False,False,Aprobado,Aprobado
23.0,71.0,1,2,False,8.0,50.0,1,Yes,0.0,2,1,2.0,False,64,False,True,True,False,False,True,False,True,False,False,False,False,True,Reprobado,Reprobado
16.0,82.0,0,2,False,7.0,75.0,1,Yes,0.0,0,1,2.0,False,64,False,True,True,False,False,False,True,False,True,False,True,False,False,Reprobado,Aprobado
31.0,69.0,1,0,True,9.0,81.0,1,Yes,2.0,1,1,2.0,False,67,True,False,False,True,True,False,False,False,False,True,True,False,False,Aprobado,Aprobado
13.0,79.0,0,0,True,6.0,58.0,2,Yes,2.0,1,1,4.0,False,63,False,True,False,True,True,False,False,False,True,False,False,False,True,Reprobado,Reprobado
26.0,73.0,2,1,True,7.0,53.0,0,Yes,3.0,1,2,5.0,False,68,True,False,True,False,False,True,False,False,True,False,False,True,False,Aprobado,Reprobado
26.0,71.0,0,1,True,5.0,77.0,0,Yes,0.0,1,1,5.0,False,66,False,True,False,True,False,False,True,False,False,True,False,True,False,Aprobado,Aprobado
16.0,99.0,0,2,True,7.0,77.0,2,Yes,0.0,0,1,3.0,True,68,False,True,True,False,False,True,False,False,True,False,False,True,False,Aprobado,Aprobado
28.0,66.0,1,2,False,5.0,67.0,1,Yes,1.0,2,1,1.0,False,68,True,False,True,False,False,False,True,False,True,False,False,False,True,Aprobado,Aprobado
18.0,91.0,1,1,False,7.0,94.0,1,Yes,3.0,0,1,2.0,False,69,True,False,True,False,False,True,False,False,False,True,False,True,False,Aprobado,Aprobado
22.0,99.0,2,0,False,7.0,65.0,1,Yes,3.0,0,0,3.0,False,71,False,True,True,False,False,False,True,False,False,True,False,True,False,Aprobado,Aprobado
22.0,61.0,0,2,True,7.0,76.0,1,Yes,1.0,2,1,3.0,False,65,False,True,True,False,True,False,False,False,False,True,False,False,True,Aprobado,Aprobado
19.0,88.0,0,1,True,8.0,59.0,1,Yes,2.0,1,1,4.0,False,67,True,False,False,True,False,True,False,False,False,True,False,True,False,Aprobado,Reprobado
25.0,70.0,1,1,False,7.0,51.0,1,Yes,1.0,2,1,4.0,False,65,False,True,True,False,True,False,False,False,False,True,True,False,False,Aprobado,Reprobado
25.0,62.0,2,1,False,5.0,71.0,1,Yes,0.0,0,2,4.0,False,65,True,False,False,True,False,True,False,False,True,False,False,False,True,Aprobado,Aprobado
10.0,76.0,1,0,False,6.0,76.0,1,Yes,1.0,2,2,2.0,False,80,False,True,False,True,False,False,True,False,False,True,True,False,False,Aprobado,Aprobado
28.0,97.0,1,1,True,7.0,88.0,2,Yes,2.0,1,1,2.0,False,74,False,True,False,True,False,True,False,False,True,False,False,True,False,Aprobado,Aprobado
10.0,60.0,1,1,False,7.0,72.0,0,No,3.0,1,0,3.0,False,59,False,True,False,True,False,True,False,False,False,True,False,False,True,Reprobado,Aprobado
26.0,84.0,1,1,False,7.0,64.0,0,Yes,2.0,2,2,3.0,False,69,False,True,False,True,False,True,False,False,False,True,False,True,False,Aprobado,Reprobado
27.0,80.0,1,0,True,9.0,80.0,1,Yes,0.0,2,1,2.0,True,66,False,True,False,True,False,True,False,False,True,False,False,True,False,Aprobado,Aprobado
13.0,95.0,1,1,True,7.0,69.0,1,Yes,1.0,0,0,2.0,True,66,False,True,True,False,False,False,True,False,True,False,False,False,True,Aprobado,Aprobado
18.0,63.0,2,2,False,8.0,62.0,1,Yes,2.0,2,1,4.0,False,65,False,True,True,False,False,True,False,False,False,True,False,False,True,Aprobado,Reprobado
13.0,87.0,2,1,True,4.0,96.0,0,Yes,3.0,0,0,3.0,True,67,False,True,False,True,True,False,False,False,False,True,False,True,False,Aprobado,Aprobado
19.0,87.0,2,2,False,8.0,77.0,0,Yes,3.0,0,1,4.0,False,69,True,False,False,True,False,True,False,False,True,False,False,True,False,Aprobado,Aprobado
18.0,87.0,1,0,True,10.0,60.0,2,Yes,2.0,1,1,3.0,False,68,False,True,True,False,False,True,False,False,False,True,False,False,True,Aprobado,Reprobado
25.0,98.0,1,1,True,9.0,84.0,1,Yes,1.0,1,2,2.0,False,73,True,False,True,False,False,False,True,False,False,True,False,True,False,Aprobado,Aprobado
28.0,93.0,0,2,True,6.0,90.0,1,Yes,1.0,0,1,2.0,True,71,False,True,True,False,False,True,False,False,False,True,False,False,True,Aprobado,Aprobado
28.0,62.0,2,1,True,10.0,88.0,1,Yes,0.0,0,2,2.0,True,67,False,True,False,True,False,False,True,False,True,False,False,False,True,Aprobado,Aprobado
17.0,79.0,1,1,True,7.0,80.0,0,Yes,1.0,2,2,3.0,False,67,False,True,True,False,True,False,False,False,False,True,False,False,True,Aprobado,Aprobado
19.0,76.0,2,0,False,7.0,76.0,1,Yes,0.0,2,2,2.0,False,66,False,True,False,True,False,False,True,False,False,True,False,True,False,Aprobado,Aprobado
10.0,72.0,1,0,False,7.0,89.0,1,Yes,3.0,1,1,4.0,False,63,False,True,True,False,True,False,False,False,False,True,True,False,False,Reprobado,Aprobado
15.0,78.0,2,2,False,7.0,85.0,1,No,1.0,2,1,1.0,False,65,False,True,False,True,False,True,False,True,False,False,True,False,False,Aprobado,Aprobado
26.0,75.0,1,0,True,4.0,79.0,1,Yes,2.0,2,1,1.0,False,67,False,True,False,True,True,False,False,False,False,True,True,False,False,Aprobado,Aprobado
30.0,77.0,1,0,True,8.0,83.0,1,Yes,1.0,0,0,3.0,False,69,False,True,False,True,True,False,False,False,False,True,False,False,True,Aprobado,Aprobado
13.0,99.0,1,1,True,7.0,58.0,1,Yes,1.0,0,1,2.0,False,67,False,True,False,True,False,True,False,False,False,True,False,True,False,Aprobado,Reprobado
16.0,64.0,2,1,True,7.0,51.0,2,Yes,4.0,2,2,3.0,False,66,False,True,False,True,True,False,False,False,False,True,False,True,False,Aprobado,Reprobado
20.0,97.0,2,2,True,7.0,97.0,0,Yes,2.0,1,2,4.0,False,74,True,False,True,False,False,True,False,False,True,False,False,True,False,Aprobado,Aprobado
22.0,79.0,2,1,False,6.0,97.0,1,No,2.0,2,1,2.0,False,69,False,True,True,False,True,False,False,False,True,False,False,False,True,Aprobado,Aprobado
15.0,85.0,0,1,True,7.0,89.0,2,Yes,0.0,1,1,4.0,False,66,False,True,True,False,True,False,False,False,True,False,True,False,False,Aprobado,Aprobado
23.0,93.0,2,0,True,9.0,69.0,0,Yes,0.0,1,1,3.0,True,69,True,False,False,True,False,False,True,False,True,False,False,False,True,Aprobado,Aprobado
17.0,74.0,1,1,True,8.0,58.0,0,Yes,1.0,2,1,2.0,False,63,False,True,False,True,True,False,False,True,False,False,False,True,False,Reprobado,Reprobado
20.0,77.0,1,0,True,7.0,68.0,1,No,0.0,1,2,3.0,False,65,True,False,True,False,True,False,False,False,False,True,False,False,True,Aprobado,Aprobado
23.0,76.0,0,1,False,7.0,86.0,0,No,1.0,0,1,4.0,False,64,True,False,False,True,True,False,False,True,False,False,False,False,True,Reprobado,Aprobado
20.0,75.0,0,1,False,7.0,67.0,2,Yes,0.0,1,1,4.0,False,64,True,False,False,True,False,True,False,False,False,True,False,True,False,Reprobado,Aprobado
17.0,97.0,0,2,True,6.0,90.0,0,Yes,2.0,1,0,2.0,False,69,False,True,False,True,False,True,False,False,True,False,True,False,False,Aprobado,Aprobado
19.0,93.0,2,2,False,7.0,84.0,1,Yes,5.0,0,2,3.0,False,73,False,True,True,False,False,True,False,False,False,True,True,False,False,Aprobado,Aprobado
19.0,64.0,1,1,True,8.0,81.0,2,Yes,1.0,1,1,3.0,True,62,False,True,False,True,False,True,False,False,True,False,True,False,False,Reprobado,Aprobado
18.0,64.0,0,0,True,7.0,97.0,0,Yes,2.0,1,0,4.0,False,62,True,False,False,True,True,False,False,False,False,True,False,True,False,Reprobado,Aprobado
18.0,77.0,1,1,True,6.0,95.0,2,Yes,0.0,1,2,2.0,False,68,True,False,True,False,False,False,True,False,True,False,False,False,True,Aprobado,Aprobado
30.0,64.0,1,1,False,7.0,86.0,0,Yes,1.0,1,1,3.0,False,66,True,False,True,False,False,False,True,True,False,False,False,False,True,Aprobado,Aprobado
23.0,85.0,0,2,True,8.0,60.0,2,Yes,2.0,1,1,1.0,True,68,False,True,True,False,True,False,False,False,True,False,False,False,True,Aprobado,Reprobado
18.0,66.0,0,2,True,5.0,97.0,1,Yes,4.0,1,1,4.0,False,66,False,True,False,True,False,True,False,False,True,False,False,True,False,Aprobado,Aprobado
24.0,81.0,0,1,True,6.0,61.0,0,Yes,3.0,1,1,3.0,False,69,False,True,False,True,False,False,True,False,False,True,False,False,True,Aprobado,Reprobado
18.0,60.0,1,1,True,5.0,69.0,1,Yes,0.0,1,1,2.0,False,62,False,True,True,False,False,False,True,False,False,True,False,True,False,Reprobado,Aprobado
27.0,73.0,0,1,False,7.0,91.0,1,Yes,2.0,2,1,4.0,False,68,False,True,True,False,True,False,False,True,False,False,False,True,False,Aprobado,Aprobado
22.0,87.0,1,1,False,8.0,60.0,0,Yes,2.0,1,2,2.0,False,67,False,True,False,True,True,False,False,False,True,False,True,False,False,Aprobado,Reprobado
19.0,79.0,0,1,False,9.0,82.0,1,Yes,1.0,0,1,4.0,False,65,True,False,False,True,False,True,False,False,False,True,False,True,False,Aprobado,Aprobado
23.0,99.0,0,1,False,9.0,73.0,1,Yes,0.0,0,1,4.0,False,69,False,True,False,True,True,False,False,False,False,True,True,False,False,Aprobado,Aprobado
11.0,95.0,1,1,False,6.0,81.0,2,Yes,2.0,0,0,3.0,False,67,False,True,False,True,False,True,False,False,False,True,False,False,True,Aprobado,Aprobado
13.0,74.0,0,0,True,7.0,98.0,2,Yes,0.0,1,1,3.0,False,64,False,True,True,False,False,False,True,False,False,True,False,False,True,Reprobado,Aprobado
13.0,62.0,0,1,True,6.0,90.0,1,No,3.0,2,2,3.0,True,62,True,False,True,False,False,False,True,False,False,True,False,True,False,Reprobado,Aprobado
21.0,94.0,1,1,True,9.0,65.0,0,Yes,5.0,2,2,3.0,True,71,True,False,False,True,False,True,False,False,False,True,False,True,False,Aprobado,Aprobado
30.0,96.0,1,2,True,9.0,53.0,1,No,0.0,1,1,3.0,False,72,True,False,False,True,False,True,False,False,False,True,False,True,False,Aprobado,Reprobado
33.0,93.0,2,2,True,7.0,98.0,0,Yes,0.0,1,1,2.0,True,74,False,True,True,False,False,True,False,False,False,True,True,False,False,Aprobado,Aprobado
24.0,65.0,0,2,False,6.0,79.0,0,Yes,1.0,1,2,2.0,False,66,False,True,False,True,False,False,True,False,False,True,False,True,False,Aprobado,Aprobado
23.0,100.0,2,0,True,4.0,59.0,1,Yes,2.0,1,1,4.0,False,72,False,True,True,False,False,True,False,False,False,True,False,False,True,Aprobado,Reprobado
9.0,70.0,2,1,False,5.0,81.0,1,Yes,1.0,2,2,4.0,False,65,True,False,True,False,False,False,True,False,False,True,False,True,False,Aprobado,Aprobado
17.0,89.0,2,1,True,4.0,52.0,2,Yes,0.0,0,1,3.0,False,67,False,True,True,False,True,False,False,True,False,False,False,False,True,Aprobado,Reprobado
15.0,96.0,1,2,True,5.0,59.0,2,Yes,2.0,1,2,2.0,False,70,True,False,False,True,False,True,False,False,False,True,False,True,False,Aprobado,Reprobado
16.0,69.0,2,1,True,10.0,82.0,1,Yes,0.0,0,2,1.0,True,62,False,True,False,True,False,True,False,False,True,False,True,False,False,Reprobado,Aprobado
19.0,96.0,0,0,True,5.0,70.0,2,Yes,0.0,0,1,2.0,False,66,False,True,False,True,False,True,False,True,False,False,False,False,True,Aprobado,Aprobado
17.0,72.0,0,1,True,5.0,66.0,1,Yes,2.0,2,2,3.0,False,65,False,True,False,True,True,False,False,False,False,True,True,False,False,Aprobado,Aprobado
8.0,99.0,0,2,True,6.0,83.0,2,Yes,2.0,1,2,4.0,True,70,False,True,False,True,False,False,True,False,False,True,False,False,True,Aprobado,Aprobado
24.0,71.0,2,2,True,10.0,93.0,0,Yes,2.0,1,1,2.0,True,69,True,False,True,False,True,False,False,False,False,True,False,False,True,Aprobado,Aprobado
14.0,98.0,1,1,True,7.0,84.0,0,Yes,3.0,2,1,3.0,False,70,False,True,True,False,False,True,False,False,False,True,False,True,False,Aprobado,Aprobado
21.0,62.0,2,2,False,8.0,73.0,1,Yes,2.0,2,1,2.0,False,66,True,False,True,False,True,False,False,False,False,True,True,False,False,Aprobado,Aprobado
32.0,88.0,1,0,True,7.0,83.0,0,Yes,1.0,0,2,4.0,False,73,True,False,False,True,False,False,True,False,False,True,False,False,True,Aprobado,Aprobado
14.0,81.0,2,1,False,4.0,85.0,0,Yes,3.0,1,2,4.0,False,69,False,True,True,False,False,False,True,False,True,False,False,False,True,Aprobado,Aprobado
5.0,79.0,2,2,True,9.0,89.0,0,Yes,3.0,1,1,3.0,False,66,True,False,True,False,True,False,False,False,False,True,False,True,False,Aprobado,Aprobado
18.0,69.0,2,1,True,8.0,65.0,1,Yes,4.0,1,1,4.0,False,65,False,True,False,True,False,True,False,True,False,False,False,True,False,Aprobado,Aprobado
27.0,88.0,1,0,False,7.0,56.0,2,Yes,2.0,0,1,4.0,False,70,False,True,True,False,False,False,True,False,False,True,False,True,False,Aprobado,Reprobado
32.0,68.0,2,2,False,10.0,84.0,1,Yes,0.0,1,2,2.0,False,70,True,False,False,True,False,False,True,True,False,False,False,False,True,Aprobado,Aprobado
13.0,82.0,2,1,False,6.0,56.0,2,Yes,2.0,0,2,4.0,False,67,False,True,False,True,False,False,True,False,False,True,False,True,False,Aprobado,Reprobado
23.0,70.0,1,2,True,7.0,73.0,2,Yes,1.0,0,1,3.0,False,68,True,False,False,True,False,False,True,False,False,True,False,False,True,Aprobado,Aprobado
17.0,98.0,1,0,True,6.0,62.0,0,Yes,1.0,1,1,2.0,False,68,True,False,True,False,True,False,False,False,False,True,False,True,False,Aprobado,Reprobado
19.0,61.0,2,1,False,9.0,67.0,1,Yes,0.0,0,1,2.0,False,61,False,True,True,False,True,False,False,True,False,False,True,False,False,Reprobado,Aprobado
36.0,68.0,1,1,True,8.0,74.0,2,Yes,2.0,1,1,3.0,False,70,False,True,False,True,False,True,False,False,False,True,True,False,False,Aprobado,Aprobado
11.0,70.0,2,2,False,7.0,95.0,2,Yes,0.0,0,2,5.0,False,65,False,True,False,True,True,False,False,False,True,False,True,False,False,Aprobado,Aprobado
22.0,77.0,0,1,True,5.0,84.0,1,No,3.0,2,1,2.0,False,66,False,True,False,True,False,True,False,False,True,False,False,False,True,Aprobado,Aprobado
23.0,69.0,1,1,True,6.0,59.0,1,Yes,3.0,2,1,3.0,False,67,False,True,False,True,False,False,True,False,True,False,False,True,False,Aprobado,Reprobado
27.0,80.0,0,0,True,5.0,94.0,2,Yes,3.0,2,1,3.0,False,69,False,True,False,True,False,True,False,False,False,True,True,False,False,Aprobado,Aprobado
21.0,95.0,1,2,False,9.0,75.0,1,Yes,1.0,0,1,2.0,False,69,False,True,False,True,True,False,False,True,False,False,False,True,False,Aprobado,Aprobado
22.0,88.0,1,1,True,5.0,60.0,0,Yes,1.0,0,1,2.0,False,67,False,True,False,True,False,True,False,False,True,False,False,True,False,Aprobado,Reprobado
18.0,83.0,2,0,False,9.0,76.0,1,Yes,0.0,1,0,4.0,False,66,True,False,True,False,False,True,False,False,False,True,False,True,False,Aprobado,Aprobado
22.0,64.0,0,1,True,9.0,60.0,1,Yes,1.0,2,2,2.0,False,63,True,False,False,True,False,True,False,False,False,True,False,True,False,Reprobado,Reprobado
18.0,88.0,2,1,False,6.0,68.0,0,Yes,0.0,1,2,4.0,False,67,False,True,True,False,False,True,False,True,False,False,False,True,False,Aprobado,Aprobado
24.0,67.0,2,0,True,6.0,90.0,1,Yes,0.0,0,1,1.0,False,64,False,True,False,True,True,False,False,True,False,False,False,True,False,Reprobado,Aprobado
18.0,91.0,1,0,False,6.0,83.0,1,Yes,2.0,0,1,4.0,False,68,True,False,False,True,False,True,False,False,False,True,False,True,False,Aprobado,Aprobado
22.0,70.0,1,2,True,8.0,74.0,0,Yes,2.0,0,2,2.0,False,65,False,True,False,True,False,True,False,False,True,False,True,False,False,Aprobado,Aprobado
20.0,77.0,1,0,False,9.0,61.0,1,Yes,2.0,1,1,3.0,False,65,False,True,False,True,False,True,False,False,False,True,False,True,False,Aprobado,Reprobado
27.0,74.0,1,0,True,9.0,64.0,2,No,1.0,0,1,3.0,False,65,False,True,False,True,False,True,False,False,False,True,False,True,False,Aprobado,Reprobado
20.0,94.0,0,1,True,6.0,99.0,1,Yes,0.0,1,1,4.0,False,70,False,True,True,False,True,False,False,False,False,True,True,False,False,Aprobado,Aprobado
9.0,65.0,1,2,True,9.0,67.0,1,Yes,1.0,2,1,3.0,False,62,False,True,True,False,False,True,False,False,False,True,False,True,False,Reprobado,Aprobado
28.0,83.0,2,0,False,9.0,81.0,1,Yes,0.0,0,1,4.0,False,68,False,True,False,True,False,True,False,False,True,False,False,True,False,Aprobado,Aprobado
15.0,66.0,0,2,True,7.0,75.0,0,Yes,0.0,2,2,3.0,False,62,False,True,False,True,True,False,False,False,False,True,True,False,False,Reprobado,Aprobado
16.0,88.0,1,2,True,7.0,51.0,1,Yes,0.0,1,1,3.0,False,68,False,True,True,False,True,False,False,False,False,True,False,False,True,Aprobado,Reprobado
16.0,96.0,2,1,True,9.0,97.0,1,Yes,0.0,1,2,5.0,False,72,True,False,False,True,True,False,False,False,False,True,False,True,False,Aprobado,Aprobado
28.0,77.0,2,1,True,9.0,54.0,0,Yes,1.0,2,1,3.0,False,70,False,True,True,False,False,False,True,False,False,True,False,False,True,Aprobado,Reprobado
7.0,80.0,2,1,False,9.0,83.0,0,No,3.0,1,1,3.0,False,62,False,True,True,False,False,True,False,True,False,False,False,True,False,Reprobado,Aprobado
39.0,97.0,2,2,True,10.0,91.0,1,Yes,2.0,0,1,3.0,False,79,False,True,True,False,False,True,False,False,True,False,False,False,True,Aprobado,Aprobado
26.0,81.0,1,2,True,8.0,87.0,1,Yes,2.0,2,2,1.0,False,73,False,True,False,True,False,False,True,False,False,True,False,True,False,Aprobado,Aprobado
21.0,80.0,2,2,True,7.0,90.0,2,Yes,1.0,0,0,2.0,False,68,False,True,False,True,True,False,False,True,False,False,True,False,False,Aprobado,Aprobado
20.0,83.0,2,1,True,9.0,87.0,0,Yes,0.0,2,1,2.0,False,68,False,True,False,True,False,True,False,False,False,True,False,True,False,Aprobado,Aprobado
22.0,88.0,1,1,True,10.0,72.0,1,Yes,2.0,0,2,2.0,False,69,False,True,True,False,False,True,False,False,True,False,False,True,False,Aprobado,Aprobado
23.0,64.0,1,0,True,6.0,95.0,2,Yes,1.0,0,1,2.0,True,63,False,True,True,False,True,False,False,True,False,False,False,False,True,Reprobado,Aprobado
24.0,93.0,1,1,True,7.0,96.0,1,No,5.0,2,1,4.0,False,74,False,True,True,False,False,False,True,False,False,True,True,False,False,Aprobado,Aprobado
23.0,77.0,1,1,True,5.0,72.0,1,Yes,2.0,2,2,5.0,False,69,False,True,True,False,True,False,False,False,True,False,True,False,False,Aprobado,Aprobado
21.0,63.0,1,0,False,8.0,74.0,1,Yes,0.0,0,1,3.0,False,61,False,True,True,False,False,True,False,False,False,True,True,False,False,Reprobado,Aprobado
19.0,91.0,1,0,True,8.0,74.0,0,Yes,4.0,1,1,2.0,True,69,False,True,True,False,False,False,True,False,False,True,False,True,False,Aprobado,Aprobado
19.0,75.0,1,0,False,6.0,64.0,2,Yes,2.0,0,1,3.0,False,64,False,True,True,False,False,True,False,False,False,True,False,True,False,Reprobado,Reprobado
19.0,64.0,1,1,True,9.0,56.0,0,Yes,2.0,0,1,4.0,False,63,False,True,True,False,False,False,True,True,False,False,False,False,True,Reprobado,Reprobado
27.0,85.0,0,2,False,6.0,63.0,0,Yes,1.0,0,1,2.0,False,68,False,True,False,True,True,False,False,False,False,True,True,False,False,Aprobado,Reprobado
24.0,95.0,2,1,True,6.0,92.0,1,Yes,2.0,0,1,3.0,False,72,False,True,False,True,False,True,False,True,False,False,False,True,False,Aprobado,Aprobado
2.0,96.0,0,2,True,9.0,77.0,1,Yes,3.0,1,1,2.0,False,65,False,True,True,False,False,True,False,True,False,False,False,True,False,Aprobado,Aprobado
24.0,98.0,0,0,False,6.0,93.0,0,No,2.0,0,0,4.0,False,69,False,True,False,True,True,False,False,False,False,True,False,False,True,Aprobado,Aprobado
21.0,95.0,1,0,False,5.0,87.0,0,Yes,2.0,1,1,4.0,False,70,True,False,False,True,False,True,False,False,False,True,False,True,False,Aprobado,Aprobado
20.0,60.0,1,1,True,8.0,67.0,0,Yes,1.0,1,1,4.0,False,63,False,True,True,False,False,False,True,False,True,False,False,True,False,Reprobado,Aprobado
18.0,75.0,0,1,True,7.0,59.0,0,Yes,0.0,1,1,2.0,True,62,False,True,True,False,False,True,False,False,False,True,False,False,True,Reprobado,Reprobado
27.0,93.0,1,1,True,9.0,78.0,0,Yes,1.0,0,1,2.0,False,72,False,True,True,False,False,False,True,False,False,True,False,False,True,Aprobado,Aprobado
26.0,75.0,2,2,False,8.0,97.0,1,Yes,1.0,0,1,4.0,False,69,False,True,False,True,False,True,False,True,False,False,False,True,False,Aprobado,Aprobado
15.0,84.0,1,1,False,4.0,92.0,0,Yes,2.0,1,1,3.0,False,66,False,True,True,False,False,True,False,False,True,False,True,False,False,Aprobado,Aprobado
22.0,84.0,1,1,True,9.0,88.0,1,Yes,2.0,0,2,4.0,False,71,True,False,False,True,False,False,True,False,False,True,False,True,False,Aprobado,Aprobado
14.0,75.0,0,0,False,10.0,88.0,1,Yes,2.0,0,1,3.0,False,62,True,False,True,False,True,False,False,False,True,False,True,False,False,Reprobado,Aprobado
12.0,96.0,1,0,True,9.0,76.0,1,Yes,2.0,1,2,2.0,False,68,False,True,False,True,False,True,False,False,False,True,False,False,True,Aprobado,Aprobado
16.0,80.0,2,0,False,9.0,58.0,0,Yes,0.0,1,1,2.0,False,63,False,True,True,False,False,True,False,False,False,True,False,True,False,Reprobado,Reprobado
25.0,79.0,1,1,True,7.0,64.0,1,Yes,0.0,0,1,3.0,False,66,False,True,True,False,True,False,False,True,False,False,False,True,False,Aprobado,Reprobado
26.0,100.0,2,1,True,6.0,79.0,2,Yes,1.0,1,2,3.0,False,75,False,True,False,True,True,False,False,False,True,False,False,False,True,Aprobado,Aprobado
23.0,80.0,1,0,True,7.0,66.0,2,Yes,1.0,2,2,4.0,False,69,True,False,True,False,True,False,False,False,False,True,False,False,True,Aprobado,Aprobado
24.0,67.0,2,1,False,8.0,89.0,1,Yes,2.0,2,0,3.0,False,68,True,False,True,False,False,True,False,False,False,True,False,False,True,Aprobado,Aprobado
23.0,81.0,2,1,False,8.0,69.0,1,Yes,5.0,1,1,2.0,False,69,False,True,False,True,False,True,False,False,True,False,True,False,False,Aprobado,Aprobado
16.0,93.0,2,0,False,6.0,56.0,1,Yes,2.0,0,1,4.0,False,67,False,True,False,True,False,True,False,False,False,True,False,False,True,Aprobado,Reprobado
23.0,91.0,2,1,True,6.0,89.0,1,Yes,3.0,1,1,3.0,False,73,True,False,False,True,False,False,True,False,False,True,True,False,False,Aprobado,Aprobado
25.0,92.0,1,2,True,5.0,85.0,0,Yes,1.0,0,1,1.0,False,71,False,True,False,True,True,False,False,False,False,True,True,False,False,Aprobado,Aprobado
25.0,88.0,2,1,True,8.0,63.0,1,Yes,2.0,2,1,3.0,False,71,False,True,True,False,False,True,False,False,True,False,False,False,True,Aprobado,Reprobado
27.0,70.0,1,1,False,6.0,99.0,2,Yes,2.0,0,1,2.0,False,68,True,False,True,False,False,True,False,False,False,True,False,True,False,Aprobado,Aprobado
24.0,94.0,2,0,False,7.0,70.0,1,Yes,1.0,2,1,1.0,False,70,False,True,False,True,False,True,False,False,False,True,False,True,False,Aprobado,Aprobado
22.0,96.0,0,2,True,10.0,84.0,0,Yes,1.0,2,2,3.0,False,71,False,True,False,True,False,True,False,False,False,True,True,False,False,Aprobado,Aprobado
26.0,68.0,1,2,False,8.0,96.0,2,Yes,1.0,1,2,2.0,False,69,False,True,False,True,False,True,False,False,False,True,False,True,False,Aprobado,Aprobado
20.0,65.0,2,1,False,7.0,58.0,1,No,3.0,0,1,4.0,False,63,True,False,False,True,False,True,False,False,False,True,False,True,False,Reprobado,Reprobado
15.0,99.0,0,1,True,8.0,94.0,1,Yes,2.0,1,1,3.0,False,71,True,False,False,True,False,False,True,False,False,True,False,True,False,Aprobado,Aprobado
19.0,95.0,1,1,True,9.0,85.0,1,No,2.0,0,1,3.0,False,69,False,True,False,True,True,False,False,False,False,True,True,False,False,Aprobado,Aprobado
16.0,96.0,2,1,True,5.0,58.0,1,Yes,2.0,2,0,5.0,False,71,False,True,False,True,False,False,True,False,True,False,False,False,True,Aprobado,Reprobado
16.0,95.0,1,0,False,6.0,83.0,0,Yes,2.0,0,2,3.0,False,68,True,False,True,False,False,True,False,False,False,True,False,True,False,Aprobado,Aprobado
19.0,82.0,1,1,False,7.0,94.0,1,Yes,1.0,1,1,3.0,False,68,False,True,True,False,False,True,False,False,False,True,False,False,True,Aprobado,Aprobado
15.0,86.0,1,0,False,6.0,90.0,1,Yes,0.0,1,2,3.0,False,66,False,True,False,True,False,False,True,True,False,False,False,True,False,Aprobado,Aprobado
18.0,82.0,1,1,False,7.0,88.0,1,Yes,3.0,0,1,3.0,False,67,False,True,True,False,True,False,False,False,True,False,True,False,False,Aprobado,Aprobado
9.0,62.0,0,2,True,5.0,58.0,0,Yes,0.0,1,2,5.0,False,59,True,False,True,False,True,False,False,False,True,False,False,False,True,Reprobado,Reprobado
21.0,90.0,0,1,False,8.0,60.0,1,Yes,1.0,0,1,2.0,False,66,False,True,True,False,True,False,False,False,False,True,True,False,False,Aprobado,Reprobado
20.0,80.0,0,0,False,6.0,77.0,0,Yes,0.0,1,2,3.0,False,64,True,False,False,True,False,True,False,False,False,True,True,False,False,Reprobado,Aprobado
15.0,86.0,1,1,False,7.0,79.0,1,Yes,1.0,0,1,3.0,True,64,False,True,True,False,False,True,False,False,True,False,False,True,False,Reprobado,Aprobado
24.0,80.0,1,2,True,7.0,97.0,1,Yes,0.0,0,2,4.0,False,69,True,False,True,False,False,True,False,False,True,False,False,True,False,Aprobado,Aprobado
26.0,80.0,2,0,False,8.0,73.0,2,Yes,1.0,1,1,3.0,False,69,False,True,False,True,False,True,False,False,False,True,False,True,False,Aprobado,Aprobado
10.0,67.0,1,1,False,4.0,65.0,1,No,3.0,1,1,3.0,False,61,False,True,False,True,False,True,False,False,False,True,False,False,True,Reprobado,Aprobado
15.0,71.0,2,2,False,8.0,60.0,1,Yes,0.0,0,2,3.0,False,62,True,False,True,False,False,True,False,True,False,False,True,False,False,Reprobado,Reprobado
15.0,66.0,0,1,False,7.0,53.0,1,Yes,2.0,1,2,3.0,False,61,False,True,True,False,True,False,False,False,False,True,True,False,False,Reprobado,Reprobado
14.0,68.0,1,1,True,8.0,53.0,2,Yes,1.0,1,2,2.0,False,63,True,False,True,False,True,False,False,False,False,True,False,False,True,Reprobado,Reprobado
25.0,99.0,1,0,False,5.0,79.0,0,Yes,2.0,0,1,4.0,False,71,False,True,True,False,True,False,False,False,False,True,False,False,True,Aprobado,Aprobado
19.0,66.0,2,2,True,8.0,59.0,1,Yes,1.0,1,0,2.0,False,65,False,True,True,False,False,False,True,False,True,False,False,False,True,Aprobado,Reprobado
18.0,71.0,2,2,True,9.0,93.0,1,Yes,1.0,0,2,4.0,False,68,True,False,False,True,True,False,False,False,True,False,False,True,False,Aprobado,Aprobado
8.0,84.0,2,2,False,7.0,80.0,1,Yes,1.0,2,2,4.0,False,67,False,True,False,True,False,True,False,False,True,False,False,False,True,Aprobado,Aprobado
24.0,84.0,0,2,True,6.0,93.0,2,Yes,2.0,0,1,1.0,False,70,False,True,True,False,False,True,False,False,False,True,False,True,False,Aprobado,Aprobado
13.0,66.0,2,1,True,6.0,71.0,1,Yes,3.0,1,1,3.0,False,64,False,True,False,True,False,True,False,False,False,True,False,True,False,Reprobado,Aprobado
20.0,92.0,1,2,False,8.0,80.0,2,Yes,0.0,1,1,3.0,False,71,True,False,False,True,True,False,False,False,False,True,False,True,False,Aprobado,Aprobado
22.0,91.0,2,1,True,8.0,76.0,0,Yes,2.0,1,1,3.0,False,71,False,True,True,False,True,False,False,False,True,False,False,True,False,Aprobado,Aprobado
28.0,69.0,1,2,False,8.0,99.0,0,Yes,0.0,2,1,3.0,False,67,True,False,True,False,False,True,False,False,True,False,True,False,False,Aprobado,Aprobado
12.0,72.0,1,0,True,7.0,90.0,1,Yes,0.0,2,1,3.0,False,63,False,True,False,True,False,False,True,True,False,False,False,False,True,Reprobado,Aprobado
2.0,98.0,0,2,True,7.0,80.0,2,Yes,2.0,0,2,1.0,False,66,False,True,False,True,False,True,False,False,False,True,False,True,False,Aprobado,Aprobado
21.0,93.0,1,0,True,7.0,80.0,1,Yes,3.0,2,1,1.0,False,70,False,True,False,True,False,True,False,False,True,False,False,True,False,Aprobado,Aprobado
31.0,88.0,1,0,False,6.0,62.0,1,Yes,2.0,0,1,4.0,False,70,True,False,False,True,False,True,False,False,False,True,False,False,True,Aprobado,Reprobado
27.0,63.0,0,1,True,8.0,87.0,1,Yes,3.0,0,2,3.0,False,67,True,False,True,False,False,True,False,False,False,True,False,False,True,Aprobado,Aprobado
21.0,77.0,0,1,False,7.0,99.0,2,Yes,3.0,1,2,3.0,False,69,False,True,False,True,False,False,True,False,False,True,False,True,False,Aprobado,Aprobado
17.0,82.0,2,0,False,9.0,56.0,0,Yes,3.0,2,1,2.0,False,66,False,True,True,False,False,True,False,False,False,True,False,False,True,Aprobado,Reprobado
25.0,67.0,1,2,False,9.0,82.0,1,Yes,1.0,1,1,3.0,False,67,False,True,True,False,False,False,True,True,False,False,False,False,True,Aprobado,Aprobado
14.0,78.0,2,1,True,7.0,76.0,1,Yes,0.0,2,1,2.0,True,65,False,True,True,False,True,False,False,False,False,True,True,False,False,Aprobado,Aprobado
23.0,84.0,2,2,True,8.0,93.0,1,Yes,1.0,2,1,3.0,False,72,False,True,False,True,False,False,True,True,False,False,False,False,True,Aprobado,Aprobado
23.0,73.0,2,2,False,6.0,50.0,1,Yes,1.0,1,1,3.0,False,68,False,True,False,True,True,False,False,False,False,True,False,False,True,Aprobado,Reprobado
26.0,91.0,2,1,True,7.0,57.0,0,Yes,3.0,1,1,3.0,False,72,False,True,False,True,True,False,False,False,False,True,True,False,False,Aprobado,Reprobado
37.0,94.0,2,1,True,8.0,52.0,2,Yes,1.0,0,1,3.0,False,76,True,False,False,True,False,False,True,False,False,True,False,False,True,Aprobado,Reprobado
22.0,73.0,1,0,True,5.0,58.0,1,Yes,4.0,0,1,3.0,True,65,False,True,True,False,True,False,False,False,False,True,False,False,True,Aprobado,Reprobado
17.0,94.0,0,1,False,8.0,85.0,1,Yes,1.0,1,0,4.0,False,68,False,True,False,True,False,True,False,False,False,True,False,False,True,Aprobado,Aprobado
20.0,64.0,1,1,True,6.0,57.0,1,Yes,3.0,0,2,4.0,False,65,False,True,True,False,True,False,False,False,False,True,False,True,False,Aprobado,Reprobado
9.0,94.0,1,1,True,6.0,81.0,0,Yes,0.0,0,2,3.0,False,66,False,True,False,True,False,True,False,False,False,True,False,False,True,Aprobado,Aprobado
16.0,66.0,0,1,False,6.0,93.0,1,Yes,7.0,0,1,2.0,False,63,False,True,False,True,False,True,False,True,False,False,True,False,False,Reprobado,Aprobado
18.0,63.0,1,0,False,7.0,52.0,1,Yes,2.0,2,2,3.0,False,63,False,True,True,False,False,False,True,False,True,False,False,False,True,Reprobado,Reprobado
17.0,86.0,1,1,True,5.0,51.0,1,Yes,2.0,0,1,2.0,False,66,True,False,False,True,False,False,True,False,True,False,False,True,False,Aprobado,Reprobado
21.0,79.0,2,0,True,8.0,99.0,1,Yes,2.0,0,2,4.0,False,69,False,True,False,True,False,True,False,False,False,True,False,False,True,Aprobado,Aprobado
15.0,96.0,1,2,True,7.0,84.0,2,Yes,3.0,1,0,1.0,False,72,False,True,False,True,False,False,True,False,False,True,False,False,True,Aprobado,Aprobado
27.0,75.0,1,0,True,10.0,57.0,1,Yes,3.0,2,0,3.0,False,66,False,True,False,True,False,True,False,False,False,True,True,False,False,Aprobado,Reprobado
20.0,71.0,1,1,True,7.0,65.0,1,No,2.0,1,1,4.0,False,64,False,True,True,False,False,True,False,False,True,False,True,False,False,Reprobado,Aprobado
20.0,80.0,1,0,True,8.0,99.0,0,Yes,0.0,0,2,3.0,False,67,True,False,False,True,False,True,False,False,False,True,False,False,True,Aprobado,Aprobado
18.0,78.0,2,2,True,6.0,61.0,0,Yes,1.0,0,1,5.0,False,67,True,False,False,True,False,True,False,False,False,True,False,False,True,Aprobado,Reprobado
21.0,74.0,0,1,True,5.0,88.0,1,Yes,1.0,1,2,1.0,False,66,False,True,False,True,True,False,False,False,False,True,False,True,False,Aprobado,Aprobado
25.0,88.0,1,0,True,8.0,62.0,0,Yes,2.0,0,1,2.0,False,68,False,True,True,False,False,True,False,False,False,True,False,True,False,Aprobado,Reprobado
15.0,90.0,1,1,False,5.0,70.0,1,Yes,0.0,1,1,2.0,False,65,True,False,False,True,False,True,False,False,True,False,False,True,False,Aprobado,Aprobado
16.0,94.0,1,2,True,8.0,94.0,2,Yes,2.0,0,2,3.0,False,71,True,False,False,True,False,True,False,False,False,True,True,False,False,Aprobado,Aprobado
18.0,99.0,1,2,True,10.0,51.0,1,Yes,1.0,1,0,4.0,False,71,False,True,False,True,False,False,True,False,False,True,False,True,False,Aprobado,Reprobado
12.0,71.0,1,1,True,8.0,65.0,1,Yes,1.0,1,2,2.0,False,62,True,False,False,True,False,True,False,False,True,False,False,True,False,Reprobado,Aprobado
15.0,89.0,1,2,True,8.0,74.0,0,Yes,2.0,1,2,2.0,False,69,False,True,False,True,True,False,False,False,False,True,False,False,True,Aprobado,Aprobado
17.0,76.0,1,0,False,7.0,81.0,0,Yes,4.0,2,1,2.0,False,65,True,False,False,True,False,True,False,False,False,True,False,True,False,Aprobado,Aprobado
25.0,87.0,2,0,False,6.0,51.0,0,Yes,3.0,1,1,3.0,False,70,False,True,False,True,False,False,True,False,False,True,False,True,False,Aprobado,Reprobado
22.0,79.0,1,1,True,7.0,71.0,1,Yes,2.0,0,1,2.0,False,66,True,False,False,True,True,False,False,False,True,False,False,True,False,Aprobado,Aprobado
21.0,100.0,1,1,False,6.0,67.0,1,Yes,0.0,2,1,3.0,False,70,False,True,False,True,False,True,False,True,False,False,False,False,True,Aprobado,Aprobado
25.0,89.0,1,2,False,5.0,51.0,0,Yes,2.0,1,2,2.0,False,70,True,False,True,False,False,False,True,False,True,False,True,False,False,Aprobado,Reprobado
19.0,98.0,0,2,True,7.0,68.0,1,Yes,1.0,0,1,4.0,False,69,True,False,True,False,False,True,False,False,True,False,False,True,False,Aprobado,Aprobado
22.0,93.0,2,0,True,9.0,97.0,1,Yes,2.0,1,1,3.0,True,71,False,True,False,True,False,True,False,False,False,True,False,True,False,Aprobado,Aprobado
19.0,96.0,1,1,False,5.0,64.0,1,Yes,1.0,1,1,3.0,False,69,False,True,False,True,False,True,False,False,False,True,False,True,False,Aprobado,Reprobado
22.0,93.0,2,1,False,9.0,79.0,1,Yes,2.0,1,2,2.0,False,73,False,True,True,False,False,False,True,False,False,True,False,False,True,Aprobado,Aprobado
17.0,78.0,1,1,True,9.0,65.0,0,Yes,1.0,1,2,4.0,False,65,False,True,True,False,False,True,False,False,True,False,False,True,False,Aprobado,Aprobado
5.0,70.0,2,2,True,8.0,55.0,1,Yes,3.0,0,1,3.0,False,62,False,True,False,True,False,True,False,False,False,True,False,True,False,Reprobado,Reprobado
19.0,75.0,1,2,False,8.0,64.0,1,Yes,2.0,2,0,5.0,False,67,False,True,True,False,False,False,True,False,True,False,True,False,False,Aprobado,Reprobado
29.0,61.0,0,1,True,7.0,74.0,2,Yes,1.0,1,1,3.0,False,65,False,True,False,True,False,False,True,False,True,False,False,True,False,Aprobado,Aprobado
26.0,81.0,0,1,False,7.0,65.0,0,Yes,1.0,1,1,3.0,False,65,False,True,False,True,False,True,False,True,False,False,False,True,False,Aprobado,Aprobado
26.0,80.0,1,2,True,6.0,81.0,1,Yes,0.0,1,1,2.0,False,70,False,True,True,False,True,False,False,False,False,True,False,True,False,Aprobado,Aprobado
27.0,81.0,1,1,True,7.0,97.0,0,Yes,1.0,1,1,2.0,False,70,False,True,True,False,True,False,False,False,False,True,False,True,False,Aprobado,Aprobado
21.0,99.0,1,2,True,7.0,53.0,1,Yes,0.0,1,0,4.0,False,71,False,True,True,False,False,False,True,False,False,True,False,True,False,Aprobado,Reprobado
21.0,96.0,2,0,False,10.0,86.0,0,Yes,1.0,0,2,3.0,False,71,False,True,False,True,True,False,False,False,False,True,False,True,False,Aprobado,Aprobado
16.0,66.0,1,1,True,8.0,50.0,0,Yes,1.0,1,2,4.0,False,62,False,True,False,True,False,True,False,False,True,False,False,True,False,Reprobado,Reprobado
18.0,75.0,1,0,False,7.0,50.0,1,Yes,4.0,0,1,2.0,False,65,False,True,True,False,False,False,True,False,False,True,False,False,True,Aprobado,Reprobado
24.0,77.0,2,1,True,7.0,57.0,1,Yes,3.0,1,2,2.0,False,84,False,True,False,True,True,False,False,True,False,False,False,False,True,Aprobado,Reprobado
27.0,74.0,1,1,True,6.0,74.0,1,Yes,2.0,1,2,2.0,False,68,False,True,False,True,True,False,False,True,False,False,False,True,False,Aprobado,Aprobado
19.0,92.0,2,1,True,6.0,52.0,1,Yes,3.0,2,1,1.0,False,70,False,True,False,True,False,True,False,False,False,True,False,False,True,Aprobado,Reprobado
17.0,81.0,1,2,False,8.0,86.0,1,Yes,1.0,1,1,3.0,False,68,True,False,False,True,False,False,True,False,False,True,False,True,False,Aprobado,Aprobado
20.0,83.0,1,1,False,6.0,51.0,1,Yes,2.0,0,2,4.0,False,67,False,True,False,True,False,False,True,False,False,True,True,False,False,Aprobado,Reprobado
24.0,94.0,0,1,True,6.0,75.0,0,Yes,1.0,0,2,4.0,False,69,False,True,True,False,False,True,False,False,False,True,True,False,False,Aprobado,Aprobado
11.0,92.0,2,2,True,6.0,84.0,1,Yes,2.0,0,0,1.0,False,68,False,True,True,False,False,True,False,False,False,True,True,False,False,Aprobado,Aprobado
6.0,65.0,2,2,False,6.0,62.0,1,No,3.0,0,0,1.0,False,59,False,True,False,True,False,True,False,False,False,True,False,True,False,Reprobado,Reprobado
17.0,89.0,2,0,True,9.0,79.0,1,No,0.0,1,1,2.0,False,67,False,True,True,False,True,False,False,False,False,True,False,False,True,Aprobado,Aprobado
13.0,77.0,1,2,True,7.0,63.0,0,Yes,0.0,2,0,1.0,False,63,False,True,False,True,False,True,False,False,True,False,False,False,True,Reprobado,Reprobado
17.0,72.0,2,2,True,7.0,61.0,0,Yes,1.0,1,1,4.0,False,65,False,True,True,False,False,True,False,False,False,True,True,False,False,Aprobado,Reprobado
19.0,62.0,1,1,False,7.0,91.0,0,Yes,1.0,0,1,3.0,False,63,False,True,False,True,True,False,False,False,False,True,False,False,True,Reprobado,Aprobado
17.0,79.0,1,1,False,7.0,67.0,0,Yes,1.0,0,1,3.0,False,64,True,False,True,False,False,True,False,False,False,True,False,False,True,Reprobado,Aprobado
29.0,74.0,2,1,True,6.0,91.0,2,Yes,3.0,0,2,4.0,False,72,False,True,True,False,True,False,False,True,False,False,False,False,True,Aprobado,Aprobado
22.0,70.0,0,1,True,5.0,61.0,2,Yes,1.0,0,1,3.0,False,63,False,True,False,True,True,False,False,False,True,False,True,False,False,Reprobado,Reprobado
22.0,88.0,1,1,False,9.0,68.0,1,No,2.0,1,1,2.0,True,66,False,True,False,True,False,True,False,False,False,True,False,True,False,Aprobado,Aprobado
24.0,91.0,1,1,True,8.0,55.0,0,Yes,0.0,1,0,2.0,False,67,True,False,True,False,True,False,False,False,True,False,False,True,False,Aprobado,Reprobado
13.0,70.0,2,2,True,8.0,75.0,2,Yes,1.0,2,1,2.0,True,66,False,True,False,True,False,False,True,False,True,False,False,False,True,Aprobado,Aprobado
26.0,62.0,1,1,True,8.0,69.0,1,Yes,2.0,1,2,3.0,False,66,False,True,True,False,True,False,False,False,True,False,False,False,True,Aprobado,Aprobado
20.0,94.0,1,1,True,10.0,50.0,0,Yes,1.0,0,2,4.0,True,68,True,False,True,False,False,False,True,False,False,True,True,False,False,Aprobado,Reprobado
24.0,60.0,2,2,False,6.0,73.0,1,Yes,1.0,0,1,5.0,False,66,True,False,False,True,False,False,True,False,True,False,False,False,True,Aprobado,Aprobado
14.0,97.0,1,1,True,5.0,54.0,1,Yes,3.0,1,1,2.0,False,68,False,True,True,False,True,False,False,False,False,True,True,False,False,Aprobado,Reprobado
11.0,85.0,1,1,True,8.0,92.0,0,Yes,2.0,1,1,4.0,False,65,False,True,True,False,False,True,False,True,False,False,True,False,False,Aprobado,Aprobado
25.0,73.0,1,1,True,5.0,75.0,0,Yes,0.0,1,1,2.0,False,67,True,False,True,False,True,False,False,False,False,True,False,False,True,Aprobado,Aprobado
22.0,70.0,2,0,False,7.0,85.0,1,Yes,0.0,2,1,3.0,False,64,True,False,False,True,False,True,False,True,False,False,True,False,False,Reprobado,Aprobado
15.0,60.0,0,2,False,7.0,91.0,0,Yes,0.0,0,1,2.0,False,59,True,False,False,True,True,False,False,True,False,False,True,False,False,Reprobado,Aprobado
15.0,69.0,1,1,True,8.0,53.0,0,No,0.0,2,1,3.0,False,60,True,False,False,True,False,True,False,False,False,True,True,False,False,Reprobado,Reprobado
27.0,66.0,0,2,False,6.0,67.0,0,Yes,1.0,2,2,4.0,False,65,False,True,True,False,True,False,False,True,False,False,True,False,False,Aprobado,Aprobado
13.0,84.0,1,1,True,9.0,51.0,2,Yes,0.0,0,1,4.0,False,64,False,True,True,False,False,True,False,False,False,True,True,False,False,Reprobado,Reprobado
30.0,67.0,1,2,False,6.0,52.0,1,Yes,1.0,0,1,1.0,False,66,False,True,True,False,False,True,False,False,False,True,False,True,False,Aprobado,Reprobado
15.0,81.0,1,1,True,8.0,52.0,1,Yes,0.0,1,1,2.0,False,65,False,True,False,True,False,False,True,False,False,True,False,True,False,Aprobado,Reprobado
24.0,84.0,1,1,True,6.0,74.0,1,Yes,2.0,1,2,2.0,False,69,False,True,False,True,False,True,False,True,False,False,False,False,True,Aprobado,Aprobado
18.0,72.0,2,2,True,8.0,73.0,1,Yes,0.0,1,1,4.0,True,66,True,False,True,False,False,True,False,False,False,True,False,False,True,Aprobado,Aprobado
24.0,61.0,2,1,True,5.0,53.0,1,Yes,1.0,0,2,5.0,False,65,True,False,True,False,True,False,False,False,False,True,False,True,False,Aprobado,Reprobado
17.0,61.0,2,1,False,7.0,63.0,0,Yes,1.0,1,1,4.0,False,62,False,True,True,False,True,False,False,False,True,False,False,False,True,Reprobado,Reprobado
19.0,61.0,1,0,False,9.0,62.0,1,Yes,2.0,1,1,2.0,False,60,False,True,True,False,False,True,False,True,False,False,False,True,False,Reprobado,Reprobado
20.0,90.0,0,1,False,7.0,65.0,0,No,4.0,0,2,4.0,False,68,False,True,True,False,True,False,False,False,True,False,False,False,True,Aprobado,Aprobado
14.0,73.0,1,2,True,9.0,82.0,1,Yes,1.0,1,1,3.0,False,64,False,True,True,False,False,True,False,False,False,True,True,False,False,Reprobado,Aprobado
24.0,92.0,2,2,False,7.0,85.0,2,Yes,0.0,1,1,3.0,False,73,False,True,True,False,True,False,False,False,False,True,False,False,True,Aprobado,Aprobado
17.0,77.0,1,1,True,6.0,67.0,0,Yes,1.0,0,1,1.0,False,64,False,True,False,True,True,False,False,False,False,True,False,False,True,Reprobado,Aprobado
19.0,78.0,2,2,False,7.0,89.0,1,Yes,2.0,1,1,4.0,False,69,False,True,True,False,False,True,False,False,True,False,False,True,False,Aprobado,Aprobado
14.0,81.0,0,1,False,8.0,71.0,0,Yes,1.0,0,2,3.0,True,63,False,True,True,False,False,False,True,False,False,True,False,True,False,Reprobado,Aprobado
5.0,89.0,1,1,True,4.0,76.0,2,Yes,2.0,1,1,3.0,False,65,False,True,False,True,True,False,False,False,False,True,False,True,False,Aprobado,Aprobado
19.0,71.0,1,1,False,8.0,57.0,1,Yes,2.0,1,2,4.0,False,65,False,True,False,True,False,True,False,False,True,False,False,False,True,Aprobado,Reprobado
34.0,65.0,1,1,True,6.0,62.0,2,Yes,0.0,1,2,3.0,False,67,False,True,False,True,False,True,False,False,False,True,True,False,False,Aprobado,Reprobado
25.0,82.0,1,1,True,5.0,86.0,1,No,0.0,0,0,4.0,False,67,False,True,False,True,False,True,False,False,False,True,False,False,True,Aprobado,Aprobado
20.0,73.0,1,1,False,8.0,99.0,0,Yes,1.0,1,1,3.0,False,66,True,False,False,True,False,True,False,False,False,True,False,False,True,Aprobado,Aprobado
18.0,78.0,1,2,True,9.0,85.0,2,Yes,1.0,0,2,2.0,False,68,True,False,False,True,False,False,True,False,False,True,True,False,False,Aprobado,Aprobado
20.0,86.0,1,0,True,7.0,53.0,1,Yes,1.0,0,2,2.0,False,65,False,True,False,True,False,True,False,False,False,True,True,False,False,Aprobado,Reprobado
23.0,80.0,0,0,True,5.0,57.0,1,Yes,1.0,0,1,4.0,False,66,False,True,False,True,False,False,True,False,False,True,False,True,False,Aprobado,Reprobado
13.0,85.0,2,0,True,6.0,72.0,1,Yes,2.0,0,1,1.0,False,66,False,True,True,False,True,False,False,False,True,False,False,False,True,Aprobado,Aprobado
27.0,82.0,1,1,True,6.0,87.0,0,No,2.0,0,2,2.0,False,69,False,True,False,True,False,True,False,False,False,True,False,False,True,Aprobado,Aprobado
24.0,90.0,1,1,False,7.0,58.0,1,Yes,2.0,0,1,2.0,False,70,True,False,False,True,False,False,True,False,False,True,False,True,False,Aprobado,Reprobado
24.0,88.0,1,0,True,7.0,88.0,1,Yes,2.0,1,2,2.0,False,71,True,False,False,True,False,False,True,False,True,False,False,True,False,Aprobado,Aprobado
23.0,81.0,2,1,False,8.0,78.0,2,Yes,4.0,0,0,3.0,False,70,False,True,False,True,False,True,False,False,True,False,False,False,True,Aprobado,Aprobado
20.0,87.0,1,1,False,8.0,89.0,0,Yes,2.0,1,1,3.0,False,68,False,True,False,True,False,True,False,False,True,False,False,True,False,Aprobado,Aprobado
24.0,95.0,2,2,True,8.0,78.0,1,Yes,2.0,0,2,2.0,False,73,False,True,True,False,False,False,True,True,False,False,True,False,False,Aprobado,Aprobado
24.0,77.0,1,2,False,8.0,80.0,2,Yes,1.0,0,2,2.0,True,68,False,True,True,False,False,True,False,False,True,False,False,False,True,Aprobado,Aprobado
18.0,77.0,1,1,True,7.0,62.0,0,Yes,2.0,2,1,4.0,False,66,True,False,False,True,True,False,False,False,False,True,False,True,False,Aprobado,Reprobado
17.0,91.0,1,0,True,10.0,86.0,0,Yes,1.0,1,1,3.0,True,67,False,True,True,False,False,False,True,False,True,False,False,True,False,Aprobado,Aprobado
21.0,83.0,1,0,True,8.0,92.0,0,Yes,2.0,1,1,4.0,True,66,True,False,False,True,False,True,False,False,False,True,True,False,False,Aprobado,Aprobado
29.0,63.0,1,2,True,8.0,94.0,1,Yes,0.0,1,2,2.0,False,69,True,False,True,False,False,False,True,False,False,True,False,False,True,Aprobado,Aprobado
13.0,96.0,1,1,False,10.0,51.0,1,Yes,1.0,0,0,3.0,False,67,False,True,True,False,False,False,True,False,False,True,False,False,True,Aprobado,Reprobado
11.0,61.0,1,0,True,7.0,81.0,2,Yes,5.0,1,0,4.0,True,61,False,True,False,True,False,True,False,False,False,True,False,False,True,Reprobado,Aprobado
21.0,90.0,1,1,False,6.0,99.0,1,Yes,2.0,0,1,3.0,False,70,True,False,True,False,True,False,False,False,False,True,True,False,False,Aprobado,Aprobado
20.0,90.0,2,2,False,9.0,79.0,1,Yes,2.0,0,1,2.0,False,70,False,True,True,False,False,True,False,False,False,True,True,False,False,Aprobado,Aprobado
21.0,98.0,1,1,True,9.0,59.0,2,No,3.0,1,1,3.0,True,70,False,True,True,False,True,False,False,False,False,True,False,True,False,Aprobado,Reprobado
21.0,62.0,1,1,False,7.0,94.0,0,Yes,1.0,0,2,3.0,False,64,True,False,True,False,True,False,False,False,True,False,False,False,True,Reprobado,Aprobado
19.0,84.0,2,1,False,10.0,63.0,1,Yes,0.0,0,1,3.0,False,65,False,True,True,False,True,False,False,True,False,False,True,False,False,Aprobado,Reprobado
29.0,77.0,1,1,False,7.0,52.0,1,Yes,5.0,0,1,4.0,False,70,False,True,True,False,True,False,False,False,False,True,False,False,True,Aprobado,Reprobado
10.0,73.0,0,2,True,8.0,72.0,0,Yes,1.0,0,2,2.0,False,62,False,True,True,False,True,False,False,False,True,False,False,False,True,Reprobado,Aprobado
15.0,64.0,2,2,True,9.0,55.0,2,Yes,1.0,1,0,3.0,False,64,False,True,True,False,True,False,False,False,False,True,False,True,False,Reprobado,Reprobado
19.0,83.0,1,2,True,7.0,56.0,1,Yes,1.0,1,0,3.0,False,67,True,False,True,False,True,False,False,True,False,False,False,False,True,Aprobado,Reprobado
10.0,79.0,2,1,False,8.0,73.0,2,No,1.0,0,0,4.0,False,63,False,True,True,False,False,True,False,False,False,True,False,True,False,Reprobado,Aprobado
19.0,64.0,0,1,True,9.0,81.0,2,Yes,0.0,1,2,3.0,True,62,False,True,False,True,False,True,False,False,False,True,False,True,False,Reprobado,Aprobado
30.0,84.0,0,1,False,6.0,95.0,1,Yes,2.0,2,2,2.0,False,72,False,True,False,True,True,False,False,False,False,True,True,False,False,Aprobado,Aprobado
20.0,90.0,0,1,False,6.0,85.0,2,No,3.0,0,2,2.0,False,69,True,False,False,True,True,False,False,False,False,True,False,True,False,Aprobado,Aprobado
21.0,91.0,1,2,True,9.0,92.0,1,Yes,5.0,0,1,2.0,False,72,True,False,False,True,False,True,False,False,False,True,True,False,False,Aprobado,Aprobado
12.0,96.0,0,1,True,7.0,71.0,2,Yes,2.0,1,1,2.0,False,68,True,False,False,True,True,False,False,False,False,True,False,False,True,Aprobado,Aprobado
16.0,76.0,0,1,False,6.0,66.0,0,Yes,1.0,1,1,3.0,False,64,True,False,True,False,False,False,True,False,False,True,False,True,False,Reprobado,Aprobado
18.0,98.0,2,2,True,7.0,80.0,0,Yes,3.0,0,1,1.0,False,72,True,False,True,False,True,False,False,False,False,True,False,True,False,Aprobado,Aprobado
18.0,95.0,2,2,True,8.0,85.0,0,Yes,2.0,0,2,3.0,False,73,False,True,True,False,True,False,False,False,False,True,False,False,True,Aprobado,Aprobado
28.0,72.0,2,1,True,5.0,78.0,0,No,5.0,1,0,2.0,False,67,True,False,False,True,True,False,False,True,False,False,True,False,False,Aprobado,Aprobado
23.0,66.0,2,0,True,8.0,63.0,1,Yes,0.0,0,1,4.0,False,64,False,True,True,False,True,False,False,False,False,True,True,False,False,Reprobado,Reprobado
13.0,77.0,1,1,True,8.0,68.0,0,Yes,3.0,2,1,3.0,False,65,True,False,True,False,False,True,False,False,False,True,False,True,False,Aprobado,Aprobado
21.0,76.0,2,2,True,9.0,72.0,0,Yes,1.0,0,2,3.0,False,67,False,True,True,False,False,True,False,False,True,False,False,True,False,Aprobado,Aprobado
23.0,83.0,1,1,True,7.0,51.0,0,Yes,3.0,1,2,2.0,False,68,False,True,False,True,True,False,False,False,True,False,False,True,False,Aprobado,Reprobado
27.0,83.0,1,2,True,9.0,94.0,1,Yes,2.0,0,2,2.0,False,72,False,True,False,True,False,True,False,False,False,True,False,False,True,Aprobado,Aprobado
29.0,90.0,2,0,True,7.0,76.0,0,Yes,1.0,1,0,3.0,False,71,False,True,True,False,False,True,False,False,True,False,False,False,True,Aprobado,Aprobado
14.0,80.0,1,1,True,7.0,88.0,1,Yes,1.0,1,1,3.0,False,66,True,False,False,True,False,True,False,False,False,True,False,True,False,Aprobado,Aprobado
15.0,64.0,2,1,False,7.0,59.0,0,Yes,0.0,0,1,3.0,True,59,False,True,True,False,False,True,False,False,False,True,False,True,False,Reprobado,Reprobado
12.0,94.0,1,1,True,10.0,78.0,1,Yes,1.0,1,2,2.0,False,68,False,True,True,False,False,True,False,False,False,True,False,True,False,Aprobado,Aprobado
19.0,72.0,0,2,True,5.0,96.0,0,No,3.0,0,0,2.0,False,64,False,True,True,False,False,True,False,False,True,False,False,False,True,Reprobado,Aprobado
23.0,99.0,0,1,False,8.0,61.0,0,Yes,2.0,2,2,3.0,True,70,True,False,True,False,False,True,False,False,False,True,False,False,True,Aprobado,Reprobado
26.0,65.0,0,1,True,7.0,67.0,1,Yes,4.0,2,1,3.0,False,65,True,False,True,False,False,True,False,False,True,False,True,False,False,Aprobado,Aprobado
20.0,98.0,2,1,True,7.0,69.0,2,No,2.0,2,2,2.0,False,72,False,True,True,False,True,False,False,False,False,True,True,False,False,Aprobado,Aprobado
18.0,64.0,2,2,False,8.0,69.0,1,Yes,3.0,2,1,3.0,False,66,False,True,False,True,True,False,False,False,True,False,False,False,True,Aprobado,Aprobado
21.0,69.0,1,1,True,9.0,80.0,2,Yes,2.0,1,2,5.0,False,68,False,True,False,True,True,False,False,False,False,True,False,False,True,Aprobado,Aprobado
15.0,62.0,1,2,False,8.0,70.0,1,Yes,1.0,0,1,3.0,False,62,True,False,False,True,True,False,False,False,False,True,False,False,True,Reprobado,Aprobado
33.0,88.0,1,0,False,9.0,84.0,1,Yes,1.0,0,1,3.0,False,70,False,True,False,True,False,True,False,False,False,True,True,False,False,Aprobado,Aprobado
10.0,94.0,2,1,True,7.0,74.0,2,Yes,3.0,2,1,3.0,False,70,False,True,False,True,True,False,False,False,True,False,False,False,True,Aprobado,Aprobado
21.0,77.0,1,0,True,7.0,58.0,1,Yes,0.0,0,2,3.0,False,64,False,True,False,True,True,False,False,False,False,True,True,False,False,Reprobado,Reprobado
32.0,97.0,2,0,True,5.0,97.0,0,Yes,1.0,0,2,5.0,False,76,False,True,True,False,True,False,False,False,True,False,False,False,True,Aprobado,Aprobado
20.0,84.0,1,1,True,10.0,62.0,2,Yes,1.0,1,1,2.0,False,67,False,True,False,True,True,False,False,False,True,False,False,True,False,Aprobado,Reprobado
19.0,85.0,2,2,False,7.0,78.0,0,Yes,2.0,0,2,3.0,False,69,True,False,False,True,True,False,False,False,False,True,True,False,False,Aprobado,Aprobado
18.0,94.0,1,0,True,7.0,53.0,1,Yes,4.0,1,2,3.0,False,68,False,True,True,False,False,True,False,True,False,False,False,False,True,Aprobado,Reprobado
19.0,72.0,1,1,True,8.0,96.0,0,Yes,1.0,1,2,2.0,False,67,False,True,True,False,False,False,True,False,True,False,False,False,True,Aprobado,Aprobado
28.0,74.0,1,1,True,9.0,96.0,0,Yes,0.0,2,2,3.0,False,69,True,False,True,False,False,True,False,False,False,True,False,True,False,Aprobado,Aprobado
7.0,96.0,2,1,True,6.0,68.0,1,Yes,2.0,0,2,1.0,False,67,False,True,True,False,False,True,False,False,False,True,False,True,False,Aprobado,Aprobado
29.0,96.0,2,2,True,9.0,56.0,0,Yes,0.0,0,2,4.0,False,73,True,False,False,True,False,True,False,False,False,True,False,True,False,Aprobado,Reprobado
11.0,99.0,1,2,True,7.0,88.0,2,No,4.0,1,0,3.0,False,71,True,False,False,True,True,False,False,False,False,True,False,True,False,Aprobado,Aprobado
18.0,96.0,1,0,False,9.0,63.0,1,Yes,4.0,0,1,3.0,False,70,True,False,False,True,False,False,True,False,False,True,False,True,False,Aprobado,Reprobado
17.0,65.0,2,1,True,6.0,85.0,1,Yes,1.0,0,1,3.0,False,65,True,False,False,True,False,True,False,False,False,True,False,True,False,Aprobado,Aprobado
24.0,93.0,2,1,True,8.0,96.0,1,Yes,0.0,1,1,1.0,False,73,False,True,False,True,False,False,True,False,True,False,False,False,True,Aprobado,Aprobado
10.0,76.0,1,1,True,7.0,80.0,1,Yes,1.0,0,2,4.0,False,65,False,True,True,False,False,False,True,False,False,True,False,False,True,Aprobado,Aprobado
23.0,100.0,0,1,True,5.0,93.0,1,Yes,4.0,0,1,3.0,False,73,True,False,False,True,False,False,True,False,True,False,False,True,False,Aprobado,Aprobado
32.0,79.0,0,2,True,5.0,61.0,1,Yes,0.0,0,2,3.0,False,70,False,True,False,True,True,False,False,False,False,True,False,False,True,Aprobado,Reprobado
12.0,82.0,2,1,True,6.0,96.0,2,Yes,0.0,0,0,4.0,True,66,True,False,False,True,True,False,False,False,False,True,False,False,True,Aprobado,Aprobado
21.0,81.0,0,1,True,8.0,61.0,2,Yes,3.0,1,0,5.0,False,66,False,True,True,False,False,True,False,False,True,False,True,False,False,Aprobado,Reprobado
16.0,73.0,1,1,True,4.0,61.0,0,Yes,4.0,0,2,5.0,False,64,True,False,False,True,False,True,False,False,True,False,False,True,False,Reprobado,Reprobado
23.0,63.0,1,1,True,8.0,94.0,2,Yes,2.0,1,1,5.0,False,68,False,True,False,True,False,False,True,False,False,True,False,True,False,Aprobado,Aprobado
20.0,96.0,1,1,False,7.0,78.0,1,Yes,1.0,2,2,2.0,False,70,False,True,False,True,False,True,False,False,False,True,False,True,False,Aprobado,Aprobado
16.0,92.0,1,1,True,4.0,90.0,2,Yes,6.0,2,1,3.0,False,72,True,False,False,True,False,True,False,False,False,True,False,True,False,Aprobado,Aprobado
23.0,66.0,1,2,False,6.0,90.0,1,Yes,2.0,0,1,3.0,False,66,False,True,False,True,False,True,False,False,False,True,False,True,False,Aprobado,Aprobado
31.0,91.0,1,1,True,6.0,82.0,1,Yes,2.0,1,2,3.0,False,74,False,True,False,True,False,True,False,False,False,True,False,False,True,Aprobado,Aprobado
19.0,85.0,2,1,False,7.0,59.0,0,Yes,0.0,1,2,4.0,False,67,True,False,False,True,True,False,False,False,True,False,True,False,False,Aprobado,Reprobado
24.0,76.0,2,2,True,9.0,85.0,1,Yes,2.0,0,1,2.0,False,71,True,False,True,False,False,False,True,False,False,True,False,False,True,Aprobado,Aprobado
12.0,70.0,0,2,True,9.0,53.0,1,Yes,2.0,0,1,2.0,True,60,False,True,False,True,False,True,False,False,False,True,False,True,False,Reprobado,Reprobado
14.0,94.0,0,1,False,6.0,60.0,1,Yes,3.0,2,1,3.0,False,68,False,True,True,False,True,False,False,False,False,True,False,True,False,Aprobado,Reprobado
23.0,88.0,1,1,False,6.0,82.0,1,Yes,0.0,1,1,3.0,False,69,True,False,False,True,True,False,False,False,False,True,True,False,False,Aprobado,Aprobado
29.0,82.0,2,2,False,5.0,95.0,1,Yes,2.0,1,2,3.0,False,74,False,True,False,True,True,False,False,False,False,True,False,True,False,Aprobado,Aprobado
22.0,84.0,2,1,True,6.0,89.0,1,Yes,2.0,1,1,3.0,False,71,False,True,False,True,False,True,False,False,False,True,False,True,False,Aprobado,Aprobado
18.0,64.0,2,1,True,6.0,67.0,2,Yes,0.0,0,1,4.0,False,63,True,False,False,True,True,False,False,False,False,True,True,False,False,Reprobado,Aprobado
20.0,79.0,2,0,True,7.0,91.0,2,No,2.0,0,1,4.0,True,66,True,False,False,True,True,False,False,False,True,False,True,False,False,Aprobado,Aprobado
12.0,68.0,1,2,False,7.0,98.0,1,Yes,1.0,1,2,4.0,False,65,True,False,False,True,False,True,False,False,False,True,False,True,False,Aprobado,Aprobado
24.0,68.0,0,0,False,6.0,67.0,2,No,0.0,0,2,3.0,True,60,True,False,True,False,False,True,False,True,False,False,False,False,True,Reprobado,Aprobado
25.0,86.0,1,0,True,6.0,59.0,1,Yes,3.0,0,1,3.0,False,69,False,True,True,False,False,True,False,False,False,True,False,False,True,Aprobado,Reprobado
17.0,96.0,2,1,False,6.0,60.0,1,Yes,1.0,0,1,3.0,False,69,False,True,True,False,True,False,False,False,False,True,False,True,False,Aprobado,Reprobado
17.0,76.0,1,2,True,6.0,70.0,0,Yes,2.0,2,1,4.0,False,67,False,True,False,True,False,False,True,False,True,False,False,True,False,Aprobado,Aprobado
22.0,68.0,2,1,True,9.0,53.0,2,Yes,1.0,1,1,2.0,False,65,False,True,True,False,False,True,False,False,True,False,False,True,False,Aprobado,Reprobado
17.0,86.0,2,2,True,8.0,74.0,1,Yes,1.0,0,2,4.0,False,70,True,False,False,True,True,False,False,False,False,True,False,True,False,Aprobado,Aprobado
20.0,95.0,2,1,True,8.0,87.0,0,Yes,0.0,0,1,3.0,False,71,True,False,True,False,False,False,True,False,True,False,False,False,True,Aprobado,Aprobado
33.0,90.0,0,1,True,9.0,77.0,1,Yes,3.0,1,2,6.0,True,73,False,True,False,True,False,False,True,False,True,False,True,False,False,Aprobado,Aprobado
19.0,95.0,0,2,True,8.0,99.0,1,Yes,0.0,0,1,2.0,False,70,False,True,False,True,False,False,True,False,True,False,False,True,False,Aprobado,Aprobado
18.0,81.0,2,0,True,9.0,73.0,2,Yes,1.0,1,2,2.0,False,67,False,True,True,False,False,True,False,False,False,True,False,True,False,Aprobado,Aprobado
16.0,90.0,0,2,True,8.0,51.0,1,Yes,1.0,2,1,5.0,False,67,False,True,True,False,False,True,False,False,True,False,False,True,False,Aprobado,Reprobado
24.0,66.0,0,2,False,7.0,74.0,1,Yes,0.0,2,2,2.0,False,65,False,True,False,True,True,False,False,False,True,False,False,True,False,Aprobado,Aprobado
19.0,74.0,2,2,True,6.0,96.0,1,Yes,2.0,2,1,3.0,False,69,False,True,False,True,True,False,False,False,False,True,False,True,False,Aprobado,Aprobado
16.0,76.0,2,2,True,6.0,55.0,1,No,1.0,0,1,1.0,False,65,False,True,False,True,False,False,True,False,False,True,False,False,True,Aprobado,Reprobado
28.0,80.0,1,2,True,8.0,61.0,0,Yes,1.0,0,1,3.0,False,68,True,False,True,False,True,False,False,True,False,False,True,False,False,Aprobado,Reprobado
29.0,97.0,2,1,False,7.0,86.0,1,Yes,0.0,1,1,3.0,False,74,False,True,True,False,True,False,False,False,False,True,False,False,True,Aprobado,Aprobado
16.0,95.0,0,1,True,5.0,65.0,2,Yes,0.0,1,1,3.0,False,68,True,False,True,False,True,False,False,False,False,True,False,True,False,Aprobado,Aprobado
9.0,65.0,1,1,False,4.0,88.0,0,Yes,1.0,0,1,3.0,False,61,False,True,False,True,True,False,False,False,False,True,False,False,True,Reprobado,Aprobado
26.0,67.0,1,0,True,10.0,71.0,2,Yes,3.0,0,1,3.0,False,67,False,True,False,True,False,False,True,False,False,True,False,True,False,Aprobado,Aprobado
16.0,74.0,2,2,True,6.0,90.0,1,Yes,1.0,0,1,4.0,True,66,True,False,True,False,False,True,False,False,False,True,True,False,False,Aprobado,Aprobado
25.0,72.0,0,0,True,6.0,78.0,0,Yes,8.0,1,2,4.0,False,69,False,True,False,True,False,True,False,False,False,True,False,False,True,Aprobado,Aprobado
8.0,85.0,1,0,True,9.0,54.0,0,Yes,1.0,0,2,3.0,False,62,True,False,False,True,False,True,False,False,False,True,False,False,True,Reprobado,Reprobado
25.0,96.0,1,2,True,5.0,69.0,0,Yes,0.0,0,1,4.0,False,71,False,True,False,True,False,True,False,False,True,False,False,True,False,Aprobado,Aprobado
13.0,98.0,2,2,True,8.0,67.0,1,Yes,1.0,1,1,4.0,False,71,True,False,True,False,False,False,True,False,True,False,False,False,True,Aprobado,Aprobado
24.0,86.0,1,2,True,10.0,91.0,0,Yes,0.0,0,2,4.0,False,72,True,False,True,False,True,False,False,False,False,True,False,False,True,Aprobado,Aprobado
20.0,94.0,1,2,True,10.0,81.0,0,Yes,1.0,1,2,5.0,True,69,False,True,True,False,False,True,False,True,False,False,False,True,False,Aprobado,Aprobado
14.0,81.0,0,1,False,6.0,89.0,1,No,6.0,0,2,3.0,False,67,True,False,True,False,True,False,False,False,False,True,False,True,False,Aprobado,Aprobado
18.0,68.0,1,2,False,7.0,69.0,1,Yes,1.0,0,2,4.0,True,63,False,True,True,False,False,True,False,False,True,False,False,True,False,Reprobado,Aprobado
24.0,81.0,1,1,True,6.0,85.0,1,No,1.0,1,2,4.0,False,68,False,True,False,True,True,False,False,False,True,False,False,True,False,Aprobado,Aprobado
21.0,82.0,2,2,True,7.0,53.0,0,Yes,0.0,2,1,2.0,False,69,False,True,False,True,False,False,True,False,False,True,False,False,True,Aprobado,Reprobado
24.0,90.0,1,0,True,9.0,52.0,0,Yes,0.0,0,1,3.0,True,65,False,True,True,False,True,False,False,False,False,True,True,False,False,Aprobado,Reprobado
32.0,69.0,2,2,True,5.0,64.0,1,Yes,0.0,1,1,3.0,False,70,False,True,True,False,False,False,True,False,False,True,True,False,False,Aprobado,Reprobado
11.0,75.0,1,1,False,8.0,89.0,1,Yes,2.0,2,2,4.0,False,65,True,False,False,True,True,False,False,False,True,False,False,False,True,Aprobado,Aprobado
30.0,75.0,1,1,False,7.0,77.0,1,Yes,0.0,0,1,2.0,False,67,False,True,False,True,False,True,False,False,True,False,False,False,True,Aprobado,Aprobado
21.0,98.0,1,2,True,9.0,70.0,1,Yes,0.0,0,2,1.0,False,72,False,True,False,True,True,False,False,False,False,True,False,False,True,Aprobado,Aprobado
15.0,78.0,1,2,True,9.0,95.0,2,Yes,1.0,2,2,3.0,False,69,False,True,False,True,False,True,False,False,False,True,False,False,True,Aprobado,Aprobado
12.0,90.0,2,2,True,6.0,75.0,0,No,2.0,1,1,3.0,False,69,False,True,False,True,False,False,True,False,False,True,False,True,False,Aprobado,Aprobado
19.0,90.0,2,0,False,7.0,81.0,1,Yes,4.0,2,2,4.0,True,71,False,True,True,False,True,False,False,False,False,True,False,True,False,Aprobado,Aprobado
26.0,71.0,1,0,True,8.0,99.0,1,Yes,1.0,1,2,3.0,False,67,False,True,False,True,False,True,False,True,False,False,False,False,True,Aprobado,Aprobado
19.0,83.0,0,0,False,8.0,76.0,0,Yes,3.0,0,0,3.0,False,65,False,True,True,False,False,False,True,False,False,True,False,True,False,Aprobado,Aprobado
29.0,96.0,0,0,False,4.0,89.0,1,Yes,2.0,0,2,2.0,False,70,False,True,True,False,False,True,False,True,False,False,False,True,False,Aprobado,Aprobado
11.0,79.0,1,1,False,8.0,71.0,0,Yes,1.0,1,1,2.0,False,63,True,False,True,False,True,False,False,False,True,False,False,False,True,Reprobado,Aprobado
20.0,98.0,2,2,True,9.0,52.0,1,Yes,0.0,1,1,3.0,False,71,True,False,False,True,True,False,False,True,False,False,False,False,True,Aprobado,Reprobado
12.0,69.0,2,1,True,7.0,92.0,0,Yes,1.0,1,1,3.0,False,64,False,True,True,False,True,False,False,False,False,True,False,True,False,Reprobado,Aprobado
22.0,63.0,1,2,True,8.0,97.0,2,Yes,5.0,1,1,3.0,False,69,True,False,False,True,False,True,False,False,False,True,False,True,False,Aprobado,Aprobado
25.0,96.0,0,1,False,9.0,72.0,0,Yes,0.0,0,1,3.0,False,69,True,False,False,True,False,True,False,False,False,True,False,False,True,Aprobado,Aprobado
17.0,94.0,1,1,True,7.0,75.0,1,Yes,1.0,0,2,3.0,False,70,False,True,False,True,False,False,True,False,True,False,False,False,True,Aprobado,Aprobado
4.0,100.0,2,0,False,8.0,71.0,0,Yes,2.0,0,1,4.0,False,64,True,False,True,False,False,True,False,False,True,False,True,False,False,Reprobado,Aprobado
21.0,87.0,1,2,False,7.0,100.0,0,Yes,1.0,0,1,3.0,False,70,False,True,False,True,False,True,False,False,False,True,False,False,True,Aprobado,Aprobado
23.0,97.0,1,2,False,7.0,95.0,1,Yes,0.0,1,2,4.0,False,74,True,False,True,False,False,False,True,False,True,False,False,False,True,Aprobado,Aprobado
22.0,93.0,1,1,True,6.0,52.0,1,Yes,1.0,0,1,3.0,False,69,False,True,True,False,True,False,False,False,False,True,True,False,False,Aprobado,Reprobado
27.0,94.0,0,1,True,7.0,89.0,1,Yes,3.0,0,1,2.0,False,73,True,False,True,False,True,False,False,False,False,True,False,False,True,Aprobado,Aprobado
14.0,83.0,1,1,True,10.0,80.0,1,Yes,1.0,1,2,3.0,True,66,True,False,True,False,True,False,False,False,False,True,False,True,False,Aprobado,Aprobado
24.0,75.0,2,2,True,6.0,51.0,2,No,1.0,1,2,3.0,False,67,False,True,False,True,False,True,False,False,False,True,True,False,False,Aprobado,Reprobado
27.0,97.0,2,2,False,8.0,72.0,1,Yes,6.0,0,1,2.0,False,76,False,True,True,False,True,False,False,False,False,True,False,True,False,Aprobado,Aprobado
9.0,77.0,1,1,False,7.0,57.0,0,Yes,2.0,1,0,3.0,False,61,False,True,False,True,False,True,False,False,False,True,True,False,False,Reprobado,Reprobado
22.0,82.0,0,1,True,9.0,94.0,2,Yes,0.0,1,1,4.0,False,68,False,True,True,False,False,True,False,False,True,False,False,False,True,Aprobado,Aprobado
17.0,78.0,1,0,True,9.0,51.0,2,Yes,1.0,0,1,3.0,False,63,True,False,False,True,False,True,False,False,True,False,False,True,False,Reprobado,Reprobado
20.0,83.0,2,0,True,6.0,94.0,1,Yes,1.0,0,1,2.0,False,67,False,True,False,True,False,True,False,False,False,True,False,True,False,Aprobado,Aprobado
22.0,79.0,0,0,True,6.0,97.0,0,Yes,3.0,2,1,3.0,False,66,False,True,False,True,False,True,False,False,True,False,True,False,False,Aprobado,Aprobado
17.0,62.0,2,0,True,6.0,54.0,0,Yes,2.0,1,2,3.0,False,62,False,True,False,True,True,False,False,False,False,True,False,True,False,Reprobado,Reprobado
16.0,95.0,2,0,True,6.0,86.0,1,Yes,0.0,0,2,3.0,False,69,True,False,False,True,False,True,False,False,False,True,False,True,False,Aprobado,Aprobado
20.0,78.0,1,1,False,6.0,77.0,1,Yes,3.0,1,1,3.0,False,67,True,False,False,True,False,True,False,False,True,False,False,False,True,Aprobado,Aprobado
13.0,84.0,1,1,False,8.0,98.0,0,No,2.0,1,1,2.0,False,66,False,True,True,False,True,False,False,False,True,False,False,False,True,Aprobado,Aprobado
13.0,66.0,2,1,True,6.0,90.0,1,Yes,2.0,0,1,3.0,True,63,False,True,False,True,False,True,False,False,True,False,False,False,True,Reprobado,Aprobado
24.0,60.0,1,1,False,6.0,85.0,0,Yes,1.0,2,1,2.0,False,64,False,True,False,True,False,False,True,False,True,False,False,True,False,Reprobado,Aprobado
13.0,70.0,0,1,True,6.0,96.0,2,Yes,2.0,1,1,5.0,False,64,True,False,False,True,False,False,True,False,True,False,True,False,False,Reprobado,Aprobado
24.0,88.0,0,1,False,8.0,58.0,1,Yes,1.0,0,2,3.0,False,67,False,True,False,True,False,True,False,False,False,True,True,False,False,Aprobado,Reprobado
23.0,64.0,0,1,True,7.0,69.0,2,Yes,4.0,2,1,3.0,False,66,False,True,False,True,False,True,False,False,True,False,False,False,True,Aprobado,Aprobado
10.0,96.0,2,2,True,7.0,92.0,1,Yes,1.0,0,0,1.0,False,68,False,True,True,False,False,True,False,False,False,True,False,True,False,Aprobado,Aprobado
16.0,69.0,1,2,True,6.0,55.0,1,Yes,1.0,1,2,1.0,False,62,False,True,False,True,False,True,False,False,True,False,True,False,False,Reprobado,Reprobado
27.0,68.0,1,1,True,5.0,97.0,0,Yes,1.0,1,1,4.0,False,68,False,True,False,True,True,False,False,False,False,True,True,False,False,Aprobado,Aprobado
14.0,67.0,2,0,False,9.0,87.0,1,Yes,1.0,1,1,3.0,False,63,True,False,False,True,False,True,False,False,False,True,False,False,True,Reprobado,Aprobado
17.0,61.0,1,2,False,7.0,72.0,0,Yes,1.0,1,2,2.0,False,62,False,True,False,True,False,True,False,False,True,False,False,True,False,Reprobado,Aprobado
23.0,91.0,2,2,False,10.0,67.0,2,Yes,2.0,0,1,2.0,False,72,False,True,False,True,True,False,False,False,False,True,False,False,True,Aprobado,Aprobado
25.0,95.0,1,0,False,8.0,57.0,0,Yes,4.0,0,1,3.0,False,69,False,True,True,False,False,True,False,False,True,False,False,True,False,Aprobado,Reprobado
18.0,85.0,1,0,True,10.0,55.0,2,Yes,3.0,1,2,3.0,False,67,False,True,False,True,False,True,False,False,False,True,False,True,False,Aprobado,Reprobado
16.0,68.0,1,2,True,8.0,71.0,1,Yes,1.0,2,2,3.0,False,65,True,False,False,True,False,True,False,False,True,False,False,True,False,Aprobado,Aprobado
29.0,71.0,2,1,False,7.0,92.0,0,Yes,1.0,0,1,3.0,False,69,False,True,True,False,False,True,False,False,False,True,False,False,True,Aprobado,Aprobado
30.0,79.0,2,2,True,6.0,77.0,1,Yes,1.0,0,1,2.0,False,72,False,True,False,True,False,True,False,False,False,True,False,False,True,Aprobado,Aprobado
26.0,98.0,0,1,True,6.0,73.0,1,Yes,2.0,0,0,3.0,False,70,False,True,True,False,False,True,False,False,False,True,True,False,False,Aprobado,Aprobado
21.0,70.0,2,2,False,9.0,66.0,1,Yes,1.0,1,0,4.0,False,91,False,True,False,True,True,False,False,False,True,False,False,True,False,Aprobado,Aprobado
15.0,89.0,2,0,True,7.0,58.0,0,Yes,2.0,0,1,3.0,False,65,False,True,False,True,False,True,False,False,True,False,True,False,False,Aprobado,Reprobado
15.0,78.0,0,1,True,8.0,100.0,0,Yes,0.0,0,1,3.0,True,62,False,True,True,False,False,True,False,False,False,True,True,False,False,Reprobado,Aprobado
23.0,72.0,0,2,True,8.0,51.0,1,Yes,2.0,0,1,3.0,False,65,True,False,False,True,True,False,False,True,False,False,False,False,True,Aprobado,Reprobado
23.0,78.0,1,1,True,8.0,66.0,1,Yes,1.0,1,2,1.0,False,67,False,True,True,False,True,False,False,False,True,False,False,True,False,Aprobado,Aprobado
28.0,63.0,1,0,False,6.0,88.0,2,Yes,4.0,1,2,4.0,False,67,False,True,False,True,False,True,False,True,False,False,False,True,False,Aprobado,Aprobado
24.0,92.0,1,2,False,9.0,76.0,1,Yes,2.0,2,1,2.0,False,72,False,True,True,False,False,True,False,False,False,True,False,False,True,Aprobado,Aprobado
11.0,70.0,1,0,True,7.0,66.0,0,Yes,1.0,1,2,3.0,False,60,False,True,True,False,False,True,False,False,False,True,True,False,False,Reprobado,Aprobado
26.0,89.0,1,0,False,7.0,100.0,0,Yes,0.0,1,0,3.0,False,69,False,True,True,False,False,True,False,False,False,True,False,True,False,Aprobado,Aprobado
14.0,63.0,1,1,False,8.0,81.0,0,Yes,0.0,1,0,5.0,False,61,True,False,True,False,False,True,False,False,False,True,False,False,True,Reprobado,Aprobado
18.0,98.0,0,1,True,7.0,65.0,1,Yes,1.0,2,1,4.0,False,70,True,False,True,False,False,False,True,False,False,True,False,True,False,Aprobado,Aprobado
22.0,68.0,1,2,False,4.0,92.0,2,Yes,2.0,2,1,3.0,False,68,False,True,False,True,False,True,False,False,False,True,False,True,False,Aprobado,Aprobado
32.0,95.0,1,2,True,9.0,58.0,1,Yes,2.0,1,1,4.0,False,75,True,False,False,True,False,True,False,False,False,True,False,False,True,Aprobado,Reprobado
39.0,92.0,1,1,False,9.0,73.0,1,Yes,1.0,1,1,4.0,False,75,False,True,False,True,False,False,True,False,True,False,True,False,False,Aprobado,Aprobado
24.0,99.0,2,1,False,4.0,92.0,0,Yes,2.0,2,1,3.0,False,72,True,False,False,True,False,True,False,True,False,False,False,True,False,Aprobado,Aprobado
19.0,79.0,0,1,True,5.0,99.0,2,Yes,1.0,0,1,4.0,False,66,True,False,True,False,True,False,False,False,True,False,True,False,False,Aprobado,Aprobado
23.0,89.0,0,2,False,10.0,69.0,0,Yes,5.0,1,1,4.0,False,71,False,True,False,True,False,True,False,False,False,True,False,True,False,Aprobado,Aprobado
25.0,75.0,0,2,False,7.0,57.0,2,Yes,4.0,0,2,5.0,False,70,False,True,False,True,True,False,False,False,False,True,False,False,True,Aprobado,Reprobado
18.0,67.0,1,2,True,7.0,78.0,0,Yes,2.0,1,1,3.0,True,63,False,True,True,False,False,True,False,False,False,True,True,False,False,Reprobado,Aprobado
31.0,78.0,2,2,True,6.0,97.0,0,Yes,0.0,1,2,3.0,False,72,False,True,False,True,False,True,False,False,False,True,False,True,False,Aprobado,Aprobado
21.0,67.0,1,1,True,5.0,83.0,1,Yes,1.0,0,2,5.0,False,65,True,False,False,True,False,True,False,False,False,True,False,True,False,Aprobado,Aprobado
23.0,99.0,1,1,True,7.0,80.0,0,Yes,3.0,0,0,2.0,False,71,True,False,False,True,False,True,False,False,False,True,False,True,False,Aprobado,Aprobado
24.0,64.0,1,1,True,8.0,65.0,1,Yes,0.0,1,1,3.0,False,65,False,True,True,False,True,False,False,False,False,True,False,False,True,Aprobado,Aprobado
23.0,84.0,1,0,True,7.0,80.0,1,Yes,1.0,1,2,3.0,False,69,True,False,True,False,True,False,False,False,True,False,False,False,True,Aprobado,Aprobado
25.0,85.0,1,0,True,8.0,94.0,1,Yes,3.0,1,2,3.0,False,71,False,True,False,True,False,True,False,False,True,False,False,False,True,Aprobado,Aprobado
16.0,82.0,1,2,True,10.0,69.0,1,Yes,2.0,0,1,4.0,False,68,False,True,False,True,True,False,False,False,False,True,False,False,True,Aprobado,Aprobado
17.0,86.0,0,1,False,6.0,62.0,0,Yes,2.0,1,2,4.0,False,66,False,True,True,False,False,True,False,False,False,True,False,False,True,Aprobado,Reprobado
13.0,65.0,2,1,False,7.0,74.0,0,Yes,0.0,2,1,2.0,True,60,False,True,False,True,False,True,False,False,True,False,False,True,False,Reprobado,Aprobado
23.0,82.0,1,1,False,9.0,69.0,1,Yes,0.0,2,1,3.0,False,68,False,True,True,False,False,True,False,False,False,True,False,False,True,Aprobado,Aprobado
25.0,71.0,1,2,True,6.0,73.0,1,Yes,1.0,0,1,4.0,False,67,True,False,True,False,False,True,False,False,False,True,False,True,False,Aprobado,Aprobado
23.0,98.0,1,0,False,7.0,55.0,1,Yes,3.0,2,2,4.0,False,71,True,False,False,True,False,True,False,False,False,True,False,True,False,Aprobado,Reprobado
30.0,90.0,2,1,False,10.0,67.0,2,Yes,2.0,1,1,6.0,False,74,True,False,False,True,False,True,False,False,False,True,False,True,False,Aprobado,Aprobado
20.0,99.0,0,1,False,6.0,91.0,1,Yes,2.0,1,0,4.0,False,70,False,True,False,True,False,True,False,False,False,True,True,False,False,Aprobado,Aprobado
24.0,62.0,0,2,False,9.0,70.0,0,Yes,2.0,0,1,2.0,False,63,False,True,True,False,True,False,False,False,True,False,False,False,True,Reprobado,Aprobado
13.0,71.0,1,1,False,7.0,98.0,1,Yes,0.0,1,1,3.0,False,64,False,True,False,True,True,False,False,False,False,True,False,False,True,Reprobado,Aprobado
18.0,68.0,1,2,True,10.0,85.0,2,Yes,3.0,0,1,3.0,False,66,False,True,False,True,False,True,False,False,False,True,False,True,False,Aprobado,Aprobado
24.0,60.0,1,1,True,5.0,68.0,1,Yes,0.0,1,0,3.0,False,64,False,True,True,False,False,False,True,False,False,True,False,True,False,Reprobado,Aprobado
25.0,70.0,2,2,True,7.0,63.0,1,Yes,1.0,1,2,3.0,False,69,True,False,False,True,True,False,False,False,True,False,False,False,True,Aprobado,Reprobado
18.0,87.0,1,2,True,5.0,84.0,1,Yes,2.0,1,0,4.0,False,71,True,False,False,True,False,False,True,False,False,True,False,False,True,Aprobado,Aprobado
20.0,69.0,2,1,False,6.0,65.0,1,Yes,1.0,0,1,2.0,False,64,False,True,True,False,False,True,False,False,False,True,False,True,False,Reprobado,Aprobado
11.0,80.0,1,1,True,6.0,96.0,0,Yes,1.0,0,2,3.0,False,65,False,True,False,True,False,True,False,False,False,True,False,True,False,Aprobado,Aprobado
18.0,96.0,2,1,False,7.0,56.0,0,Yes,2.0,1,1,1.0,False,69,True,False,True,False,True,False,False,False,False,True,False,True,False,Aprobado,Reprobado
25.0,88.0,1,2,False,5.0,51.0,1,Yes,1.0,1,0,1.0,False,68,False,True,True,False,False,True,False,False,False,True,False,True,False,Aprobado,Reprobado
23.0,76.0,1,1,True,7.0,61.0,1,Yes,3.0,1,0,4.0,False,68,False,True,False,True,False,True,False,False,False,True,False,False,True,Aprobado,Reprobado
23.0,75.0,2,1,True,8.0,80.0,2,Yes,0.0,0,2,4.0,False,68,True,False,True,False,False,True,False,False,True,False,False,True,False,Aprobado,Aprobado
20.0,78.0,0,1,True,5.0,92.0,0,Yes,1.0,1,1,3.0,False,65,False,True,False,True,False,True,False,True,False,False,False,False,True,Aprobado,Aprobado
20.0,67.0,2,2,False,6.0,59.0,0,Yes,1.0,1,1,4.0,False,65,True,False,True,False,True,False,False,False,False,True,True,False,False,Aprobado,Reprobado
16.0,85.0,1,0,False,10.0,79.0,0,Yes,1.0,2,1,3.0,False,66,True,False,False,True,True,False,False,False,False,True,False,True,False,Aprobado,Aprobado
24.0,75.0,2,0,False,7.0,57.0,1,Yes,0.0,1,1,1.0,False,66,False,True,False,True,False,False,True,False,False,True,False,True,False,Aprobado,Reprobado
23.0,94.0,1,0,True,4.0,78.0,1,Yes,2.0,2,2,4.0,False,71,False,True,False,True,False,True,False,False,True,False,False,True,False,Aprobado,Aprobado
23.0,90.0,2,1,True,5.0,51.0,1,Yes,0.0,0,2,1.0,False,68,False,True,False,True,False,True,False,False,False,True,True,False,False,Aprobado,Reprobado
17.0,84.0,0,1,True,7.0,78.0,0,Yes,0.0,2,2,5.0,True,65,False,True,True,False,True,False,False,False,True,False,False,True,False,Aprobado,Aprobado
7.0,75.0,1,2,True,7.0,76.0,1,Yes,0.0,1,0,4.0,False,63,True,False,True,False,True,False,False,False,True,False,False,False,True,Reprobado,Aprobado
27.0,68.0,2,1,False,6.0,52.0,1,Yes,1.0,1,0,5.0,False,66,True,False,True,False,False,False,True,True,False,False,False,True,False,Aprobado,Reprobado
17.0,91.0,2,0,True,10.0,84.0,1,Yes,7.0,0,2,4.0,True,71,False,True,False,True,True,False,False,False,True,False,False,True,False,Aprobado,Aprobado
15.0,79.0,0,1,True,10.0,79.0,1,Yes,2.0,0,1,4.0,False,65,True,False,False,True,True,False,False,False,True,False,False,True,False,Aprobado,Aprobado
24.0,69.0,1,2,True,7.0,81.0,0,Yes,3.0,1,1,4.0,False,68,True,False,True,False,False,True,False,False,False,True,False,True,False,Aprobado,Aprobado
18.0,68.0,1,1,True,8.0,76.0,2,Yes,2.0,2,1,3.0,False,66,False,True,False,True,False,False,True,False,False,True,False,True,False,Aprobado,Aprobado
26.0,67.0,0,2,False,8.0,86.0,1,Yes,2.0,0,1,2.0,True,64,False,True,True,False,False,True,False,False,False,True,True,False,False,Reprobado,Aprobado
24.0,91.0,1,0,True,9.0,76.0,2,Yes,1.0,0,0,4.0,False,70,False,True,True,False,True,False,False,False,False,True,False,False,True,Aprobado,Aprobado
24.0,69.0,2,0,True,6.0,96.0,1,Yes,4.0,2,1,4.0,False,70,False,True,False,True,True,False,False,False,True,False,False,False,True,Aprobado,Aprobado
12.0,81.0,1,2,False,10.0,97.0,0,Yes,1.0,0,1,5.0,False,66,True,False,True,False,False,True,False,False,False,True,False,False,True,Aprobado,Aprobado
27.0,78.0,1,1,True,7.0,86.0,1,Yes,3.0,1,1,2.0,False,70,False,True,True,False,False,True,False,False,True,False,False,False,True,Aprobado,Aprobado
22.0,83.0,2,2,False,8.0,96.0,1,No,2.0,1,2,0.0,False,71,False,True,True,False,True,False,False,False,False,True,False,False,True,Aprobado,Aprobado
18.0,95.0,0,2,False,7.0,96.0,1,Yes,2.0,1,2,4.0,True,70,True,False,False,True,False,True,False,False,True,False,False,False,True,Aprobado,Aprobado
21.0,95.0,1,1,False,7.0,63.0,1,Yes,1.0,0,1,4.0,False,70,True,False,False,True,False,False,True,False,False,True,False,False,True,Aprobado,Reprobado
9.0,78.0,2,1,True,7.0,100.0,0,Yes,2.0,1,1,2.0,False,66,False,True,False,True,False,True,False,False,False,True,False,False,True,Aprobado,Aprobado
22.0,61.0,2,1,False,5.0,63.0,0,Yes,1.0,0,1,3.0,False,64,False,True,False,True,False,False,True,False,False,True,False,False,True,Reprobado,Reprobado
14.0,77.0,2,2,False,4.0,51.0,0,Yes,5.0,0,1,3.0,False,66,False,True,False,True,True,False,False,False,True,False,False,False,True,Aprobado,Reprobado
12.0,84.0,2,1,True,7.0,98.0,2,Yes,1.0,0,1,3.0,False,68,False,True,True,False,False,True,False,False,False,True,False,False,True,Aprobado,Aprobado
11.0,82.0,0,0,False,6.0,61.0,0,Yes,2.0,1,1,2.0,False,61,False,True,True,False,False,True,False,False,False,True,False,True,False,Reprobado,Reprobado
27.0,86.0,1,1,True,8.0,79.0,1,Yes,2.0,0,2,4.0,False,72,True,False,False,True,True,False,False,False,False,True,False,False,True,Aprobado,Aprobado
16.0,66.0,2,2,False,8.0,99.0,1,Yes,1.0,0,2,3.0,False,66,True,False,False,True,False,True,False,False,True,False,False,False,True,Aprobado,Aprobado
29.0,86.0,0,0,True,7.0,52.0,1,Yes,1.0,0,1,3.0,False,68,False,True,True,False,True,False,False,False,False,True,False,False,True,Aprobado,Reprobado
17.0,67.0,0,1,False,9.0,63.0,2,Yes,1.0,0,2,4.0,False,61,False,True,False,True,True,False,False,True,False,False,True,False,False,Reprobado,Reprobado
10.0,90.0,2,1,True,7.0,80.0,0,Yes,0.0,1,1,5.0,False,67,False,True,True,False,False,True,False,False,False,True,False,True,False,Aprobado,Aprobado
13.0,74.0,2,2,True,5.0,88.0,0,Yes,3.0,0,1,3.0,True,66,True,False,True,False,True,False,False,False,False,True,False,True,False,Aprobado,Aprobado
27.0,88.0,1,1,True,7.0,90.0,1,Yes,3.0,1,1,4.0,False,74,False,True,True,False,False,False,True,False,True,False,False,False,True,Aprobado,Aprobado
19.0,62.0,2,1,True,9.0,94.0,1,Yes,0.0,2,0,4.0,False,66,False,True,True,False,False,False,True,False,False,True,False,True,False,Aprobado,Aprobado
17.0,76.0,2,1,True,4.0,58.0,1,Yes,4.0,1,1,2.0,False,67,True,False,True,False,False,False,True,False,True,False,False,True,False,Aprobado,Reprobado
21.0,88.0,2,0,True,7.0,69.0,1,Yes,4.0,1,1,3.0,False,71,True,False,False,True,True,False,False,False,False,True,False,True,False,Aprobado,Aprobado
23.0,69.0,2,0,True,8.0,86.0,2,Yes,0.0,1,2,4.0,False,66,False,True,False,True,True,False,False,True,False,False,False,True,False,Aprobado,Aprobado
27.0,92.0,1,1,True,10.0,86.0,2,Yes,0.0,0,0,3.0,False,71,True,False,False,True,False,True,False,False,True,False,False,False,True,Aprobado,Aprobado
29.0,85.0,2,1,True,9.0,65.0,2,No,4.0,0,1,4.0,False,72,True,False,False,True,False,False,True,False,True,False,False,True,False,Aprobado,Aprobado
18.0,84.0,1,1,True,7.0,65.0,1,Yes,2.0,1,1,3.0,False,66,False,True,True,False,False,True,False,False,False,True,True,False,False,Aprobado,Aprobado
12.0,74.0,2,0,True,8.0,66.0,0,Yes,1.0,0,1,2.0,False,62,False,True,False,True,False,True,False,False,False,True,False,False,True,Reprobado,Aprobado
18.0,79.0,2,1,True,4.0,95.0,0,Yes,1.0,0,2,2.0,False,66,False,True,True,False,False,True,False,False,True,False,True,False,False,Aprobado,Aprobado
22.0,84.0,0,2,True,5.0,95.0,1,Yes,2.0,0,2,3.0,False,69,False,True,False,True,False,True,False,False,True,False,False,True,False,Aprobado,Aprobado
14.0,79.0,1,1,True,8.0,51.0,1,Yes,0.0,1,2,4.0,False,64,False,True,False,True,False,True,False,False,False,True,True,False,False,Reprobado,Reprobado
14.0,88.0,1,1,True,7.0,66.0,1,Yes,4.0,1,2,3.0,False,69,False,True,True,False,False,True,False,False,False,True,False,False,True,Aprobado,Aprobado
22.0,77.0,2,0,True,7.0,70.0,1,Yes,2.0,1,1,4.0,False,69,True,False,False,True,False,False,True,False,False,True,False,False,True,Aprobado,Aprobado
20.0,68.0,2,0,True,7.0,99.0,2,Yes,0.0,0,1,2.0,True,64,False,True,True,False,True,False,False,False,True,False,False,False,True,Reprobado,Aprobado
20.0,69.0,1,2,True,7.0,97.0,1,Yes,3.0,1,2,3.0,True,68,False,True,True,False,True,False,False,False,False,True,False,False,True,Aprobado,Aprobado
15.0,60.0,1,1,True,7.0,81.0,0,Yes,4.0,0,2,2.0,False,63,False,True,False,True,False,True,False,False,False,True,False,False,True,Reprobado,Aprobado
19.0,72.0,2,1,True,5.0,52.0,0,Yes,1.0,0,1,2.0,False,64,False,True,False,True,False,True,False,False,False,True,False,False,True,Reprobado,Reprobado
14.0,90.0,1,2,True,7.0,60.0,1,Yes,2.0,1,1,4.0,False,69,False,True,False,True,False,False,True,False,False,True,False,True,False,Aprobado,Reprobado
25.0,92.0,0,2,False,5.0,72.0,1,Yes,1.0,1,1,4.0,False,71,False,True,True,False,False,True,False,False,False,True,False,False,True,Aprobado,Aprobado
26.0,68.0,1,2,False,6.0,98.0,0,Yes,2.0,1,1,3.0,False,67,True,False,True,False,True,False,False,True,False,False,False,True,False,Aprobado,Aprobado
9.0,98.0,2,1,False,9.0,55.0,0,Yes,3.0,0,1,2.0,False,67,False,True,False,True,False,True,False,False,False,True,False,False,True,Aprobado,Reprobado
14.0,80.0,2,0,True,7.0,90.0,2,Yes,2.0,0,2,2.0,False,66,False,True,True,False,True,False,False,True,False,False,True,False,False,Aprobado,Aprobado
11.0,97.0,1,2,True,8.0,60.0,1,Yes,0.0,1,0,3.0,False,67,True,False,False,True,False,True,False,False,False,True,False,False,True,Aprobado,Reprobado
16.0,88.0,0,2,False,7.0,75.0,0,Yes,2.0,1,1,4.0,False,68,False,True,True,False,False,False,True,False,False,True,False,True,False,Aprobado,Aprobado
19.0,89.0,1,1,True,6.0,88.0,0,Yes,1.0,1,2,2.0,False,69,False,True,True,False,False,True,False,False,False,True,False,False,True,Aprobado,Aprobado
11.0,63.0,2,2,True,5.0,85.0,2,No,0.0,0,2,4.0,True,62,False,True,True,False,False,True,False,False,True,False,False,False,True,Reprobado,Aprobado
14.0,69.0,1,1,True,6.0,89.0,2,Yes,2.0,2,2,5.0,False,66,True,False,True,False,False,True,False,False,True,False,False,False,True,Aprobado,Aprobado
14.0,60.0,1,1,True,7.0,91.0,1,Yes,1.0,0,2,3.0,False,63,True,False,False,True,False,False,True,False,False,True,True,False,False,Reprobado,Aprobado
21.0,89.0,0,0,True,8.0,65.0,1,Yes,2.0,0,0,3.0,False,67,False,True,True,False,True,False,False,False,False,True,False,True,False,Aprobado,Aprobado
20.0,74.0,2,1,False,7.0,68.0,2,Yes,3.0,1,1,4.0,False,68,False,True,False,True,False,True,False,True,False,False,False,False,True,Aprobado,Aprobado
16.0,91.0,1,0,False,8.0,91.0,0,Yes,2.0,1,1,2.0,False,66,False,True,True,False,False,True,False,True,False,False,False,True,False,Aprobado,Aprobado
21.0,74.0,1,1,True,5.0,52.0,1,Yes,3.0,1,1,1.0,False,66,True,False,False,True,False,True,False,False,False,True,False,False,True,Aprobado,Reprobado
17.0,93.0,2,1,False,8.0,76.0,0,Yes,0.0,0,1,3.0,False,67,True,False,True,False,False,True,False,False,True,False,True,False,False,Aprobado,Aprobado
18.0,65.0,2,1,True,5.0,96.0,1,Yes,1.0,2,1,2.0,False,66,True,False,True,False,False,True,False,False,False,True,False,True,False,Aprobado,Aprobado
30.0,67.0,1,1,True,8.0,94.0,1,Yes,1.0,1,1,2.0,False,69,False,True,True,False,True,False,False,False,False,True,False,True,False,Aprobado,Aprobado
28.0,74.0,1,2,False,8.0,90.0,2,Yes,2.0,1,1,3.0,False,72,False,True,False,True,False,False,True,False,False,True,False,False,True,Aprobado,Aprobado
12.0,76.0,1,0,True,4.0,51.0,1,Yes,0.0,0,1,1.0,False,60,True,False,True,False,False,True,False,False,False,True,False,True,False,Reprobado,Reprobado
25.0,74.0,0,2,True,8.0,94.0,2,Yes,0.0,0,1,4.0,False,68,False,True,True,False,False,True,False,False,True,False,False,False,True,Aprobado,Aprobado
25.0,91.0,0,1,True,8.0,96.0,1,Yes,3.0,1,1,3.0,False,72,False,True,True,False,False,True,False,False,False,True,False,True,False,Aprobado,Aprobado
13.0,64.0,1,2,True,9.0,83.0,0,Yes,1.0,2,1,4.0,False,64,False,True,False,True,False,True,False,False,False,True,False,False,True,Reprobado,Aprobado
25.0,74.0,0,1,True,6.0,65.0,2,Yes,0.0,2,1,1.0,False,65,False,True,False,True,False,True,False,False,True,False,False,True,False,Aprobado,Aprobado
29.0,93.0,2,2,False,7.0,74.0,1,Yes,3.0,1,2,3.0,False,76,True,False,False,True,False,True,False,False,False,True,False,False,True,Aprobado,Aprobado
13.0,63.0,0,1,False,8.0,88.0,1,Yes,0.0,0,1,2.0,False,59,True,False,False,True,False,True,False,False,False,True,True,False,False,Reprobado,Aprobado
14.0,98.0,1,1,True,8.0,91.0,0,Yes,0.0,0,1,4.0,False,67,False,True,False,True,False,True,False,False,True,False,True,False,False,Aprobado,Aprobado
26.0,99.0,1,1,True,8.0,67.0,1,Yes,4.0,1,1,4.0,True,73,True,False,False,True,False,True,False,False,False,True,False,False,True,Aprobado,Aprobado
22.0,64.0,1,2,False,6.0,66.0,0,Yes,1.0,1,1,4.0,False,64,False,True,False,True,True,False,False,False,False,True,False,True,False,Reprobado,Aprobado
23.0,72.0,1,2,False,8.0,87.0,0,Yes,3.0,1,0,3.0,False,67,False,True,False,True,False,True,False,False,False,True,False,True,False,Aprobado,Aprobado
22.0,75.0,2,1,True,8.0,84.0,0,Yes,3.0,2,1,3.0,False,69,False,True,False,True,True,False,False,False,False,True,True,False,False,Aprobado,Aprobado
22.0,91.0,1,0,True,7.0,76.0,1,Yes,1.0,0,2,3.0,False,69,False,True,True,False,True,False,False,False,True,False,False,True,False,Aprobado,Aprobado
12.0,84.0,2,2,True,6.0,71.0,1,No,2.0,1,1,3.0,False,67,False,True,False,True,True,False,False,False,True,False,False,False,True,Aprobado,Aprobado
26.0,86.0,1,2,True,6.0,83.0,1,Yes,2.0,0,1,4.0,False,72,False,True,False,True,False,True,False,False,False,True,False,False,True,Aprobado,Aprobado
27.0,90.0,0,1,False,9.0,52.0,0,No,2.0,0,2,2.0,True,86,False,True,False,True,True,False,False,False,False,True,False,False,True,Aprobado,Reprobado
19.0,65.0,1,2,True,8.0,54.0,1,Yes,0.0,0,2,3.0,False,62,True,False,True,False,False,True,False,True,False,False,False,True,False,Reprobado,Reprobado
20.0,93.0,1,0,False,7.0,79.0,1,Yes,1.0,1,0,3.0,False,69,False,True,True,False,False,False,True,False,False,True,False,True,False,Aprobado,Aprobado
11.0,88.0,2,2,True,7.0,61.0,0,Yes,2.0,1,1,3.0,False,68,False,True,False,True,False,False,True,False,False,True,False,True,False,Aprobado,Reprobado
23.0,83.0,2,2,True,4.0,89.0,0,Yes,1.0,1,1,3.0,False,99,False,True,False,True,False,True,False,True,False,False,True,False,False,Aprobado,Aprobado
23.0,96.0,0,1,True,7.0,89.0,1,Yes,1.0,0,1,3.0,False,70,True,False,True,False,True,False,False,True,False,False,False,False,True,Aprobado,Aprobado
20.0,88.0,0,1,True,5.0,85.0,1,Yes,2.0,1,1,3.0,False,68,False,True,False,True,False,True,False,False,False,True,True,False,False,Aprobado,Aprobado
27.0,68.0,1,1,True,7.0,95.0,0,Yes,0.0,1,1,4.0,False,67,False,True,False,True,False,True,False,False,False,True,False,False,True,Aprobado,Aprobado
18.0,77.0,2,1,True,9.0,57.0,0,Yes,1.0,0,2,2.0,False,66,False,True,False,True,False,False,True,False,False,True,True,False,False,Aprobado,Reprobado
23.0,80.0,0,2,False,6.0,63.0,0,Yes,0.0,2,1,2.0,False,66,True,False,False,True,False,True,False,False,False,True,False,False,True,Aprobado,Reprobado
14.0,62.0,1,2,True,7.0,63.0,1,Yes,2.0,0,1,2.0,False,62,False,True,True,False,True,False,False,False,True,False,False,False,True,Reprobado,Reprobado
20.0,98.0,1,1,True,8.0,89.0,2,Yes,3.0,2,1,2.0,True,72,False,True,False,True,True,False,False,False,False,True,True,False,False,Aprobado,Aprobado
19.0,65.0,1,2,True,7.0,76.0,1,No,0.0,1,1,3.0,False,64,False,True,True,False,False,False,True,False,False,True,False,True,False,Reprobado,Aprobado
21.0,88.0,1,1,True,6.0,63.0,0,Yes,1.0,1,1,3.0,False,68,False,True,True,False,False,True,False,False,False,True,False,True,False,Aprobado,Reprobado
18.0,80.0,1,2,True,7.0,57.0,1,Yes,2.0,0,0,3.0,False,66,False,True,True,False,False,False,True,True,False,False,False,False,True,Aprobado,Reprobado
19.0,61.0,1,2,True,8.0,95.0,2,Yes,4.0,1,1,3.0,False,68,True,False,False,True,True,False,False,False,False,True,False,False,True,Aprobado,Aprobado
25.0,97.0,0,2,True,7.0,85.0,2,Yes,3.0,2,1,1.0,False,75,False,True,False,True,False,False,True,False,False,True,False,True,False,Aprobado,Aprobado
17.0,94.0,0,0,False,7.0,76.0,2,Yes,3.0,0,2,3.0,True,67,False,True,False,True,True,False,False,True,False,False,False,True,False,Aprobado,Aprobado
10.0,81.0,0,1,True,9.0,98.0,1,Yes,2.0,0,1,2.0,False,65,False,True,False,True,True,False,False,False,False,True,False,True,False,Aprobado,Aprobado
30.0,69.0,1,1,False,8.0,92.0,1,Yes,2.0,1,0,3.0,False,68,False,True,True,False,False,True,False,False,False,True,False,True,False,Aprobado,Aprobado
28.0,65.0,1,1,True,5.0,59.0,2,Yes,2.0,0,1,5.0,False,67,True,False,False,True,False,True,False,False,False,True,False,True,False,Aprobado,Reprobado
12.0,75.0,1,1,True,8.0,75.0,2,Yes,1.0,0,1,2.0,False,63,True,False,True,False,True,False,False,False,False,True,True,False,False,Reprobado,Aprobado
24.0,70.0,1,2,True,8.0,74.0,0,Yes,2.0,1,2,3.0,False,67,False,True,False,True,False,True,False,False,False,True,True,False,False,Aprobado,Aprobado
17.0,80.0,1,1,True,5.0,92.0,1,Yes,0.0,0,1,4.0,False,67,True,False,True,False,False,False,True,False,False,True,True,False,False,Aprobado,Aprobado
22.0,99.0,1,1,True,4.0,57.0,2,Yes,2.0,1,2,3.0,False,73,False,True,True,False,True,False,False,False,False,True,False,False,True,Aprobado,Reprobado
22.0,83.0,1,1,True,5.0,73.0,2,No,0.0,0,1,3.0,False,67,False,True,False,True,False,True,False,False,False,True,False,False,True,Aprobado,Aprobado
19.0,96.0,1,1,False,7.0,82.0,1,Yes,1.0,2,1,4.0,False,71,False,True,False,True,False,False,True,False,False,True,False,True,False,Aprobado,Aprobado
15.0,86.0,0,1,False,9.0,97.0,1,Yes,2.0,1,1,4.0,False,67,False,True,False,True,False,True,False,False,False,True,True,False,False,Aprobado,Aprobado
16.0,79.0,2,0,True,6.0,95.0,1,Yes,0.0,2,1,5.0,False,68,False,True,False,True,True,False,False,False,False,True,False,True,False,Aprobado,Aprobado
15.0,94.0,0,0,True,8.0,77.0,1,Yes,1.0,2,2,1.0,False,68,True,False,False,True,True,False,False,False,False,True,False,False,True,Aprobado,Aprobado
15.0,79.0,2,1,True,4.0,80.0,1,Yes,1.0,2,1,4.0,False,66,True,False,False,True,False,True,False,True,False,False,True,False,False,Aprobado,Aprobado
20.0,95.0,2,0,True,7.0,93.0,0,No,0.0,0,2,2.0,False,68,False,True,False,True,False,True,False,False,False,True,False,True,False,Aprobado,Aprobado
16.0,72.0,1,0,False,6.0,87.0,1,No,2.0,1,0,4.0,False,63,True,False,True,False,False,True,False,False,False,True,False,False,True,Reprobado,Aprobado
24.0,65.0,2,2,False,10.0,94.0,1,Yes,2.0,1,1,2.0,False,68,False,True,False,True,False,False,True,False,True,False,False,True,False,Aprobado,Aprobado
29.0,94.0,0,2,True,4.0,95.0,1,Yes,1.0,1,1,5.0,False,74,False,True,False,True,False,True,False,False,False,True,False,False,True,Aprobado,Aprobado
17.0,83.0,0,1,True,7.0,92.0,0,Yes,3.0,0,1,2.0,True,65,False,True,False,True,False,True,False,False,True,False,False,True,False,Aprobado,Aprobado
21.0,96.0,1,1,True,4.0,50.0,1,Yes,1.0,0,0,2.0,False,69,True,False,False,True,False,False,True,False,True,False,False,False,True,Aprobado,Reprobado
23.0,98.0,1,2,False,6.0,66.0,1,Yes,1.0,0,1,1.0,False,70,False,True,False,True,False,True,False,False,True,False,False,True,False,Aprobado,Aprobado
23.0,62.0,1,0,True,4.0,70.0,2,Yes,3.0,1,2,2.0,False,65,False,True,True,False,True,False,False,False,True,False,False,False,True,Aprobado,Aprobado
20.0,80.0,1,1,False,10.0,84.0,1,Yes,1.0,1,1,4.0,False,68,False,True,False,True,True,False,False,False,False,True,False,False,True,Aprobado,Aprobado
24.0,75.0,0,1,False,6.0,65.0,1,No,0.0,1,1,5.0,False,65,False,True,False,True,True,False,False,False,True,False,False,False,True,Aprobado,Aprobado
23.0,85.0,1,2,False,7.0,66.0,0,No,0.0,2,2,2.0,False,68,False,True,False,True,True,False,False,False,False,True,False,True,False,Aprobado,Aprobado
13.0,92.0,1,2,True,7.0,70.0,0,Yes,4.0,0,1,3.0,False,68,False,True,False,True,False,True,False,False,False,True,False,True,False,Aprobado,Aprobado
25.0,71.0,1,1,True,5.0,98.0,0,Yes,0.0,0,1,1.0,False,66,False,True,False,True,False,False,True,True,False,False,False,False,True,Aprobado,Aprobado
25.0,82.0,2,1,False,9.0,72.0,2,Yes,0.0,2,1,0.0,False,70,False,True,True,False,True,False,False,False,False,True,False,False,True,Aprobado,Aprobado
15.0,88.0,1,1,False,8.0,57.0,1,Yes,1.0,2,1,2.0,False,66,True,False,False,True,False,True,False,True,False,False,False,False,True,Aprobado,Reprobado
20.0,65.0,1,2,True,8.0,50.0,1,Yes,0.0,0,1,5.0,False,64,False,True,False,True,False,True,False,False,False,True,False,False,True,Reprobado,Reprobado
24.0,93.0,1,2,False,5.0,62.0,1,Yes,1.0,0,1,1.0,False,70,False,True,True,False,True,False,False,False,False,True,False,True,False,Aprobado,Reprobado
19.0,84.0,2,1,False,9.0,97.0,0,Yes,1.0,2,1,3.0,True,68,False,True,False,True,False,True,False,False,False,True,True,False,False,Aprobado,Aprobado
26.0,98.0,0,2,True,9.0,98.0,0,Yes,4.0,0,0,2.0,False,74,False,True,False,True,True,False,False,False,True,False,False,False,True,Aprobado,Aprobado
34.0,74.0,2,0,True,7.0,76.0,1,Yes,2.0,0,2,2.0,False,71,False,True,True,False,True,False,False,False,False,True,False,False,True,Aprobado,Aprobado
15.0,64.0,1,1,True,8.0,82.0,0,Yes,0.0,0,1,3.0,False,61,False,True,False,True,False,True,False,False,False,True,True,False,False,Reprobado,Aprobado
12.0,80.0,1,0,False,7.0,90.0,1,Yes,3.0,0,1,3.0,False,64,False,True,True,False,False,True,False,False,False,True,False,True,False,Reprobado,Aprobado
22.0,63.0,2,0,False,5.0,53.0,2,Yes,2.0,2,1,1.0,False,64,False,True,False,True,False,False,True,False,True,False,False,True,False,Reprobado,Reprobado
24.0,99.0,2,1,True,7.0,69.0,1,Yes,0.0,1,1,3.0,False,73,True,False,False,True,False,True,False,False,False,True,False,False,True,Aprobado,Aprobado
19.0,62.0,1,2,True,6.0,82.0,1,Yes,0.0,0,2,3.0,True,62,False,True,False,True,True,False,False,False,True,False,True,False,False,Reprobado,Aprobado
29.0,90.0,0,1,True,7.0,95.0,1,Yes,0.0,2,2,2.0,True,71,False,True,False,True,False,True,False,False,False,True,False,True,False,Aprobado,Aprobado
12.0,81.0,2,1,True,9.0,86.0,1,Yes,2.0,1,2,2.0,False,68,False,True,False,True,False,False,True,False,False,True,True,False,False,Aprobado,Aprobado
24.0,75.0,1,0,True,5.0,68.0,2,Yes,2.0,1,1,2.0,False,67,False,True,False,True,False,False,True,False,False,True,False,True,False,Aprobado,Aprobado
16.0,63.0,1,1,False,6.0,95.0,2,Yes,1.0,1,1,4.0,False,63,False,True,True,False,True,False,False,True,False,False,True,False,False,Reprobado,Aprobado
30.0,85.0,0,1,False,6.0,83.0,1,Yes,2.0,1,1,3.0,False,71,False,True,True,False,True,False,False,False,False,True,False,False,True,Aprobado,Aprobado
32.0,83.0,1,1,True,6.0,92.0,0,Yes,1.0,2,1,3.0,False,72,False,True,False,True,False,True,False,False,False,True,False,True,False,Aprobado,Aprobado
15.0,71.0,2,1,False,6.0,69.0,2,No,3.0,1,2,3.0,False,66,False,True,True,False,False,False,True,False,True,False,False,False,True,Aprobado,Aprobado
17.0,96.0,1,1,True,7.0,50.0,0,Yes,1.0,1,1,4.0,False,67,True,False,True,False,False,True,False,False,False,True,True,False,False,Aprobado,Reprobado
25.0,72.0,2,1,True,8.0,58.0,1,Yes,0.0,0,1,4.0,False,66,False,True,True,False,True,False,False,False,True,False,True,False,False,Aprobado,Reprobado
18.0,78.0,0,1,False,8.0,96.0,1,Yes,4.0,2,1,4.0,True,68,False,True,False,True,True,False,False,False,False,True,False,False,True,Aprobado,Aprobado
20.0,82.0,0,0,True,7.0,52.0,0,Yes,0.0,1,1,3.0,False,64,True,False,True,False,True,False,False,False,False,True,False,True,False,Reprobado,Reprobado
20.0,64.0,1,1,True,8.0,80.0,2,Yes,1.0,1,1,3.0,False,65,True,False,False,True,False,True,False,False,False,True,False,False,True,Aprobado,Aprobado
8.0,97.0,2,1,True,10.0,70.0,2,Yes,0.0,0,0,1.0,False,66,False,True,False,True,False,True,False,False,False,True,False,True,False,Aprobado,Aprobado
20.0,75.0,2,2,True,7.0,71.0,2,Yes,1.0,1,2,4.0,False,69,False,True,False,True,True,False,False,False,True,False,False,False,True,Aprobado,Aprobado
16.0,63.0,2,2,False,9.0,70.0,0,Yes,2.0,1,2,5.0,False,64,True,False,True,False,True,False,False,False,True,False,True,False,False,Reprobado,Aprobado
17.0,75.0,0,2,True,8.0,53.0,1,Yes,1.0,0,2,3.0,False,65,False,True,True,False,True,False,False,False,False,True,False,False,True,Aprobado,Reprobado
29.0,84.0,2,1,True,10.0,56.0,2,Yes,3.0,0,2,4.0,False,72,False,True,True,False,False,False,True,True,False,False,False,True,False,Aprobado,Reprobado
12.0,81.0,2,1,False,8.0,53.0,0,Yes,1.0,1,2,3.0,False,65,True,False,False,True,True,False,False,False,False,True,False,False,True,Aprobado,Reprobado
25.0,88.0,0,2,True,6.0,53.0,1,Yes,2.0,1,2,4.0,False,70,False,True,True,False,True,False,False,False,False,True,True,False,False,Aprobado,Reprobado
18.0,62.0,1,1,True,7.0,54.0,1,Yes,2.0,1,2,3.0,False,64,True,False,False,True,False,False,True,False,True,False,False,False,True,Reprobado,Reprobado
18.0,71.0,1,0,True,7.0,85.0,0,Yes,1.0,0,0,2.0,False,62,False,True,False,True,False,True,False,False,True,False,False,True,False,Reprobado,Aprobado
25.0,93.0,1,2,False,8.0,56.0,2,Yes,0.0,0,0,3.0,False,69,True,False,False,True,False,True,False,False,False,True,False,True,False,Aprobado,Reprobado
22.0,63.0,2,0,False,6.0,63.0,0,Yes,1.0,1,0,2.0,False,62,False,True,False,True,False,False,True,False,True,False,True,False,False,Reprobado,Reprobado
23.0,94.0,0,0,True,9.0,83.0,1,Yes,2.0,0,1,2.0,False,69,True,False,True,False,False,True,False,False,False,True,False,False,True,Aprobado,Aprobado
26.0,64.0,1,2,False,7.0,56.0,1,Yes,3.0,1,1,3.0,False,66,False,True,False,True,False,True,False,False,False,True,False,False,True,Aprobado,Reprobado
18.0,93.0,1,2,True,8.0,96.0,1,Yes,2.0,1,0,2.0,False,71,False,True,True,False,False,True,False,False,True,False,False,False,True,Aprobado,Aprobado
16.0,74.0,1,2,True,7.0,74.0,0,Yes,4.0,0,0,3.0,False,66,True,False,False,True,False,True,False,False,False,True,False,False,True,Aprobado,Aprobado
13.0,84.0,2,1,False,7.0,98.0,1,No,0.0,0,0,4.0,True,64,False,True,False,True,False,True,False,False,False,True,False,True,False,Reprobado,Aprobado
15.0,66.0,1,2,True,7.0,60.0,2,Yes,2.0,2,1,3.0,False,63,True,False,True,False,False,True,False,False,True,False,True,False,False,Reprobado,Reprobado
38.0,63.0,1,2,False,8.0,52.0,2,Yes,1.0,1,1,3.0,False,69,True,False,False,True,True,False,False,False,True,False,False,False,True,Aprobado,Reprobado
27.0,69.0,2,2,True,10.0,80.0,1,No,1.0,1,2,4.0,True,68,False,True,True,False,False,True,False,False,False,True,False,False,True,Aprobado,Aprobado
12.0,65.0,2,2,True,4.0,66.0,1,Yes,0.0,1,2,2.0,False,63,False,True,True,False,False,True,False,False,False,True,False,True,False,Reprobado,Aprobado
12.0,72.0,1,1,True,8.0,79.0,2,Yes,1.0,2,1,3.0,False,64,False,True,False,True,True,False,False,True,False,False,False,False,True,Reprobado,Aprobado
23.0,81.0,1,0,True,7.0,74.0,1,Yes,0.0,0,1,0.0,False,66,False,True,True,False,False,False,True,False,False,True,False,True,False,Aprobado,Aprobado
23.0,84.0,1,2,True,7.0,73.0,1,Yes,1.0,2,1,4.0,False,71,False,True,False,True,False,True,False,False,False,True,False,False,True,Aprobado,Aprobado
23.0,92.0,2,1,True,4.0,93.0,2,Yes,0.0,2,1,4.0,False,72,False,True,True,False,False,True,False,False,False,True,True,False,False,Aprobado,Aprobado
18.0,86.0,2,1,False,8.0,60.0,1,Yes,2.0,0,2,1.0,False,88,True,False,False,True,True,False,False,False,False,True,False,True,False,Aprobado,Reprobado
19.0,84.0,1,2,True,7.0,75.0,0,Yes,1.0,0,1,2.0,False,66,False,True,False,True,True,False,False,True,False,False,True,False,False,Aprobado,Aprobado
22.0,76.0,1,1,True,6.0,71.0,1,Yes,0.0,0,2,2.0,False,65,True,False,False,True,False,True,False,False,True,False,False,True,False,Aprobado,Aprobado
21.0,79.0,0,1,True,7.0,84.0,0,Yes,2.0,1,1,3.0,False,66,True,False,False,True,False,True,False,False,False,True,False,True,False,Aprobado,Aprobado
7.0,77.0,0,1,True,7.0,53.0,2,Yes,4.0,0,1,2.0,False,62,True,False,True,False,True,False,False,False,True,False,False,False,True,Reprobado,Reprobado
19.0,94.0,1,0,False,4.0,76.0,1,Yes,4.0,0,2,3.0,False,68,True,False,True,False,False,True,False,False,True,False,True,False,False,Aprobado,Aprobado
15.0,69.0,1,1,True,7.0,74.0,2,Yes,2.0,0,1,5.0,False,65,True,False,True,False,False,False,True,False,False,True,False,True,False,Aprobado,Aprobado
21.0,60.0,0,2,False,8.0,99.0,0,Yes,0.0,0,0,3.0,False,62,True,False,False,True,False,True,False,False,False,True,False,False,True,Reprobado,Aprobado
38.0,86.0,2,1,False,6.0,88.0,2,Yes,1.0,0,2,4.0,False,74,False,True,True,False,False,True,False,False,True,False,True,False,False,Aprobado,Aprobado
22.0,68.0,1,0,True,7.0,58.0,1,Yes,0.0,1,1,3.0,False,64,False,True,False,True,False,False,True,False,False,True,False,True,False,Reprobado,Reprobado
18.0,96.0,2,2,False,7.0,75.0,2,Yes,2.0,1,2,2.0,False,72,False,True,False,True,False,True,False,False,False,True,True,False,False,Aprobado,Aprobado
26.0,94.0,1,1,False,9.0,89.0,1,Yes,0.0,0,1,3.0,True,70,False,True,True,False,False,True,False,False,False,True,False,True,False,Aprobado,Aprobado
23.0,63.0,2,1,False,7.0,76.0,1,Yes,2.0,1,2,1.0,False,65,False,True,False,True,False,True,False,True,False,False,False,False,True,Aprobado,Aprobado
23.0,64.0,1,2,True,8.0,68.0,0,Yes,3.0,0,2,3.0,False,66,False,True,True,False,False,True,False,False,False,True,False,True,False,Aprobado,Aprobado
24.0,80.0,1,1,True,7.0,69.0,0,Yes,0.0,1,2,3.0,False,67,True,False,False,True,True,False,False,True,False,False,False,False,True,Aprobado,Aprobado
32.0,84.0,1,2,True,10.0,68.0,1,Yes,1.0,0,1,5.0,False,73,False,True,False,True,False,True,False,False,False,True,False,False,True,Aprobado,Aprobado
13.0,71.0,1,2,True,6.0,51.0,0,Yes,4.0,2,1,4.0,False,65,False,True,True,False,True,False,False,False,True,False,False,False,True,Aprobado,Reprobado
23.0,89.0,2,2,False,6.0,87.0,1,Yes,4.0,1,2,3.0,False,74,True,False,True,False,True,False,False,False,False,True,False,True,False,Aprobado,Aprobado
14.0,84.0,1,1,False,7.0,81.0,1,Yes,0.0,2,1,2.0,False,66,False,True,True,False,True,False,False,False,False,True,False,True,False,Aprobado,Aprobado
23.0,73.0,1,1,False,6.0,63.0,1,Yes,1.0,2,1,3.0,False,67,False,True,False,True,False,True,False,False,False,True,False,False,True,Aprobado,Reprobado
14.0,61.0,1,1,False,5.0,82.0,0,No,0.0,0,1,0.0,False,58,False,True,True,False,False,True,False,False,False,True,False,True,False,Reprobado,Aprobado
17.0,90.0,2,2,False,8.0,65.0,1,Yes,2.0,0,2,3.0,False,71,False,True,False,True,False,False,True,False,True,False,False,False,True,Aprobado,Aprobado
18.0,69.0,0,2,True,4.0,62.0,2,Yes,1.0,1,0,3.0,False,63,False,True,False,True,False,True,False,False,True,False,False,True,False,Reprobado,Reprobado
26.0,93.0,0,2,False,6.0,87.0,1,Yes,1.0,1,2,3.0,False,73,False,True,True,False,True,False,False,False,False,True,False,False,True,Aprobado,Aprobado
26.0,77.0,2,1,True,5.0,90.0,1,Yes,1.0,1,1,2.0,False,68,True,False,True,False,False,True,False,True,False,False,False,True,False,Aprobado,Aprobado
13.0,83.0,0,1,True,7.0,81.0,1,Yes,4.0,0,1,5.0,False,66,False,True,True,False,True,False,False,False,False,True,True,False,False,Aprobado,Aprobado
20.0,95.0,0,1,False,4.0,89.0,1,Yes,3.0,0,1,3.0,True,68,False,True,False,True,False,True,False,False,False,True,True,False,False,Aprobado,Aprobado
16.0,95.0,1,0,False,8.0,68.0,0,No,2.0,1,2,4.0,False,66,False,True,True,False,False,True,False,False,False,True,False,True,False,Aprobado,Aprobado
12.0,75.0,1,2,False,8.0,54.0,0,Yes,1.0,1,2,3.0,False,62,False,True,True,False,False,True,False,False,False,True,True,False,False,Reprobado,Reprobado
19.0,68.0,1,1,True,5.0,80.0,1,Yes,0.0,1,1,3.0,True,78,False,True,False,True,False,True,False,False,True,False,False,True,False,Aprobado,Aprobado
18.0,91.0,1,1,False,7.0,63.0,1,Yes,1.0,1,1,4.0,False,68,False,True,False,True,True,False,False,False,False,True,True,False,False,Aprobado,Reprobado
35.0,77.0,2,2,True,8.0,89.0,1,Yes,5.0,2,1,4.0,False,77,False,True,True,False,True,False,False,False,False,True,False,False,True,Aprobado,Aprobado
23.0,68.0,2,0,True,8.0,68.0,1,Yes,1.0,1,1,2.0,False,65,False,True,False,True,True,False,False,False,False,True,False,True,False,Aprobado,Aprobado
12.0,96.0,2,2,True,5.0,84.0,0,Yes,3.0,2,1,4.0,False,73,False,True,True,False,False,False,True,False,False,True,False,False,True,Aprobado,Aprobado
17.0,68.0,1,0,True,5.0,78.0,1,Yes,4.0,0,0,2.0,False,64,False,True,False,True,True,False,False,False,False,True,False,False,True,Reprobado,Aprobado
26.0,61.0,0,2,True,9.0,91.0,1,No,0.0,2,2,4.0,False,67,True,False,True,False,True,False,False,False,False,True,False,False,True,Aprobado,Aprobado
33.0,61.0,2,1,False,6.0,92.0,1,Yes,1.0,1,1,4.0,False,69,False,True,True,False,False,True,False,False,False,True,False,False,True,Aprobado,Aprobado
10.0,85.0,0,0,True,6.0,53.0,2,Yes,1.0,0,1,3.0,True,60,True,False,False,True,False,True,False,False,True,False,False,True,False,Reprobado,Reprobado
9.0,86.0,2,1,False,8.0,65.0,2,Yes,0.0,1,1,3.0,False,66,False,True,True,False,True,False,False,False,False,True,False,False,True,Aprobado,Aprobado
31.0,72.0,0,2,True,5.0,94.0,2,Yes,2.0,0,0,2.0,False,70,False,True,False,True,False,True,False,False,False,True,False,False,True,Aprobado,Aprobado
22.0,73.0,2,1,True,7.0,70.0,0,No,2.0,0,1,3.0,False,66,False,True,False,True,True,False,False,False,False,True,False,False,True,Aprobado,Aprobado
15.0,74.0,2,1,True,8.0,76.0,1,Yes,1.0,1,0,4.0,False,64,False,True,False,True,False,True,False,True,False,False,False,True,False,Reprobado,Aprobado
23.0,87.0,1,2,False,5.0,59.0,1,Yes,1.0,2,0,4.0,False,70,False,True,False,True,True,False,False,False,False,True,False,True,False,Aprobado,Reprobado
4.0,62.0,1,1,False,6.0,78.0,2,Yes,3.0,2,1,2.0,False,58,False,True,True,False,False,True,False,True,False,False,False,True,False,Reprobado,Aprobado
20.0,97.0,1,2,True,5.0,63.0,1,Yes,0.0,0,1,3.0,False,69,False,True,True,False,True,False,False,True,False,False,True,False,False,Aprobado,Reprobado
22.0,69.0,1,1,True,6.0,91.0,0,Yes,0.0,2,2,1.0,True,64,True,False,False,True,False,True,False,False,True,False,False,True,False,Reprobado,Aprobado
26.0,100.0,0,1,False,9.0,60.0,1,Yes,2.0,1,1,4.0,False,72,False,True,False,True,False,True,False,False,False,True,False,False,True,Aprobado,Reprobado
14.0,67.0,1,1,True,9.0,68.0,0,Yes,1.0,0,1,3.0,True,60,False,True,False,True,False,True,False,False,False,True,False,True,False,Reprobado,Aprobado
21.0,91.0,1,1,True,7.0,55.0,2,Yes,2.0,2,1,3.0,False,70,True,False,True,False,False,True,False,False,False,True,False,True,False,Aprobado,Reprobado
14.0,69.0,1,0,True,8.0,79.0,1,Yes,1.0,2,1,1.0,False,62,False,True,True,False,False,False,True,False,True,False,True,False,False,Reprobado,Aprobado
22.0,63.0,1,1,True,8.0,97.0,1,Yes,1.0,2,2,3.0,False,66,False,True,True,False,False,True,False,False,True,False,False,True,False,Aprobado,Aprobado
15.0,95.0,1,1,True,6.0,59.0,0,Yes,0.0,1,1,5.0,False,66,True,False,True,False,False,True,False,True,False,False,False,False,True,Aprobado,Reprobado
18.0,94.0,0,1,True,7.0,51.0,1,Yes,1.0,0,1,3.0,True,65,False,True,False,True,True,False,False,False,True,False,False,True,False,Aprobado,Reprobado
14.0,76.0,2,1,True,5.0,71.0,1,Yes,1.0,0,1,3.0,False,64,False,True,False,True,False,True,False,False,False,True,True,False,False,Reprobado,Aprobado
24.0,88.0,2,1,True,6.0,87.0,1,Yes,1.0,2,0,3.0,False,72,True,False,True,False,False,True,False,False,False,True,False,False,True,Aprobado,Aprobado
25.0,82.0,1,1,True,7.0,99.0,2,Yes,3.0,0,2,2.0,False,71,False,True,True,False,False,True,False,False,False,True,False,True,False,Aprobado,Aprobado
19.0,94.0,0,2,False,5.0,53.0,1,Yes,1.0,1,1,3.0,False,68,False,True,True,False,False,True,False,False,False,True,False,True,False,Aprobado,Reprobado
20.0,73.0,2,1,True,5.0,89.0,1,Yes,2.0,1,2,5.0,True,68,False,True,True,False,False,True,False,False,True,False,False,False,True,Aprobado,Aprobado
11.0,81.0,0,1,True,6.0,68.0,2,Yes,2.0,2,1,3.0,False,64,True,False,True,False,False,False,True,True,False,False,True,False,False,Reprobado,Aprobado
18.0,79.0,0,1,True,9.0,58.0,1,Yes,3.0,1,2,3.0,False,65,False,True,True,False,False,True,False,False,False,True,True,False,False,Aprobado,Reprobado
20.0,74.0,1,2,True,9.0,60.0,1,No,1.0,0,1,3.0,False,64,False,True,True,False,False,True,False,False,True,False,False,False,True,Reprobado,Reprobado
36.0,96.0,1,0,False,7.0,96.0,1,Yes,1.0,0,2,3.0,False,75,False,True,True,False,True,False,False,False,True,False,False,False,True,Aprobado,Aprobado
13.0,67.0,0,1,True,8.0,90.0,1,Yes,2.0,0,1,2.0,False,61,True,False,False,True,False,True,False,False,False,True,True,False,False,Reprobado,Aprobado
29.0,66.0,2,2,False,6.0,66.0,1,Yes,0.0,1,1,3.0,False,68,True,False,False,True,False,False,True,False,False,True,True,False,False,Aprobado,Aprobado
26.0,83.0,1,1,False,4.0,97.0,0,Yes,2.0,0,2,4.0,False,70,False,True,False,True,True,False,False,False,True,False,True,False,False,Aprobado,Aprobado
22.0,86.0,2,1,False,6.0,55.0,1,Yes,5.0,2,0,3.0,False,71,True,False,True,False,False,False,True,False,False,True,True,False,False,Aprobado,Reprobado
31.0,68.0,0,2,True,7.0,66.0,0,Yes,0.0,0,1,3.0,False,66,False,True,False,True,False,True,False,False,False,True,False,False,True,Aprobado,Aprobado
22.0,76.0,2,0,True,7.0,83.0,0,Yes,0.0,0,1,1.0,False,66,False,True,False,True,True,False,False,False,False,True,False,False,True,Aprobado,Aprobado
22.0,98.0,1,1,True,7.0,100.0,0,Yes,0.0,0,1,3.0,False,70,False,True,False,True,False,True,False,True,False,False,False,True,False,Aprobado,Aprobado
20.0,70.0,0,1,False,7.0,73.0,1,Yes,0.0,0,1,5.0,False,62,False,True,True,False,False,True,False,False,False,True,True,False,False,Reprobado,Aprobado
27.0,87.0,2,0,True,6.0,91.0,0,Yes,4.0,2,1,4.0,False,72,False,True,False,True,False,True,False,False,True,False,False,True,False,Aprobado,Aprobado
27.0,90.0,2,1,False,8.0,96.0,2,Yes,0.0,1,1,4.0,False,72,False,True,False,True,False,True,False,False,True,False,True,False,False,Aprobado,Aprobado
16.0,78.0,0,1,True,5.0,50.0,1,Yes,2.0,0,1,2.0,False,63,True,False,False,True,True,False,False,False,True,False,False,False,True,Reprobado,Reprobado
12.0,98.0,2,0,True,8.0,64.0,1,No,5.0,0,1,5.0,False,69,False,True,True,False,True,False,False,False,False,True,False,True,False,Aprobado,Reprobado
19.0,89.0,1,1,True,6.0,55.0,1,Yes,0.0,1,2,2.0,False,68,False,True,False,True,False,False,True,False,True,False,False,False,True,Aprobado,Reprobado
15.0,78.0,2,2,True,10.0,89.0,0,Yes,0.0,1,1,3.0,False,67,False,True,False,True,False,True,False,False,False,True,False,True,False,Aprobado,Aprobado
20.0,83.0,2,2,True,7.0,78.0,2,Yes,3.0,0,1,2.0,False,71,True,False,True,False,True,False,False,False,False,True,False,True,False,Aprobado,Aprobado
27.0,88.0,0,1,True,6.0,55.0,0,No,2.0,0,1,5.0,False,67,False,True,False,True,False,True,False,True,False,False,False,False,True,Aprobado,Reprobado
17.0,84.0,0,0,True,6.0,71.0,0,Yes,0.0,1,1,4.0,True,62,True,False,False,True,False,True,False,False,False,True,True,False,False,Reprobado,Aprobado
20.0,95.0,1,1,False,6.0,76.0,1,Yes,0.0,0,2,4.0,False,69,True,False,True,False,False,True,False,False,True,False,False,False,True,Aprobado,Aprobado
20.0,74.0,2,1,True,8.0,85.0,1,Yes,2.0,0,1,0.0,False,67,False,True,False,True,False,True,False,False,False,True,False,False,True,Aprobado,Aprobado
25.0,72.0,1,2,True,7.0,89.0,1,Yes,2.0,0,2,3.0,False,71,False,True,True,False,False,False,True,False,False,True,False,False,True,Aprobado,Aprobado
7.0,69.0,1,2,True,8.0,54.0,2,Yes,1.0,1,2,2.0,False,87,False,True,False,True,False,True,False,True,False,False,False,False,True,Aprobado,Reprobado
16.0,62.0,0,1,False,8.0,74.0,1,Yes,2.0,2,2,3.0,False,62,True,False,False,True,False,True,False,False,True,False,False,True,False,Reprobado,Aprobado
21.0,62.0,2,0,True,7.0,58.0,1,Yes,2.0,0,2,1.0,False,64,False,True,True,False,True,False,False,False,False,True,False,False,True,Reprobado,Reprobado
27.0,95.0,1,2,False,8.0,88.0,2,Yes,3.0,1,1,2.0,False,74,True,False,True,False,False,True,False,True,False,False,False,False,True,Aprobado,Aprobado
17.0,87.0,2,2,True,9.0,83.0,1,Yes,0.0,0,2,2.0,False,69,False,True,False,True,True,False,False,False,True,False,False,True,False,Aprobado,Aprobado
9.0,86.0,2,1,False,8.0,86.0,1,Yes,1.0,0,2,1.0,False,65,False,True,False,True,False,True,False,False,False,True,False,True,False,Aprobado,Aprobado
24.0,85.0,0,1,True,7.0,54.0,1,No,2.0,1,0,3.0,False,66,False,True,True,False,True,False,False,False,True,False,False,True,False,Aprobado,Reprobado
16.0,94.0,1,1,True,8.0,76.0,0,Yes,3.0,1,1,4.0,False,70,False,True,True,False,False,False,True,False,False,True,True,False,False,Aprobado,Aprobado
13.0,79.0,2,2,False,5.0,92.0,1,Yes,3.0,1,1,3.0,False,68,False,True,False,True,False,True,False,False,False,True,False,True,False,Aprobado,Aprobado
16.0,95.0,0,0,False,10.0,86.0,1,Yes,4.0,2,1,2.0,False,70,False,True,True,False,True,False,False,False,False,True,False,False,True,Aprobado,Aprobado
19.0,74.0,2,2,False,8.0,93.0,2,Yes,1.0,1,1,3.0,False,68,False,True,False,True,False,True,False,False,False,True,True,False,False,Aprobado,Aprobado
16.0,97.0,2,0,True,8.0,60.0,1,Yes,0.0,0,2,3.0,False,69,False,True,False,True,False,True,False,False,False,True,False,False,True,Aprobado,Reprobado
7.0,88.0,1,2,True,7.0,64.0,0,Yes,2.0,1,2,4.0,False,66,False,True,False,True,False,False,True,False,True,False,False,True,False,Aprobado,Reprobado
25.0,70.0,1,1,True,4.0,72.0,1,Yes,0.0,0,0,4.0,False,65,False,True,False,True,True,False,False,False,True,False,False,True,False,Aprobado,Aprobado
28.0,83.0,1,1,True,7.0,76.0,1,Yes,1.0,1,1,3.0,False,71,False,True,False,True,True,False,False,False,False,True,False,False,True,Aprobado,Aprobado
24.0,81.0,1,0,True,7.0,63.0,1,Yes,1.0,0,1,3.0,False,66,False,True,False,True,False,True,False,False,True,False,False,False,True,Aprobado,Reprobado
13.0,66.0,0,1,True,6.0,69.0,0,Yes,2.0,0,1,4.0,False,61,True,False,False,True,False,True,False,False,False,True,False,False,True,Reprobado,Aprobado
19.0,84.0,1,1,True,6.0,84.0,1,Yes,3.0,1,2,2.0,False,69,False,True,False,True,False,False,True,False,True,False,False,True,False,Aprobado,Aprobado
20.0,73.0,1,1,False,6.0,82.0,0,Yes,1.0,1,2,3.0,False,65,True,False,False,True,True,False,False,False,False,True,True,False,False,Aprobado,Aprobado
24.0,62.0,1,1,True,8.0,56.0,1,Yes,0.0,1,1,2.0,False,63,True,False,False,True,True,False,False,False,True,False,False,False,True,Reprobado,Reprobado
24.0,98.0,1,0,True,9.0,99.0,2,Yes,2.0,0,2,2.0,False,73,False,True,True,False,False,False,True,True,False,False,False,True,False,Aprobado,Aprobado
16.0,86.0,2,1,True,7.0,78.0,0,Yes,1.0,0,1,4.0,False,68,True,False,False,True,False,False,True,False,True,False,False,False,True,Aprobado,Aprobado
20.0,95.0,1,1,True,6.0,74.0,1,Yes,1.0,2,0,4.0,False,70,False,True,True,False,False,True,False,True,False,False,False,False,True,Aprobado,Aprobado
23.0,87.0,1,1,True,6.0,98.0,1,Yes,3.0,1,1,3.0,False,72,False,True,False,True,True,False,False,False,False,True,False,True,False,Aprobado,Aprobado
29.0,74.0,2,1,True,7.0,57.0,1,No,3.0,1,1,2.0,False,68,True,False,False,True,False,True,False,False,True,False,False,False,True,Aprobado,Reprobado
24.0,81.0,1,1,False,7.0,77.0,1,Yes,0.0,2,1,3.0,False,68,True,False,False,True,False,True,False,False,False,True,False,False,True,Aprobado,Aprobado
25.0,87.0,2,1,True,8.0,90.0,1,Yes,1.0,0,1,4.0,False,71,False,True,True,False,False,True,False,False,False,True,True,False,False,Aprobado,Aprobado
21.0,98.0,0,0,True,6.0,70.0,1,Yes,1.0,1,1,3.0,False,68,False,True,False,True,False,True,False,False,True,False,False,False,True,Aprobado,Aprobado
28.0,70.0,2,0,True,8.0,87.0,2,Yes,3.0,0,1,3.0,False,70,False,True,False,True,False,False,True,False,True,False,False,True,False,Aprobado,Aprobado
22.0,95.0,1,0,True,8.0,95.0,1,No,2.0,0,2,4.0,False,70,True,False,True,False,False,True,False,False,False,True,False,True,False,Aprobado,Aprobado
15.0,97.0,2,1,True,6.0,63.0,0,Yes,2.0,1,1,3.0,False,69,False,True,True,False,False,True,False,False,False,True,False,True,False,Aprobado,Reprobado
28.0,87.0,2,1,True,4.0,62.0,2,Yes,2.0,0,2,4.0,False,73,False,True,True,False,False,True,False,False,False,True,False,False,True,Aprobado,Reprobado
24.0,97.0,1,1,True,6.0,68.0,0,Yes,1.0,1,2,4.0,False,72,False,True,False,True,True,False,False,False,False,True,False,True,False,Aprobado,Aprobado
17.0,76.0,1,2,False,9.0,71.0,1,Yes,0.0,1,2,3.0,False,67,False,True,False,True,False,False,True,False,False,True,False,True,False,Aprobado,Aprobado
17.0,98.0,2,1,False,4.0,56.0,1,Yes,2.0,0,0,3.0,False,69,True,False,True,False,False,True,False,False,False,True,False,False,True,Aprobado,Reprobado
22.0,88.0,0,1,True,9.0,62.0,1,Yes,1.0,2,1,3.0,False,68,True,False,False,True,True,False,False,False,False,True,True,False,False,Aprobado,Reprobado
23.0,62.0,2,0,False,4.0,94.0,1,Yes,0.0,1,0,3.0,False,64,True,False,True,False,False,False,True,True,False,False,False,False,True,Reprobado,Aprobado
21.0,96.0,0,2,True,6.0,78.0,0,Yes,2.0,1,2,3.0,False,71,True,False,True,False,False,True,False,False,True,False,False,True,False,Aprobado,Aprobado
22.0,79.0,2,1,True,6.0,63.0,1,Yes,1.0,1,2,4.0,False,68,False,True,True,False,False,True,False,False,False,True,False,True,False,Aprobado,Reprobado
30.0,78.0,1,2,True,10.0,97.0,1,Yes,1.0,0,0,2.0,False,70,True,False,False,True,False,True,False,True,False,False,False,False,True,Aprobado,Aprobado
26.0,83.0,1,2,True,7.0,89.0,1,Yes,3.0,0,1,3.0,False,72,True,False,False,True,False,True,False,False,True,False,False,False,True,Aprobado,Aprobado
21.0,66.0,0,2,True,7.0,68.0,2,Yes,2.0,0,1,1.0,False,65,False,True,True,False,False,True,False,False,False,True,False,False,True,Aprobado,Aprobado
26.0,79.0,1,2,False,6.0,88.0,1,Yes,1.0,0,2,3.0,True,70,False,True,False,True,True,False,False,False,False,True,False,False,True,Aprobado,Aprobado
14.0,93.0,1,1,False,8.0,80.0,0,Yes,2.0,0,1,4.0,False,69,True,False,False,True,False,False,True,False,False,True,False,False,True,Aprobado,Aprobado
22.0,61.0,1,1,False,6.0,84.0,0,Yes,0.0,1,1,2.0,False,64,False,True,False,True,False,False,True,False,False,True,False,False,True,Reprobado,Aprobado
31.0,71.0,0,2,True,7.0,66.0,1,Yes,3.0,0,1,1.0,False,67,True,False,False,True,False,True,False,False,False,True,True,False,False,Aprobado,Aprobado
19.0,60.0,2,2,True,6.0,60.0,2,Yes,1.0,0,1,2.0,False,65,False,True,False,True,True,False,False,False,False,True,False,False,True,Aprobado,Reprobado
15.0,77.0,0,1,True,8.0,63.0,1,Yes,0.0,1,1,1.0,False,62,False,True,True,False,False,True,False,False,False,True,False,True,False,Reprobado,Reprobado
16.0,89.0,2,1,False,8.0,54.0,1,Yes,2.0,0,2,2.0,False,68,True,False,False,True,True,False,False,False,True,False,False,False,True,Aprobado,Reprobado
13.0,92.0,1,2,False,6.0,74.0,2,Yes,2.0,0,1,2.0,False,68,True,False,False,True,True,False,False,False,False,True,False,True,False,Aprobado,Aprobado
15.0,98.0,1,1,False,6.0,70.0,0,Yes,1.0,1,2,3.0,False,68,True,False,False,True,False,True,False,False,True,False,False,False,True,Aprobado,Aprobado
18.0,84.0,1,0,True,6.0,50.0,1,Yes,4.0,2,2,3.0,False,68,True,False,False,True,False,False,True,False,False,True,True,False,False,Aprobado,Reprobado
12.0,70.0,1,1,True,7.0,93.0,1,Yes,1.0,0,2,4.0,False,62,False,True,True,False,False,True,False,True,False,False,False,True,False,Reprobado,Aprobado
20.0,97.0,1,0,True,8.0,84.0,0,Yes,4.0,1,1,5.0,False,72,False,True,True,False,False,True,False,False,False,True,False,False,True,Aprobado,Aprobado
25.0,91.0,0,1,False,7.0,72.0,1,Yes,1.0,1,2,3.0,False,69,True,False,False,True,True,False,False,True,False,False,False,True,False,Aprobado,Aprobado
15.0,83.0,1,2,False,4.0,98.0,0,Yes,3.0,0,2,3.0,False,68,False,True,True,False,False,True,False,False,True,False,False,False,True,Aprobado,Aprobado
29.0,88.0,0,1,True,8.0,97.0,1,Yes,4.0,0,2,3.0,True,71,False,True,False,True,True,False,False,False,True,False,True,False,False,Aprobado,Aprobado
23.0,97.0,0,2,True,5.0,55.0,1,Yes,0.0,1,0,3.0,False,69,False,True,True,False,False,True,False,False,True,False,False,True,False,Aprobado,Reprobado
26.0,88.0,0,2,False,6.0,81.0,1,Yes,1.0,2,1,2.0,False,71,False,True,False,True,False,True,False,False,False,True,False,False,True,Aprobado,Aprobado
16.0,75.0,1,2,True,7.0,91.0,0,Yes,2.0,0,0,5.0,False,65,False,True,False,True,False,True,False,True,False,False,False,False,True,Aprobado,Aprobado
25.0,89.0,1,2,False,7.0,59.0,1,Yes,1.0,0,1,4.0,True,68,False,True,False,True,False,True,False,False,False,True,False,True,False,Aprobado,Reprobado
13.0,62.0,1,1,True,8.0,56.0,0,Yes,1.0,0,2,4.0,True,60,False,True,True,False,False,True,False,False,False,True,False,False,True,Reprobado,Reprobado
25.0,75.0,1,1,True,6.0,63.0,0,Yes,3.0,2,1,4.0,False,68,True,False,False,True,False,True,False,False,False,True,False,True,False,Aprobado,Reprobado
21.0,76.0,0,2,False,6.0,64.0,1,Yes,1.0,1,1,4.0,False,66,False,True,True,False,False,True,False,False,False,True,False,True,False,Aprobado,Reprobado
23.0,67.0,1,1,False,7.0,98.0,0,Yes,4.0,0,1,3.0,False,66,True,False,False,True,False,True,False,False,True,False,False,True,False,Aprobado,Aprobado
13.0,61.0,1,1,True,8.0,89.0,0,Yes,4.0,0,1,4.0,False,62,True,False,True,False,False,True,False,True,False,False,False,True,False,Reprobado,Aprobado
15.0,65.0,1,1,False,8.0,53.0,1,Yes,2.0,0,1,3.0,False,61,False,True,False,True,True,False,False,False,False,True,True,False,False,Reprobado,Reprobado
24.0,86.0,2,1,False,7.0,89.0,0,Yes,2.0,0,1,3.0,False,69,False,True,True,False,False,False,True,True,False,False,True,False,False,Aprobado,Aprobado
14.0,92.0,1,2,True,9.0,58.0,2,Yes,1.0,2,0,2.0,False,69,False,True,False,True,False,True,False,False,False,True,False,False,True,Aprobado,Reprobado
23.0,100.0,1,1,True,9.0,68.0,1,Yes,4.0,2,2,3.0,False,74,True,False,False,True,False,False,True,False,False,True,True,False,False,Aprobado,Aprobado
12.0,74.0,1,2,True,8.0,66.0,0,Yes,1.0,0,1,4.0,False,62,False,True,True,False,False,True,False,False,False,True,True,False,False,Reprobado,Aprobado
25.0,84.0,1,1,True,5.0,64.0,1,Yes,0.0,0,1,3.0,False,67,False,True,True,False,True,False,False,False,True,False,True,False,False,Aprobado,Reprobado
13.0,97.0,2,1,False,8.0,65.0,2,Yes,1.0,0,1,2.0,False,69,True,False,True,False,False,True,False,False,False,True,False,False,True,Aprobado,Aprobado
23.0,67.0,2,0,True,7.0,88.0,1,Yes,1.0,0,1,4.0,False,66,True,False,False,True,False,True,False,False,False,True,False,False,True,Aprobado,Aprobado
24.0,89.0,1,2,True,6.0,63.0,1,Yes,2.0,2,1,3.0,False,72,True,False,False,True,True,False,False,False,False,True,False,False,True,Aprobado,Reprobado
16.0,90.0,2,0,False,6.0,90.0,1,Yes,2.0,2,1,3.0,False,69,False,True,False,True,False,True,False,False,False,True,False,True,False,Aprobado,Aprobado
23.0,64.0,1,2,True,7.0,55.0,1,Yes,0.0,1,1,4.0,False,65,False,True,False,True,False,True,False,False,True,False,False,False,True,Aprobado,Reprobado
22.0,94.0,1,2,False,6.0,80.0,0,Yes,0.0,2,1,2.0,False,72,True,False,False,True,False,False,True,False,False,True,False,False,True,Aprobado,Aprobado
17.0,93.0,0,1,True,7.0,93.0,0,Yes,2.0,1,1,4.0,False,69,True,False,False,True,False,True,False,False,False,True,False,False,True,Aprobado,Aprobado
14.0,61.0,1,2,False,7.0,54.0,1,Yes,3.0,0,1,2.0,True,60,False,True,True,False,False,True,False,False,False,True,False,False,True,Reprobado,Reprobado
8.0,64.0,2,1,False,7.0,82.0,2,Yes,0.0,2,1,1.0,True,61,False,True,True,False,False,False,True,False,False,True,False,True,False,Reprobado,Aprobado
22.0,62.0,2,0,False,8.0,76.0,1,Yes,1.0,1,0,3.0,False,63,False,True,False,True,False,True,False,False,False,True,False,True,False,Reprobado,Aprobado
11.0,73.0,1,1,False,7.0,67.0,1,No,3.0,1,2,5.0,True,63,True,False,False,True,False,False,True,False,False,True,False,False,True,Reprobado,Aprobado
21.0,80.0,1,1,True,6.0,55.0,2,Yes,1.0,2,2,3.0,False,68,False,True,False,True,False,False,True,False,True,False,True,False,False,Aprobado,Reprobado
18.0,81.0,1,1,True,4.0,84.0,0,Yes,1.0,1,1,4.0,False,68,True,False,True,False,True,False,False,False,False,True,False,False,True,Aprobado,Aprobado
24.0,71.0,2,1,False,8.0,65.0,1,Yes,1.0,0,1,2.0,False,65,True,False,False,True,False,True,False,False,False,True,True,False,False,Aprobado,Aprobado
18.0,96.0,1,2,False,7.0,67.0,1,Yes,1.0,2,1,2.0,False,71,False,True,True,False,False,True,False,False,False,True,False,False,True,Aprobado,Aprobado
18.0,75.0,1,1,True,7.0,86.0,0,Yes,1.0,0,1,3.0,False,64,True,False,False,True,False,True,False,False,False,True,True,False,False,Reprobado,Aprobado
24.0,62.0,1,1,False,9.0,97.0,1,Yes,1.0,1,1,2.0,False,65,True,False,False,True,False,False,True,False,False,True,True,False,False,Aprobado,Aprobado
22.0,72.0,2,1,True,5.0,67.0,0,Yes,2.0,1,1,4.0,False,67,False,True,True,False,True,False,False,False,False,True,False,True,False,Aprobado,Aprobado
22.0,81.0,2,1,False,7.0,87.0,0,Yes,0.0,0,1,2.0,False,67,False,True,True,False,False,True,False,False,False,True,False,True,False,Aprobado,Aprobado
23.0,76.0,0,1,True,6.0,98.0,1,Yes,1.0,0,2,3.0,False,67,False,True,False,True,True,False,False,False,True,False,False,True,False,Aprobado,Aprobado
11.0,71.0,0,1,True,8.0,55.0,1,Yes,1.0,0,1,3.0,False,87,False,True,True,False,True,False,False,False,False,True,True,False,False,Aprobado,Reprobado
25.0,65.0,2,2,True,4.0,76.0,2,Yes,1.0,2,1,1.0,False,67,True,False,True,False,False,True,False,False,True,False,False,True,False,Aprobado,Aprobado
24.0,93.0,2,1,True,8.0,51.0,2,Yes,4.0,1,1,2.0,True,72,True,False,False,True,False,True,False,False,False,True,False,False,True,Aprobado,Reprobado
14.0,100.0,1,0,True,8.0,91.0,2,Yes,0.0,0,2,3.0,False,69,False,True,True,False,False,True,False,False,False,True,False,True,False,Aprobado,Aprobado
19.0,73.0,1,1,True,6.0,64.0,0,Yes,1.0,2,1,3.0,False,65,False,True,True,False,True,False,False,False,True,False,False,False,True,Aprobado,Reprobado
20.0,75.0,2,1,True,7.0,67.0,0,Yes,1.0,0,1,4.0,False,66,True,False,True,False,False,True,False,False,False,True,False,False,True,Aprobado,Aprobado
19.0,85.0,2,2,False,6.0,84.0,0,Yes,3.0,1,1,3.0,False,70,True,False,False,True,False,False,True,False,False,True,True,False,False,Aprobado,Aprobado
22.0,89.0,2,2,True,8.0,89.0,1,Yes,0.0,1,1,3.0,False,71,True,False,False,True,False,True,False,False,True,False,False,True,False,Aprobado,Aprobado
29.0,76.0,1,2,True,8.0,70.0,0,No,1.0,0,0,4.0,False,67,False,True,True,False,True,False,False,False,True,False,False,True,False,Aprobado,Aprobado
26.0,96.0,2,1,False,5.0,83.0,1,Yes,0.0,1,2,2.0,False,72,False,True,False,True,False,True,False,True,False,False,False,False,True,Aprobado,Aprobado
12.0,82.0,0,1,False,5.0,98.0,1,Yes,0.0,0,2,1.0,False,63,False,True,False,True,False,True,False,False,True,False,False,True,False,Reprobado,Aprobado
24.0,78.0,2,0,True,9.0,94.0,0,Yes,0.0,0,2,4.0,False,67,False,True,True,False,False,True,False,False,True,False,False,True,False,Aprobado,Aprobado
28.0,86.0,0,1,False,10.0,85.0,1,Yes,6.0,0,2,2.0,False,72,False,True,False,True,False,True,False,False,False,True,False,True,False,Aprobado,Aprobado
22.0,98.0,1,1,False,8.0,97.0,0,Yes,1.0,2,1,1.0,True,72,True,False,True,False,False,False,True,False,False,True,False,False,True,Aprobado,Aprobado
27.0,92.0,1,1,False,8.0,94.0,1,No,1.0,0,1,4.0,False,70,True,False,True,False,True,False,False,False,False,True,True,False,False,Aprobado,Aprobado
32.0,62.0,2,1,False,7.0,86.0,0,Yes,0.0,0,1,2.0,False,67,False,True,True,False,False,True,False,False,False,True,False,False,True,Aprobado,Aprobado
26.0,73.0,1,1,False,7.0,96.0,2,Yes,0.0,1,2,3.0,False,68,True,False,True,False,False,True,False,False,False,True,False,True,False,Aprobado,Aprobado
21.0,79.0,0,1,True,8.0,91.0,2,Yes,1.0,0,1,3.0,False,67,False,True,False,True,False,True,False,False,True,False,False,False,True,Aprobado,Aprobado
26.0,73.0,2,2,False,7.0,75.0,0,Yes,3.0,0,1,5.0,False,70,False,True,False,True,True,False,False,False,False,True,False,False,True,Aprobado,Aprobado
21.0,88.0,1,0,False,9.0,75.0,2,No,1.0,1,2,2.0,False,67,True,False,True,False,False,False,True,False,True,False,False,True,False,Aprobado,Aprobado
20.0,93.0,1,1,True,7.0,50.0,1,Yes,1.0,2,2,4.0,False,71,False,True,False,True,True,False,False,False,False,True,False,False,True,Aprobado,Reprobado
18.0,89.0,2,0,True,7.0,52.0,1,Yes,1.0,2,2,3.0,False,69,False,True,True,False,False,False,True,False,False,True,False,False,True,Aprobado,Reprobado
29.0,100.0,1,1,True,7.0,87.0,1,No,3.0,0,1,5.0,False,74,False,True,True,False,True,False,False,False,False,True,True,False,False,Aprobado,Aprobado
15.0,71.0,2,0,False,7.0,78.0,1,Yes,0.0,1,1,3.0,False,63,True,False,False,True,False,True,False,False,False,True,False,False,True,Reprobado,Aprobado
29.0,95.0,1,0,True,9.0,88.0,1,Yes,0.0,1,2,2.0,False,72,False,True,True,False,False,True,False,False,False,True,False,True,False,Aprobado,Aprobado
23.0,91.0,2,0,True,7.0,97.0,0,Yes,2.0,0,1,3.0,False,71,False,True,False,True,True,False,False,False,True,False,False,True,False,Aprobado,Aprobado
12.0,74.0,2,1,False,7.0,73.0,1,Yes,1.0,0,1,5.0,False,64,False,True,False,True,False,True,False,False,False,True,False,True,False,Reprobado,Aprobado
22.0,89.0,1,1,True,7.0,54.0,1,Yes,1.0,2,1,3.0,False,69,False,True,True,False,False,True,False,False,False,True,False,False,True,Aprobado,Reprobado
7.0,64.0,2,2,False,6.0,81.0,1,Yes,2.0,0,0,3.0,False,62,True,False,True,False,False,False,True,False,True,False,False,False,True,Reprobado,Aprobado
24.0,92.0,1,1,True,5.0,55.0,1,No,1.0,1,1,4.0,False,69,False,True,False,True,True,False,False,False,False,True,False,True,False,Aprobado,Reprobado
25.0,81.0,2,0,True,9.0,81.0,0,Yes,2.0,0,1,3.0,False,68,False,True,False,True,False,True,False,False,False,True,False,True,False,Aprobado,Aprobado
16.0,72.0,2,1,True,9.0,76.0,2,Yes,6.0,0,0,3.0,False,67,False,True,False,True,False,True,False,False,False,True,True,False,False,Aprobado,Aprobado
21.0,86.0,1,1,True,9.0,86.0,2,Yes,2.0,1,1,3.0,False,71,False,True,False,True,False,False,True,False,False,True,False,True,False,Aprobado,Aprobado
32.0,86.0,1,1,True,5.0,68.0,0,Yes,1.0,1,1,4.0,False,70,False,True,False,True,False,True,False,False,True,False,True,False,False,Aprobado,Aprobado
17.0,68.0,2,1,False,9.0,57.0,1,Yes,2.0,1,0,3.0,False,63,False,True,False,True,False,True,False,False,True,False,False,True,False,Reprobado,Reprobado
14.0,61.0,0,2,False,10.0,62.0,1,Yes,0.0,2,1,4.0,False,60,False,True,True,False,True,False,False,False,True,False,True,False,False,Reprobado,Reprobado
29.0,77.0,1,1,False,9.0,84.0,1,Yes,0.0,0,2,3.0,False,69,False,True,True,False,True,False,False,False,False,True,False,True,False,Aprobado,Aprobado
32.0,83.0,1,1,True,9.0,74.0,1,Yes,3.0,0,1,3.0,False,71,False,True,False,True,True,False,False,False,True,False,False,True,False,Aprobado,Aprobado
20.0,95.0,0,0,True,8.0,77.0,1,Yes,1.0,2,2,2.0,False,69,False,True,False,True,False,True,False,False,False,True,False,False,True,Aprobado,Aprobado
26.0,97.0,2,0,True,6.0,66.0,1,Yes,2.0,1,1,1.0,False,73,False,True,True,False,True,False,False,False,False,True,False,False,True,Aprobado,Aprobado
28.0,81.0,1,2,True,8.0,92.0,1,Yes,1.0,2,1,3.0,False,73,False,True,True,False,True,False,False,False,False,True,False,False,True,Aprobado,Aprobado
16.0,90.0,1,1,False,5.0,100.0,1,Yes,1.0,0,1,3.0,False,68,False,True,True,False,False,True,False,False,True,False,False,False,True,Aprobado,Aprobado
17.0,78.0,2,1,True,6.0,66.0,1,Yes,2.0,0,1,4.0,False,67,False,True,False,True,True,False,False,False,True,False,False,False,True,Aprobado,Aprobado
27.0,90.0,1,2,False,7.0,86.0,2,Yes,2.0,1,1,3.0,False,74,False,True,False,True,True,False,False,False,True,False,False,False,True,Aprobado,Aprobado
30.0,68.0,1,2,False,7.0,59.0,1,Yes,3.0,0,1,3.0,False,68,False,True,False,True,True,False,False,False,True,False,False,False,True,Aprobado,Reprobado
23.0,75.0,2,1,False,8.0,87.0,0,Yes,1.0,1,2,2.0,False,69,False,True,True,False,True,False,False,False,False,True,False,False,True,Aprobado,Aprobado
15.0,85.0,2,1,False,4.0,72.0,1,Yes,4.0,0,2,4.0,False,69,True,False,False,True,True,False,False,False,False,True,False,True,False,Aprobado,Aprobado
32.0,61.0,2,2,True,7.0,80.0,1,Yes,0.0,0,1,4.0,True,68,False,True,True,False,True,False,False,False,True,False,False,False,True,Aprobado,Aprobado
17.0,89.0,0,2,False,8.0,62.0,1,Yes,1.0,0,2,1.0,False,66,False,True,False,True,False,True,False,False,True,False,False,False,True,Aprobado,Reprobado
18.0,93.0,0,0,True,8.0,93.0,1,Yes,3.0,0,2,3.0,False,69,False,True,False,True,False,False,True,False,True,False,True,False,False,Aprobado,Aprobado
22.0,76.0,1,1,True,8.0,59.0,1,Yes,1.0,0,1,2.0,False,66,False,True,True,False,True,False,False,False,False,True,False,False,True,Aprobado,Reprobado
29.0,78.0,0,1,True,7.0,96.0,2,Yes,5.0,0,1,4.0,False,72,False,True,False,True,True,False,False,False,True,False,False,False,True,Aprobado,Aprobado
25.0,94.0,1,0,True,6.0,53.0,0,Yes,1.0,1,1,3.0,False,69,False,True,True,False,False,True,False,False,False,True,True,False,False,Aprobado,Reprobado
22.0,91.0,1,1,True,8.0,64.0,1,Yes,1.0,0,2,3.0,True,68,False,True,False,True,False,True,False,False,True,False,False,False,True,Aprobado,Reprobado
23.0,72.0,1,1,True,7.0,78.0,1,Yes,1.0,0,1,3.0,False,66,True,False,False,True,False,True,False,False,False,True,False,True,False,Aprobado,Aprobado
20.0,73.0,1,0,True,8.0,93.0,2,Yes,1.0,0,2,4.0,False,65,False,True,False,True,False,True,False,True,False,False,True,False,False,Aprobado,Aprobado
23.0,87.0,1,1,False,8.0,79.0,2,Yes,2.0,0,2,2.0,False,71,False,True,False,True,False,False,True,False,False,True,False,True,False,Aprobado,Aprobado
5.0,83.0,1,1,True,7.0,61.0,1,Yes,2.0,0,1,4.0,False,61,False,True,False,True,False,True,False,False,True,False,True,False,False,Reprobado,Reprobado
18.0,66.0,0,1,True,6.0,93.0,1,Yes,1.0,0,1,3.0,True,63,False,True,True,False,True,False,False,False,False,True,False,True,False,Reprobado,Aprobado
21.0,72.0,1,2,True,9.0,80.0,0,Yes,1.0,1,1,3.0,False,66,False,True,True,False,False,True,False,False,False,True,False,True,False,Aprobado,Aprobado
13.0,96.0,1,2,False,8.0,62.0,1,Yes,0.0,2,1,2.0,False,69,True,False,False,True,False,False,True,False,False,True,False,True,False,Aprobado,Reprobado
22.0,88.0,2,2,True,10.0,78.0,1,Yes,0.0,1,2,2.0,False,71,True,False,False,True,False,True,False,False,True,False,False,False,True,Aprobado,Aprobado
19.0,99.0,2,1,True,8.0,84.0,2,Yes,0.0,2,1,4.0,False,73,False,True,True,False,False,True,False,False,False,True,False,False,True,Aprobado,Aprobado
31.0,91.0,2,1,True,8.0,84.0,0,Yes,2.0,0,1,2.0,False,72,False,True,False,True,False,True,False,False,False,True,True,False,False,Aprobado,Aprobado
29.0,98.0,1,2,False,5.0,86.0,0,Yes,2.0,1,1,4.0,False,73,True,False,False,True,False,True,False,True,False,False,True,False,False,Aprobado,Aprobado
17.0,69.0,0,2,True,7.0,95.0,1,Yes,1.0,0,2,2.0,False,65,True,False,False,True,False,True,False,False,True,False,False,False,True,Aprobado,Aprobado
19.0,91.0,0,2,True,7.0,91.0,1,Yes,1.0,2,2,3.0,False,71,False,True,True,False,False,True,False,False,False,True,False,True,False,Aprobado,Aprobado
20.0,61.0,2,1,True,8.0,80.0,1,Yes,1.0,0,2,3.0,False,65,False,True,False,True,False,True,False,False,False,True,False,False,True,Aprobado,Aprobado
17.0,87.0,1,1,False,8.0,52.0,0,Yes,1.0,1,1,5.0,False,67,False,True,False,True,True,False,False,False,False,True,False,False,True,Aprobado,Reprobado
21.0,79.0,1,2,True,8.0,87.0,1,Yes,1.0,0,2,2.0,False,69,False,True,False,True,False,False,True,False,True,False,False,True,False,Aprobado,Aprobado
15.0,74.0,0,2,False,10.0,99.0,0,No,0.0,0,1,3.0,False,63,True,False,False,True,True,False,False,False,True,False,False,True,False,Reprobado,Aprobado
13.0,94.0,0,2,True,6.0,65.0,2,Yes,2.0,1,1,2.0,False,68,False,True,False,True,False,False,True,False,True,False,False,True,False,Aprobado,Aprobado
24.0,94.0,2,0,True,8.0,80.0,2,No,1.0,0,1,4.0,False,70,False,True,True,False,False,True,False,False,False,True,False,True,False,Aprobado,Aprobado
24.0,61.0,1,1,True,8.0,88.0,0,Yes,1.0,0,1,4.0,False,64,True,False,True,False,False,True,False,False,True,False,False,False,True,Reprobado,Aprobado
15.0,84.0,1,1,False,10.0,82.0,1,Yes,1.0,2,0,2.0,True,64,True,False,False,True,False,True,False,False,False,True,True,False,False,Reprobado,Aprobado
25.0,75.0,0,2,True,8.0,96.0,2,Yes,1.0,0,1,0.0,False,68,True,False,False,True,True,False,False,False,False,True,False,True,False,Aprobado,Aprobado
16.0,77.0,1,2,True,8.0,74.0,1,Yes,0.0,2,0,2.0,False,65,True,False,True,False,True,False,False,False,True,False,False,True,False,Aprobado,Aprobado
22.0,93.0,2,1,False,8.0,77.0,1,Yes,0.0,2,1,1.0,False,70,False,True,True,False,False,True,False,False,False,True,False,True,False,Aprobado,Aprobado
25.0,72.0,1,1,True,8.0,52.0,0,Yes,0.0,1,1,2.0,False,66,True,False,False,True,False,False,True,False,False,True,False,False,True,Aprobado,Reprobado
20.0,98.0,2,0,True,9.0,95.0,0,Yes,1.0,0,1,2.0,False,70,False,True,True,False,False,True,False,False,True,False,False,False,True,Aprobado,Aprobado
23.0,67.0,1,1,True,6.0,63.0,2,Yes,3.0,0,2,3.0,False,66,True,False,False,True,False,True,False,False,False,True,False,True,False,Aprobado,Reprobado
17.0,87.0,1,1,False,6.0,99.0,1,Yes,2.0,0,1,2.0,False,69,True,False,False,True,False,False,True,False,False,True,False,True,False,Aprobado,Aprobado
19.0,87.0,2,2,False,10.0,60.0,2,Yes,2.0,1,0,3.0,False,69,True,False,False,True,False,True,False,False,True,False,False,False,True,Aprobado,Reprobado
19.0,70.0,2,2,False,4.0,63.0,1,Yes,1.0,0,1,3.0,False,64,True,False,True,False,True,False,False,True,False,False,False,True,False,Reprobado,Reprobado
16.0,73.0,1,1,True,7.0,74.0,0,Yes,1.0,0,2,3.0,False,64,False,True,False,True,False,True,False,False,True,False,False,False,True,Reprobado,Aprobado
19.0,93.0,0,1,True,7.0,83.0,1,Yes,1.0,1,1,3.0,False,69,False,True,True,False,False,True,False,False,False,True,False,False,True,Aprobado,Aprobado
11.0,90.0,1,1,True,7.0,72.0,2,Yes,3.0,1,1,3.0,False,67,False,True,True,False,False,True,False,False,False,True,True,False,False,Aprobado,Aprobado
17.0,73.0,0,1,True,9.0,68.0,0,Yes,2.0,1,1,3.0,True,63,False,True,True,False,True,False,False,False,False,True,False,False,True,Reprobado,Aprobado
18.0,81.0,0,2,True,8.0,77.0,0,Yes,1.0,1,2,3.0,False,67,False,True,False,True,True,False,False,False,True,False,False,False,True,Aprobado,Aprobado
18.0,62.0,1,2,False,6.0,98.0,0,Yes,3.0,1,1,1.0,False,65,True,False,False,True,True,False,False,False,False,True,False,True,False,Aprobado,Aprobado
19.0,68.0,1,1,True,6.0,98.0,0,Yes,2.0,0,1,1.0,False,64,False,True,True,False,False,True,False,False,True,False,False,False,True,Reprobado,Aprobado
20.0,79.0,2,1,False,7.0,66.0,0,Yes,3.0,2,1,3.0,False,68,False,True,True,False,True,False,False,False,False,True,True,False,False,Aprobado,Aprobado
23.0,63.0,0,1,True,9.0,84.0,2,Yes,0.0,2,1,3.0,False,64,False,True,True,False,False,True,False,False,False,True,False,True,False,Reprobado,Aprobado
25.0,94.0,2,1,False,7.0,86.0,0,No,2.0,0,1,4.0,False,70,True,False,False,True,True,False,False,False,True,False,True,False,False,Aprobado,Aprobado
16.0,89.0,2,1,True,7.0,83.0,2,Yes,0.0,0,2,4.0,False,70,False,True,False,True,False,False,True,False,True,False,False,False,True,Aprobado,Aprobado
13.0,98.0,2,0,True,6.0,56.0,1,Yes,1.0,2,0,3.0,False,67,False,True,True,False,True,False,False,False,True,False,True,False,False,Aprobado,Reprobado
14.0,88.0,2,2,True,8.0,77.0,1,Yes,2.0,1,1,3.0,False,69,False,True,False,True,True,False,False,True,False,False,False,False,True,Aprobado,Aprobado
17.0,98.0,2,1,False,7.0,88.0,1,Yes,2.0,0,2,4.0,False,70,True,False,False,True,False,True,False,True,False,False,True,False,False,Aprobado,Aprobado
18.0,82.0,2,2,False,6.0,60.0,1,Yes,5.0,1,2,3.0,False,69,False,True,False,True,True,False,False,False,False,True,True,False,False,Aprobado,Reprobado
15.0,84.0,1,0,True,9.0,67.0,1,Yes,1.0,1,2,3.0,False,65,True,False,False,True,True,False,False,False,True,False,True,False,False,Aprobado,Aprobado
12.0,99.0,1,2,True,10.0,60.0,1,Yes,0.0,0,0,1.0,False,66,False,True,False,True,False,True,False,False,True,False,True,False,False,Aprobado,Reprobado
17.0,86.0,2,2,True,7.0,94.0,1,Yes,2.0,1,1,3.0,False,70,False,True,False,True,False,True,False,False,True,False,False,True,False,Aprobado,Aprobado
21.0,61.0,1,0,True,7.0,93.0,0,Yes,1.0,0,2,5.0,False,63,True,False,False,True,False,True,False,False,False,True,True,False,False,Reprobado,Aprobado
24.0,89.0,0,1,False,5.0,58.0,1,Yes,3.0,2,1,3.0,False,69,False,True,True,False,False,True,False,False,False,True,False,False,True,Aprobado,Reprobado
17.0,96.0,2,2,True,8.0,88.0,1,Yes,4.0,0,0,4.0,False,74,True,False,False,True,False,False,True,False,False,True,False,False,True,Aprobado,Aprobado
18.0,92.0,1,1,True,8.0,68.0,0,Yes,2.0,2,2,3.0,False,70,True,False,False,True,False,True,False,False,False,True,False,False,True,Aprobado,Aprobado
14.0,83.0,2,1,False,7.0,84.0,1,Yes,1.0,0,1,3.0,False,66,False,True,True,False,False,True,False,False,False,True,False,True,False,Aprobado,Aprobado
20.0,87.0,0,2,True,6.0,75.0,1,Yes,0.0,0,1,3.0,True,68,False,True,False,True,False,False,True,False,False,True,False,False,True,Aprobado,Aprobado
15.0,100.0,1,0,False,10.0,74.0,1,Yes,2.0,1,1,5.0,False,67,False,True,False,True,False,True,False,True,False,False,True,False,False,Aprobado,Aprobado
23.0,64.0,1,1,True,8.0,94.0,0,Yes,2.0,1,1,5.0,False,66,True,False,True,False,False,True,False,False,True,False,False,False,True,Aprobado,Aprobado
9.0,87.0,2,1,False,6.0,82.0,1,Yes,0.0,0,1,3.0,False,65,False,True,True,False,True,False,False,False,False,True,True,False,False,Aprobado,Aprobado
18.0,71.0,0,1,True,8.0,62.0,1,Yes,3.0,2,2,2.0,False,66,False,True,False,True,True,False,False,False,False,True,False,False,True,Aprobado,Reprobado
22.0,86.0,2,1,True,7.0,56.0,1,Yes,1.0,2,1,4.0,False,69,True,False,False,True,False,True,False,False,True,False,False,False,True,Aprobado,Reprobado
21.0,84.0,0,1,False,7.0,97.0,1,Yes,2.0,0,0,4.0,False,67,False,True,True,False,False,True,False,False,True,False,False,True,False,Aprobado,Aprobado
36.0,66.0,0,2,True,8.0,58.0,2,Yes,1.0,1,1,3.0,False,69,False,True,False,True,True,False,False,True,False,False,False,False,True,Aprobado,Reprobado
22.0,68.0,1,1,False,4.0,87.0,2,Yes,2.0,1,1,3.0,False,66,False,True,True,False,False,False,True,True,False,False,False,True,False,Aprobado,Aprobado
14.0,85.0,1,1,False,4.0,75.0,2,Yes,2.0,2,1,1.0,True,64,False,True,True,False,False,True,False,True,False,False,True,False,False,Reprobado,Aprobado
19.0,65.0,1,1,False,9.0,57.0,0,Yes,1.0,1,1,2.0,True,61,False,True,True,False,False,True,False,False,False,True,False,False,True,Reprobado,Reprobado
9.0,71.0,0,2,True,7.0,89.0,1,Yes,0.0,0,1,2.0,False,61,False,True,False,True,False,True,False,False,False,True,True,False,False,Reprobado,Aprobado
20.0,93.0,1,1,True,6.0,95.0,0,Yes,1.0,1,2,4.0,False,70,False,True,False,True,True,False,False,False,True,False,True,False,False,Aprobado,Aprobado
15.0,73.0,1,2,False,5.0,56.0,1,Yes,1.0,1,1,2.0,False,65,False,True,True,False,False,False,True,False,False,True,False,False,True,Aprobado,Reprobado
25.0,80.0,2,0,False,7.0,53.0,1,Yes,1.0,1,1,3.0,False,67,True,False,False,True,True,False,False,False,True,False,False,True,False,Aprobado,Reprobado
17.0,98.0,0,1,False,7.0,92.0,1,Yes,0.0,2,1,0.0,False,69,True,False,False,True,True,False,False,False,False,True,False,False,True,Aprobado,Aprobado
19.0,69.0,1,0,True,9.0,75.0,1,Yes,2.0,1,0,5.0,False,63,False,True,True,False,False,True,False,False,True,False,True,False,False,Reprobado,Aprobado
16.0,76.0,1,1,False,8.0,84.0,2,Yes,1.0,2,2,4.0,False,66,False,True,False,True,False,True,False,False,False,True,False,True,False,Aprobado,Aprobado
30.0,84.0,2,1,True,7.0,72.0,1,Yes,3.0,1,1,2.0,False,73,False,True,False,True,False,True,False,False,False,True,False,False,True,Aprobado,Aprobado
18.0,90.0,2,2,False,8.0,71.0,2,No,0.0,0,1,3.0,False,68,False,True,True,False,False,True,False,False,False,True,False,True,False,Aprobado,Aprobado
31.0,96.0,2,2,True,9.0,65.0,2,Yes,0.0,0,1,2.0,False,74,True,False,False,True,False,True,False,True,False,False,False,False,True,Aprobado,Aprobado
25.0,97.0,0,1,True,8.0,78.0,1,Yes,0.0,1,1,3.0,False,70,False,True,False,True,False,True,False,False,False,True,False,True,False,Aprobado,Aprobado
23.0,91.0,2,0,True,8.0,58.0,1,Yes,0.0,1,1,2.0,False,68,False,True,False,True,False,True,False,True,False,False,False,False,True,Aprobado,Reprobado
22.0,69.0,2,2,False,7.0,86.0,0,Yes,1.0,2,1,4.0,True,67,False,True,True,False,False,True,False,False,True,False,False,False,True,Aprobado,Aprobado
22.0,61.0,2,1,False,6.0,77.0,0,Yes,1.0,1,1,4.0,False,65,False,True,False,True,False,False,True,False,True,False,False,False,True,Aprobado,Aprobado
8.0,75.0,1,1,False,5.0,92.0,1,Yes,5.0,2,2,4.0,False,66,False,True,False,True,False,True,False,False,True,False,False,False,True,Aprobado,Aprobado
18.0,66.0,2,1,True,5.0,96.0,1,Yes,0.0,0,1,5.0,False,64,False,True,True,False,False,True,False,False,True,False,False,True,False,Reprobado,Aprobado
25.0,88.0,1,1,True,8.0,95.0,0,Yes,1.0,2,2,4.0,False,72,False,True,True,False,False,True,False,False,False,True,False,True,False,Aprobado,Aprobado
20.0,86.0,1,1,True,8.0,80.0,2,Yes,2.0,1,1,2.0,False,70,False,True,False,True,True,False,False,False,False,True,False,True,False,Aprobado,Aprobado
12.0,62.0,1,1,True,9.0,66.0,1,Yes,1.0,0,1,2.0,False,60,True,False,True,False,True,False,False,False,True,False,False,True,False,Reprobado,Aprobado
20.0,93.0,1,1,True,8.0,68.0,1,Yes,1.0,0,0,3.0,False,68,False,True,False,True,False,True,False,False,True,False,False,True,False,Aprobado,Aprobado
30.0,70.0,1,2,True,9.0,83.0,1,Yes,1.0,2,1,2.0,False,71,True,False,True,False,False,False,True,False,False,True,False,True,False,Aprobado,Aprobado
27.0,77.0,1,1,True,7.0,86.0,0,Yes,1.0,2,1,3.0,False,68,False,True,False,True,False,True,False,False,True,False,False,True,False,Aprobado,Aprobado
20.0,87.0,2,1,True,8.0,58.0,0,Yes,2.0,0,1,2.0,True,67,False,True,False,True,False,False,True,False,False,True,True,False,False,Aprobado,Reprobado
26.0,77.0,1,1,True,5.0,100.0,0,Yes,1.0,0,2,5.0,False,70,True,False,True,False,False,True,False,False,False,True,False,False,True,Aprobado,Aprobado
18.0,78.0,1,2,False,7.0,55.0,2,Yes,0.0,2,1,3.0,False,65,False,True,False,True,False,True,False,False,False,True,True,False,False,Aprobado,Reprobado
10.0,63.0,1,1,False,4.0,80.0,1,Yes,0.0,0,1,3.0,False,60,False,True,False,True,True,False,False,False,False,True,False,False,True,Reprobado,Aprobado
14.0,76.0,2,0,False,7.0,77.0,0,No,2.0,2,1,4.0,False,65,False,True,False,True,True,False,False,False,False,True,False,False,True,Aprobado,Aprobado
29.0,91.0,1,1,False,9.0,80.0,0,Yes,0.0,0,2,4.0,False,70,False,True,True,False,False,True,False,False,False,True,True,False,False,Aprobado,Aprobado
18.0,97.0,0,0,True,7.0,77.0,1,Yes,4.0,0,0,4.0,False,69,True,False,False,True,False,False,True,False,False,True,False,True,False,Aprobado,Aprobado
19.0,77.0,2,0,False,8.0,53.0,1,Yes,1.0,0,1,3.0,False,64,True,False,False,True,False,True,False,False,False,True,False,False,True,Reprobado,Reprobado
18.0,77.0,0,1,False,7.0,100.0,1,Yes,2.0,2,2,3.0,True,67,True,False,False,True,False,True,False,False,False,True,False,False,True,Aprobado,Aprobado
31.0,88.0,0,1,True,6.0,99.0,0,Yes,2.0,2,0,3.0,False,73,False,True,False,True,False,False,True,False,False,True,True,False,False,Aprobado,Aprobado
30.0,98.0,1,2,False,7.0,76.0,2,Yes,1.0,0,1,3.0,False,74,False,True,False,True,True,False,False,False,False,True,False,True,False,Aprobado,Aprobado
33.0,71.0,1,0,True,9.0,60.0,1,Yes,0.0,1,1,4.0,True,67,False,True,False,True,False,True,False,False,False,True,False,False,True,Aprobado,Reprobado
19.0,78.0,0,2,True,8.0,59.0,1,Yes,2.0,2,1,1.0,False,66,False,True,False,True,False,True,False,False,False,True,False,False,True,Aprobado,Reprobado
22.0,92.0,1,1,False,6.0,53.0,1,Yes,4.0,2,1,4.0,True,69,False,True,False,True,False,True,False,False,False,True,False,True,False,Aprobado,Reprobado
11.0,84.0,2,1,False,5.0,81.0,0,Yes,1.0,0,1,3.0,False,64,True,False,True,False,False,True,False,False,True,False,True,False,False,Reprobado,Aprobado
29.0,64.0,1,2,True,7.0,74.0,1,Yes,0.0,2,1,2.0,False,69,False,True,True,False,False,False,True,False,False,True,False,False,True,Aprobado,Aprobado
13.0,85.0,0,2,True,6.0,71.0,1,Yes,1.0,0,1,3.0,False,66,False,True,True,False,False,True,False,False,False,True,False,False,True,Aprobado,Aprobado
21.0,67.0,2,1,True,7.0,76.0,1,Yes,1.0,1,2,2.0,True,65,True,False,False,True,False,True,False,False,False,True,False,True,False,Aprobado,Aprobado
13.0,80.0,1,1,True,5.0,94.0,2,Yes,1.0,1,1,3.0,False,67,True,False,True,False,False,True,False,False,False,True,False,False,True,Aprobado,Aprobado
16.0,81.0,1,2,False,9.0,54.0,1,Yes,3.0,1,2,3.0,False,67,False,True,False,True,False,False,True,False,True,False,True,False,False,Aprobado,Reprobado
15.0,95.0,1,1,False,7.0,77.0,2,Yes,0.0,0,1,3.0,False,68,True,False,True,False,False,True,False,False,False,True,False,True,False,Aprobado,Aprobado
16.0,78.0,1,0,False,7.0,85.0,1,Yes,4.0,1,1,2.0,True,65,False,True,False,True,False,True,False,False,False,True,False,True,False,Aprobado,Aprobado
17.0,71.0,1,0,True,6.0,99.0,0,Yes,4.0,1,1,3.0,True,66,False,True,False,True,False,False,True,False,False,True,False,False,True,Aprobado,Aprobado
17.0,69.0,2,1,True,7.0,87.0,0,Yes,2.0,0,1,3.0,False,65,False,True,False,True,True,False,False,False,False,True,False,True,False,Aprobado,Aprobado
25.0,95.0,1,1,True,7.0,77.0,2,No,0.0,0,2,3.0,False,71,False,True,False,True,False,False,True,False,False,True,False,True,False,Aprobado,Aprobado
13.0,67.0,1,2,True,6.0,88.0,1,Yes,0.0,0,1,3.0,False,63,False,True,True,False,True,False,False,False,True,False,False,True,False,Reprobado,Aprobado
21.0,77.0,2,0,True,7.0,100.0,0,Yes,2.0,2,2,4.0,False,70,False,True,True,False,True,False,False,False,False,True,False,False,True,Aprobado,Aprobado
27.0,67.0,2,2,True,9.0,94.0,2,Yes,0.0,2,0,2.0,False,70,False,True,True,False,True,False,False,False,False,True,False,False,True,Aprobado,Aprobado
17.0,91.0,0,1,True,4.0,54.0,2,Yes,3.0,0,1,4.0,False,67,False,True,True,False,True,False,False,False,True,False,False,True,False,Aprobado,Reprobado
16.0,79.0,2,1,True,7.0,79.0,2,Yes,2.0,2,2,2.0,False,68,False,True,False,True,False,True,False,False,True,False,False,False,True,Aprobado,Aprobado
19.0,74.0,1,0,True,6.0,89.0,1,No,0.0,2,1,2.0,False,63,False,True,False,True,False,True,False,False,True,False,False,True,False,Reprobado,Aprobado
27.0,74.0,1,2,True,9.0,84.0,0,Yes,3.0,2,1,3.0,False,70,True,False,True,False,True,False,False,False,False,True,True,False,False,Aprobado,Aprobado
21.0,94.0,1,1,False,7.0,71.0,0,No,1.0,0,2,2.0,False,69,True,False,False,True,False,False,True,False,False,True,False,True,False,Aprobado,Aprobado
17.0,82.0,1,1,True,5.0,66.0,1,Yes,1.0,1,0,3.0,False,66,False,True,True,False,False,True,False,False,False,True,False,False,True,Aprobado,Aprobado
23.0,89.0,0,2,False,7.0,81.0,1,Yes,2.0,0,2,2.0,False,70,False,True,False,True,False,False,True,False,True,False,False,True,False,Aprobado,Aprobado
13.0,96.0,1,2,False,8.0,71.0,0,Yes,1.0,1,0,3.0,False,68,False,True,False,True,False,True,False,False,False,True,False,False,True,Aprobado,Aprobado
24.0,96.0,1,1,False,10.0,70.0,1,Yes,0.0,2,1,4.0,False,70,False,True,True,False,False,True,False,False,False,True,True,False,False,Aprobado,Aprobado
22.0,73.0,0,2,True,4.0,92.0,1,Yes,0.0,0,1,4.0,False,67,False,True,False,True,False,False,True,False,True,False,False,False,True,Aprobado,Aprobado
18.0,98.0,1,2,True,5.0,66.0,1,Yes,0.0,1,1,0.0,False,69,True,False,False,True,False,False,True,False,False,True,True,False,False,Aprobado,Aprobado
15.0,61.0,2,0,True,9.0,82.0,1,Yes,2.0,1,2,2.0,False,64,False,True,False,True,False,False,True,False,False,True,False,False,True,Reprobado,Aprobado
15.0,75.0,2,1,False,5.0,94.0,0,No,1.0,0,1,3.0,True,62,False,True,True,False,False,True,False,False,True,False,True,False,False,Reprobado,Aprobado
23.0,96.0,1,1,False,7.0,81.0,1,Yes,1.0,0,1,2.0,False,71,True,False,False,True,False,False,True,False,True,False,False,False,True,Aprobado,Aprobado
27.0,71.0,2,1,True,6.0,75.0,1,Yes,2.0,1,2,4.0,False,69,True,False,False,True,False,True,False,False,False,True,False,True,False,Aprobado,Aprobado
16.0,71.0,1,2,True,6.0,52.0,0,Yes,0.0,2,2,1.0,False,62,False,True,False,True,False,True,False,True,False,False,False,True,False,Reprobado,Reprobado
23.0,72.0,0,1,True,7.0,84.0,2,Yes,0.0,1,1,4.0,False,66,False,True,False,True,False,True,False,False,False,True,False,False,True,Aprobado,Aprobado
7.0,84.0,1,2,True,7.0,100.0,0,Yes,3.0,0,1,4.0,True,64,True,False,False,True,False,True,False,False,True,False,True,False,False,Reprobado,Aprobado
16.0,78.0,0,2,False,9.0,90.0,1,Yes,3.0,0,1,3.0,False,66,False,True,False,True,False,False,True,False,True,False,True,False,False,Aprobado,Aprobado
20.0,89.0,2,1,True,9.0,82.0,1,Yes,2.0,2,2,3.0,False,72,False,True,True,False,True,False,False,False,False,True,False,True,False,Aprobado,Aprobado
15.0,96.0,2,2,True,8.0,73.0,1,Yes,3.0,1,1,3.0,False,71,True,False,True,False,True,False,False,False,False,True,True,False,False,Aprobado,Aprobado
14.0,87.0,1,2,True,7.0,61.0,1,Yes,0.0,0,1,3.0,False,65,False,True,False,True,False,True,False,True,False,False,False,True,False,Aprobado,Reprobado
16.0,68.0,1,1,True,7.0,85.0,1,Yes,1.0,1,1,2.0,False,65,False,True,True,False,True,False,False,False,False,True,False,False,True,Aprobado,Aprobado
22.0,97.0,1,2,True,8.0,59.0,1,Yes,1.0,0,1,3.0,False,70,False,True,False,True,False,True,False,False,False,True,True,False,False,Aprobado,Reprobado
19.0,71.0,1,2,True,9.0,94.0,2,Yes,1.0,2,1,4.0,False,68,True,False,False,True,False,True,False,False,False,True,False,False,True,Aprobado,Aprobado
7.0,66.0,2,0,True,8.0,68.0,2,Yes,0.0,0,1,2.0,True,57,False,True,False,True,True,False,False,False,True,False,True,False,False,Reprobado,Aprobado
7.0,64.0,1,2,False,9.0,70.0,2,Yes,4.0,0,0,4.0,True,59,False,True,False,True,False,True,False,True,False,False,False,True,False,Reprobado,Aprobado
16.0,83.0,0,0,True,6.0,61.0,1,Yes,0.0,1,2,4.0,False,64,False,True,False,True,True,False,False,False,False,True,False,True,False,Reprobado,Reprobado
23.0,65.0,2,1,True,9.0,74.0,1,Yes,2.0,1,2,3.0,False,67,True,False,False,True,True,False,False,False,True,False,False,True,False,Aprobado,Aprobado
4.0,66.0,0,2,False,8.0,84.0,0,Yes,2.0,0,2,3.0,False,60,False,True,True,False,False,False,True,False,False,True,False,True,False,Reprobado,Aprobado
17.0,72.0,2,2,True,6.0,65.0,0,Yes,3.0,0,2,2.0,False,67,False,True,False,True,False,False,True,True,False,False,False,False,True,Aprobado,Aprobado
17.0,71.0,1,2,True,7.0,85.0,0,Yes,2.0,0,0,2.0,False,65,True,False,True,False,True,False,False,False,False,True,True,False,False,Aprobado,Aprobado
28.0,84.0,1,1,True,7.0,81.0,1,Yes,1.0,1,2,3.0,False,71,False,True,False,True,True,False,False,False,False,True,True,False,False,Aprobado,Aprobado
18.0,93.0,0,1,True,7.0,69.0,1,Yes,0.0,0,1,2.0,False,67,False,True,False,True,True,False,False,False,False,True,False,True,False,Aprobado,Aprobado
22.0,90.0,1,1,True,7.0,66.0,0,Yes,0.0,0,1,1.0,False,69,False,True,False,True,False,False,True,False,False,True,False,False,True,Aprobado,Aprobado
21.0,70.0,2,1,True,5.0,93.0,2,Yes,1.0,0,1,3.0,False,68,False,True,False,True,True,False,False,False,False,True,False,True,False,Aprobado,Aprobado
7.0,70.0,1,1,True,6.0,51.0,1,Yes,0.0,2,1,1.0,False,59,True,False,True,False,False,True,False,False,True,False,False,True,False,Reprobado,Reprobado
25.0,99.0,2,2,False,7.0,86.0,0,No,3.0,1,1,3.0,False,75,False,True,True,False,True,False,False,False,False,True,False,False,True,Aprobado,Aprobado
21.0,60.0,1,1,True,6.0,71.0,0,Yes,0.0,1,0,4.0,True,59,False,True,False,True,False,True,False,True,False,False,True,False,False,Reprobado,Aprobado
23.0,95.0,2,1,False,6.0,86.0,0,Yes,0.0,1,2,3.0,False,71,False,True,True,False,False,True,False,False,True,False,False,True,False,Aprobado,Aprobado
44.0,68.0,2,0,False,9.0,75.0,0,Yes,3.0,1,2,2.0,False,71,True,False,True,False,False,True,False,False,True,False,True,False,False,Aprobado,Aprobado
7.0,98.0,1,1,False,7.0,54.0,2,Yes,0.0,1,2,2.0,False,66,True,False,True,False,False,True,False,False,False,True,False,True,False,Aprobado,Reprobado
30.0,74.0,1,0,False,10.0,99.0,1,Yes,1.0,2,1,2.0,False,69,True,False,False,True,False,True,False,False,True,False,False,False,True,Aprobado,Aprobado
18.0,78.0,2,1,True,7.0,54.0,0,No,4.0,0,2,4.0,True,65,False,True,True,False,True,False,False,False,True,False,False,True,False,Aprobado,Reprobado
22.0,88.0,1,1,True,9.0,58.0,0,Yes,3.0,0,1,2.0,False,68,True,False,False,True,True,False,False,False,True,False,True,False,False,Aprobado,Reprobado
20.0,84.0,2,0,False,7.0,71.0,1,Yes,5.0,0,2,2.0,False,68,True,False,True,False,False,True,False,True,False,False,False,False,True,Aprobado,Aprobado
17.0,73.0,1,1,True,6.0,97.0,2,Yes,1.0,1,2,3.0,False,67,False,True,False,True,False,True,False,False,False,True,False,False,True,Aprobado,Aprobado
17.0,82.0,2,1,True,7.0,65.0,1,Yes,1.0,1,1,5.0,False,68,False,True,False,True,False,True,False,False,False,True,False,False,True,Aprobado,Aprobado
22.0,89.0,0,1,True,9.0,78.0,1,Yes,0.0,1,1,3.0,False,68,False,True,False,True,False,True,False,False,True,False,False,False,True,Aprobado,Aprobado
11.0,62.0,2,1,True,7.0,76.0,2,Yes,3.0,2,1,3.0,True,88,True,False,False,True,False,True,False,False,True,False,False,True,False,Aprobado,Aprobado
25.0,60.0,1,2,True,8.0,67.0,1,Yes,1.0,1,2,2.0,False,66,False,True,True,False,True,False,False,False,False,True,False,True,False,Aprobado,Aprobado
18.0,78.0,2,0,True,7.0,85.0,2,Yes,3.0,0,0,2.0,False,67,False,True,False,True,True,False,False,False,False,True,True,False,False,Aprobado,Aprobado
13.0,65.0,1,2,False,7.0,75.0,0,Yes,2.0,1,2,4.0,False,63,True,False,False,True,False,True,False,False,True,False,False,True,False,Reprobado,Aprobado
17.0,87.0,1,2,True,7.0,79.0,1,Yes,3.0,0,1,4.0,True,68,False,True,True,False,False,True,False,False,False,True,False,True,False,Aprobado,Aprobado
28.0,69.0,2,0,False,6.0,61.0,0,Yes,2.0,1,2,1.0,True,65,False,True,False,True,False,True,False,False,False,True,False,False,True,Aprobado,Reprobado
17.0,77.0,2,1,True,7.0,96.0,1,Yes,1.0,0,0,3.0,False,67,True,False,False,True,True,False,False,False,False,True,False,False,True,Aprobado,Aprobado
22.0,68.0,2,2,True,8.0,56.0,1,No,3.0,1,1,1.0,False,67,True,False,False,True,False,False,True,False,False,True,False,False,True,Aprobado,Reprobado
16.0,82.0,1,1,True,7.0,85.0,1,Yes,1.0,2,1,4.0,False,67,False,True,False,True,False,True,False,False,False,True,False,True,False,Aprobado,Aprobado
25.0,65.0,1,0,False,7.0,94.0,0,Yes,1.0,0,2,3.0,False,64,False,True,False,True,False,True,False,True,False,False,False,False,True,Reprobado,Aprobado
24.0,61.0,1,1,False,8.0,54.0,1,Yes,1.0,0,1,2.0,True,61,False,True,False,True,False,True,False,False,True,False,False,True,False,Reprobado,Reprobado
31.0,62.0,1,1,True,7.0,51.0,1,Yes,2.0,1,1,1.0,False,65,False,True,True,False,True,False,False,True,False,False,False,True,False,Aprobado,Reprobado
19.0,98.0,0,2,True,7.0,67.0,2,Yes,1.0,1,1,4.0,False,70,True,False,True,False,False,True,False,False,True,False,True,False,False,Aprobado,Aprobado
24.0,66.0,1,2,False,8.0,89.0,1,Yes,0.0,1,2,2.0,False,67,False,True,False,True,True,False,False,False,False,True,False,False,True,Aprobado,Aprobado
21.0,88.0,2,0,False,7.0,86.0,1,Yes,1.0,0,1,2.0,False,68,True,False,False,True,False,True,False,False,True,False,False,False,True,Aprobado,Aprobado
28.0,63.0,1,1,True,7.0,91.0,1,Yes,1.0,0,1,1.0,False,65,True,False,False,True,False,True,False,True,False,False,False,False,True,Aprobado,Aprobado
16.0,64.0,2,1,True,8.0,70.0,0,Yes,3.0,2,2,3.0,False,63,True,False,True,False,False,True,False,True,False,False,True,False,False,Reprobado,Aprobado
24.0,80.0,1,2,False,7.0,100.0,1,Yes,1.0,2,2,3.0,False,72,False,True,False,True,False,False,True,False,True,False,False,True,False,Aprobado,Aprobado
19.0,79.0,2,1,True,7.0,68.0,1,Yes,2.0,2,2,1.0,False,68,False,True,True,False,True,False,False,False,False,True,True,False,False,Aprobado,Aprobado
20.0,98.0,1,2,True,7.0,90.0,1,Yes,2.0,1,1,4.0,False,73,False,True,False,True,False,True,False,False,False,True,False,False,True,Aprobado,Aprobado
21.0,98.0,2,1,True,7.0,68.0,2,Yes,0.0,1,1,3.0,True,71,False,True,True,False,True,False,False,False,False,True,False,False,True,Aprobado,Aprobado
22.0,91.0,1,2,False,5.0,61.0,1,Yes,3.0,0,2,2.0,False,70,False,True,False,True,False,False,True,True,False,False,False,True,False,Aprobado,Reprobado
19.0,84.0,2,1,True,7.0,67.0,0,Yes,0.0,1,0,3.0,False,68,False,True,True,False,False,False,True,False,False,True,False,False,True,Aprobado,Aprobado
21.0,78.0,1,2,False,10.0,60.0,1,Yes,3.0,2,1,5.0,False,68,False,True,False,True,False,True,False,False,True,False,True,False,False,Aprobado,Reprobado
29.0,74.0,1,1,False,6.0,56.0,0,Yes,2.0,0,2,3.0,False,68,False,True,True,False,False,False,True,False,False,True,False,True,False,Aprobado,Reprobado
26.0,98.0,0,2,True,6.0,68.0,1,Yes,1.0,0,1,1.0,False,71,True,False,False,True,False,False,True,False,True,False,False,True,False,Aprobado,Aprobado
25.0,84.0,1,1,True,10.0,57.0,0,Yes,4.0,1,1,2.0,False,70,False,True,False,True,True,False,False,False,False,True,False,False,True,Aprobado,Reprobado
17.0,83.0,2,1,False,6.0,75.0,1,Yes,2.0,1,1,3.0,True,67,False,True,False,True,False,True,False,False,False,True,False,False,True,Aprobado,Aprobado
15.0,69.0,0,1,True,9.0,52.0,1,Yes,0.0,2,1,3.0,False,61,False,True,True,False,True,False,False,False,False,True,False,True,False,Reprobado,Reprobado
26.0,62.0,2,0,True,7.0,72.0,0,Yes,1.0,1,1,3.0,False,64,False,True,True,False,True,False,False,False,True,False,False,True,False,Reprobado,Aprobado
25.0,98.0,0,1,False,7.0,98.0,1,Yes,1.0,1,1,4.0,False,72,False,True,False,True,False,False,True,False,False,True,True,False,False,Aprobado,Aprobado
29.0,73.0,2,1,False,7.0,68.0,0,Yes,1.0,0,2,4.0,True,67,True,False,False,True,False,True,False,False,True,False,False,False,True,Aprobado,Aprobado
16.0,78.0,2,0,True,8.0,57.0,2,Yes,1.0,1,1,3.0,False,65,False,True,False,True,True,False,False,False,False,True,True,False,False,Aprobado,Reprobado
19.0,65.0,1,0,True,5.0,65.0,2,Yes,1.0,2,1,6.0,False,64,False,True,True,False,True,False,False,False,True,False,False,False,True,Reprobado,Aprobado
10.0,93.0,0,1,True,7.0,90.0,1,Yes,0.0,0,1,2.0,False,66,True,False,True,False,False,True,False,False,False,True,False,False,True,Aprobado,Aprobado
18.0,61.0,1,1,False,6.0,66.0,1,Yes,1.0,1,2,2.0,False,62,False,True,True,False,False,True,False,False,True,False,False,False,True,Reprobado,Aprobado
26.0,93.0,0,1,False,4.0,69.0,1,Yes,2.0,0,1,3.0,False,70,False,True,False,True,False,True,False,False,False,True,False,True,False,Aprobado,Aprobado
17.0,66.0,1,1,True,9.0,89.0,1,No,1.0,1,2,4.0,False,64,False,True,True,False,False,True,False,False,True,False,False,False,True,Reprobado,Aprobado
24.0,95.0,1,0,False,4.0,63.0,0,Yes,3.0,0,1,3.0,False,70,False,True,True,False,False,True,False,False,False,True,False,False,True,Aprobado,Reprobado
19.0,89.0,1,0,False,10.0,74.0,1,Yes,1.0,0,1,2.0,False,66,False,True,True,False,False,True,False,False,True,False,False,False,True,Aprobado,Aprobado
22.0,67.0,0,2,True,8.0,53.0,1,Yes,0.0,1,2,3.0,False,62,False,True,False,True,False,True,False,True,False,False,True,False,False,Reprobado,Reprobado
13.0,83.0,0,0,False,5.0,59.0,2,Yes,4.0,0,1,2.0,False,63,True,False,True,False,False,True,False,False,False,True,False,True,False,Reprobado,Reprobado
21.0,73.0,0,1,True,9.0,60.0,2,Yes,2.0,1,1,3.0,False,66,False,True,False,True,True,False,False,False,False,True,False,False,True,Aprobado,Reprobado
2.0,67.0,1,1,False,6.0,73.0,0,Yes,1.0,0,1,2.0,False,58,True,False,False,True,True,False,False,False,True,False,False,False,True,Reprobado,Aprobado
19.0,94.0,1,2,True,6.0,91.0,1,Yes,1.0,0,1,3.0,False,70,False,True,False,True,False,True,False,False,True,False,True,False,False,Aprobado,Aprobado
10.0,76.0,1,0,False,4.0,68.0,1,Yes,1.0,2,0,6.0,False,63,True,False,False,True,True,False,False,False,False,True,False,True,False,Reprobado,Aprobado
27.0,76.0,1,2,True,6.0,69.0,2,Yes,0.0,1,2,1.0,False,70,False,True,False,True,False,True,False,False,False,True,False,True,False,Aprobado,Aprobado
25.0,67.0,2,1,True,6.0,65.0,1,Yes,1.0,0,1,3.0,False,65,False,True,False,True,False,True,False,False,False,True,True,False,False,Aprobado,Aprobado
23.0,75.0,1,0,True,8.0,66.0,1,Yes,5.0,1,0,3.0,False,67,False,True,False,True,False,True,False,False,False,True,False,True,False,Aprobado,Aprobado
29.0,95.0,2,1,False,9.0,70.0,1,No,1.0,0,1,2.0,False,73,True,False,True,False,False,False,True,False,False,True,False,False,True,Aprobado,Aprobado
14.0,75.0,1,1,True,5.0,95.0,1,Yes,0.0,1,1,3.0,False,82,False,True,False,True,True,False,False,False,True,False,False,False,True,Aprobado,Aprobado
30.0,98.0,0,1,False,7.0,51.0,2,Yes,0.0,0,1,2.0,False,71,False,True,False,True,False,True,False,False,False,True,False,False,True,Aprobado,Reprobado
26.0,98.0,1,1,True,4.0,81.0,0,Yes,1.0,0,1,4.0,False,73,False,True,False,True,False,False,True,False,False,True,False,False,True,Aprobado,Aprobado
19.0,66.0,1,2,False,7.0,94.0,0,Yes,1.0,2,1,4.0,False,65,False,True,True,False,False,True,False,False,True,False,False,False,True,Aprobado,Aprobado
27.0,67.0,2,1,True,10.0,71.0,1,Yes,1.0,0,2,3.0,False,67,False,True,True,False,False,True,False,False,False,True,False,True,False,Aprobado,Aprobado
13.0,95.0,1,1,True,4.0,83.0,0,No,1.0,0,2,4.0,False,67,False,True,False,True,True,False,False,False,True,False,False,True,False,Aprobado,Aprobado
15.0,76.0,2,2,True,5.0,79.0,1,Yes,4.0,1,1,4.0,False,69,False,True,True,False,False,False,True,False,True,False,False,True,False,Aprobado,Aprobado
16.0,60.0,1,2,True,8.0,67.0,0,Yes,0.0,0,1,3.0,False,61,False,True,False,True,False,True,False,False,False,True,False,True,False,Reprobado,Aprobado
17.0,71.0,1,0,False,8.0,57.0,1,Yes,3.0,1,2,4.0,False,64,True,False,True,False,False,True,False,False,False,True,False,False,True,Reprobado,Reprobado
14.0,84.0,0,2,False,6.0,61.0,0,Yes,1.0,2,1,2.0,False,64,False,True,False,True,True,False,False,True,False,False,False,False,True,Reprobado,Reprobado
27.0,92.0,0,1,True,9.0,53.0,0,Yes,2.0,0,1,2.0,False,68,False,True,False,True,True,False,False,True,False,False,True,False,False,Aprobado,Reprobado
18.0,65.0,1,0,False,6.0,88.0,1,Yes,1.0,1,1,1.0,True,62,True,False,False,True,True,False,False,False,False,True,False,False,True,Reprobado,Aprobado
22.0,64.0,1,1,True,10.0,77.0,2,Yes,5.0,1,1,3.0,True,66,False,True,False,True,False,True,False,False,False,True,False,True,False,Aprobado,Aprobado
17.0,97.0,2,0,True,8.0,89.0,1,Yes,1.0,0,1,4.0,False,70,False,True,False,True,True,False,False,False,False,True,False,True,False,Aprobado,Aprobado
9.0,90.0,2,1,True,9.0,65.0,0,Yes,3.0,1,1,3.0,False,67,False,True,True,False,False,True,False,False,False,True,False,False,True,Aprobado,Aprobado
22.0,84.0,1,1,True,8.0,90.0,1,Yes,2.0,1,1,2.0,False,70,False,True,True,False,True,False,False,False,False,True,False,False,True,Aprobado,Aprobado
9.0,91.0,1,1,False,8.0,65.0,2,Yes,0.0,1,1,4.0,False,65,False,True,False,True,False,True,False,False,True,False,False,False,True,Aprobado,Aprobado
20.0,77.0,0,1,False,8.0,56.0,1,Yes,1.0,1,2,4.0,False,65,False,True,False,True,True,False,False,False,True,False,False,False,True,Aprobado,Reprobado
12.0,90.0,1,2,True,9.0,77.0,1,Yes,3.0,1,1,3.0,False,70,False,True,False,True,False,False,True,False,False,True,False,False,True,Aprobado,Aprobado
32.0,75.0,2,1,True,7.0,97.0,2,Yes,1.0,1,1,3.0,False,72,True,False,False,True,True,False,False,False,True,False,False,True,False,Aprobado,Aprobado
25.0,70.0,1,1,False,6.0,71.0,0,Yes,0.0,0,1,2.0,False,65,False,True,True,False,True,False,False,False,False,True,False,True,False,Aprobado,Aprobado
21.0,89.0,2,2,True,7.0,76.0,1,Yes,1.0,1,1,2.0,False,71,False,True,False,True,False,True,False,False,False,True,False,False,True,Aprobado,Aprobado
28.0,77.0,2,2,True,6.0,73.0,0,Yes,3.0,1,2,3.0,False,71,True,False,True,False,True,False,False,False,False,True,True,False,False,Aprobado,Aprobado
15.0,99.0,1,2,True,6.0,73.0,2,Yes,1.0,2,2,5.0,False,72,False,True,False,True,False,False,True,False,False,True,True,False,False,Aprobado,Aprobado
23.0,74.0,0,0,False,9.0,61.0,0,Yes,0.0,1,0,4.0,False,64,False,True,False,True,False,False,True,False,False,True,False,False,True,Reprobado,Reprobado
21.0,97.0,1,1,False,8.0,71.0,2,Yes,2.0,2,2,1.0,False,72,False,True,False,True,True,False,False,False,True,False,False,True,False,Aprobado,Aprobado
22.0,97.0,0,1,False,8.0,75.0,1,Yes,1.0,1,1,4.0,False,71,True,False,False,True,False,False,True,False,False,True,False,False,True,Aprobado,Aprobado
28.0,70.0,1,1,True,9.0,87.0,0,Yes,0.0,0,1,3.0,False,66,False,True,False,True,False,True,False,False,True,False,False,True,False,Aprobado,Aprobado
24.0,92.0,2,0,False,8.0,57.0,1,Yes,3.0,1,1,3.0,False,71,True,False,True,False,True,False,False,False,False,True,False,False,True,Aprobado,Reprobado
22.0,77.0,1,1,True,10.0,79.0,2,Yes,2.0,1,0,2.0,False,67,False,True,False,True,False,True,False,False,False,True,False,True,False,Aprobado,Aprobado
10.0,97.0,2,2,False,4.0,83.0,0,Yes,1.0,0,2,2.0,False,69,False,True,False,True,False,False,True,False,False,True,False,True,False,Aprobado,Aprobado
14.0,78.0,2,1,True,6.0,69.0,2,Yes,0.0,1,1,5.0,False,67,False,True,True,False,True,False,False,False,True,False,False,False,True,Aprobado,Aprobado
19.0,90.0,2,1,True,6.0,77.0,1,Yes,0.0,2,1,4.0,False,71,False,True,False,True,False,False,True,False,False,True,False,True,False,Aprobado,Aprobado
21.0,79.0,1,0,False,5.0,86.0,0,Yes,1.0,2,1,2.0,False,66,True,False,True,False,False,True,False,False,True,False,False,False,True,Aprobado,Aprobado
13.0,69.0,2,2,False,7.0,73.0,0,Yes,1.0,1,0,2.0,False,62,True,False,False,True,False,True,False,True,False,False,False,False,True,Reprobado,Aprobado
34.0,68.0,1,1,False,7.0,67.0,2,Yes,0.0,1,1,2.0,False,67,True,False,False,True,False,True,False,False,True,False,False,True,False,Aprobado,Aprobado
29.0,77.0,1,0,True,10.0,91.0,2,Yes,2.0,0,1,4.0,False,70,False,True,True,False,False,False,True,False,False,True,True,False,False,Aprobado,Aprobado
24.0,90.0,2,2,False,8.0,99.0,2,Yes,0.0,0,1,3.0,False,72,False,True,True,False,True,False,False,False,True,False,False,True,False,Aprobado,Aprobado
20.0,84.0,2,2,False,6.0,61.0,1,Yes,3.0,1,1,2.0,False,69,True,False,False,True,False,True,False,False,False,True,False,True,False,Aprobado,Reprobado
19.0,88.0,1,2,False,8.0,94.0,2,Yes,1.0,1,1,3.0,False,70,False,True,False,True,False,True,False,False,True,False,False,True,False,Aprobado,Aprobado
14.0,71.0,2,2,False,4.0,77.0,1,Yes,0.0,1,1,3.0,False,64,False,True,True,False,False,True,False,False,False,True,True,False,False,Reprobado,Aprobado
20.0,79.0,1,1,True,7.0,72.0,0,No,1.0,1,1,3.0,False,65,False,True,False,True,False,True,False,False,False,True,True,False,False,Aprobado,Aprobado
22.0,62.0,1,2,True,7.0,95.0,1,Yes,2.0,1,1,2.0,False,66,False,True,False,True,False,True,False,False,False,True,True,False,False,Aprobado,Aprobado
13.0,93.0,0,1,False,6.0,96.0,2,Yes,2.0,2,1,3.0,False,68,True,False,True,False,False,True,False,False,False,True,True,False,False,Aprobado,Aprobado
22.0,100.0,1,1,True,7.0,64.0,1,Yes,2.0,0,1,3.0,False,72,True,False,True,False,True,False,False,False,False,True,False,False,True,Aprobado,Reprobado
19.0,76.0,1,0,True,6.0,68.0,1,Yes,2.0,2,1,3.0,False,65,False,True,True,False,False,True,False,False,True,False,False,False,True,Aprobado,Aprobado
9.0,60.0,1,0,True,6.0,93.0,1,Yes,3.0,0,2,2.0,False,60,True,False,True,False,False,True,False,False,True,False,False,True,False,Reprobado,Aprobado
15.0,67.0,1,1,False,8.0,75.0,1,Yes,0.0,2,2,4.0,False,63,False,True,True,False,False,False,True,False,False,True,True,False,False,Reprobado,Aprobado
18.0,86.0,0,0,True,9.0,64.0,0,Yes,3.0,0,2,3.0,False,66,False,True,True,False,False,True,False,False,False,True,False,False,True,Aprobado,Reprobado
31.0,84.0,0,1,True,8.0,98.0,0,Yes,1.0,1,1,4.0,False,73,False,True,True,False,False,False,True,False,False,True,False,False,True,Aprobado,Aprobado
23.0,92.0,1,1,True,6.0,61.0,0,Yes,4.0,0,1,4.0,False,71,False,True,False,True,True,False,False,False,False,True,False,False,True,Aprobado,Reprobado
12.0,70.0,1,1,True,6.0,81.0,0,Yes,1.0,0,1,2.0,True,59,False,True,False,True,False,True,False,True,False,False,True,False,False,Reprobado,Aprobado
23.0,91.0,1,0,True,6.0,71.0,1,Yes,5.0,0,2,3.0,False,70,False,True,True,False,False,True,False,False,True,False,False,True,False,Aprobado,Aprobado
11.0,88.0,1,0,True,7.0,73.0,0,Yes,1.0,1,0,3.0,True,63,True,False,True,False,True,False,False,False,False,True,False,True,False,Reprobado,Aprobado
26.0,73.0,1,1,False,6.0,55.0,1,Yes,1.0,1,0,4.0,False,67,False,True,False,True,False,False,True,False,False,True,False,False,True,Aprobado,Reprobado
17.0,82.0,0,1,True,9.0,63.0,1,Yes,2.0,0,1,2.0,False,65,True,False,False,True,True,False,False,False,True,False,False,True,False,Aprobado,Reprobado
19.0,66.0,1,0,False,7.0,58.0,1,Yes,5.0,1,0,4.0,False,64,False,True,True,False,True,False,False,False,True,False,False,False,True,Reprobado,Reprobado
28.0,78.0,2,1,False,8.0,87.0,0,Yes,2.0,0,1,2.0,False,71,False,True,False,True,False,False,True,False,False,True,False,False,True,Aprobado,Aprobado
12.0,95.0,1,2,True,5.0,85.0,1,Yes,2.0,2,1,2.0,False,70,False,True,False,True,True,False,False,False,False,True,True,False,False,Aprobado,Aprobado
12.0,77.0,1,0,True,6.0,90.0,1,Yes,2.0,1,0,2.0,False,63,False,True,True,False,False,True,False,False,False,True,False,True,False,Reprobado,Aprobado
16.0,94.0,0,1,False,8.0,85.0,1,Yes,3.0,0,2,2.0,False,68,False,True,True,False,False,True,False,False,False,True,False,True,False,Aprobado,Aprobado
26.0,84.0,1,1,True,8.0,56.0,1,No,1.0,1,1,2.0,False,67,False,True,True,False,True,False,False,False,False,True,True,False,False,Aprobado,Reprobado
11.0,68.0,1,2,True,5.0,99.0,1,Yes,1.0,2,1,4.0,False,66,False,True,True,False,False,False,True,False,False,True,False,True,False,Aprobado,Aprobado
3.0,83.0,2,0,True,7.0,59.0,0,Yes,2.0,1,2,5.0,False,63,False,True,False,True,False,True,False,False,True,False,False,False,True,Reprobado,Reprobado
17.0,80.0,1,1,True,7.0,68.0,1,Yes,0.0,1,1,5.0,True,65,True,False,True,False,True,False,False,False,False,True,True,False,False,Aprobado,Aprobado
23.0,76.0,1,2,True,6.0,85.0,0,Yes,2.0,0,1,3.0,True,66,False,True,False,True,False,True,False,True,False,False,False,False,True,Aprobado,Aprobado
27.0,65.0,1,1,True,8.0,57.0,1,Yes,2.0,0,0,4.0,False,65,False,True,True,False,False,False,True,False,False,True,True,False,False,Aprobado,Reprobado
17.0,77.0,0,1,True,5.0,59.0,1,Yes,2.0,1,2,4.0,False,65,True,False,False,True,False,True,False,False,False,True,False,True,False,Aprobado,Reprobado
18.0,63.0,2,0,False,6.0,94.0,1,Yes,2.0,1,2,2.0,True,63,False,True,False,True,False,True,False,False,False,True,False,True,False,Reprobado,Aprobado
27.0,64.0,1,2,False,8.0,67.0,1,Yes,0.0,0,1,3.0,False,65,False,True,False,True,False,True,False,False,False,True,False,False,True,Aprobado,Aprobado
9.0,77.0,0,2,True,7.0,83.0,1,Yes,1.0,0,2,4.0,True,62,True,False,False,True,False,True,False,True,False,False,False,True,False,Reprobado,Aprobado
18.0,72.0,1,1,True,7.0,93.0,1,Yes,1.0,1,1,3.0,False,66,False,True,True,False,True,False,False,False,False,True,False,False,True,Aprobado,Aprobado
21.0,97.0,1,0,False,7.0,99.0,1,Yes,1.0,2,1,3.0,False,71,False,True,True,False,False,False,True,False,False,True,True,False,False,Aprobado,Aprobado
23.0,75.0,0,0,True,8.0,61.0,2,Yes,2.0,0,1,2.0,False,64,False,True,True,False,False,True,False,True,False,False,False,False,True,Reprobado,Reprobado
17.0,90.0,1,1,True,8.0,56.0,0,Yes,0.0,1,1,4.0,False,67,True,False,True,False,True,False,False,False,False,True,False,True,False,Aprobado,Reprobado
20.0,81.0,1,1,False,8.0,87.0,1,Yes,1.0,2,1,3.0,False,68,True,False,False,True,False,True,False,False,False,True,False,True,False,Aprobado,Aprobado
5.0,88.0,1,1,False,7.0,59.0,1,Yes,3.0,0,1,3.0,False,63,False,True,True,False,True,False,False,False,False,True,True,False,False,Reprobado,Reprobado
16.0,70.0,0,1,True,6.0,79.0,2,Yes,0.0,2,2,3.0,False,64,False,True,True,False,True,False,False,False,False,True,True,False,False,Reprobado,Aprobado
23.0,98.0,2,2,True,6.0,77.0,1,Yes,1.0,0,2,1.0,False,74,False,True,True,False,False,False,True,False,False,True,False,True,False,Aprobado,Aprobado
14.0,81.0,0,1,True,5.0,78.0,1,Yes,2.0,2,2,4.0,False,68,False,True,False,True,False,False,True,False,False,True,False,False,True,Aprobado,Aprobado
20.0,93.0,1,1,True,6.0,82.0,0,No,1.0,1,2,3.0,True,68,False,True,True,False,False,True,False,False,True,False,False,False,True,Aprobado,Aprobado
23.0,75.0,2,2,True,6.0,93.0,1,No,2.0,1,0,3.0,False,69,False,True,True,False,False,False,True,False,True,False,False,True,False,Aprobado,Aprobado
18.0,64.0,0,1,True,9.0,64.0,1,Yes,4.0,0,1,4.0,True,61,False,True,False,True,False,True,False,False,False,True,True,False,False,Reprobado,Reprobado
21.0,87.0,0,2,True,5.0,78.0,2,Yes,1.0,0,1,2.0,False,69,True,False,True,False,False,True,False,False,False,True,False,False,True,Aprobado,Aprobado
14.0,60.0,0,0,True,9.0,67.0,0,Yes,3.0,2,2,3.0,False,61,False,True,True,False,False,True,False,False,False,True,False,False,True,Reprobado,Aprobado
19.0,79.0,1,2,True,7.0,66.0,0,Yes,3.0,2,1,3.0,True,67,False,True,False,True,False,True,False,False,False,True,False,False,True,Aprobado,Aprobado
24.0,68.0,0,2,False,7.0,51.0,1,Yes,0.0,0,0,4.0,False,63,True,False,True,False,False,True,False,False,False,True,False,True,False,Reprobado,Reprobado
21.0,85.0,1,1,False,8.0,80.0,1,Yes,3.0,0,2,3.0,True,68,False,True,True,False,True,False,False,False,True,False,False,False,True,Aprobado,Aprobado
16.0,99.0,1,1,False,5.0,99.0,0,No,0.0,0,1,5.0,False,68,True,False,True,False,True,False,False,False,True,False,False,True,False,Aprobado,Aprobado
21.0,79.0,1,0,True,6.0,88.0,0,Yes,2.0,2,1,1.0,False,67,False,True,False,True,False,True,False,False,False,True,False,True,False,Aprobado,Aprobado
24.0,93.0,0,1,True,5.0,62.0,2,Yes,1.0,2,1,3.0,False,69,True,False,True,False,True,False,False,False,True,False,True,False,False,Aprobado,Reprobado
8.0,80.0,2,1,False,6.0,86.0,1,Yes,2.0,0,1,3.0,False,64,False,True,False,True,False,True,False,False,False,True,False,True,False,Reprobado,Aprobado
27.0,80.0,0,0,False,6.0,65.0,0,Yes,1.0,0,1,4.0,False,67,False,True,False,True,False,False,True,False,False,True,False,False,True,Aprobado,Aprobado
18.0,97.0,1,2,False,9.0,88.0,0,Yes,1.0,2,1,3.0,True,70,False,True,True,False,False,True,False,False,False,True,False,True,False,Aprobado,Aprobado
23.0,96.0,0,2,True,6.0,93.0,0,Yes,5.0,0,1,4.0,False,72,False,True,True,False,False,True,False,False,False,True,True,False,False,Aprobado,Aprobado
27.0,91.0,0,2,False,4.0,67.0,1,Yes,1.0,2,2,2.0,False,71,True,False,True,False,False,True,False,False,True,False,False,True,False,Aprobado,Aprobado
12.0,72.0,1,1,False,6.0,50.0,2,Yes,1.0,0,1,3.0,False,62,False,True,False,True,True,False,False,False,False,True,False,False,True,Reprobado,Reprobado
16.0,82.0,1,1,True,8.0,65.0,2,Yes,2.0,0,1,5.0,True,67,True,False,False,True,False,False,True,False,False,True,False,False,True,Aprobado,Aprobado
18.0,69.0,1,2,True,9.0,60.0,1,Yes,3.0,0,1,2.0,False,64,False,True,True,False,True,False,False,True,False,False,True,False,False,Reprobado,Reprobado
15.0,78.0,1,1,True,7.0,81.0,1,Yes,0.0,1,0,2.0,False,64,False,True,False,True,False,True,False,False,False,True,False,True,False,Reprobado,Aprobado
30.0,79.0,2,1,False,6.0,65.0,1,Yes,1.0,0,1,4.0,False,70,False,True,True,False,False,False,True,False,False,True,True,False,False,Aprobado,Aprobado
15.0,93.0,1,1,True,7.0,52.0,1,Yes,3.0,0,1,5.0,False,68,False,True,True,False,True,False,False,False,False,True,True,False,False,Aprobado,Reprobado
17.0,96.0,1,1,False,8.0,77.0,1,Yes,1.0,1,1,3.0,False,70,False,True,True,False,False,False,True,False,False,True,False,True,False,Aprobado,Aprobado
21.0,77.0,1,0,True,5.0,94.0,0,Yes,1.0,1,2,3.0,False,65,False,True,False,True,False,True,False,True,False,False,True,False,False,Aprobado,Aprobado
13.0,61.0,0,0,False,7.0,73.0,0,Yes,2.0,2,1,2.0,False,59,False,True,True,False,False,True,False,False,False,True,False,False,True,Reprobado,Aprobado
18.0,94.0,1,1,True,7.0,69.0,1,Yes,1.0,1,2,2.0,False,69,False,True,True,False,False,True,False,True,False,False,False,False,True,Aprobado,Aprobado
22.0,67.0,1,1,True,7.0,59.0,2,Yes,2.0,0,2,3.0,False,67,False,True,False,True,False,False,True,False,False,True,False,False,True,Aprobado,Reprobado
18.0,85.0,1,2,False,7.0,69.0,1,Yes,2.0,0,1,4.0,False,68,True,False,False,True,False,True,False,False,False,True,False,False,True,Aprobado,Aprobado
19.0,61.0,1,1,False,6.0,67.0,0,Yes,1.0,1,1,1.0,False,62,False,True,False,True,True,False,False,False,False,True,False,False,True,Reprobado,Aprobado
17.0,76.0,2,1,False,8.0,100.0,0,No,0.0,2,1,4.0,False,65,True,False,False,True,False,True,False,False,True,False,False,True,False,Aprobado,Aprobado
11.0,99.0,2,1,True,7.0,52.0,1,Yes,0.0,2,2,5.0,False,69,True,False,True,False,True,False,False,False,False,True,False,True,False,Aprobado,Reprobado
22.0,64.0,1,1,True,7.0,62.0,1,Yes,3.0,0,1,4.0,False,65,True,False,True,False,False,False,True,False,True,False,False,True,False,Aprobado,Reprobado
31.0,77.0,2,0,True,5.0,53.0,2,Yes,1.0,1,1,2.0,False,68,False,True,True,False,False,True,False,False,False,True,False,True,False,Aprobado,Reprobado
20.0,72.0,2,0,True,8.0,93.0,1,Yes,4.0,0,2,2.0,False,68,False,True,False,True,False,True,False,False,False,True,False,False,True,Aprobado,Aprobado
21.0,96.0,2,1,True,6.0,71.0,2,No,3.0,1,1,3.0,False,71,False,True,True,False,False,True,False,False,False,True,True,False,False,Aprobado,Aprobado
24.0,95.0,1,0,True,9.0,90.0,1,Yes,3.0,0,0,4.0,False,71,False,True,False,True,False,True,False,False,True,False,False,False,True,Aprobado,Aprobado
12.0,70.0,2,1,False,5.0,85.0,2,Yes,1.0,2,1,3.0,False,66,False,True,True,False,False,False,True,False,False,True,False,False,True,Aprobado,Aprobado
30.0,63.0,1,2,True,8.0,96.0,1,Yes,4.0,0,1,3.0,False,71,True,False,True,False,False,False,True,False,False,True,False,False,True,Aprobado,Aprobado
21.0,85.0,1,1,False,4.0,51.0,0,Yes,2.0,0,1,3.0,False,66,False,True,True,False,True,False,False,False,False,True,False,True,False,Aprobado,Reprobado
30.0,73.0,2,0,False,4.0,60.0,1,Yes,0.0,0,0,4.0,False,66,True,False,True,False,False,True,False,False,True,False,False,False,True,Aprobado,Reprobado
16.0,87.0,2,2,True,6.0,85.0,1,Yes,2.0,1,2,1.0,False,69,False,True,True,False,False,True,False,False,False,True,False,True,False,Aprobado,Aprobado
31.0,61.0,1,1,False,4.0,79.0,1,Yes,0.0,0,0,3.0,False,65,False,True,True,False,False,True,False,False,True,False,False,False,True,Aprobado,Aprobado
25.0,65.0,2,0,True,8.0,85.0,1,Yes,2.0,0,1,3.0,False,66,False,True,True,False,False,False,True,False,False,True,True,False,False,Aprobado,Aprobado
23.0,87.0,1,0,False,7.0,79.0,1,Yes,2.0,1,1,2.0,False,67,False,True,False,True,False,True,False,True,False,False,False,True,False,Aprobado,Aprobado
21.0,68.0,1,1,False,9.0,79.0,0,Yes,1.0,2,2,4.0,False,66,True,False,True,False,False,False,True,False,True,False,True,False,False,Aprobado,Aprobado
19.0,94.0,1,1,False,7.0,97.0,1,Yes,0.0,1,1,3.0,False,69,False,True,True,False,False,True,False,False,False,True,False,True,False,Aprobado,Aprobado
27.0,62.0,2,0,False,7.0,96.0,1,Yes,2.0,0,1,4.0,False,66,False,True,False,True,False,True,False,False,False,True,False,True,False,Aprobado,Aprobado
21.0,69.0,2,1,True,7.0,52.0,0,Yes,0.0,0,1,3.0,False,64,False,True,False,True,False,False,True,False,False,True,True,False,False,Reprobado,Reprobado
8.0,100.0,2,2,True,6.0,71.0,1,Yes,0.0,0,2,2.0,False,70,False,True,True,False,False,False,True,False,False,True,False,False,True,Aprobado,Aprobado
13.0,77.0,0,1,True,6.0,76.0,0,No,1.0,1,0,4.0,False,62,True,False,False,True,True,False,False,False,True,False,False,True,False,Reprobado,Aprobado
19.0,88.0,0,1,True,5.0,68.0,2,Yes,1.0,0,0,5.0,False,67,False,True,False,True,False,True,False,False,True,False,False,False,True,Aprobado,Aprobado
22.0,67.0,0,1,False,8.0,52.0,1,Yes,1.0,1,0,2.0,True,60,False,True,True,False,True,False,False,False,True,False,True,False,False,Reprobado,Reprobado
20.0,84.0,0,0,False,7.0,74.0,0,Yes,1.0,2,1,3.0,False,66,False,True,True,False,False,False,True,False,False,True,False,True,False,Aprobado,Aprobado
27.0,89.0,1,1,True,7.0,99.0,1,Yes,0.0,1,2,2.0,False,72,False,True,True,False,False,True,False,False,False,True,False,False,True,Aprobado,Aprobado
8.0,73.0,1,2,True,10.0,54.0,1,Yes,2.0,1,1,3.0,False,63,False,True,False,True,False,True,False,False,False,True,False,False,True,Reprobado,Reprobado
21.0,93.0,0,0,True,6.0,91.0,0,Yes,1.0,2,1,3.0,False,69,False,True,False,True,False,False,True,False,False,True,True,False,False,Aprobado,Aprobado
9.0,84.0,2,2,True,7.0,60.0,2,Yes,1.0,0,1,3.0,False,66,True,False,False,True,True,False,False,False,True,False,False,False,True,Aprobado,Reprobado
25.0,76.0,1,1,True,7.0,79.0,1,Yes,2.0,1,1,2.0,False,69,False,True,False,True,True,False,False,False,False,True,False,False,True,Aprobado,Aprobado
19.0,82.0,2,1,False,9.0,69.0,0,Yes,2.0,1,1,3.0,False,68,True,False,False,True,True,False,False,False,True,False,False,True,False,Aprobado,Aprobado
23.0,83.0,1,0,False,7.0,67.0,1,Yes,3.0,0,0,4.0,False,66,False,True,True,False,False,True,False,False,True,False,True,False,False,Aprobado,Aprobado
15.0,67.0,1,1,True,7.0,94.0,0,Yes,0.0,2,0,2.0,False,63,True,False,False,True,False,False,True,False,True,False,False,False,True,Reprobado,Aprobado
28.0,76.0,1,1,True,10.0,99.0,2,Yes,1.0,1,1,3.0,False,70,False,True,False,True,False,True,False,False,False,True,False,True,False,Aprobado,Aprobado
26.0,74.0,1,1,False,6.0,69.0,1,Yes,2.0,0,2,4.0,False,68,False,True,False,True,False,False,True,False,True,False,False,False,True,Aprobado,Aprobado
24.0,76.0,1,1,True,7.0,82.0,1,Yes,2.0,1,1,4.0,False,68,False,True,False,True,True,False,False,True,False,False,False,False,True,Aprobado,Aprobado
19.0,90.0,1,1,False,8.0,78.0,1,Yes,1.0,0,1,3.0,False,67,True,False,False,True,False,True,False,False,True,False,False,True,False,Aprobado,Aprobado
23.0,79.0,2,2,True,6.0,54.0,0,Yes,1.0,0,1,1.0,False,67,False,True,False,True,False,True,False,False,True,False,False,True,False,Aprobado,Reprobado
16.0,98.0,2,0,True,8.0,52.0,1,Yes,3.0,0,2,3.0,False,69,False,True,True,False,True,False,False,False,True,False,False,True,False,Aprobado,Reprobado
25.0,72.0,1,1,False,6.0,89.0,0,Yes,3.0,0,2,5.0,False,68,False,True,False,True,False,True,False,False,False,True,False,True,False,Aprobado,Aprobado
30.0,77.0,1,0,True,9.0,70.0,1,Yes,0.0,1,2,1.0,False,67,False,True,False,True,False,True,False,False,True,False,False,True,False,Aprobado,Aprobado
26.0,91.0,2,1,True,8.0,65.0,0,Yes,0.0,1,2,2.0,False,70,False,True,False,True,False,True,False,False,True,False,False,True,False,Aprobado,Aprobado
16.0,82.0,2,2,False,7.0,99.0,0,Yes,3.0,1,1,3.0,False,70,False,True,False,True,False,False,True,False,True,False,False,False,True,Aprobado,Aprobado
22.0,82.0,1,0,False,5.0,54.0,1,Yes,2.0,1,1,2.0,False,66,False,True,False,True,True,False,False,False,True,False,False,True,False,Aprobado,Reprobado
12.0,62.0,2,2,True,6.0,63.0,2,Yes,0.0,0,1,2.0,False,61,True,False,False,True,False,True,False,False,False,True,True,False,False,Reprobado,Reprobado
23.0,76.0,0,2,True,7.0,93.0,1,Yes,2.0,0,1,2.0,False,68,False,True,False,True,True,False,False,False,False,True,True,False,False,Aprobado,Aprobado
23.0,71.0,0,1,True,8.0,71.0,0,Yes,1.0,0,0,2.0,False,64,False,True,True,False,False,False,True,False,False,True,False,True,False,Reprobado,Aprobado
9.0,100.0,0,0,False,7.0,79.0,1,Yes,1.0,0,1,2.0,False,66,False,True,False,True,False,False,True,False,False,True,False,False,True,Aprobado,Aprobado
13.0,72.0,0,2,True,8.0,52.0,1,Yes,3.0,2,2,4.0,False,65,True,False,False,True,False,True,False,False,False,True,False,False,True,Aprobado,Reprobado
18.0,95.0,1,2,False,8.0,96.0,1,Yes,3.0,1,0,6.0,False,73,False,True,False,True,False,False,True,False,False,True,True,False,False,Aprobado,Aprobado
18.0,87.0,0,0,False,8.0,57.0,1,No,3.0,2,2,4.0,False,66,False,True,False,True,False,True,False,False,False,True,False,False,True,Aprobado,Reprobado
13.0,74.0,2,2,True,7.0,61.0,1,Yes,2.0,0,1,3.0,False,65,False,True,False,True,False,True,False,False,True,False,False,False,True,Aprobado,Reprobado
22.0,82.0,1,2,True,7.0,58.0,1,Yes,0.0,1,1,4.0,False,68,False,True,False,True,True,False,False,False,False,True,True,False,False,Aprobado,Reprobado
22.0,94.0,1,1,True,7.0,75.0,0,Yes,0.0,0,2,3.0,False,69,False,True,False,True,False,True,False,False,False,True,False,True,False,Aprobado,Aprobado
19.0,95.0,0,2,True,6.0,91.0,2,Yes,1.0,1,2,4.0,False,72,False,True,False,True,True,False,False,False,False,True,False,True,False,Aprobado,Aprobado
15.0,66.0,1,1,False,9.0,63.0,1,Yes,3.0,1,1,3.0,False,63,True,False,False,True,False,True,False,False,False,True,False,True,False,Reprobado,Reprobado
26.0,74.0,0,1,False,8.0,57.0,1,Yes,0.0,1,1,1.0,False,65,True,False,False,True,False,True,False,False,False,True,False,False,True,Aprobado,Reprobado
30.0,73.0,2,1,True,9.0,70.0,0,Yes,0.0,1,1,4.0,False,69,False,True,False,True,True,False,False,False,False,True,True,False,False,Aprobado,Aprobado
17.0,62.0,2,0,False,6.0,99.0,1,Yes,2.0,1,1,3.0,False,62,True,False,True,False,False,True,False,True,False,False,True,False,False,Reprobado,Aprobado
16.0,84.0,1,2,True,8.0,51.0,0,Yes,0.0,1,1,3.0,False,66,False,True,True,False,False,False,True,False,False,True,True,False,False,Aprobado,Reprobado
23.0,94.0,0,0,True,9.0,75.0,1,Yes,3.0,0,1,2.0,False,69,True,False,True,False,False,False,True,False,True,False,False,True,False,Aprobado,Aprobado
18.0,75.0,2,1,True,9.0,83.0,1,Yes,2.0,0,1,4.0,True,67,False,True,True,False,False,False,True,False,True,False,False,False,True,Aprobado,Aprobado
19.0,90.0,1,2,True,5.0,90.0,0,Yes,0.0,0,1,2.0,False,94,False,True,True,False,True,False,False,True,False,False,False,True,False,Aprobado,Aprobado
24.0,85.0,1,1,True,7.0,87.0,2,Yes,2.0,1,1,2.0,False,71,True,False,True,False,False,True,False,False,False,True,False,True,False,Aprobado,Aprobado
9.0,75.0,1,1,False,7.0,54.0,0,Yes,2.0,0,1,4.0,False,61,False,True,True,False,False,True,False,False,False,True,False,False,True,Reprobado,Reprobado
28.0,66.0,2,1,True,9.0,73.0,1,Yes,2.0,0,1,2.0,False,68,False,True,False,True,True,False,False,False,False,True,False,False,True,Aprobado,Aprobado
20.0,88.0,1,1,False,4.0,54.0,0,Yes,0.0,2,0,4.0,False,66,False,True,False,True,False,True,False,False,False,True,True,False,False,Aprobado,Reprobado
18.0,94.0,2,2,True,5.0,81.0,1,Yes,0.0,2,0,5.0,False,71,False,True,True,False,False,True,False,False,False,True,True,False,False,Aprobado,Aprobado
19.0,87.0,0,1,False,9.0,54.0,0,Yes,3.0,0,2,4.0,False,66,False,True,True,False,False,True,False,False,True,False,False,False,True,Aprobado,Reprobado
20.0,61.0,0,1,False,6.0,52.0,1,Yes,2.0,0,0,2.0,False,60,True,False,False,True,False,False,True,False,False,True,True,False,False,Reprobado,Reprobado
10.0,69.0,1,1,True,5.0,65.0,0,Yes,0.0,1,1,3.0,False,60,True,False,True,False,False,True,False,False,False,True,False,False,True,Reprobado,Aprobado
29.0,63.0,0,0,True,9.0,97.0,2,No,3.0,1,2,3.0,False,66,False,True,False,True,False,True,False,False,False,True,True,False,False,Aprobado,Aprobado
20.0,83.0,1,0,True,5.0,85.0,1,Yes,1.0,2,2,2.0,False,67,False,True,False,True,True,False,False,True,False,False,False,True,False,Aprobado,Aprobado
23.0,90.0,0,0,False,9.0,50.0,0,Yes,4.0,1,1,3.0,False,67,True,False,False,True,False,True,False,False,True,False,False,True,False,Aprobado,Reprobado
26.0,64.0,1,1,False,5.0,64.0,1,Yes,2.0,2,1,1.0,False,64,False,True,False,True,False,True,False,False,False,True,True,False,False,Reprobado,Reprobado
14.0,94.0,1,1,False,5.0,51.0,1,Yes,0.0,1,2,3.0,False,66,False,True,False,True,True,False,False,False,False,True,False,True,False,Aprobado,Reprobado
23.0,82.0,2,0,False,7.0,65.0,2,Yes,1.0,1,2,3.0,False,68,False,True,True,False,False,True,False,False,False,True,True,False,False,Aprobado,Aprobado
18.0,88.0,2,0,True,6.0,84.0,1,Yes,1.0,1,2,3.0,False,70,False,True,True,False,False,False,True,False,True,False,False,False,True,Aprobado,Aprobado
25.0,99.0,2,1,True,7.0,88.0,1,Yes,3.0,0,1,4.0,False,75,True,False,True,False,True,False,False,False,True,False,False,False,True,Aprobado,Aprobado
7.0,63.0,2,2,True,10.0,90.0,1,Yes,0.0,0,1,2.0,True,86,True,False,False,True,False,True,False,False,True,False,False,False,True,Aprobado,Aprobado
19.0,96.0,1,1,True,7.0,95.0,2,Yes,3.0,1,2,3.0,False,73,True,False,True,False,True,False,False,False,False,True,True,False,False,Aprobado,Aprobado
16.0,65.0,1,0,False,9.0,68.0,1,Yes,1.0,2,1,3.0,False,61,False,True,False,True,False,True,False,False,True,False,False,True,False,Reprobado,Aprobado
23.0,76.0,2,2,False,7.0,93.0,1,Yes,0.0,1,1,6.0,False,68,True,False,False,True,False,True,False,False,True,False,True,False,False,Aprobado,Aprobado
23.0,94.0,1,2,False,8.0,86.0,1,Yes,1.0,0,2,0.0,False,70,False,True,True,False,True,False,False,True,False,False,False,True,False,Aprobado,Aprobado
16.0,96.0,1,1,True,4.0,77.0,2,Yes,1.0,2,2,2.0,False,71,False,True,False,True,False,True,False,False,False,True,False,False,True,Aprobado,Aprobado
16.0,80.0,2,1,True,8.0,98.0,2,Yes,2.0,1,2,4.0,False,71,True,False,False,True,False,False,True,False,False,True,False,False,True,Aprobado,Aprobado
19.0,84.0,1,1,False,8.0,97.0,2,Yes,2.0,1,1,1.0,True,68,False,True,False,True,True,False,False,False,False,True,False,True,False,Aprobado,Aprobado
15.0,88.0,2,2,True,6.0,95.0,1,Yes,2.0,0,1,4.0,False,70,False,True,True,False,False,True,False,False,False,True,True,False,False,Aprobado,Aprobado
25.0,93.0,1,1,True,10.0,60.0,0,Yes,1.0,1,1,3.0,False,70,False,True,False,True,True,False,False,False,True,False,False,False,True,Aprobado,Reprobado
18.0,65.0,1,2,True,6.0,60.0,0,Yes,0.0,1,2,3.0,False,62,True,False,True,False,False,True,False,False,True,False,False,True,False,Reprobado,Reprobado
3.0,92.0,2,0,True,5.0,95.0,2,Yes,3.0,1,1,1.0,False,67,False,True,True,False,False,False,True,False,False,True,False,True,False,Aprobado,Aprobado
18.0,79.0,1,1,False,8.0,70.0,2,Yes,3.0,1,1,3.0,False,68,False,True,True,False,True,False,False,False,False,True,False,False,True,Aprobado,Aprobado
14.0,78.0,2,2,True,5.0,90.0,1,Yes,1.0,1,1,3.0,False,68,False,True,True,False,False,False,True,False,False,True,False,True,False,Aprobado,Aprobado
10.0,77.0,2,2,False,7.0,84.0,0,Yes,2.0,0,2,1.0,False,64,True,False,False,True,False,True,False,True,False,False,False,True,False,Reprobado,Aprobado
13.0,80.0,1,2,False,9.0,88.0,1,Yes,1.0,2,2,3.0,False,68,False,True,False,True,False,False,True,False,False,True,False,False,True,Aprobado,Aprobado
21.0,98.0,0,2,True,8.0,51.0,1,Yes,0.0,1,1,3.0,False,69,False,True,False,True,False,True,False,False,False,True,False,True,False,Aprobado,Reprobado
28.0,82.0,1,2,False,7.0,71.0,0,Yes,1.0,1,2,3.0,False,70,False,True,False,True,False,True,False,False,False,True,False,True,False,Aprobado,Aprobado
22.0,98.0,1,1,True,6.0,93.0,1,Yes,4.0,0,1,4.0,False,73,False,True,True,False,False,True,False,False,False,True,False,True,False,Aprobado,Aprobado
16.0,67.0,2,1,True,9.0,74.0,1,Yes,1.0,2,2,3.0,False,66,False,True,False,True,False,False,True,False,True,False,False,False,True,Aprobado,Aprobado
23.0,89.0,0,1,False,5.0,85.0,0,Yes,0.0,0,1,3.0,False,68,False,True,False,True,False,False,True,False,True,False,False,False,True,Aprobado,Aprobado
17.0,92.0,0,1,True,8.0,88.0,2,No,1.0,2,1,3.0,False,68,False,True,True,False,False,True,False,False,False,True,False,True,False,Aprobado,Aprobado
16.0,87.0,0,1,True,10.0,56.0,0,Yes,2.0,1,2,0.0,False,65,True,False,True,False,False,False,True,False,True,False,False,True,False,Aprobado,Reprobado
13.0,84.0,1,1,True,8.0,58.0,2,Yes,2.0,0,0,3.0,False,66,False,True,True,False,False,False,True,False,False,True,False,True,False,Aprobado,Reprobado
9.0,83.0,2,0,True,7.0,86.0,1,Yes,0.0,0,1,1.0,False,62,False,True,True,False,True,False,False,True,False,False,True,False,False,Reprobado,Aprobado
18.0,94.0,0,0,True,7.0,53.0,0,Yes,3.0,1,2,2.0,False,67,True,False,True,False,False,True,False,False,False,True,False,True,False,Aprobado,Reprobado
21.0,93.0,1,2,True,6.0,67.0,2,Yes,1.0,1,2,3.0,False,73,False,True,True,False,False,False,True,False,False,True,False,False,True,Aprobado,Aprobado
19.0,65.0,1,0,True,6.0,96.0,1,Yes,2.0,1,2,2.0,False,65,True,False,False,True,False,False,True,False,False,True,False,True,False,Aprobado,Aprobado
18.0,94.0,2,0,False,7.0,79.0,2,Yes,2.0,2,1,4.0,False,70,True,False,True,False,False,True,False,False,False,True,False,True,False,Aprobado,Aprobado
14.0,77.0,2,1,True,8.0,96.0,1,Yes,3.0,1,1,2.0,False,68,False,True,False,True,False,False,True,False,False,True,False,True,False,Aprobado,Aprobado
24.0,70.0,2,1,True,9.0,65.0,1,Yes,3.0,1,0,3.0,False,67,True,False,False,True,False,True,False,False,True,False,False,False,True,Aprobado,Aprobado
12.0,95.0,0,1,True,4.0,82.0,2,Yes,2.0,0,1,3.0,False,66,False,True,False,True,False,True,False,False,True,False,True,False,False,Aprobado,Aprobado
25.0,77.0,1,0,False,4.0,64.0,0,Yes,3.0,0,1,4.0,True,65,False,True,True,False,True,False,False,False,False,True,False,True,False,Aprobado,Reprobado
14.0,92.0,2,0,True,9.0,56.0,0,Yes,1.0,1,1,4.0,False,66,False,True,True,False,False,True,False,False,True,False,False,True,False,Aprobado,Reprobado
15.0,71.0,2,2,False,7.0,100.0,0,Yes,2.0,0,0,4.0,False,66,False,True,False,True,False,True,False,False,False,True,False,True,False,Aprobado,Aprobado
11.0,60.0,1,2,False,7.0,59.0,2,Yes,2.0,0,1,1.0,False,60,False,True,False,True,True,False,False,False,True,False,False,False,True,Reprobado,Reprobado
17.0,80.0,2,0,True,8.0,59.0,1,Yes,0.0,2,2,4.0,False,66,False,True,True,False,True,False,False,False,False,True,True,False,False,Aprobado,Reprobado
26.0,64.0,2,1,True,7.0,92.0,0,Yes,2.0,0,2,4.0,False,68,True,False,True,False,True,False,False,False,True,False,False,False,True,Aprobado,Aprobado
23.0,90.0,1,1,True,10.0,90.0,0,Yes,3.0,0,1,5.0,False,72,False,True,False,True,False,True,False,False,False,True,False,False,True,Aprobado,Aprobado
26.0,71.0,0,2,False,8.0,99.0,1,No,1.0,1,1,3.0,False,68,False,True,False,True,True,False,False,False,False,True,False,False,True,Aprobado,Aprobado
23.0,78.0,1,1,True,6.0,54.0,2,Yes,0.0,0,1,3.0,False,67,False,True,True,False,False,False,True,False,False,True,False,True,False,Aprobado,Reprobado
13.0,63.0,2,1,False,6.0,55.0,2,Yes,0.0,1,0,4.0,False,62,False,True,False,True,False,False,True,False,False,True,False,False,True,Reprobado,Reprobado
18.0,71.0,1,1,False,7.0,72.0,2,Yes,0.0,2,2,5.0,False,66,False,True,True,False,True,False,False,False,True,False,False,False,True,Aprobado,Aprobado
15.0,91.0,2,1,False,6.0,80.0,1,Yes,0.0,0,1,3.0,False,69,True,False,False,True,False,False,True,False,False,True,False,False,True,Aprobado,Aprobado
28.0,66.0,1,1,False,10.0,52.0,0,Yes,0.0,0,2,3.0,False,64,False,True,False,True,False,True,False,False,False,True,False,False,True,Reprobado,Reprobado
13.0,86.0,0,1,False,7.0,58.0,1,No,0.0,1,1,3.0,False,63,True,False,False,True,False,True,False,False,False,True,False,False,True,Reprobado,Reprobado
25.0,97.0,0,2,True,5.0,85.0,1,Yes,2.0,2,1,2.0,False,74,False,True,False,True,False,True,False,False,False,True,False,False,True,Aprobado,Aprobado
25.0,87.0,2,1,True,8.0,83.0,1,Yes,0.0,1,2,4.0,False,72,True,False,False,True,True,False,False,False,True,False,False,False,True,Aprobado,Aprobado
31.0,92.0,1,1,True,9.0,54.0,1,No,1.0,0,1,3.0,False,71,True,False,False,True,True,False,False,False,False,True,False,False,True,Aprobado,Reprobado
18.0,64.0,0,2,True,9.0,97.0,1,Yes,2.0,1,1,3.0,False,64,False,True,True,False,False,True,False,False,True,False,True,False,False,Reprobado,Aprobado
24.0,70.0,2,2,False,6.0,63.0,0,No,0.0,0,1,3.0,False,65,False,True,False,True,False,True,False,False,False,True,False,True,False,Aprobado,Reprobado
34.0,96.0,1,1,True,5.0,94.0,2,Yes,1.0,1,2,5.0,True,75,False,True,True,False,False,True,False,False,True,False,True,False,False,Aprobado,Aprobado
16.0,89.0,2,1,False,9.0,96.0,1,Yes,2.0,1,0,3.0,False,69,False,True,False,True,True,False,False,True,False,False,False,False,True,Aprobado,Aprobado
11.0,86.0,1,1,False,5.0,75.0,1,Yes,1.0,1,0,4.0,False,65,False,True,True,False,False,False,True,False,True,False,False,True,False,Aprobado,Aprobado
9.0,87.0,0,0,False,8.0,71.0,0,No,0.0,0,2,1.0,False,60,False,True,False,True,True,False,False,False,True,False,False,True,False,Reprobado,Aprobado
24.0,77.0,1,1,True,6.0,64.0,1,Yes,2.0,2,1,4.0,False,69,False,True,False,True,False,True,False,False,False,True,False,False,True,Aprobado,Reprobado
9.0,62.0,2,2,True,9.0,90.0,2,Yes,4.0,2,1,4.0,False,65,False,True,False,True,True,False,False,True,False,False,False,True,False,Aprobado,Aprobado
18.0,91.0,0,1,True,5.0,60.0,0,Yes,0.0,2,2,4.0,False,67,True,False,False,True,False,True,False,False,True,False,False,False,True,Aprobado,Reprobado
23.0,87.0,2,0,False,6.0,81.0,0,Yes,5.0,1,2,2.0,False,70,True,False,True,False,False,True,False,True,False,False,False,True,False,Aprobado,Aprobado
21.0,79.0,1,0,True,8.0,78.0,0,Yes,1.0,0,2,4.0,False,66,False,True,True,False,True,False,False,False,True,False,False,False,True,Aprobado,Aprobado
23.0,96.0,1,1,True,8.0,62.0,1,Yes,0.0,0,2,4.0,False,69,False,True,True,False,False,True,False,False,True,False,False,True,False,Aprobado,Reprobado
21.0,73.0,1,1,True,9.0,99.0,1,Yes,2.0,1,2,3.0,False,69,False,True,False,True,False,False,True,False,False,True,False,True,False,Aprobado,Aprobado
28.0,72.0,2,1,True,8.0,92.0,0,Yes,1.0,1,1,2.0,False,68,False,True,True,False,False,True,False,False,False,True,True,False,False,Aprobado,Aprobado
14.0,95.0,1,1,True,8.0,51.0,1,Yes,5.0,1,1,4.0,False,70,True,False,True,False,True,False,False,False,False,True,False,False,True,Aprobado,Reprobado
16.0,92.0,1,0,False,9.0,71.0,2,Yes,2.0,0,1,2.0,False,66,True,False,True,False,False,True,False,False,True,False,False,True,False,Aprobado,Aprobado
15.0,81.0,2,1,False,5.0,68.0,0,No,0.0,1,2,3.0,False,65,False,True,True,False,False,True,False,False,False,True,False,False,True,Aprobado,Aprobado
25.0,65.0,0,1,False,6.0,94.0,1,Yes,1.0,0,2,4.0,False,65,False,True,False,True,True,False,False,False,False,True,True,False,False,Aprobado,Aprobado
25.0,69.0,0,1,True,5.0,63.0,1,Yes,1.0,2,1,2.0,False,65,True,False,False,True,False,True,False,False,False,True,False,True,False,Aprobado,Reprobado
23.0,86.0,0,1,True,4.0,100.0,1,Yes,0.0,0,2,3.0,False,69,False,True,False,True,False,False,True,False,False,True,True,False,False,Aprobado,Aprobado
27.0,75.0,1,1,False,8.0,60.0,1,Yes,4.0,1,1,2.0,False,69,False,True,True,False,False,False,True,False,True,False,False,False,True,Aprobado,Reprobado
13.0,93.0,1,2,False,9.0,62.0,0,Yes,0.0,0,1,3.0,False,65,True,False,False,True,False,True,False,False,True,False,False,True,False,Aprobado,Reprobado
30.0,98.0,2,2,True,8.0,83.0,2,No,1.0,0,2,3.0,False,76,False,True,True,False,False,True,False,False,False,True,False,True,False,Aprobado,Aprobado
29.0,92.0,1,2,False,8.0,58.0,0,Yes,2.0,1,0,3.0,False,72,True,False,False,True,True,False,False,False,False,True,False,True,False,Aprobado,Reprobado
24.0,75.0,1,0,False,7.0,94.0,1,Yes,2.0,1,2,4.0,False,67,False,True,False,True,False,True,False,False,False,True,True,False,False,Aprobado,Aprobado
31.0,92.0,2,1,True,7.0,55.0,1,Yes,3.0,0,2,3.0,False,74,False,True,False,True,False,True,False,False,False,True,False,False,True,Aprobado,Reprobado
10.0,74.0,1,1,True,10.0,99.0,2,Yes,2.0,1,2,3.0,False,66,False,True,False,True,True,False,False,False,False,True,False,True,False,Aprobado,Aprobado
17.0,67.0,2,2,True,9.0,94.0,1,Yes,2.0,0,0,3.0,False,66,True,False,True,False,False,True,False,False,False,True,False,False,True,Aprobado,Aprobado
16.0,61.0,1,2,False,6.0,92.0,2,Yes,4.0,2,2,3.0,False,66,False,True,False,True,False,True,False,False,False,True,False,True,False,Aprobado,Aprobado
24.0,75.0,0,2,True,9.0,70.0,2,Yes,5.0,2,2,5.0,False,71,False,True,True,False,True,False,False,False,False,True,True,False,False,Aprobado,Aprobado
14.0,96.0,1,0,False,9.0,76.0,1,Yes,0.0,0,2,3.0,False,66,False,True,False,True,False,True,False,False,True,False,False,True,False,Aprobado,Aprobado
25.0,70.0,0,2,False,8.0,73.0,2,Yes,1.0,0,0,2.0,False,65,False,True,False,True,False,False,True,False,False,True,True,False,False,Aprobado,Aprobado
28.0,68.0,0,2,True,8.0,99.0,1,Yes,1.0,2,1,3.0,False,69,False,True,True,False,False,True,False,False,False,True,False,True,False,Aprobado,Aprobado
24.0,99.0,1,0,True,8.0,52.0,0,Yes,1.0,0,2,2.0,False,69,False,True,False,True,False,True,False,False,False,True,True,False,False,Aprobado,Reprobado
22.0,61.0,1,1,True,5.0,69.0,0,Yes,2.0,0,2,2.0,False,63,False,True,True,False,False,True,False,True,False,False,False,True,False,Reprobado,Aprobado
14.0,91.0,0,1,False,5.0,98.0,2,Yes,0.0,2,2,3.0,False,68,False,True,True,False,False,True,False,False,False,True,False,True,False,Aprobado,Aprobado
15.0,73.0,1,1,False,8.0,68.0,1,Yes,1.0,2,1,3.0,False,64,False,True,True,False,False,True,False,False,False,True,False,True,False,Reprobado,Aprobado
27.0,61.0,1,1,False,5.0,70.0,1,Yes,2.0,0,0,2.0,False,64,False,True,False,True,True,False,False,False,False,True,False,True,False,Reprobado,Aprobado
25.0,97.0,1,2,True,5.0,82.0,2,Yes,1.0,0,2,5.0,False,73,False,True,False,True,True,False,False,False,True,False,True,False,False,Aprobado,Aprobado
20.0,66.0,0,2,True,4.0,95.0,2,Yes,2.0,2,1,2.0,False,66,False,True,True,False,False,True,False,False,True,False,False,True,False,Aprobado,Aprobado
17.0,82.0,1,2,False,6.0,65.0,0,Yes,4.0,0,1,3.0,False,67,True,False,True,False,False,True,False,False,True,False,False,False,True,Aprobado,Aprobado
8.0,71.0,2,1,True,8.0,97.0,1,Yes,3.0,1,1,1.0,True,63,True,False,True,False,False,True,False,False,False,True,False,True,False,Reprobado,Aprobado
14.0,63.0,1,1,True,8.0,64.0,2,Yes,1.0,0,1,3.0,False,61,False,True,False,True,False,True,False,False,True,False,False,True,False,Reprobado,Reprobado
31.0,62.0,1,1,True,8.0,91.0,2,Yes,4.0,2,2,4.0,False,71,False,True,False,True,False,True,False,False,True,False,False,False,True,Aprobado,Aprobado
12.0,65.0,0,1,True,6.0,64.0,1,Yes,1.0,1,1,3.0,False,61,False,True,True,False,True,False,False,False,False,True,False,False,True,Reprobado,Reprobado
21.0,63.0,1,0,True,7.0,54.0,0,Yes,1.0,1,1,3.0,False,62,True,False,True,False,True,False,False,False,True,False,False,False,True,Reprobado,Reprobado
26.0,90.0,2,2,True,8.0,91.0,1,Yes,1.0,2,2,4.0,True,74,True,False,False,True,False,True,False,False,False,True,False,True,False,Aprobado,Aprobado
12.0,79.0,1,1,False,8.0,73.0,1,Yes,2.0,1,1,4.0,False,65,True,False,False,True,False,True,False,False,False,True,False,True,False,Aprobado,Aprobado
21.0,74.0,0,0,True,6.0,70.0,0,Yes,2.0,0,2,3.0,False,64,False,True,True,False,False,True,False,False,True,False,False,False,True,Reprobado,Aprobado
26.0,77.0,0,0,False,7.0,71.0,1,Yes,1.0,1,2,4.0,False,66,False,True,False,True,False,False,True,False,True,False,False,True,False,Aprobado,Aprobado
20.0,97.0,2,2,True,4.0,81.0,1,Yes,1.0,1,1,2.0,True,72,False,True,False,True,False,True,False,False,False,True,False,False,True,Aprobado,Aprobado
37.0,96.0,2,1,True,7.0,63.0,1,Yes,0.0,1,2,4.0,False,76,True,False,False,True,False,True,False,False,False,True,False,False,True,Aprobado,Reprobado
10.0,89.0,1,1,True,6.0,62.0,1,Yes,4.0,0,1,3.0,False,67,False,True,False,True,False,False,True,False,True,False,False,False,True,Aprobado,Reprobado
26.0,95.0,1,2,False,9.0,74.0,0,Yes,3.0,0,1,3.0,True,71,True,False,True,False,False,True,False,False,False,True,False,True,False,Aprobado,Aprobado
19.0,73.0,2,1,False,6.0,52.0,1,Yes,1.0,1,1,3.0,False,65,False,True,False,True,False,True,False,False,False,True,False,False,True,Aprobado,Reprobado
25.0,75.0,0,0,True,7.0,82.0,1,Yes,3.0,1,2,4.0,False,68,True,False,False,True,False,False,True,False,False,True,True,False,False,Aprobado,Aprobado
23.0,85.0,1,1,True,6.0,91.0,0,Yes,1.0,0,2,3.0,False,68,False,True,False,True,False,True,False,True,False,False,False,True,False,Aprobado,Aprobado
16.0,85.0,2,0,True,6.0,86.0,0,Yes,3.0,2,2,2.0,False,67,True,False,False,True,False,True,False,True,False,False,False,True,False,Aprobado,Aprobado
21.0,79.0,1,0,False,8.0,73.0,1,Yes,1.0,0,0,2.0,False,64,False,True,True,False,False,True,False,False,False,True,False,True,False,Reprobado,Aprobado
9.0,76.0,0,2,False,6.0,78.0,0,No,0.0,1,1,4.0,True,60,False,True,False,True,False,False,True,False,False,True,True,False,False,Reprobado,Aprobado
24.0,99.0,1,1,False,10.0,51.0,0,Yes,1.0,0,1,3.0,False,70,False,True,False,True,False,True,False,False,False,True,False,True,False,Aprobado,Reprobado
22.0,93.0,2,1,True,4.0,96.0,2,Yes,1.0,2,0,2.0,False,73,True,False,False,True,True,False,False,False,False,True,False,False,True,Aprobado,Aprobado
24.0,77.0,1,1,True,8.0,78.0,0,Yes,2.0,2,2,3.0,False,69,True,False,False,True,False,True,False,False,True,False,False,False,True,Aprobado,Aprobado
26.0,89.0,2,1,False,7.0,66.0,1,Yes,0.0,0,1,5.0,True,70,False,True,False,True,True,False,False,False,False,True,False,True,False,Aprobado,Aprobado
22.0,71.0,1,1,False,7.0,65.0,0,Yes,1.0,0,1,3.0,False,64,False,True,False,True,True,False,False,False,False,True,False,True,False,Reprobado,Aprobado
21.0,64.0,2,0,True,7.0,83.0,2,Yes,2.0,0,0,3.0,False,64,False,True,True,False,False,True,False,False,True,False,False,True,False,Reprobado,Aprobado
15.0,74.0,2,1,True,8.0,79.0,1,Yes,0.0,2,1,3.0,False,65,False,True,False,True,True,False,False,False,False,True,True,False,False,Aprobado,Aprobado
16.0,76.0,1,1,False,7.0,59.0,0,Yes,0.0,0,1,2.0,False,62,False,True,True,False,True,False,False,False,False,True,False,True,False,Reprobado,Reprobado
27.0,61.0,1,1,True,9.0,70.0,1,Yes,0.0,1,1,2.0,False,64,False,True,False,True,False,True,False,False,False,True,False,True,False,Reprobado,Aprobado
29.0,93.0,1,1,True,7.0,84.0,1,Yes,0.0,2,1,3.0,False,72,False,True,False,True,True,False,False,False,True,False,False,True,False,Aprobado,Aprobado
19.0,74.0,1,0,True,5.0,65.0,2,No,1.0,0,2,3.0,False,64,False,True,False,True,False,True,False,False,False,True,False,False,True,Reprobado,Aprobado
20.0,83.0,1,1,True,7.0,75.0,1,Yes,0.0,1,1,4.0,False,67,False,True,True,False,False,True,False,False,False,True,False,True,False,Aprobado,Aprobado
15.0,63.0,2,2,True,9.0,63.0,0,No,4.0,2,2,3.0,False,64,True,False,False,True,True,False,False,False,False,True,True,False,False,Reprobado,Reprobado
27.0,67.0,0,1,False,6.0,54.0,1,Yes,0.0,1,0,2.0,False,61,True,False,False,True,False,True,False,True,False,False,True,False,False,Reprobado,Reprobado
24.0,96.0,1,2,True,5.0,69.0,1,Yes,1.0,0,1,4.0,False,72,False,True,False,True,False,True,False,False,False,True,False,False,True,Aprobado,Aprobado
32.0,84.0,1,1,True,8.0,87.0,1,No,2.0,1,1,1.0,False,70,False,True,False,True,False,True,False,True,False,False,False,False,True,Aprobado,Aprobado
15.0,98.0,1,2,False,8.0,61.0,1,Yes,4.0,0,1,2.0,False,70,False,True,True,False,False,True,False,False,True,False,False,False,True,Aprobado,Reprobado
18.0,100.0,1,1,False,6.0,88.0,1,Yes,2.0,1,1,2.0,False,71,False,True,False,True,True,False,False,False,True,False,False,True,False,Aprobado,Aprobado
21.0,75.0,2,2,False,7.0,83.0,0,Yes,1.0,1,1,2.0,False,68,False,True,True,False,True,False,False,False,False,True,False,False,True,Aprobado,Aprobado
24.0,72.0,1,1,False,7.0,75.0,1,Yes,3.0,2,1,2.0,False,68,True,False,True,False,True,False,False,False,False,True,False,True,False,Aprobado,Aprobado
19.0,94.0,2,2,False,7.0,99.0,1,Yes,0.0,0,1,1.0,True,70,False,True,False,True,False,True,False,False,False,True,False,True,False,Aprobado,Aprobado
15.0,100.0,2,2,False,8.0,94.0,2,Yes,2.0,1,2,3.0,False,73,False,True,False,True,True,False,False,False,False,True,True,False,False,Aprobado,Aprobado
25.0,85.0,2,1,False,6.0,78.0,0,Yes,2.0,1,2,1.0,False,69,False,True,True,False,False,True,False,True,False,False,False,True,False,Aprobado,Aprobado
24.0,92.0,1,2,False,8.0,78.0,2,Yes,0.0,1,1,3.0,False,71,False,True,False,True,False,True,False,False,False,True,False,True,False,Aprobado,Aprobado
15.0,91.0,0,1,False,6.0,64.0,0,Yes,1.0,0,2,3.0,True,64,False,True,False,True,False,True,False,False,False,True,False,False,True,Reprobado,Reprobado
28.0,74.0,1,1,False,9.0,96.0,0,Yes,0.0,1,1,3.0,False,68,True,False,True,False,False,True,False,False,False,True,False,True,False,Aprobado,Aprobado
27.0,83.0,1,1,False,10.0,95.0,1,Yes,0.0,2,0,4.0,False,69,True,False,True,False,False,True,False,False,True,False,False,True,False,Aprobado,Aprobado
21.0,93.0,2,0,False,6.0,87.0,1,Yes,1.0,0,2,2.0,False,70,False,True,True,False,False,True,False,False,False,True,False,False,True,Aprobado,Aprobado
20.0,88.0,1,1,False,5.0,56.0,1,Yes,1.0,0,1,4.0,False,67,False,True,True,False,False,True,False,False,False,True,False,True,False,Aprobado,Reprobado
23.0,61.0,1,2,True,8.0,85.0,1,Yes,1.0,1,2,0.0,False,66,True,False,False,True,False,True,False,False,False,True,False,False,True,Aprobado,Aprobado
15.0,73.0,1,2,False,7.0,63.0,1,Yes,2.0,1,1,5.0,False,65,False,True,False,True,False,False,True,False,True,False,False,True,False,Aprobado,Reprobado
20.0,66.0,1,2,True,8.0,59.0,0,Yes,4.0,1,1,3.0,False,66,False,True,False,True,True,False,False,False,False,True,False,False,True,Aprobado,Reprobado
7.0,69.0,0,1,True,6.0,88.0,1,Yes,0.0,0,2,4.0,False,61,True,False,True,False,False,False,True,False,False,True,True,False,False,Reprobado,Aprobado
25.0,96.0,0,1,False,7.0,98.0,1,Yes,0.0,0,1,2.0,False,71,False,True,True,False,False,True,False,False,False,True,False,False,True,Aprobado,Aprobado
11.0,61.0,2,0,True,6.0,55.0,1,Yes,5.0,2,0,3.0,False,60,False,True,False,True,False,True,False,True,False,False,False,True,False,Reprobado,Reprobado
29.0,69.0,1,1,True,7.0,58.0,1,Yes,1.0,0,0,2.0,False,66,False,True,False,True,True,False,False,False,False,True,False,False,True,Aprobado,Reprobado
18.0,72.0,0,0,True,5.0,61.0,0,Yes,1.0,1,1,4.0,False,61,True,False,False,True,True,False,False,False,True,False,True,False,False,Reprobado,Reprobado
19.0,85.0,1,1,True,7.0,98.0,2,Yes,2.0,1,1,3.0,True,68,False,True,True,False,False,True,False,False,True,False,True,False,False,Aprobado,Aprobado
16.0,81.0,1,2,True,5.0,85.0,2,No,2.0,0,1,3.0,False,68,False,True,False,True,True,False,False,False,False,True,False,False,True,Aprobado,Aprobado
18.0,69.0,1,1,True,6.0,84.0,1,Yes,2.0,0,1,4.0,False,65,False,True,False,True,False,True,False,False,False,True,False,False,True,Aprobado,Aprobado
29.0,67.0,2,0,False,7.0,75.0,1,No,3.0,0,1,1.0,False,65,False,True,True,False,False,True,False,False,False,True,False,True,False,Aprobado,Aprobado
5.0,69.0,1,1,True,8.0,77.0,1,No,2.0,0,2,2.0,False,60,False,True,True,False,True,False,False,False,False,True,True,False,False,Reprobado,Aprobado
28.0,80.0,0,1,False,8.0,65.0,0,Yes,2.0,0,1,2.0,False,67,True,False,False,True,True,False,False,False,False,True,False,True,False,Aprobado,Aprobado
22.0,71.0,2,1,False,8.0,58.0,1,No,2.0,0,1,4.0,False,65,False,True,True,False,True,False,False,False,False,True,True,False,False,Aprobado,Reprobado
13.0,98.0,2,1,True,5.0,89.0,2,Yes,1.0,2,1,3.0,False,70,False,True,False,True,False,True,False,False,False,True,True,False,False,Aprobado,Aprobado
14.0,79.0,1,1,False,9.0,74.0,1,Yes,1.0,1,1,4.0,False,64,False,True,False,True,False,True,False,False,False,True,False,True,False,Reprobado,Aprobado
30.0,62.0,1,2,True,6.0,63.0,1,Yes,2.0,0,2,4.0,False,68,False,True,False,True,False,True,False,False,True,False,False,False,True,Aprobado,Reprobado
14.0,89.0,2,1,False,6.0,82.0,2,Yes,2.0,1,1,4.0,False,69,False,True,True,False,True,False,False,False,True,False,True,False,False,Aprobado,Aprobado
13.0,73.0,1,2,True,7.0,60.0,2,Yes,0.0,2,2,3.0,False,65,False,True,True,False,True,False,False,False,False,True,False,True,False,Aprobado,Reprobado
27.0,86.0,1,1,False,6.0,74.0,1,Yes,2.0,2,2,3.0,False,71,True,False,False,True,False,True,False,False,False,True,False,True,False,Aprobado,Aprobado
22.0,71.0,1,1,True,8.0,60.0,0,Yes,1.0,1,2,4.0,False,65,False,True,True,False,False,True,False,False,True,False,False,True,False,Aprobado,Reprobado
14.0,83.0,1,2,True,8.0,88.0,0,Yes,0.0,2,1,2.0,True,65,False,True,False,True,False,True,False,False,True,False,True,False,False,Aprobado,Aprobado
21.0,91.0,1,1,True,6.0,66.0,2,Yes,0.0,1,1,2.0,True,68,False,True,True,False,True,False,False,True,False,False,False,False,True,Aprobado,Aprobado
14.0,97.0,1,0,False,7.0,72.0,2,Yes,1.0,0,0,3.0,False,66,False,True,True,False,False,True,False,False,False,True,False,True,False,Aprobado,Aprobado
27.0,70.0,0,0,True,7.0,88.0,1,No,1.0,2,1,3.0,False,65,False,True,False,True,False,True,False,False,False,True,False,True,False,Aprobado,Aprobado
26.0,73.0,2,2,True,8.0,83.0,0,Yes,2.0,1,1,4.0,False,71,False,True,False,True,True,False,False,False,False,True,False,False,True,Aprobado,Aprobado
23.0,79.0,0,1,True,6.0,70.0,1,Yes,3.0,1,2,4.0,False,68,False,True,True,False,False,False,True,False,True,False,True,False,False,Aprobado,Aprobado
22.0,97.0,1,1,True,6.0,54.0,1,No,2.0,2,1,2.0,False,70,False,True,False,True,True,False,False,False,False,True,False,True,False,Aprobado,Reprobado
31.0,96.0,1,0,False,5.0,96.0,0,Yes,3.0,0,2,2.0,False,74,True,False,True,False,True,False,False,False,False,True,False,True,False,Aprobado,Aprobado
20.0,64.0,2,0,True,6.0,50.0,2,Yes,0.0,0,1,2.0,False,62,True,False,False,True,False,True,False,False,False,True,False,True,False,Reprobado,Reprobado
13.0,65.0,1,2,False,5.0,87.0,0,Yes,1.0,1,1,2.0,True,61,False,True,True,False,False,True,False,False,True,False,False,False,True,Reprobado,Aprobado
23.0,80.0,2,2,True,6.0,97.0,1,Yes,0.0,1,1,3.0,False,70,True,False,False,True,False,True,False,False,False,True,False,True,False,Aprobado,Aprobado
33.0,64.0,0,1,True,9.0,65.0,1,Yes,0.0,1,1,2.0,False,65,False,True,False,True,True,False,False,False,True,False,True,False,False,Aprobado,Aprobado
14.0,74.0,1,1,True,8.0,54.0,2,Yes,2.0,0,0,2.0,False,62,False,True,False,True,False,True,False,False,True,False,False,True,False,Reprobado,Reprobado
18.0,66.0,2,2,False,9.0,62.0,1,Yes,2.0,2,1,4.0,False,65,False,True,True,False,False,True,False,False,True,False,False,True,False,Aprobado,Reprobado
22.0,85.0,2,1,False,6.0,66.0,0,Yes,0.0,0,1,4.0,False,68,True,False,False,True,True,False,False,False,False,True,False,False,True,Aprobado,Aprobado
20.0,98.0,1,2,True,4.0,73.0,1,Yes,2.0,1,0,1.0,False,70,True,False,False,True,False,True,False,True,False,False,False,False,True,Aprobado,Aprobado
14.0,100.0,1,0,False,7.0,76.0,0,Yes,1.0,1,1,3.0,False,68,True,False,True,False,False,False,True,False,False,True,False,True,False,Aprobado,Aprobado
27.0,75.0,0,1,False,10.0,86.0,1,No,3.0,1,1,6.0,False,69,True,False,True,False,False,False,True,False,False,True,False,False,True,Aprobado,Aprobado
34.0,84.0,1,2,True,6.0,95.0,1,Yes,1.0,0,1,3.0,False,73,True,False,False,True,False,False,True,True,False,False,False,True,False,Aprobado,Aprobado
21.0,94.0,1,1,True,7.0,73.0,1,Yes,1.0,1,1,5.0,False,71,True,False,True,False,True,False,False,False,False,True,False,False,True,Aprobado,Aprobado
15.0,65.0,0,2,True,5.0,87.0,1,Yes,0.0,0,2,4.0,False,63,True,False,True,False,False,True,False,False,False,True,False,True,False,Reprobado,Aprobado
11.0,88.0,2,1,True,7.0,56.0,0,Yes,2.0,1,1,2.0,False,66,False,True,False,True,True,False,False,False,False,True,False,True,False,Aprobado,Reprobado
22.0,76.0,2,0,True,7.0,66.0,0,Yes,1.0,0,2,4.0,False,67,True,False,False,True,False,False,True,False,False,True,False,False,True,Aprobado,Aprobado
27.0,68.0,0,2,False,4.0,56.0,1,Yes,0.0,0,2,1.0,False,64,False,True,True,False,False,True,False,False,False,True,False,True,False,Reprobado,Reprobado
23.0,76.0,1,0,True,5.0,85.0,1,Yes,1.0,1,0,3.0,False,66,False,True,True,False,False,True,False,False,False,True,False,True,False,Aprobado,Aprobado
20.0,63.0,2,2,True,5.0,95.0,1,Yes,2.0,2,2,3.0,False,69,False,True,False,True,True,False,False,False,False,True,False,False,True,Aprobado,Aprobado
16.0,88.0,1,2,True,5.0,94.0,2,Yes,4.0,1,1,6.0,False,72,True,False,False,True,True,False,False,False,True,False,False,False,True,Aprobado,Aprobado
13.0,70.0,1,2,True,6.0,66.0,1,Yes,1.0,1,1,4.0,False,63,False,True,False,True,False,True,False,False,False,True,True,False,False,Reprobado,Aprobado
25.0,72.0,1,2,True,8.0,62.0,1,Yes,2.0,0,1,2.0,False,67,False,True,True,False,False,True,False,False,False,True,False,False,True,Aprobado,Reprobado
25.0,65.0,0,1,False,6.0,64.0,1,Yes,1.0,1,1,4.0,False,64,True,False,False,True,True,False,False,False,False,True,True,False,False,Reprobado,Reprobado
11.0,95.0,1,1,True,9.0,64.0,2,Yes,4.0,0,1,4.0,False,68,False,True,False,True,False,True,False,False,True,False,False,False,True,Aprobado,Reprobado
30.0,80.0,2,2,False,6.0,54.0,2,Yes,1.0,2,1,3.0,False,71,False,True,True,False,False,True,False,False,True,False,False,False,True,Aprobado,Reprobado
23.0,83.0,1,0,True,7.0,57.0,1,No,2.0,1,2,4.0,False,67,False,True,True,False,False,True,False,False,True,False,False,False,True,Aprobado,Reprobado
28.0,83.0,1,0,False,8.0,61.0,1,Yes,1.0,0,1,5.0,True,67,True,False,False,True,False,False,True,False,False,True,True,False,False,Aprobado,Reprobado
12.0,76.0,1,1,True,9.0,50.0,1,Yes,2.0,1,2,3.0,False,64,False,True,False,True,True,False,False,False,False,True,True,False,False,Reprobado,Reprobado
12.0,68.0,2,0,False,6.0,52.0,0,Yes,5.0,2,2,3.0,False,63,False,True,False,True,True,False,False,False,False,True,False,True,False,Reprobado,Reprobado
19.0,90.0,2,2,False,8.0,85.0,1,Yes,2.0,1,1,4.0,False,72,False,True,False,True,True,False,False,False,False,True,False,True,False,Aprobado,Aprobado
23.0,65.0,0,1,True,6.0,81.0,0,Yes,2.0,0,1,2.0,False,63,False,True,True,False,False,True,False,False,False,True,False,True,False,Reprobado,Aprobado
31.0,64.0,2,1,False,10.0,97.0,0,Yes,2.0,1,1,4.0,False,67,True,False,True,False,False,True,False,True,False,False,True,False,False,Aprobado,Aprobado
24.0,88.0,0,1,True,5.0,70.0,1,No,1.0,0,1,2.0,False,68,True,False,False,True,False,False,True,False,False,True,False,False,True,Aprobado,Aprobado
19.0,68.0,0,2,True,8.0,72.0,2,Yes,2.0,0,2,3.0,False,64,True,False,False,True,True,False,False,True,False,False,False,True,False,Reprobado,Aprobado
14.0,72.0,1,2,False,9.0,53.0,1,Yes,4.0,1,1,3.0,False,65,False,True,False,True,False,False,True,False,False,True,True,False,False,Aprobado,Reprobado
27.0,79.0,1,0,True,5.0,58.0,2,Yes,2.0,1,1,1.0,False,68,True,False,True,False,False,False,True,True,False,False,False,True,False,Aprobado,Reprobado
14.0,78.0,1,2,True,8.0,85.0,1,Yes,2.0,0,1,4.0,False,66,True,False,False,True,False,True,False,False,False,True,True,False,False,Aprobado,Aprobado
30.0,88.0,1,1,True,6.0,62.0,2,Yes,4.0,0,1,5.0,False,73,True,False,True,False,True,False,False,True,False,False,False,False,True,Aprobado,Reprobado
18.0,85.0,0,1,True,10.0,89.0,1,Yes,1.0,2,1,3.0,False,68,True,False,True,False,False,True,False,False,False,True,False,False,True,Aprobado,Aprobado
30.0,86.0,1,2,False,4.0,85.0,2,Yes,2.0,1,1,5.0,True,72,True,False,False,True,False,False,True,True,False,False,False,True,False,Aprobado,Aprobado
24.0,89.0,1,1,True,5.0,87.0,1,No,3.0,2,1,0.0,False,70,False,True,True,False,False,True,False,False,False,True,False,True,False,Aprobado,Aprobado
19.0,72.0,1,1,True,5.0,85.0,2,Yes,1.0,0,1,4.0,False,66,True,False,True,False,True,False,False,False,False,True,False,True,False,Aprobado,Aprobado
17.0,73.0,0,1,True,5.0,85.0,2,Yes,3.0,1,1,1.0,False,66,False,True,True,False,True,False,False,False,False,True,False,False,True,Aprobado,Aprobado
18.0,78.0,0,0,True,8.0,77.0,1,Yes,2.0,1,2,4.0,False,66,True,False,True,False,True,False,False,False,False,True,False,True,False,Aprobado,Aprobado
23.0,72.0,2,0,True,10.0,84.0,0,Yes,2.0,0,1,2.0,False,65,False,True,False,True,False,True,False,False,True,False,True,False,False,Aprobado,Aprobado
20.0,99.0,2,0,True,9.0,76.0,2,Yes,2.0,0,1,5.0,False,71,False,True,False,True,True,False,False,True,False,False,False,True,False,Aprobado,Aprobado
16.0,93.0,0,1,True,7.0,60.0,1,Yes,1.0,1,1,1.0,False,66,False,True,True,False,False,True,False,False,True,False,False,False,True,Aprobado,Reprobado
19.0,67.0,1,0,False,7.0,61.0,2,Yes,1.0,1,1,4.0,False,63,True,False,True,False,True,False,False,False,True,False,False,True,False,Reprobado,Reprobado
20.0,60.0,1,1,True,6.0,70.0,1,Yes,2.0,0,1,3.0,True,63,False,True,True,False,False,False,True,False,False,True,False,True,False,Reprobado,Aprobado
7.0,62.0,2,1,True,8.0,51.0,0,Yes,0.0,1,0,3.0,False,58,False,True,False,True,True,False,False,False,True,False,False,False,True,Reprobado,Reprobado
23.0,70.0,1,2,False,7.0,94.0,0,Yes,3.0,1,2,3.0,False,68,False,True,True,False,False,True,False,False,False,True,False,True,False,Aprobado,Aprobado
14.0,65.0,2,1,False,7.0,63.0,1,Yes,2.0,0,1,3.0,False,61,False,True,False,True,False,True,False,False,True,False,False,True,False,Reprobado,Reprobado
13.0,81.0,1,2,False,6.0,53.0,0,Yes,2.0,0,1,4.0,False,65,False,True,False,True,False,True,False,False,False,True,False,False,True,Aprobado,Reprobado
10.0,94.0,2,0,False,5.0,71.0,1,Yes,1.0,2,1,3.0,False,67,False,True,False,True,False,True,False,False,True,False,False,False,True,Aprobado,Aprobado
9.0,89.0,0,2,True,7.0,91.0,1,Yes,1.0,2,0,3.0,False,67,False,True,False,True,False,False,True,False,False,True,False,True,False,Aprobado,Aprobado
12.0,69.0,2,0,False,7.0,70.0,1,Yes,1.0,1,1,4.0,False,62,True,False,False,True,False,True,False,False,False,True,False,False,True,Reprobado,Aprobado
16.0,76.0,1,2,True,6.0,63.0,2,Yes,0.0,0,1,1.0,False,86,False,True,True,False,False,True,False,False,False,True,False,False,True,Aprobado,Reprobado
32.0,80.0,2,1,False,6.0,77.0,0,Yes,0.0,1,1,5.0,False,71,False,True,False,True,True,False,False,False,False,True,False,True,False,Aprobado,Aprobado
17.0,92.0,1,1,True,8.0,79.0,1,Yes,1.0,0,1,3.0,False,70,False,True,False,True,False,False,True,False,False,True,False,False,True,Aprobado,Aprobado
21.0,94.0,1,1,False,8.0,88.0,1,Yes,1.0,1,1,3.0,False,71,False,True,False,True,True,False,False,False,False,True,False,False,True,Aprobado,Aprobado
22.0,96.0,2,0,False,10.0,90.0,2,Yes,2.0,0,1,3.0,True,71,False,True,False,True,True,False,False,False,True,False,False,True,False,Aprobado,Aprobado
21.0,80.0,2,2,True,9.0,85.0,0,Yes,1.0,2,1,3.0,False,70,False,True,True,False,True,False,False,False,False,True,True,False,False,Aprobado,Aprobado
20.0,88.0,1,2,True,5.0,50.0,1,No,2.0,0,1,5.0,False,67,False,True,False,True,False,True,False,False,True,False,False,True,False,Aprobado,Reprobado
13.0,64.0,1,0,True,7.0,50.0,2,Yes,0.0,1,0,4.0,False,60,False,True,False,True,False,True,False,False,False,True,False,False,True,Reprobado,Reprobado
29.0,83.0,2,2,False,5.0,99.0,1,Yes,0.0,1,2,4.0,False,73,False,True,True,False,True,False,False,False,False,True,False,True,False,Aprobado,Aprobado
31.0,70.0,2,0,True,4.0,63.0,2,Yes,1.0,1,1,2.0,True,67,False,True,True,False,False,True,False,False,False,True,False,True,False,Aprobado,Reprobado
10.0,77.0,0,2,True,10.0,64.0,2,Yes,1.0,0,1,3.0,True,62,True,False,True,False,True,False,False,False,False,True,True,False,False,Reprobado,Reprobado
14.0,85.0,1,2,False,9.0,87.0,2,Yes,0.0,1,1,3.0,False,67,False,True,True,False,True,False,False,False,False,True,True,False,False,Aprobado,Aprobado
18.0,70.0,2,0,False,6.0,79.0,1,Yes,1.0,1,2,2.0,False,65,False,True,True,False,True,False,False,False,False,True,False,False,True,Aprobado,Aprobado
14.0,62.0,1,1,False,9.0,73.0,1,Yes,1.0,0,1,6.0,False,61,False,True,False,True,False,True,False,False,False,True,False,True,False,Reprobado,Aprobado
23.0,60.0,2,1,True,9.0,56.0,0,No,0.0,0,1,4.0,False,61,True,False,True,False,False,True,False,False,True,False,True,False,False,Reprobado,Reprobado
16.0,61.0,2,1,False,4.0,54.0,0,Yes,1.0,0,1,2.0,False,60,True,False,True,False,False,True,False,False,False,True,False,True,False,Reprobado,Reprobado
33.0,60.0,2,2,False,8.0,85.0,0,Yes,4.0,0,0,3.0,False,68,False,True,False,True,False,True,False,False,False,True,True,False,False,Aprobado,Aprobado
27.0,64.0,2,1,True,6.0,56.0,0,Yes,0.0,0,2,5.0,False,65,False,True,True,False,True,False,False,False,True,False,False,True,False,Aprobado,Reprobado
21.0,70.0,2,2,True,8.0,72.0,0,Yes,3.0,1,0,1.0,False,67,False,True,True,False,False,False,True,False,True,False,False,True,False,Aprobado,Aprobado
26.0,69.0,2,0,False,10.0,87.0,0,Yes,2.0,1,0,2.0,False,67,False,True,False,True,False,False,True,False,False,True,False,False,True,Aprobado,Aprobado
27.0,99.0,2,1,False,9.0,96.0,0,Yes,0.0,2,1,2.0,False,74,True,False,False,True,True,False,False,False,True,False,False,False,True,Aprobado,Aprobado
17.0,72.0,0,1,False,7.0,94.0,0,Yes,4.0,1,1,2.0,False,64,False,True,True,False,False,True,False,True,False,False,False,False,True,Reprobado,Aprobado
15.0,65.0,1,2,True,9.0,93.0,0,Yes,2.0,0,0,3.0,False,64,True,False,False,True,True,False,False,False,False,True,False,True,False,Reprobado,Aprobado
20.0,82.0,1,0,True,4.0,68.0,1,Yes,2.0,0,2,3.0,False,67,False,True,False,True,False,True,False,False,False,True,False,True,False,Aprobado,Aprobado
25.0,94.0,2,2,False,8.0,96.0,2,Yes,6.0,1,1,3.0,True,74,False,True,True,False,False,True,False,True,False,False,True,False,False,Aprobado,Aprobado
21.0,87.0,1,1,True,8.0,84.0,2,Yes,1.0,0,0,2.0,False,69,True,False,False,True,True,False,False,False,False,True,False,False,True,Aprobado,Aprobado
11.0,72.0,0,1,False,8.0,94.0,2,Yes,1.0,0,0,2.0,False,62,False,True,False,True,False,True,False,False,False,True,False,False,True,Reprobado,Aprobado
15.0,82.0,1,1,True,6.0,54.0,1,Yes,1.0,1,1,2.0,False,66,False,True,True,False,True,False,False,False,False,True,False,False,True,Aprobado,Reprobado
20.0,89.0,2,2,True,8.0,52.0,0,Yes,2.0,1,1,3.0,False,69,False,True,True,False,True,False,False,False,True,False,True,False,False,Aprobado,Reprobado
20.0,89.0,2,1,True,8.0,71.0,1,Yes,1.0,1,1,1.0,False,68,False,True,False,True,False,False,True,True,False,False,True,False,False,Aprobado,Aprobado
32.0,87.0,2,1,True,4.0,91.0,1,Yes,2.0,2,1,2.0,False,74,False,True,True,False,False,True,False,False,True,False,False,True,False,Aprobado,Aprobado
12.0,95.0,1,1,False,7.0,70.0,1,Yes,4.0,1,2,3.0,False,68,False,True,False,True,False,True,False,True,False,False,False,False,True,Aprobado,Aprobado
23.0,95.0,1,1,True,6.0,94.0,2,Yes,2.0,1,1,3.0,False,73,False,True,False,True,False,True,False,False,False,True,False,True,False,Aprobado,Aprobado
29.0,83.0,1,0,False,8.0,62.0,0,Yes,4.0,2,1,5.0,False,70,False,True,False,True,True,False,False,False,False,True,True,False,False,Aprobado,Reprobado
34.0,77.0,1,2,False,9.0,52.0,1,Yes,0.0,1,1,4.0,False,69,True,False,True,False,False,True,False,False,True,False,False,True,False,Aprobado,Reprobado
18.0,86.0,1,1,True,6.0,88.0,1,Yes,2.0,1,2,2.0,False,68,False,True,False,True,True,False,False,True,False,False,False,True,False,Aprobado,Aprobado
23.0,93.0,1,2,False,5.0,81.0,2,Yes,2.0,0,1,1.0,False,71,True,False,False,True,True,False,False,False,False,True,True,False,False,Aprobado,Aprobado
23.0,60.0,0,1,False,7.0,72.0,0,Yes,3.0,2,1,2.0,False,64,False,True,True,False,True,False,False,False,False,True,False,True,False,Reprobado,Aprobado
21.0,100.0,1,1,False,5.0,92.0,0,Yes,3.0,0,0,3.0,True,71,False,True,False,True,False,False,True,False,False,True,False,False,True,Aprobado,Aprobado
19.0,67.0,1,1,False,7.0,91.0,1,Yes,1.0,0,2,3.0,False,65,False,True,True,False,False,True,False,False,False,True,False,True,False,Aprobado,Aprobado
23.0,79.0,0,1,True,7.0,66.0,2,Yes,1.0,2,1,3.0,False,68,True,False,False,True,False,False,True,False,False,True,False,False,True,Aprobado,Aprobado
5.0,95.0,1,2,True,8.0,92.0,0,Yes,1.0,0,2,2.0,False,67,True,False,True,False,True,False,False,False,False,True,False,True,False,Aprobado,Aprobado
24.0,69.0,1,2,True,7.0,67.0,1,Yes,2.0,1,2,4.0,False,67,False,True,False,True,False,False,True,True,False,False,True,False,False,Aprobado,Aprobado
21.0,79.0,1,0,True,7.0,81.0,0,Yes,2.0,1,1,4.0,False,67,False,True,False,True,False,True,False,False,False,True,False,True,False,Aprobado,Aprobado
19.0,65.0,1,2,True,9.0,60.0,0,Yes,1.0,0,1,3.0,False,63,False,True,False,True,False,False,True,False,True,False,False,True,False,Reprobado,Reprobado
32.0,76.0,1,1,False,7.0,63.0,1,Yes,0.0,1,0,3.0,False,68,False,True,True,False,False,True,False,False,False,True,False,False,True,Aprobado,Reprobado
16.0,67.0,2,2,True,6.0,72.0,1,Yes,1.0,0,2,3.0,False,66,False,True,True,False,False,False,True,False,False,True,False,False,True,Aprobado,Aprobado
18.0,75.0,1,1,True,7.0,66.0,2,Yes,1.0,2,2,4.0,False,67,False,True,False,True,False,True,False,False,False,True,False,False,True,Aprobado,Aprobado
32.0,75.0,1,0,True,6.0,56.0,1,Yes,3.0,1,1,2.0,False,68,False,True,True,False,True,False,False,False,True,False,False,True,False,Aprobado,Reprobado
15.0,100.0,2,1,True,5.0,74.0,1,Yes,2.0,2,1,3.0,False,72,True,False,False,True,False,False,True,False,False,True,False,True,False,Aprobado,Aprobado
17.0,100.0,1,1,False,5.0,76.0,0,Yes,3.0,0,2,3.0,False,70,True,False,True,False,False,False,True,False,True,False,False,True,False,Aprobado,Aprobado
19.0,65.0,0,2,False,9.0,58.0,0,Yes,3.0,1,1,4.0,False,62,False,True,True,False,False,True,False,False,True,False,True,False,False,Reprobado,Reprobado
25.0,89.0,1,0,True,6.0,59.0,1,Yes,2.0,0,1,2.0,False,69,False,True,True,False,True,False,False,False,False,True,False,True,False,Aprobado,Reprobado
21.0,62.0,1,0,True,7.0,51.0,0,Yes,0.0,0,1,4.0,False,61,True,False,True,False,False,True,False,False,False,True,False,False,True,Reprobado,Reprobado
12.0,61.0,1,0,True,7.0,52.0,0,Yes,2.0,0,1,2.0,False,58,False,True,True,False,False,True,False,False,True,False,False,False,True,Reprobado,Reprobado
17.0,64.0,0,1,False,7.0,68.0,1,Yes,5.0,1,1,3.0,False,63,True,False,False,True,False,True,False,False,False,True,False,True,False,Reprobado,Aprobado
16.0,99.0,2,1,False,9.0,57.0,2,No,4.0,1,1,3.0,False,71,False,True,True,False,True,False,False,False,False,True,False,False,True,Aprobado,Reprobado
20.0,98.0,0,1,True,7.0,96.0,0,No,1.0,0,2,3.0,False,70,False,True,True,False,True,False,False,False,False,True,False,False,True,Aprobado,Aprobado
23.0,68.0,2,1,False,6.0,60.0,1,Yes,1.0,0,1,3.0,False,64,False,True,True,False,False,True,False,False,False,True,False,True,False,Reprobado,Reprobado
23.0,66.0,2,0,False,6.0,53.0,0,Yes,2.0,1,1,1.0,False,63,False,True,False,True,True,False,False,True,False,False,False,False,True,Reprobado,Reprobado
9.0,70.0,2,1,True,8.0,70.0,0,Yes,1.0,1,1,3.0,False,63,False,True,False,True,True,False,False,False,False,True,False,False,True,Reprobado,Aprobado
26.0,81.0,2,0,False,8.0,60.0,2,Yes,2.0,0,2,5.0,False,71,False,True,True,False,False,False,True,False,False,True,False,False,True,Aprobado,Reprobado
22.0,83.0,0,2,True,8.0,53.0,1,No,0.0,0,0,2.0,False,65,False,True,True,False,False,False,True,False,False,True,True,False,False,Aprobado,Reprobado
28.0,69.0,2,2,False,7.0,88.0,0,Yes,2.0,0,1,2.0,False,68,False,True,False,True,False,True,False,False,True,False,False,True,False,Aprobado,Aprobado
23.0,90.0,1,2,True,5.0,78.0,2,No,1.0,1,1,3.0,False,70,True,False,False,True,False,True,False,False,True,False,False,True,False,Aprobado,Aprobado
27.0,72.0,2,2,True,8.0,53.0,1,Yes,3.0,1,0,3.0,False,68,False,True,True,False,False,True,False,True,False,False,False,True,False,Aprobado,Reprobado
23.0,97.0,1,2,False,7.0,73.0,1,No,3.0,0,1,1.0,False,69,True,False,False,True,False,True,False,False,True,False,True,False,False,Aprobado,Aprobado
28.0,86.0,1,1,True,7.0,52.0,1,Yes,0.0,1,1,5.0,False,70,False,True,False,True,True,False,False,False,False,True,False,False,True,Aprobado,Reprobado
23.0,77.0,2,1,False,5.0,68.0,0,Yes,0.0,2,2,3.0,True,67,True,False,False,True,False,True,False,False,False,True,False,False,True,Aprobado,Aprobado
19.0,92.0,0,2,True,6.0,68.0,1,Yes,2.0,1,1,2.0,False,69,False,True,True,False,False,True,False,False,False,True,False,True,False,Aprobado,Aprobado
34.0,93.0,0,1,False,6.0,91.0,0,Yes,2.0,2,1,3.0,False,73,False,True,True,False,False,True,False,False,True,False,False,True,False,Aprobado,Aprobado
25.0,72.0,1,1,True,8.0,87.0,0,Yes,3.0,1,0,3.0,False,68,False,True,False,True,False,False,True,False,True,False,False,False,True,Aprobado,Aprobado
23.0,74.0,2,1,False,8.0,95.0,1,Yes,2.0,0,1,2.0,False,67,False,True,True,False,True,False,False,True,False,False,True,False,False,Aprobado,Aprobado
12.0,97.0,1,2,True,7.0,57.0,0,Yes,0.0,0,1,4.0,False,67,True,False,True,False,True,False,False,False,True,False,False,False,True,Aprobado,Reprobado
12.0,67.0,1,2,True,8.0,77.0,1,Yes,2.0,0,2,3.0,False,64,True,False,False,True,True,False,False,False,False,True,False,False,True,Reprobado,Aprobado
22.0,62.0,2,1,False,9.0,51.0,1,Yes,2.0,0,1,2.0,False,63,False,True,False,True,False,True,False,False,False,True,False,True,False,Reprobado,Reprobado
21.0,78.0,0,2,False,8.0,91.0,1,No,1.0,1,0,5.0,False,67,True,False,True,False,False,False,True,False,False,True,True,False,False,Aprobado,Aprobado
16.0,92.0,1,2,True,8.0,68.0,1,Yes,1.0,1,2,2.0,False,70,False,True,False,True,False,True,False,False,False,True,False,False,True,Aprobado,Aprobado
21.0,91.0,2,1,True,6.0,53.0,2,Yes,1.0,1,1,3.0,False,71,False,True,True,False,False,False,True,False,False,True,False,False,True,Aprobado,Reprobado
30.0,97.0,1,2,True,6.0,66.0,2,Yes,1.0,1,1,2.0,False,74,True,False,False,True,True,False,False,False,False,True,False,True,False,Aprobado,Aprobado
24.0,81.0,1,2,True,9.0,64.0,2,Yes,2.0,2,0,3.0,False,70,False,True,False,True,False,True,False,False,False,True,False,False,True,Aprobado,Reprobado
13.0,64.0,0,0,False,6.0,88.0,1,Yes,1.0,1,1,2.0,False,59,False,True,True,False,True,False,False,False,True,False,False,True,False,Reprobado,Aprobado
19.0,84.0,0,1,True,8.0,56.0,1,Yes,0.0,0,1,3.0,True,64,True,False,False,True,False,True,False,False,False,True,False,True,False,Reprobado,Reprobado
15.0,91.0,0,1,False,10.0,78.0,0,Yes,2.0,1,2,3.0,False,67,False,True,True,False,False,True,False,False,False,True,False,True,False,Aprobado,Aprobado
18.0,64.0,1,1,True,8.0,90.0,1,Yes,1.0,0,1,3.0,False,63,False,True,False,True,False,True,False,False,False,True,False,True,False,Reprobado,Aprobado
18.0,67.0,0,2,True,7.0,87.0,1,Yes,5.0,0,0,2.0,False,66,False,True,False,True,True,False,False,False,False,True,False,False,True,Aprobado,Aprobado
17.0,60.0,1,1,True,5.0,97.0,1,Yes,1.0,1,1,4.0,False,62,True,False,False,True,True,False,False,True,False,False,True,False,False,Reprobado,Aprobado
12.0,84.0,0,1,False,7.0,50.0,1,Yes,3.0,2,2,3.0,False,65,False,True,False,True,False,True,False,False,False,True,False,True,False,Aprobado,Reprobado
19.0,95.0,2,2,True,9.0,68.0,1,Yes,3.0,2,1,4.0,False,73,False,True,False,True,True,False,False,True,False,False,False,False,True,Aprobado,Aprobado
17.0,87.0,2,2,True,7.0,68.0,2,Yes,1.0,1,2,2.0,False,70,False,True,False,True,False,True,False,False,False,True,False,False,True,Aprobado,Aprobado
2.0,99.0,1,0,True,9.0,52.0,0,Yes,0.0,1,1,4.0,False,62,False,True,False,True,False,True,False,False,False,True,False,True,False,Reprobado,Reprobado
32.0,63.0,1,2,False,8.0,91.0,1,No,2.0,2,0,5.0,True,68,False,True,True,False,False,True,False,False,False,True,False,False,True,Aprobado,Aprobado
27.0,96.0,2,0,True,7.0,84.0,1,Yes,1.0,2,1,3.0,False,74,False,True,False,True,True,False,False,False,False,True,False,True,False,Aprobado,Aprobado
18.0,93.0,1,1,False,7.0,76.0,0,Yes,2.0,1,1,4.0,False,96,True,False,True,False,False,True,False,False,False,True,False,True,False,Aprobado,Aprobado
20.0,73.0,2,2,False,5.0,70.0,2,Yes,1.0,0,2,2.0,False,66,False,True,False,True,False,True,False,False,True,False,True,False,False,Aprobado,Aprobado
13.0,99.0,0,2,True,6.0,95.0,1,No,0.0,0,1,4.0,False,69,False,True,False,True,False,False,True,False,False,True,False,False,True,Aprobado,Aprobado
30.0,72.0,2,2,True,6.0,63.0,1,Yes,1.0,0,1,3.0,False,70,False,True,True,False,False,False,True,False,False,True,False,True,False,Aprobado,Reprobado
31.0,96.0,1,0,True,8.0,67.0,1,Yes,2.0,1,1,3.0,False,73,True,False,False,True,True,False,False,False,False,True,False,True,False,Aprobado,Aprobado
21.0,95.0,0,0,False,7.0,98.0,0,Yes,1.0,0,2,2.0,False,69,False,True,False,True,False,True,False,False,False,True,False,False,True,Aprobado,Aprobado
26.0,90.0,2,2,True,9.0,53.0,1,Yes,1.0,0,1,4.0,False,71,True,False,False,True,False,True,False,True,False,False,False,True,False,Aprobado,Reprobado
21.0,83.0,2,0,True,7.0,89.0,0,No,0.0,0,0,2.0,False,65,False,True,True,False,True,False,False,False,True,False,False,True,False,Aprobado,Aprobado
12.0,65.0,1,0,True,6.0,86.0,1,Yes,1.0,1,1,3.0,False,62,False,True,True,False,False,False,True,False,False,True,False,False,True,Reprobado,Aprobado
18.0,81.0,2,2,False,6.0,95.0,0,Yes,1.0,1,1,3.0,False,69,False,True,False,True,False,True,False,False,False,True,False,False,True,Aprobado,Aprobado
21.0,74.0,0,1,False,6.0,55.0,2,Yes,3.0,0,1,2.0,False,65,False,True,False,True,True,False,False,False,False,True,False,False,True,Aprobado,Reprobado
17.0,92.0,1,1,False,7.0,99.0,1,Yes,1.0,1,1,2.0,False,68,False,True,True,False,True,False,False,True,False,False,False,True,False,Aprobado,Aprobado
19.0,90.0,0,0,True,6.0,51.0,2,Yes,1.0,0,1,3.0,True,65,False,True,False,True,False,False,True,False,False,True,True,False,False,Aprobado,Reprobado
19.0,96.0,1,2,True,5.0,67.0,1,Yes,4.0,2,1,1.0,False,72,True,False,False,True,False,True,False,False,True,False,False,True,False,Aprobado,Aprobado
20.0,61.0,2,2,True,9.0,54.0,1,Yes,2.0,2,1,4.0,False,67,True,False,False,True,False,False,True,False,False,True,False,False,True,Aprobado,Reprobado
20.0,92.0,1,0,False,7.0,53.0,1,Yes,2.0,1,2,2.0,False,68,True,False,False,True,True,False,False,True,False,False,False,False,True,Aprobado,Reprobado
14.0,98.0,0,1,False,7.0,98.0,1,No,0.0,1,2,3.0,False,68,False,True,False,True,False,True,False,False,False,True,False,False,True,Aprobado,Aprobado
16.0,92.0,1,1,False,6.0,86.0,0,No,2.0,1,1,3.0,True,66,True,False,True,False,True,False,False,False,False,True,False,True,False,Aprobado,Aprobado
12.0,65.0,1,2,True,5.0,75.0,2,Yes,0.0,2,1,2.0,False,62,True,False,False,True,False,True,False,False,True,False,True,False,False,Reprobado,Aprobado
26.0,63.0,1,1,True,7.0,55.0,1,Yes,2.0,1,2,4.0,False,65,False,True,False,True,False,True,False,True,False,False,False,True,False,Aprobado,Reprobado
7.0,61.0,0,2,True,4.0,76.0,2,Yes,1.0,1,1,5.0,False,60,True,False,True,False,False,True,False,True,False,False,False,False,True,Reprobado,Aprobado
27.0,85.0,2,1,True,8.0,66.0,1,Yes,2.0,0,2,4.0,True,70,True,False,False,True,False,True,False,False,True,False,False,True,False,Aprobado,Aprobado
28.0,85.0,1,1,True,6.0,64.0,0,Yes,1.0,0,1,1.0,False,68,False,True,False,True,False,True,False,False,True,False,False,True,False,Aprobado,Reprobado
18.0,99.0,1,2,True,7.0,81.0,0,Yes,1.0,1,1,3.0,False,72,False,True,False,True,False,False,True,False,False,True,False,True,False,Aprobado,Aprobado
4.0,76.0,1,1,True,8.0,90.0,1,Yes,2.0,2,1,2.0,False,63,False,True,True,False,False,True,False,False,True,False,False,False,True,Reprobado,Aprobado
18.0,73.0,1,2,True,7.0,72.0,0,Yes,1.0,1,1,1.0,True,63,True,False,False,True,False,True,False,False,True,False,False,True,False,Reprobado,Aprobado
20.0,85.0,0,1,True,5.0,75.0,0,Yes,1.0,1,1,2.0,False,67,False,True,False,True,True,False,False,False,False,True,False,True,False,Aprobado,Aprobado
14.0,93.0,1,0,True,9.0,83.0,0,Yes,4.0,1,1,2.0,False,68,False,True,True,False,False,False,True,False,False,True,False,True,False,Aprobado,Aprobado
17.0,97.0,1,1,False,5.0,56.0,0,Yes,2.0,2,1,3.0,False,69,False,True,True,False,False,True,False,False,False,True,False,False,True,Aprobado,Reprobado
29.0,92.0,2,1,True,4.0,91.0,0,Yes,1.0,2,2,4.0,False,75,False,True,True,False,False,True,False,False,False,True,False,True,False,Aprobado,Aprobado
24.0,77.0,0,1,False,8.0,92.0,2,Yes,0.0,2,1,3.0,False,67,False,True,False,True,False,True,False,False,True,False,False,True,False,Aprobado,Aprobado
14.0,85.0,2,2,True,5.0,77.0,1,Yes,2.0,0,2,3.0,False,69,False,True,False,True,False,True,False,False,False,True,False,False,True,Aprobado,Aprobado
10.0,94.0,0,1,False,9.0,59.0,0,Yes,0.0,1,1,2.0,False,65,False,True,False,True,False,False,True,False,False,True,False,False,True,Aprobado,Reprobado
18.0,80.0,0,2,True,8.0,75.0,1,No,2.0,1,1,4.0,False,65,False,True,False,True,False,True,False,False,False,True,True,False,False,Aprobado,Aprobado
19.0,69.0,1,1,True,7.0,55.0,0,Yes,1.0,0,1,4.0,False,63,False,True,True,False,True,False,False,False,False,True,False,False,True,Reprobado,Reprobado
23.0,67.0,0,1,False,6.0,88.0,1,Yes,2.0,1,1,4.0,False,65,True,False,False,True,False,True,False,False,False,True,False,True,False,Aprobado,Aprobado
17.0,60.0,1,0,False,6.0,66.0,1,Yes,0.0,0,1,2.0,False,58,False,True,True,False,False,True,False,True,False,False,False,False,True,Reprobado,Aprobado
23.0,89.0,2,2,True,6.0,66.0,0,Yes,0.0,0,2,3.0,False,70,True,False,False,True,False,True,False,False,True,False,False,False,True,Aprobado,Aprobado
32.0,64.0,0,0,True,6.0,97.0,1,Yes,1.0,1,0,5.0,False,66,False,True,False,True,True,False,False,False,True,False,False,True,False,Aprobado,Aprobado
25.0,70.0,1,0,False,9.0,71.0,1,No,2.0,0,1,2.0,False,63,False,True,True,False,True,False,False,False,False,True,True,False,False,Reprobado,Aprobado
20.0,72.0,1,0,True,6.0,89.0,0,Yes,1.0,0,1,3.0,False,62,True,False,False,True,False,True,False,True,False,False,True,False,False,Reprobado,Aprobado
19.0,82.0,1,1,True,8.0,82.0,2,Yes,2.0,1,1,3.0,False,69,True,False,True,False,True,False,False,False,True,False,False,False,True,Aprobado,Aprobado
18.0,76.0,1,1,False,9.0,66.0,2,Yes,1.0,2,2,3.0,False,66,False,True,True,False,False,True,False,False,False,True,False,False,True,Aprobado,Aprobado
27.0,87.0,2,0,False,6.0,56.0,1,Yes,0.0,0,2,2.0,False,68,False,True,False,True,False,True,False,False,True,False,False,True,False,Aprobado,Reprobado
16.0,62.0,0,1,True,8.0,90.0,0,Yes,2.0,2,1,2.0,False,62,False,True,False,True,False,False,True,True,False,False,False,True,False,Reprobado,Aprobado
20.0,65.0,2,1,False,6.0,88.0,1,Yes,0.0,1,2,4.0,True,64,False,True,False,True,False,True,False,False,False,True,True,False,False,Reprobado,Aprobado
20.0,80.0,1,2,True,7.0,58.0,0,No,0.0,1,1,2.0,False,65,False,True,True,False,True,False,False,False,False,True,False,True,False,Aprobado,Reprobado
17.0,73.0,1,2,True,6.0,62.0,0,Yes,2.0,0,1,3.0,False,64,True,False,False,True,True,False,False,True,False,False,True,False,False,Reprobado,Reprobado
12.0,72.0,1,1,False,6.0,88.0,2,Yes,2.0,2,1,3.0,False,65,False,True,True,False,False,True,False,False,False,True,False,False,True,Aprobado,Aprobado
22.0,63.0,1,1,True,7.0,99.0,0,Yes,3.0,1,1,4.0,False,65,True,False,False,True,False,True,False,False,True,False,False,True,False,Aprobado,Aprobado
20.0,96.0,0,1,True,5.0,92.0,1,Yes,0.0,1,1,3.0,False,70,False,True,True,False,True,False,False,False,False,True,False,True,False,Aprobado,Aprobado
23.0,88.0,0,2,False,8.0,84.0,2,Yes,2.0,1,1,3.0,True,71,True,False,True,False,False,False,True,False,False,True,False,False,True,Aprobado,Aprobado
17.0,65.0,1,1,True,5.0,96.0,0,Yes,2.0,1,2,3.0,False,65,False,True,False,True,True,False,False,False,True,False,False,False,True,Aprobado,Aprobado
27.0,63.0,2,1,False,5.0,64.0,1,No,1.0,2,2,4.0,False,67,False,True,False,True,False,False,True,False,False,True,False,False,True,Aprobado,Reprobado
15.0,99.0,0,2,True,7.0,50.0,2,No,4.0,0,1,2.0,False,68,False,True,False,True,False,True,False,False,True,False,False,False,True,Aprobado,Reprobado
30.0,87.0,2,2,True,6.0,66.0,0,Yes,1.0,1,1,4.0,False,73,False,True,False,True,False,True,False,False,False,True,False,True,False,Aprobado,Aprobado
10.0,77.0,1,2,False,8.0,99.0,1,Yes,0.0,1,2,4.0,True,64,False,True,False,True,False,True,False,False,False,True,False,True,False,Reprobado,Aprobado
23.0,88.0,2,2,False,7.0,94.0,0,No,3.0,0,1,1.0,False,71,True,False,False,True,False,True,False,False,False,True,False,False,True,Aprobado,Aprobado
23.0,90.0,1,2,False,5.0,53.0,1,Yes,2.0,1,2,2.0,False,70,True,False,True,False,False,True,False,False,False,True,False,False,True,Aprobado,Reprobado
15.0,91.0,0,2,False,8.0,75.0,1,Yes,4.0,1,1,1.0,False,68,False,True,True,False,False,True,False,False,False,True,False,True,False,Aprobado,Aprobado
23.0,79.0,2,1,True,7.0,54.0,1,Yes,2.0,0,1,4.0,False,68,True,False,True,False,True,False,False,False,True,False,False,True,False,Aprobado,Reprobado
28.0,77.0,0,2,True,7.0,89.0,1,Yes,3.0,0,1,3.0,True,68,False,True,False,True,False,True,False,True,False,False,False,False,True,Aprobado,Aprobado
7.0,60.0,1,2,True,10.0,69.0,0,Yes,0.0,0,1,3.0,False,59,True,False,True,False,True,False,False,False,True,False,False,False,True,Reprobado,Aprobado
23.0,97.0,1,1,True,9.0,96.0,1,Yes,2.0,1,2,4.0,False,74,True,False,False,True,True,False,False,False,False,True,False,True,False,Aprobado,Aprobado
5.0,84.0,1,1,True,7.0,53.0,0,No,1.0,0,2,3.0,False,62,False,True,False,True,False,False,True,False,True,False,False,False,True,Reprobado,Reprobado
14.0,68.0,2,0,True,5.0,87.0,2,Yes,2.0,1,1,3.0,False,64,False,True,False,True,False,True,False,True,False,False,False,False,True,Reprobado,Aprobado
30.0,97.0,2,2,False,5.0,70.0,1,Yes,0.0,2,1,2.0,False,76,False,True,False,True,False,False,True,False,False,True,False,False,True,Aprobado,Aprobado
17.0,97.0,2,1,True,9.0,63.0,1,Yes,2.0,0,1,2.0,False,70,False,True,False,True,False,True,False,False,False,True,False,False,True,Aprobado,Reprobado
13.0,100.0,2,1,False,6.0,76.0,1,No,0.0,0,0,5.0,False,69,False,True,False,True,False,False,True,False,False,True,False,False,True,Aprobado,Aprobado
19.0,95.0,1,1,True,7.0,74.0,2,No,0.0,0,2,2.0,False,69,False,True,True,False,False,True,False,False,False,True,False,False,True,Aprobado,Aprobado
32.0,100.0,0,2,True,5.0,67.0,1,No,4.0,1,1,3.0,False,74,False,True,False,True,False,True,False,True,False,False,False,False,True,Aprobado,Aprobado
9.0,70.0,2,1,False,8.0,82.0,0,No,2.0,2,2,2.0,False,62,False,True,True,False,False,True,False,False,False,True,True,False,False,Reprobado,Aprobado
14.0,94.0,1,1,False,9.0,83.0,2,Yes,2.0,0,2,3.0,False,70,False,True,False,True,False,False,True,False,True,False,False,False,True,Aprobado,Aprobado
29.0,93.0,0,1,True,9.0,54.0,1,No,4.0,0,2,3.0,False,71,False,True,False,True,False,True,False,False,False,True,False,False,True,Aprobado,Reprobado
31.0,69.0,1,0,True,6.0,80.0,0,Yes,4.0,1,1,2.0,False,68,False,True,False,True,True,False,False,False,False,True,True,False,False,Aprobado,Aprobado
19.0,64.0,2,0,True,8.0,86.0,0,Yes,3.0,2,1,3.0,False,66,True,False,True,False,False,False,True,False,False,True,False,True,False,Aprobado,Aprobado
13.0,99.0,0,1,False,7.0,54.0,2,Yes,3.0,2,1,3.0,False,67,False,True,False,True,False,True,False,True,False,False,True,False,False,Aprobado,Reprobado
33.0,72.0,2,1,False,8.0,83.0,0,Yes,3.0,0,2,4.0,False,71,True,False,False,True,False,True,False,False,False,True,False,True,False,Aprobado,Aprobado
30.0,95.0,1,1,True,7.0,90.0,1,Yes,3.0,1,1,1.0,False,74,False,True,False,True,False,True,False,False,True,False,False,True,False,Aprobado,Aprobado
24.0,60.0,0,1,True,6.0,92.0,0,Yes,3.0,1,1,2.0,False,65,False,True,False,True,True,False,False,False,False,True,False,False,True,Aprobado,Aprobado
15.0,61.0,2,0,True,9.0,52.0,1,Yes,1.0,1,1,3.0,False,60,True,False,True,False,False,True,False,False,True,False,False,True,False,Reprobado,Reprobado
20.0,79.0,2,2,True,7.0,85.0,0,Yes,2.0,1,1,2.0,False,69,False,True,False,True,True,False,False,False,True,False,False,True,False,Aprobado,Aprobado
19.0,70.0,1,1,True,6.0,90.0,0,Yes,2.0,0,1,3.0,False,65,True,False,False,True,False,True,False,False,True,False,False,False,True,Aprobado,Aprobado
22.0,88.0,1,0,True,7.0,70.0,1,Yes,3.0,0,1,2.0,False,69,False,True,True,False,False,True,False,False,False,True,False,False,True,Aprobado,Aprobado
29.0,83.0,1,0,True,6.0,77.0,2,Yes,1.0,1,1,4.0,False,70,False,True,False,True,False,True,False,False,False,True,False,True,False,Aprobado,Aprobado
25.0,63.0,2,0,True,8.0,63.0,1,Yes,0.0,1,2,1.0,True,65,True,False,True,False,False,False,True,False,False,True,False,False,True,Aprobado,Reprobado
14.0,67.0,0,0,True,7.0,66.0,0,Yes,0.0,0,1,4.0,False,57,False,True,True,False,False,True,False,True,False,False,False,True,False,Reprobado,Aprobado
28.0,76.0,1,1,True,6.0,75.0,0,Yes,0.0,1,2,2.0,False,68,False,True,True,False,False,True,False,False,False,True,False,False,True,Aprobado,Aprobado
22.0,67.0,2,2,False,10.0,58.0,1,Yes,2.0,2,0,3.0,False,67,False,True,False,True,False,False,True,False,False,True,False,True,False,Aprobado,Reprobado
24.0,92.0,1,1,False,5.0,69.0,1,Yes,2.0,1,1,4.0,False,70,True,False,True,False,False,True,False,False,False,True,True,False,False,Aprobado,Aprobado
29.0,77.0,1,1,True,8.0,65.0,1,Yes,1.0,1,1,3.0,False,68,False,True,False,True,False,True,False,False,False,True,False,True,False,Aprobado,Aprobado
13.0,64.0,2,2,True,7.0,62.0,1,Yes,1.0,0,1,1.0,False,62,False,True,True,False,True,False,False,False,True,False,False,True,False,Reprobado,Reprobado
20.0,79.0,2,1,True,5.0,74.0,1,Yes,1.0,0,1,5.0,False,67,False,True,False,True,False,True,False,True,False,False,False,True,False,Aprobado,Aprobado
17.0,64.0,2,2,True,6.0,92.0,1,Yes,0.0,1,1,1.0,False,66,True,False,False,True,False,False,True,False,False,True,False,False,True,Aprobado,Aprobado
11.0,65.0,1,0,True,5.0,62.0,1,Yes,2.0,1,2,2.0,False,60,False,True,True,False,True,False,False,True,False,False,False,True,False,Reprobado,Reprobado
22.0,70.0,2,0,False,10.0,83.0,0,Yes,0.0,1,1,2.0,False,65,False,True,False,True,True,False,False,False,True,False,False,False,True,Aprobado,Aprobado
35.0,94.0,2,1,True,7.0,63.0,1,Yes,1.0,0,2,2.0,False,75,False,True,True,False,True,False,False,False,False,True,False,False,True,Aprobado,Reprobado
9.0,97.0,0,1,True,7.0,57.0,1,Yes,4.0,1,2,5.0,False,67,False,True,True,False,False,True,False,True,False,False,False,True,False,Aprobado,Reprobado
20.0,93.0,1,2,False,10.0,97.0,1,Yes,1.0,0,1,2.0,False,71,False,True,False,True,False,False,True,False,True,False,False,True,False,Aprobado,Aprobado
24.0,73.0,0,0,True,6.0,82.0,1,Yes,0.0,1,1,2.0,True,63,False,True,False,True,False,True,False,False,False,True,True,False,False,Reprobado,Aprobado
21.0,71.0,2,1,True,9.0,55.0,0,Yes,2.0,2,2,1.0,False,67,False,True,False,True,False,False,True,False,True,False,False,False,True,Aprobado,Reprobado
19.0,82.0,2,1,False,8.0,82.0,0,Yes,2.0,0,1,4.0,False,68,True,False,True,False,False,False,True,False,False,True,True,False,False,Aprobado,Aprobado
12.0,89.0,2,0,True,4.0,59.0,0,Yes,2.0,0,2,4.0,False,65,False,True,False,True,False,True,False,False,False,True,True,False,False,Aprobado,Reprobado
21.0,100.0,0,2,False,6.0,94.0,1,No,1.0,2,1,3.0,False,72,False,True,True,False,True,False,False,False,True,False,False,False,True,Aprobado,Aprobado
15.0,65.0,1,1,False,8.0,62.0,1,Yes,1.0,1,1,4.0,False,61,False,True,True,False,False,True,False,False,True,False,False,True,False,Reprobado,Reprobado
7.0,62.0,0,2,False,7.0,90.0,1,Yes,1.0,1,0,5.0,False,60,False,True,True,False,True,False,False,False,True,False,False,True,False,Reprobado,Aprobado
27.0,88.0,2,2,True,7.0,60.0,1,Yes,2.0,0,1,2.0,False,72,False,True,True,False,False,True,False,False,False,True,False,False,True,Aprobado,Reprobado
26.0,93.0,1,1,True,6.0,78.0,1,Yes,2.0,1,1,3.0,False,72,False,True,True,False,False,False,True,True,False,False,False,True,False,Aprobado,Aprobado
20.0,94.0,0,1,True,6.0,96.0,1,Yes,2.0,1,1,3.0,False,70,True,False,False,True,True,False,False,False,False,True,True,False,False,Aprobado,Aprobado
21.0,87.0,0,1,False,7.0,65.0,2,Yes,2.0,1,1,3.0,True,67,False,True,False,True,True,False,False,False,False,True,True,False,False,Aprobado,Aprobado
26.0,98.0,1,1,False,10.0,54.0,1,Yes,0.0,0,2,1.0,False,71,True,False,False,True,False,False,True,False,False,True,False,True,False,Aprobado,Reprobado
21.0,80.0,1,0,True,6.0,78.0,1,Yes,0.0,1,1,2.0,False,66,True,False,True,False,False,False,True,False,False,True,True,False,False,Aprobado,Aprobado
25.0,97.0,2,2,False,6.0,59.0,0,Yes,0.0,0,2,2.0,False,72,False,True,True,False,False,True,False,False,False,True,False,False,True,Aprobado,Reprobado
18.0,99.0,1,1,True,7.0,86.0,1,No,1.0,2,1,4.0,False,70,False,True,True,False,False,True,False,False,True,False,False,True,False,Aprobado,Aprobado
28.0,94.0,1,0,True,5.0,80.0,1,Yes,2.0,2,1,2.0,False,71,False,True,True,False,False,True,False,False,True,False,True,False,False,Aprobado,Aprobado
22.0,72.0,0,0,True,8.0,67.0,2,Yes,2.0,1,1,4.0,False,64,False,True,False,True,True,False,False,True,False,False,True,False,False,Reprobado,Aprobado
21.0,68.0,1,1,True,5.0,85.0,1,No,3.0,2,1,2.0,False,66,False,True,False,True,True,False,False,False,True,False,False,False,True,Aprobado,Aprobado
12.0,82.0,2,0,False,5.0,62.0,0,Yes,2.0,1,1,4.0,False,64,False,True,False,True,False,True,False,False,False,True,False,False,True,Reprobado,Reprobado
22.0,78.0,1,1,True,5.0,96.0,1,Yes,0.0,0,1,3.0,False,67,False,True,False,True,False,True,False,False,True,False,False,True,False,Aprobado,Aprobado
15.0,95.0,0,0,False,5.0,67.0,2,Yes,3.0,1,1,3.0,False,67,False,True,True,False,False,True,False,False,True,False,False,False,True,Aprobado,Aprobado
16.0,64.0,2,0,False,9.0,88.0,1,Yes,1.0,1,2,3.0,False,64,False,True,False,True,False,True,False,False,False,True,False,False,True,Reprobado,Aprobado
15.0,70.0,0,1,False,8.0,63.0,0,Yes,0.0,1,1,4.0,False,61,True,False,True,False,False,True,False,False,True,False,False,False,True,Reprobado,Reprobado
14.0,90.0,2,2,True,8.0,86.0,1,Yes,4.0,1,1,2.0,False,99,True,False,True,False,False,True,False,False,False,True,True,False,False,Aprobado,Aprobado
33.0,64.0,1,1,False,8.0,52.0,0,No,3.0,2,1,4.0,False,67,False,True,False,True,False,True,False,False,False,True,False,False,True,Aprobado,Reprobado
28.0,73.0,1,2,True,7.0,65.0,2,Yes,3.0,2,2,3.0,False,72,False,True,False,True,False,False,True,False,False,True,False,False,True,Aprobado,Aprobado
32.0,75.0,0,0,False,7.0,55.0,1,Yes,1.0,1,1,4.0,False,66,False,True,False,True,False,True,False,False,True,False,False,True,False,Aprobado,Reprobado
13.0,85.0,0,2,True,9.0,73.0,2,Yes,3.0,1,2,2.0,False,68,False,True,False,True,False,False,True,False,True,False,False,False,True,Aprobado,Aprobado
20.0,66.0,2,0,False,9.0,72.0,0,Yes,1.0,1,2,1.0,False,64,False,True,True,False,True,False,False,False,False,True,False,False,True,Reprobado,Aprobado
12.0,94.0,2,2,False,5.0,68.0,2,Yes,1.0,2,1,2.0,False,69,False,True,False,True,False,True,False,False,False,True,False,True,False,Aprobado,Aprobado
16.0,78.0,1,2,False,10.0,99.0,0,Yes,0.0,0,1,4.0,False,65,False,True,True,False,False,True,False,True,False,False,False,False,True,Aprobado,Aprobado
14.0,97.0,0,2,False,5.0,62.0,1,No,1.0,1,1,4.0,True,66,False,True,True,False,False,False,True,True,False,False,False,True,False,Aprobado,Reprobado
27.0,79.0,2,2,True,6.0,90.0,0,Yes,3.0,1,2,4.0,False,73,False,True,False,True,False,True,False,False,False,True,False,False,True,Aprobado,Aprobado
18.0,71.0,1,1,True,7.0,72.0,0,Yes,0.0,0,1,4.0,False,63,False,True,True,False,False,True,False,False,False,True,False,True,False,Reprobado,Aprobado
26.0,66.0,1,1,True,7.0,67.0,2,Yes,3.0,1,1,4.0,False,66,False,True,True,False,False,True,False,False,True,False,True,False,False,Aprobado,Aprobado
24.0,60.0,1,1,True,10.0,60.0,0,Yes,3.0,0,2,2.0,False,65,True,False,True,False,False,False,True,False,False,True,False,True,False,Aprobado,Reprobado
34.0,81.0,1,1,True,9.0,82.0,0,Yes,1.0,1,2,2.0,False,71,False,True,False,True,False,True,False,False,False,True,True,False,False,Aprobado,Aprobado
11.0,64.0,1,0,True,8.0,67.0,2,No,1.0,1,1,2.0,True,58,False,True,False,True,True,False,False,False,False,True,False,True,False,Reprobado,Aprobado
28.0,76.0,1,1,False,9.0,91.0,1,Yes,0.0,0,2,3.0,False,68,True,False,False,True,False,True,False,False,True,False,False,True,False,Aprobado,Aprobado
27.0,84.0,1,1,False,8.0,98.0,1,Yes,0.0,0,1,4.0,False,69,False,True,False,True,False,True,False,False,True,False,False,True,False,Aprobado,Aprobado
14.0,71.0,2,0,True,6.0,61.0,0,Yes,0.0,0,1,3.0,False,63,False,True,True,False,False,False,True,False,False,True,False,False,True,Reprobado,Reprobado
26.0,67.0,1,1,True,8.0,56.0,1,Yes,1.0,1,1,5.0,False,66,False,True,True,False,True,False,False,False,False,True,True,False,False,Aprobado,Reprobado
22.0,91.0,1,1,True,7.0,66.0,1,No,0.0,2,2,3.0,False,69,False,True,True,False,True,False,False,False,False,True,True,False,False,Aprobado,Aprobado
19.0,98.0,1,0,True,6.0,73.0,1,Yes,3.0,0,1,3.0,False,69,True,False,False,True,True,False,False,False,False,True,True,False,False,Aprobado,Aprobado
15.0,64.0,2,1,False,9.0,65.0,1,Yes,2.0,1,1,2.0,False,63,False,True,False,True,False,True,False,False,False,True,False,True,False,Reprobado,Aprobado
16.0,66.0,0,2,True,7.0,99.0,1,Yes,1.0,0,1,3.0,False,65,False,True,True,False,True,False,False,False,False,True,False,False,True,Aprobado,Aprobado
32.0,98.0,0,2,False,5.0,89.0,1,Yes,2.0,2,0,3.0,False,76,True,False,False,True,True,False,False,False,False,True,False,False,True,Aprobado,Aprobado
20.0,62.0,2,1,True,6.0,98.0,2,Yes,0.0,2,2,3.0,False,67,False,True,False,True,False,False,True,False,False,True,False,True,False,Aprobado,Aprobado
25.0,99.0,0,1,False,8.0,69.0,1,No,1.0,0,2,3.0,False,70,False,True,False,True,False,False,True,False,True,False,False,False,True,Aprobado,Aprobado
15.0,60.0,1,0,False,9.0,65.0,1,Yes,1.0,1,2,5.0,False,60,False,True,False,True,True,False,False,False,True,False,True,False,False,Reprobado,Aprobado
15.0,95.0,2,0,False,8.0,70.0,1,Yes,2.0,2,2,3.0,True,68,False,True,True,False,False,True,False,False,False,True,False,True,False,Aprobado,Aprobado
26.0,72.0,1,1,True,8.0,76.0,1,Yes,1.0,1,1,3.0,False,68,False,True,False,True,False,False,True,False,False,True,True,False,False,Aprobado,Aprobado
12.0,98.0,0,2,True,6.0,87.0,1,Yes,2.0,0,1,3.0,False,70,True,False,True,False,False,False,True,False,False,True,False,True,False,Aprobado,Aprobado
18.0,73.0,1,2,True,7.0,94.0,2,Yes,1.0,2,1,3.0,False,68,True,False,True,False,False,False,True,False,True,False,False,True,False,Aprobado,Aprobado
20.0,86.0,2,2,False,7.0,73.0,1,Yes,3.0,0,0,3.0,True,69,False,True,False,True,False,True,False,False,False,True,False,True,False,Aprobado,Aprobado
21.0,63.0,1,1,True,7.0,64.0,1,Yes,0.0,0,1,3.0,False,62,False,True,True,False,False,True,False,False,False,True,True,False,False,Reprobado,Reprobado
19.0,70.0,2,0,False,7.0,66.0,1,Yes,1.0,2,0,4.0,False,64,True,False,False,True,True,False,False,False,True,False,False,True,False,Reprobado,Aprobado
22.0,91.0,2,1,False,6.0,85.0,0,Yes,2.0,1,1,2.0,False,71,True,False,True,False,False,True,False,False,True,False,False,False,True,Aprobado,Aprobado
24.0,81.0,1,1,True,8.0,78.0,1,Yes,1.0,0,1,2.0,False,68,False,True,False,True,False,True,False,False,False,True,False,False,True,Aprobado,Aprobado
24.0,97.0,2,1,False,5.0,74.0,2,Yes,0.0,1,0,5.0,False,72,False,True,True,False,False,True,False,False,False,True,False,True,False,Aprobado,Aprobado
14.0,77.0,1,1,True,5.0,60.0,0,Yes,1.0,2,2,3.0,False,64,True,False,False,True,False,False,True,True,False,False,True,False,False,Reprobado,Reprobado
18.0,95.0,1,2,True,6.0,94.0,1,Yes,6.0,0,2,3.0,False,73,False,True,True,False,False,True,False,True,False,False,False,True,False,Aprobado,Aprobado
27.0,78.0,1,2,False,8.0,89.0,0,Yes,0.0,0,1,3.0,False,69,False,True,True,False,False,False,True,False,False,True,False,True,False,Aprobado,Aprobado
25.0,99.0,0,1,False,8.0,57.0,1,Yes,1.0,1,0,3.0,False,70,True,False,False,True,False,False,True,False,True,False,False,False,True,Aprobado,Reprobado
12.0,98.0,1,2,False,4.0,68.0,1,Yes,3.0,0,2,2.0,False,69,False,True,True,False,False,True,False,False,False,True,False,True,False,Aprobado,Aprobado
22.0,73.0,1,0,False,8.0,77.0,1,Yes,1.0,2,1,3.0,False,64,False,True,False,True,False,True,False,True,False,False,False,True,False,Reprobado,Aprobado
8.0,95.0,1,1,False,7.0,73.0,0,Yes,2.0,1,1,2.0,False,66,True,False,False,True,True,False,False,False,False,True,False,True,False,Aprobado,Aprobado
20.0,94.0,1,1,True,6.0,70.0,2,Yes,1.0,1,1,2.0,False,69,False,True,True,False,False,True,False,False,True,False,False,True,False,Aprobado,Aprobado
31.0,68.0,2,1,False,7.0,86.0,0,Yes,1.0,0,1,3.0,False,68,True,False,True,False,False,True,False,False,True,False,False,False,True,Aprobado,Aprobado
14.0,85.0,1,0,True,5.0,53.0,1,Yes,4.0,1,1,3.0,False,65,False,True,False,True,False,True,False,False,False,True,False,True,False,Aprobado,Reprobado
15.0,63.0,2,0,True,7.0,74.0,1,Yes,4.0,0,1,2.0,False,62,False,True,False,True,False,True,False,False,True,False,True,False,False,Reprobado,Aprobado
25.0,93.0,2,2,True,5.0,63.0,1,Yes,2.0,2,1,2.0,False,75,False,True,True,False,False,False,True,False,False,True,False,False,True,Aprobado,Reprobado
11.0,67.0,1,1,True,6.0,54.0,0,Yes,0.0,0,1,3.0,False,60,False,True,True,False,False,True,False,False,False,True,False,False,True,Reprobado,Reprobado
16.0,63.0,1,2,True,6.0,73.0,1,Yes,0.0,1,1,4.0,False,63,False,True,False,True,True,False,False,False,False,True,False,True,False,Reprobado,Aprobado
24.0,76.0,1,0,True,8.0,59.0,1,Yes,2.0,1,1,4.0,False,66,False,True,False,True,True,False,False,True,False,False,False,False,True,Aprobado,Reprobado
16.0,83.0,2,1,True,7.0,63.0,1,Yes,0.0,1,1,3.0,False,67,False,True,True,False,False,False,True,False,False,True,False,True,False,Aprobado,Reprobado
19.0,94.0,0,1,True,8.0,75.0,1,Yes,1.0,1,1,3.0,False,68,False,True,True,False,True,False,False,False,True,False,True,False,False,Aprobado,Aprobado
24.0,99.0,1,1,True,5.0,99.0,1,Yes,0.0,0,1,3.0,False,72,False,True,True,False,False,True,False,False,True,False,False,False,True,Aprobado,Aprobado
23.0,78.0,0,1,False,7.0,84.0,2,Yes,0.0,0,1,3.0,False,66,True,False,False,True,True,False,False,False,False,True,False,True,False,Aprobado,Aprobado
22.0,62.0,1,1,True,8.0,64.0,1,Yes,0.0,0,1,3.0,False,63,False,True,True,False,False,False,True,False,False,True,False,True,False,Reprobado,Reprobado
18.0,90.0,1,2,True,9.0,69.0,1,Yes,1.0,2,2,3.0,False,71,True,False,True,False,True,False,False,False,True,False,False,False,True,Aprobado,Aprobado
22.0,83.0,0,1,True,5.0,70.0,2,Yes,2.0,0,1,3.0,False,67,False,True,False,True,True,False,False,True,False,False,False,False,True,Aprobado,Aprobado
19.0,78.0,1,1,True,6.0,58.0,1,Yes,1.0,0,1,3.0,False,66,False,True,False,True,False,False,True,False,False,True,False,True,False,Aprobado,Reprobado
23.0,72.0,2,1,False,8.0,58.0,1,No,2.0,0,2,2.0,False,66,True,False,True,False,True,False,False,False,False,True,False,False,True,Aprobado,Reprobado
17.0,80.0,2,2,False,9.0,57.0,1,Yes,4.0,0,1,2.0,False,68,False,True,False,True,True,False,False,False,False,True,False,False,True,Aprobado,Reprobado
19.0,74.0,1,1,False,7.0,76.0,2,Yes,1.0,2,1,3.0,False,66,False,True,True,False,True,False,False,False,False,True,False,True,False,Aprobado,Aprobado
14.0,90.0,2,1,True,5.0,84.0,1,Yes,0.0,0,1,3.0,False,68,False,True,True,False,False,False,True,False,False,True,True,False,False,Aprobado,Aprobado
20.0,82.0,2,1,True,5.0,80.0,1,Yes,3.0,0,1,1.0,True,68,False,True,True,False,True,False,False,False,False,True,False,True,False,Aprobado,Aprobado
15.0,95.0,0,1,True,7.0,99.0,0,Yes,0.0,2,2,2.0,False,68,False,True,True,False,False,True,False,False,False,True,False,True,False,Aprobado,Aprobado
13.0,82.0,1,2,False,8.0,56.0,0,Yes,2.0,0,2,3.0,False,66,True,False,False,True,False,False,True,False,False,True,False,True,False,Aprobado,Reprobado
22.0,70.0,2,0,False,7.0,99.0,1,Yes,1.0,0,2,2.0,False,66,True,False,False,True,False,True,False,False,True,False,False,False,True,Aprobado,Aprobado
21.0,94.0,1,2,False,5.0,73.0,0,Yes,0.0,1,2,3.0,False,70,False,True,True,False,False,False,True,True,False,False,False,True,False,Aprobado,Aprobado
25.0,82.0,2,1,True,9.0,61.0,0,Yes,1.0,2,1,2.0,False,68,False,True,False,True,False,True,False,False,False,True,True,False,False,Aprobado,Reprobado
17.0,68.0,1,1,True,6.0,97.0,2,Yes,2.0,2,0,3.0,False,65,False,True,False,True,False,True,False,False,True,False,True,False,False,Aprobado,Aprobado
22.0,85.0,0,2,True,8.0,73.0,2,Yes,1.0,1,1,3.0,False,70,True,False,False,True,True,False,False,False,False,True,False,False,True,Aprobado,Aprobado
23.0,74.0,1,1,False,4.0,67.0,1,Yes,3.0,2,1,5.0,False,66,True,False,False,True,False,True,False,True,False,False,True,False,False,Aprobado,Aprobado
23.0,94.0,1,2,True,9.0,61.0,1,No,0.0,1,1,1.0,True,68,False,True,True,False,False,False,True,False,True,False,True,False,False,Aprobado,Reprobado
15.0,78.0,1,1,True,6.0,63.0,2,Yes,1.0,1,1,2.0,True,64,True,False,False,True,True,False,False,False,True,False,False,True,False,Reprobado,Reprobado
21.0,89.0,1,1,False,9.0,99.0,1,Yes,0.0,1,1,3.0,False,69,True,False,False,True,False,True,False,False,False,True,True,False,False,Aprobado,Aprobado
22.0,64.0,1,1,False,8.0,65.0,0,Yes,2.0,1,1,4.0,False,65,True,False,True,False,False,False,True,False,False,True,False,True,False,Aprobado,Aprobado
20.0,76.0,1,2,True,5.0,99.0,0,No,3.0,1,2,3.0,False,69,False,True,True,False,False,False,True,False,False,True,True,False,False,Aprobado,Aprobado
7.0,99.0,0,2,True,7.0,67.0,0,No,1.0,2,2,4.0,False,66,True,False,True,False,False,True,False,False,False,True,False,True,False,Aprobado,Aprobado
21.0,92.0,2,0,False,9.0,62.0,1,Yes,1.0,1,0,2.0,False,68,False,True,True,False,False,True,False,False,False,True,False,False,True,Aprobado,Reprobado
33.0,66.0,1,1,True,6.0,59.0,1,Yes,3.0,2,1,2.0,False,70,False,True,True,False,False,False,True,False,False,True,False,False,True,Aprobado,Reprobado
18.0,71.0,2,1,False,9.0,71.0,1,Yes,1.0,1,2,3.0,False,65,False,True,True,False,False,True,False,False,True,False,False,False,True,Aprobado,Aprobado
16.0,73.0,2,1,True,8.0,62.0,1,Yes,0.0,2,2,2.0,False,65,True,False,True,False,False,True,False,False,False,True,False,True,False,Aprobado,Reprobado
22.0,86.0,1,0,False,9.0,85.0,1,Yes,1.0,1,1,3.0,False,68,False,True,True,False,False,False,True,False,False,True,True,False,False,Aprobado,Aprobado
22.0,90.0,0,1,False,7.0,62.0,0,Yes,0.0,1,1,3.0,False,67,False,True,False,True,True,False,False,False,False,True,False,False,True,Aprobado,Reprobado
27.0,90.0,2,2,False,7.0,92.0,1,Yes,0.0,0,1,3.0,False,72,True,False,True,False,False,True,False,False,False,True,False,True,False,Aprobado,Aprobado
12.0,80.0,2,2,True,10.0,92.0,2,Yes,1.0,2,2,3.0,False,70,False,True,False,True,False,False,True,False,True,False,False,False,True,Aprobado,Aprobado
24.0,92.0,0,2,True,8.0,64.0,2,Yes,1.0,2,2,3.0,False,72,True,False,False,True,True,False,False,False,False,True,False,True,False,Aprobado,Reprobado
24.0,77.0,2,2,True,7.0,88.0,0,Yes,1.0,2,1,5.0,False,71,False,True,False,True,True,False,False,False,False,True,True,False,False,Aprobado,Aprobado
19.0,65.0,0,1,False,8.0,93.0,0,Yes,1.0,1,2,4.0,False,64,True,False,False,True,True,False,False,False,False,True,False,True,False,Reprobado,Aprobado
22.0,83.0,0,2,True,6.0,80.0,1,Yes,2.0,1,1,5.0,False,69,False,True,True,False,False,True,False,False,True,False,False,False,True,Aprobado,Aprobado
26.0,98.0,1,1,True,7.0,68.0,1,Yes,4.0,0,1,1.0,False,73,False,True,True,False,False,True,False,False,False,True,False,False,True,Aprobado,Aprobado
25.0,92.0,0,2,True,9.0,72.0,1,Yes,1.0,0,1,5.0,False,70,False,True,True,False,False,False,True,True,False,False,True,False,False,Aprobado,Aprobado
13.0,83.0,2,1,False,7.0,89.0,1,Yes,1.0,0,1,4.0,False,68,False,True,True,False,False,False,True,False,False,True,False,True,False,Aprobado,Aprobado
25.0,86.0,2,1,False,6.0,65.0,1,Yes,2.0,1,2,5.0,False,71,False,True,False,True,False,True,False,False,True,False,False,False,True,Aprobado,Aprobado
20.0,97.0,1,2,False,6.0,67.0,0,Yes,1.0,0,2,3.0,False,71,True,False,True,False,False,False,True,False,False,True,False,False,True,Aprobado,Aprobado
20.0,77.0,0,2,True,7.0,58.0,2,Yes,0.0,2,1,3.0,False,66,False,True,False,True,False,True,False,False,False,True,False,True,False,Aprobado,Reprobado
20.0,73.0,1,2,False,6.0,70.0,0,Yes,3.0,2,2,4.0,False,68,False,True,True,False,False,True,False,False,False,True,False,True,False,Aprobado,Aprobado
19.0,99.0,1,2,True,5.0,54.0,0,Yes,0.0,1,1,2.0,False,70,False,True,False,True,False,False,True,False,False,True,False,True,False,Aprobado,Reprobado
27.0,95.0,1,1,False,5.0,66.0,0,Yes,3.0,1,1,4.0,False,72,False,True,False,True,False,True,False,False,False,True,False,True,False,Aprobado,Aprobado
19.0,73.0,0,2,True,9.0,69.0,2,Yes,1.0,0,0,4.0,False,66,False,True,True,False,False,False,True,False,False,True,False,False,True,Aprobado,Aprobado
13.0,79.0,1,2,True,7.0,63.0,0,No,3.0,2,1,2.0,False,65,True,False,True,False,False,True,False,False,False,True,False,True,False,Aprobado,Reprobado
18.0,77.0,1,2,True,7.0,55.0,2,No,3.0,2,1,3.0,True,66,True,False,True,False,False,True,False,False,False,True,False,True,False,Aprobado,Reprobado
21.0,66.0,2,1,True,6.0,76.0,0,Yes,3.0,0,1,1.0,False,65,True,False,True,False,False,True,False,False,True,False,False,True,False,Aprobado,Aprobado
27.0,98.0,2,0,True,6.0,93.0,0,Yes,0.0,0,1,4.0,False,72,True,False,False,True,False,True,False,False,True,False,False,True,False,Aprobado,Aprobado
24.0,76.0,1,1,True,6.0,67.0,1,Yes,2.0,2,1,3.0,False,68,False,True,True,False,True,False,False,False,False,True,True,False,False,Aprobado,Aprobado
15.0,95.0,1,1,True,7.0,62.0,2,Yes,0.0,2,1,3.0,False,68,False,True,True,False,True,False,False,False,False,True,True,False,False,Aprobado,Reprobado
35.0,68.0,0,2,True,5.0,64.0,1,Yes,0.0,2,0,4.0,True,67,False,True,False,True,False,True,False,False,False,True,False,False,True,Aprobado,Reprobado
22.0,82.0,1,1,True,9.0,93.0,0,Yes,2.0,0,1,2.0,False,68,False,True,False,True,False,True,False,False,False,True,False,True,False,Aprobado,Aprobado
28.0,61.0,2,1,False,7.0,76.0,2,Yes,1.0,1,2,4.0,False,67,False,True,False,True,False,True,False,False,True,False,False,False,True,Aprobado,Aprobado
19.0,91.0,1,2,False,7.0,57.0,0,Yes,3.0,2,2,3.0,False,69,False,True,True,False,False,True,False,False,True,False,True,False,False,Aprobado,Reprobado
23.0,83.0,0,0,False,8.0,85.0,1,Yes,2.0,0,1,2.0,True,65,True,False,False,True,False,True,False,False,False,True,False,True,False,Aprobado,Aprobado
25.0,85.0,1,1,False,8.0,58.0,1,Yes,2.0,1,2,4.0,False,70,False,True,False,True,True,False,False,False,False,True,False,True,False,Aprobado,Reprobado
27.0,62.0,2,1,False,6.0,53.0,0,Yes,1.0,1,1,2.0,False,64,False,True,False,True,False,True,False,False,True,False,False,False,True,Reprobado,Reprobado
26.0,68.0,1,1,False,8.0,63.0,1,Yes,2.0,0,2,3.0,False,66,False,True,False,True,False,True,False,False,False,True,False,False,True,Aprobado,Reprobado
25.0,63.0,0,1,False,8.0,58.0,1,Yes,1.0,2,1,1.0,False,64,False,True,True,False,True,False,False,False,False,True,False,False,True,Reprobado,Reprobado
18.0,72.0,2,2,True,7.0,80.0,2,Yes,1.0,2,2,2.0,True,66,False,True,True,False,False,True,False,False,True,False,True,False,False,Aprobado,Aprobado
17.0,85.0,1,1,True,9.0,74.0,1,Yes,1.0,1,1,2.0,False,67,True,False,False,True,False,True,False,False,False,True,False,True,False,Aprobado,Aprobado
22.0,83.0,1,0,True,8.0,86.0,1,Yes,3.0,1,0,4.0,False,68,False,True,False,True,False,True,False,False,False,True,True,False,False,Aprobado,Aprobado
26.0,84.0,1,1,False,8.0,76.0,1,Yes,5.0,1,2,2.0,False,71,False,True,False,True,False,True,False,False,True,False,False,True,False,Aprobado,Aprobado
19.0,82.0,2,0,False,9.0,71.0,1,Yes,1.0,0,2,3.0,False,67,True,False,True,False,True,False,False,False,False,True,False,True,False,Aprobado,Aprobado
26.0,71.0,2,1,True,7.0,76.0,1,Yes,3.0,0,1,2.0,False,69,False,True,False,True,False,False,True,False,True,False,False,False,True,Aprobado,Aprobado
29.0,70.0,1,0,True,7.0,72.0,0,Yes,1.0,1,1,4.0,False,67,False,True,False,True,True,False,False,False,False,True,False,False,True,Aprobado,Aprobado
15.0,65.0,0,2,True,8.0,52.0,1,Yes,4.0,0,1,3.0,True,61,True,False,True,False,False,True,False,False,True,False,False,True,False,Reprobado,Reprobado
15.0,94.0,1,1,False,7.0,84.0,1,Yes,0.0,1,2,2.0,False,68,False,True,False,True,False,True,False,False,True,False,False,False,True,Aprobado,Aprobado
19.0,85.0,0,0,True,8.0,98.0,1,Yes,2.0,1,0,4.0,False,67,True,False,True,False,False,True,False,False,False,True,False,True,False,Aprobado,Aprobado
22.0,67.0,0,1,True,6.0,71.0,0,Yes,1.0,1,2,4.0,False,64,False,True,False,True,True,False,False,False,True,False,False,True,False,Reprobado,Aprobado
17.0,67.0,1,1,True,4.0,71.0,1,Yes,3.0,1,2,2.0,False,63,False,True,True,False,False,True,False,False,True,False,True,False,False,Reprobado,Aprobado
28.0,95.0,0,1,False,8.0,52.0,2,Yes,3.0,2,2,4.0,False,72,False,True,False,True,True,False,False,False,False,True,True,False,False,Aprobado,Reprobado
23.0,90.0,2,1,False,5.0,95.0,0,Yes,2.0,0,1,2.0,False,69,False,True,False,True,False,True,False,False,True,False,True,False,False,Aprobado,Aprobado
20.0,86.0,0,2,False,6.0,96.0,1,Yes,1.0,2,0,2.0,True,66,False,True,False,True,False,True,False,True,False,False,False,True,False,Aprobado,Aprobado
11.0,76.0,1,1,True,8.0,91.0,0,Yes,1.0,2,2,3.0,True,64,True,False,True,False,True,False,False,False,False,True,False,True,False,Reprobado,Aprobado
12.0,70.0,0,1,True,8.0,55.0,1,Yes,2.0,1,2,4.0,False,61,False,True,True,False,False,True,False,False,False,True,True,False,False,Reprobado,Reprobado
22.0,99.0,1,2,True,9.0,95.0,1,Yes,2.0,0,0,4.0,True,71,False,True,False,True,False,True,False,False,False,True,True,False,False,Aprobado,Aprobado
7.0,92.0,0,1,True,4.0,51.0,1,Yes,0.0,2,1,1.0,False,63,False,True,True,False,False,True,False,False,False,True,False,False,True,Reprobado,Reprobado
26.0,72.0,1,0,False,7.0,72.0,0,Yes,2.0,1,0,4.0,False,65,False,True,True,False,False,True,False,False,False,True,False,True,False,Aprobado,Aprobado
19.0,94.0,2,0,True,7.0,75.0,1,Yes,2.0,2,1,5.0,False,71,False,True,True,False,True,False,False,False,False,True,True,False,False,Aprobado,Aprobado
39.0,90.0,2,2,False,8.0,92.0,2,Yes,2.0,1,2,1.0,False,78,True,False,True,False,False,True,False,False,False,True,False,True,False,Aprobado,Aprobado
34.0,72.0,1,2,True,9.0,88.0,0,Yes,1.0,2,1,3.0,False,73,True,False,False,True,False,False,True,False,False,True,False,False,True,Aprobado,Aprobado
19.0,77.0,0,1,False,5.0,90.0,0,Yes,1.0,0,2,3.0,False,65,True,False,True,False,True,False,False,False,False,True,False,True,False,Aprobado,Aprobado
19.0,67.0,0,1,True,7.0,93.0,2,Yes,0.0,1,1,4.0,False,66,False,True,False,True,False,False,True,False,False,True,False,False,True,Aprobado,Aprobado
26.0,64.0,2,0,True,8.0,74.0,0,Yes,3.0,1,2,2.0,False,66,False,True,False,True,False,True,False,False,False,True,False,True,False,Aprobado,Aprobado
30.0,89.0,1,1,False,6.0,89.0,1,Yes,3.0,2,1,3.0,False,74,False,True,False,True,False,False,True,False,True,False,False,True,False,Aprobado,Aprobado
10.0,71.0,1,0,False,10.0,53.0,0,Yes,4.0,2,1,3.0,False,62,True,False,True,False,False,True,False,False,False,True,False,False,True,Reprobado,Reprobado
9.0,93.0,2,0,True,6.0,72.0,0,Yes,1.0,1,1,2.0,False,66,False,True,True,False,True,False,False,False,False,True,False,False,True,Aprobado,Aprobado
16.0,100.0,2,2,False,7.0,52.0,1,Yes,4.0,0,1,4.0,False,71,False,True,True,False,False,True,False,False,False,True,True,False,False,Aprobado,Reprobado
23.0,63.0,2,1,True,5.0,96.0,1,Yes,2.0,2,1,2.0,False,67,False,True,True,False,False,True,False,False,False,True,False,True,False,Aprobado,Aprobado
23.0,79.0,2,0,True,7.0,98.0,0,Yes,0.0,1,2,4.0,False,69,False,True,True,False,True,False,False,False,False,True,False,True,False,Aprobado,Aprobado
26.0,92.0,1,2,False,4.0,54.0,1,Yes,2.0,2,1,4.0,False,72,False,True,False,True,False,True,False,False,True,False,False,False,True,Aprobado,Reprobado
13.0,92.0,2,2,True,7.0,77.0,1,Yes,2.0,2,1,4.0,False,72,False,True,False,True,False,False,True,False,False,True,False,False,True,Aprobado,Aprobado
6.0,90.0,1,1,True,9.0,66.0,1,Yes,2.0,1,2,2.0,False,65,False,True,False,True,False,True,False,True,False,False,False,False,True,Aprobado,Aprobado
25.0,74.0,2,2,False,5.0,67.0,2,Yes,1.0,1,1,5.0,False,71,False,True,False,True,False,False,True,False,False,True,False,False,True,Aprobado,Aprobado
15.0,78.0,1,1,False,5.0,73.0,1,Yes,0.0,2,2,1.0,True,64,True,False,False,True,True,False,False,False,False,True,False,False,True,Reprobado,Aprobado
8.0,84.0,1,0,True,9.0,56.0,0,Yes,1.0,0,1,2.0,False,61,False,True,False,True,False,True,False,False,True,False,False,False,True,Reprobado,Reprobado
21.0,99.0,1,0,True,9.0,59.0,0,Yes,1.0,2,2,2.0,False,69,False,True,True,False,True,False,False,False,True,False,True,False,False,Aprobado,Reprobado
25.0,73.0,0,1,True,5.0,79.0,1,Yes,1.0,0,1,5.0,False,65,True,False,True,False,False,True,False,False,True,False,False,True,False,Aprobado,Aprobado
19.0,97.0,1,0,True,10.0,51.0,2,Yes,3.0,0,2,4.0,False,69,False,True,True,False,True,False,False,True,False,False,False,True,False,Aprobado,Reprobado
17.0,71.0,1,1,False,8.0,80.0,0,Yes,2.0,2,0,3.0,False,64,False,True,True,False,False,True,False,False,False,True,False,True,False,Reprobado,Aprobado
19.0,100.0,1,0,True,9.0,66.0,2,Yes,1.0,2,1,4.0,True,69,False,True,False,True,False,False,True,False,True,False,True,False,False,Aprobado,Aprobado
18.0,87.0,1,1,True,6.0,92.0,0,Yes,1.0,0,1,4.0,False,68,True,False,True,False,False,True,False,False,False,True,False,True,False,Aprobado,Aprobado
12.0,79.0,1,0,False,9.0,80.0,0,Yes,1.0,2,1,2.0,False,63,False,True,False,True,True,False,False,False,True,False,False,False,True,Reprobado,Aprobado
16.0,85.0,0,1,False,7.0,85.0,2,Yes,1.0,1,2,2.0,False,66,False,True,False,True,False,True,False,False,False,True,False,True,False,Aprobado,Aprobado
23.0,71.0,1,1,False,7.0,56.0,0,Yes,1.0,1,1,4.0,False,65,True,False,True,False,False,True,False,False,False,True,False,False,True,Aprobado,Reprobado
22.0,71.0,2,1,True,8.0,63.0,1,Yes,2.0,1,2,2.0,False,66,False,True,False,True,False,True,False,False,True,False,True,False,False,Aprobado,Reprobado
21.0,65.0,1,1,False,6.0,100.0,1,Yes,3.0,1,1,4.0,False,67,False,True,False,True,False,False,True,False,False,True,False,True,False,Aprobado,Aprobado
14.0,65.0,1,2,True,5.0,72.0,0,Yes,3.0,0,2,2.0,False,62,True,False,False,True,False,True,False,False,False,True,True,False,False,Reprobado,Aprobado
19.0,74.0,1,2,True,7.0,68.0,1,Yes,2.0,0,2,2.0,False,66,False,True,True,False,False,True,False,False,False,True,True,False,False,Aprobado,Aprobado
7.0,91.0,2,1,False,7.0,94.0,2,No,3.0,2,1,3.0,False,68,False,True,True,False,False,False,True,False,True,False,False,True,False,Aprobado,Aprobado
21.0,84.0,1,1,True,6.0,52.0,1,Yes,2.0,2,2,5.0,False,68,False,True,False,True,False,True,False,False,True,False,True,False,False,Aprobado,Reprobado
29.0,64.0,0,1,False,9.0,77.0,1,Yes,0.0,0,2,2.0,False,63,False,True,True,False,False,True,False,False,True,False,True,False,False,Reprobado,Aprobado
11.0,94.0,2,0,True,10.0,61.0,1,Yes,1.0,1,0,3.0,False,66,False,True,False,True,True,False,False,False,True,False,False,True,False,Aprobado,Reprobado
16.0,84.0,2,0,False,6.0,68.0,0,No,3.0,1,1,3.0,False,65,True,False,False,True,False,True,False,False,False,True,False,True,False,Aprobado,Aprobado
22.0,98.0,2,1,True,7.0,60.0,1,Yes,1.0,2,1,1.0,False,72,False,True,False,True,False,True,False,False,False,True,False,False,True,Aprobado,Reprobado
28.0,87.0,1,1,False,6.0,52.0,1,Yes,4.0,0,0,3.0,False,70,True,False,True,False,False,False,True,False,False,True,False,True,False,Aprobado,Reprobado
17.0,67.0,2,0,False,10.0,71.0,1,Yes,1.0,1,1,3.0,False,63,False,True,False,True,False,True,False,False,False,True,False,False,True,Reprobado,Aprobado
16.0,79.0,1,1,False,8.0,89.0,1,Yes,0.0,0,2,4.0,False,65,True,False,False,True,False,True,False,False,False,True,False,True,False,Aprobado,Aprobado
8.0,86.0,2,0,True,8.0,98.0,0,Yes,1.0,0,1,1.0,False,65,True,False,False,True,True,False,False,False,False,True,False,True,False,Aprobado,Aprobado
21.0,61.0,2,2,False,9.0,81.0,1,Yes,1.0,1,1,3.0,False,66,True,False,False,True,False,False,True,False,False,True,False,True,False,Aprobado,Aprobado
32.0,61.0,2,1,True,7.0,69.0,2,Yes,0.0,2,1,3.0,False,68,False,True,True,False,False,True,False,False,True,False,False,False,True,Aprobado,Aprobado
22.0,65.0,1,0,True,7.0,88.0,0,No,2.0,1,1,4.0,False,64,False,True,False,True,True,False,False,False,False,True,False,False,True,Reprobado,Aprobado
20.0,70.0,2,1,False,9.0,75.0,0,Yes,3.0,1,1,4.0,False,66,False,True,False,True,True,False,False,False,True,False,False,True,False,Aprobado,Aprobado
22.0,77.0,0,1,True,8.0,68.0,1,Yes,3.0,2,2,4.0,False,68,False,True,False,True,False,True,False,False,True,False,False,False,True,Aprobado,Aprobado
20.0,79.0,0,1,True,6.0,59.0,1,Yes,0.0,0,1,2.0,False,64,False,True,False,True,False,True,False,False,True,False,False,False,True,Reprobado,Reprobado
15.0,66.0,1,1,False,6.0,90.0,0,Yes,2.0,1,1,3.0,False,62,False,True,True,False,True,False,False,True,False,False,True,False,False,Reprobado,Aprobado
25.0,87.0,1,1,True,6.0,75.0,1,No,0.0,0,1,2.0,True,67,True,False,False,True,False,True,False,False,False,True,False,True,False,Aprobado,Aprobado
21.0,84.0,0,2,False,9.0,98.0,1,Yes,1.0,0,1,3.0,False,67,False,True,False,True,False,True,False,False,True,False,True,False,False,Aprobado,Aprobado
20.0,72.0,1,1,False,9.0,90.0,0,Yes,1.0,1,1,2.0,False,65,True,False,False,True,False,False,True,False,True,False,False,True,False,Aprobado,Aprobado
14.0,61.0,0,1,True,10.0,71.0,1,No,2.0,0,1,4.0,False,59,False,True,False,True,False,True,False,False,False,True,False,True,False,Reprobado,Aprobado
28.0,63.0,1,2,True,6.0,87.0,0,Yes,0.0,0,1,2.0,False,66,False,True,True,False,False,True,False,False,True,False,False,False,True,Aprobado,Aprobado
24.0,76.0,2,0,False,7.0,73.0,1,Yes,4.0,1,1,2.0,False,68,False,True,True,False,False,True,False,False,False,True,False,True,False,Aprobado,Aprobado
17.0,66.0,2,1,False,6.0,54.0,1,Yes,2.0,2,0,3.0,True,63,False,True,True,False,False,True,False,False,False,True,False,False,True,Reprobado,Reprobado
26.0,75.0,1,0,True,7.0,76.0,1,Yes,2.0,1,1,3.0,False,68,False,True,False,True,True,False,False,False,False,True,False,True,False,Aprobado,Aprobado
17.0,85.0,2,0,True,8.0,93.0,0,Yes,2.0,1,2,3.0,False,68,False,True,True,False,True,False,False,True,False,False,False,False,True,Aprobado,Aprobado
15.0,82.0,1,1,True,7.0,93.0,1,Yes,3.0,0,2,2.0,False,66,False,True,True,False,False,True,False,False,True,False,True,False,False,Aprobado,Aprobado
15.0,69.0,2,0,False,9.0,79.0,0,Yes,1.0,1,1,2.0,False,63,True,False,True,False,False,True,False,False,True,False,False,False,True,Reprobado,Aprobado
9.0,74.0,1,0,False,6.0,69.0,0,Yes,3.0,0,1,2.0,False,61,True,False,True,False,False,True,False,False,True,False,False,False,True,Reprobado,Aprobado
23.0,85.0,2,1,True,8.0,51.0,0,Yes,0.0,2,0,4.0,False,68,False,True,True,False,True,False,False,False,False,True,True,False,False,Aprobado,Reprobado
9.0,94.0,2,0,False,6.0,66.0,0,Yes,0.0,0,2,3.0,False,66,False,True,False,True,True,False,False,False,False,True,False,False,True,Aprobado,Aprobado
13.0,90.0,1,2,False,4.0,99.0,2,Yes,1.0,2,1,4.0,True,69,False,True,False,True,True,False,False,False,True,False,False,True,False,Aprobado,Aprobado
8.0,82.0,1,2,True,5.0,86.0,1,No,0.0,0,1,3.0,False,64,False,True,True,False,False,False,True,False,False,True,True,False,False,Reprobado,Aprobado
19.0,74.0,1,1,False,7.0,86.0,2,Yes,1.0,2,1,3.0,False,68,True,False,False,True,False,False,True,False,False,True,False,False,True,Aprobado,Aprobado
19.0,75.0,1,2,False,10.0,88.0,0,Yes,0.0,0,2,2.0,False,66,False,True,True,False,False,True,False,False,False,True,False,False,True,Aprobado,Aprobado
18.0,95.0,1,1,False,6.0,81.0,1,Yes,0.0,0,1,3.0,True,68,False,True,True,False,False,True,False,False,False,True,False,False,True,Aprobado,Aprobado
14.0,62.0,1,2,True,7.0,79.0,0,Yes,2.0,1,1,2.0,False,62,True,False,True,False,False,True,False,False,True,False,False,False,True,Reprobado,Aprobado
13.0,100.0,1,0,True,8.0,73.0,0,Yes,1.0,0,1,3.0,False,68,False,True,False,True,False,False,True,False,False,True,False,True,False,Aprobado,Aprobado
23.0,87.0,1,2,False,6.0,72.0,1,Yes,1.0,0,2,3.0,False,69,True,False,False,True,True,False,False,False,True,False,True,False,False,Aprobado,Aprobado
17.0,87.0,2,2,True,6.0,94.0,1,Yes,2.0,0,1,3.0,False,70,True,False,False,True,False,True,False,False,True,False,False,True,False,Aprobado,Aprobado
22.0,62.0,2,1,True,7.0,70.0,0,Yes,4.0,0,1,2.0,False,65,False,True,True,False,True,False,False,False,False,True,True,False,False,Aprobado,Aprobado
15.0,84.0,0,1,True,6.0,92.0,1,Yes,3.0,1,1,3.0,False,68,False,True,True,False,True,False,False,False,False,True,False,False,True,Aprobado,Aprobado
21.0,79.0,1,2,False,4.0,92.0,0,Yes,0.0,0,1,2.0,False,67,False,True,True,False,False,False,True,False,False,True,True,False,False,Aprobado,Aprobado
28.0,64.0,0,1,True,6.0,89.0,1,Yes,0.0,0,0,4.0,False,64,False,True,False,True,True,False,False,True,False,False,False,True,False,Reprobado,Aprobado
24.0,71.0,0,1,False,8.0,52.0,1,No,2.0,1,1,3.0,False,63,False,True,True,False,True,False,False,False,False,True,True,False,False,Reprobado,Reprobado
18.0,96.0,1,0,True,8.0,57.0,1,Yes,1.0,1,1,2.0,False,67,False,True,True,False,False,True,False,False,False,True,True,False,False,Aprobado,Reprobado
22.0,82.0,2,0,False,9.0,66.0,1,Yes,1.0,0,2,3.0,False,66,True,False,False,True,False,True,False,False,True,False,True,False,False,Aprobado,Aprobado
19.0,77.0,2,0,True,9.0,92.0,1,Yes,2.0,0,1,4.0,False,67,False,True,True,False,False,True,False,False,False,True,False,False,True,Aprobado,Aprobado
20.0,63.0,1,1,True,6.0,94.0,1,No,2.0,1,1,3.0,False,63,False,True,True,False,False,True,False,True,False,False,False,True,False,Reprobado,Aprobado
18.0,89.0,1,1,True,6.0,52.0,1,Yes,3.0,2,2,3.0,False,69,False,True,True,False,False,True,False,False,True,False,False,False,True,Aprobado,Reprobado
19.0,88.0,2,2,False,6.0,66.0,1,Yes,3.0,1,1,2.0,False,70,False,True,True,False,False,True,False,False,False,True,False,False,True,Aprobado,Aprobado
21.0,85.0,2,1,True,7.0,93.0,1,Yes,0.0,2,1,4.0,False,70,False,True,False,True,False,True,False,False,True,False,False,True,False,Aprobado,Aprobado
14.0,80.0,2,1,False,6.0,62.0,1,Yes,0.0,2,1,2.0,False,65,True,False,False,True,False,False,True,False,False,True,True,False,False,Aprobado,Reprobado
14.0,77.0,0,0,False,7.0,99.0,0,Yes,2.0,1,1,2.0,False,64,False,True,True,False,False,False,True,False,True,False,False,False,True,Reprobado,Aprobado
12.0,84.0,1,2,True,6.0,74.0,2,Yes,1.0,1,2,3.0,False,67,False,True,True,False,True,False,False,False,True,False,True,False,False,Aprobado,Aprobado
10.0,69.0,0,1,False,8.0,97.0,1,Yes,1.0,1,1,3.0,False,61,True,False,True,False,False,True,False,False,False,True,True,False,False,Reprobado,Aprobado
13.0,98.0,1,2,True,6.0,71.0,1,Yes,1.0,0,2,1.0,False,70,True,False,True,False,True,False,False,False,False,True,False,False,True,Aprobado,Aprobado
21.0,84.0,2,0,False,6.0,66.0,2,Yes,2.0,2,1,4.0,True,68,True,False,False,True,True,False,False,True,False,False,False,False,True,Aprobado,Aprobado
15.0,72.0,1,1,True,8.0,68.0,2,Yes,0.0,1,1,2.0,False,64,False,True,True,False,False,True,False,False,False,True,False,False,True,Reprobado,Aprobado
23.0,78.0,2,1,False,8.0,94.0,1,Yes,1.0,2,1,2.0,True,68,True,False,False,True,False,True,False,False,True,False,False,True,False,Aprobado,Aprobado
20.0,92.0,1,0,False,7.0,67.0,0,Yes,1.0,1,1,5.0,False,68,False,True,False,True,False,True,False,False,False,True,False,False,True,Aprobado,Aprobado
8.0,66.0,2,2,True,8.0,83.0,1,Yes,0.0,0,1,4.0,False,63,True,False,False,True,True,False,False,False,False,True,False,False,True,Reprobado,Aprobado
24.0,72.0,0,1,True,8.0,73.0,0,Yes,1.0,0,1,2.0,False,65,False,True,True,False,True,False,False,False,True,False,False,False,True,Aprobado,Aprobado
25.0,87.0,0,1,True,10.0,97.0,1,Yes,4.0,0,0,3.0,True,69,True,False,True,False,False,True,False,False,False,True,False,True,False,Aprobado,Aprobado
14.0,73.0,1,2,False,8.0,58.0,1,Yes,2.0,0,2,2.0,False,63,False,True,False,True,True,False,False,False,True,False,True,False,False,Reprobado,Reprobado
23.0,92.0,0,1,True,10.0,71.0,1,Yes,1.0,0,1,3.0,False,69,False,True,False,True,True,False,False,False,False,True,False,True,False,Aprobado,Aprobado
15.0,65.0,2,0,True,7.0,56.0,1,No,3.0,2,1,3.0,True,61,True,False,True,False,False,True,False,False,False,True,False,False,True,Reprobado,Reprobado
21.0,91.0,0,2,True,9.0,79.0,1,Yes,2.0,0,1,3.0,False,69,True,False,True,False,True,False,False,True,False,False,False,True,False,Aprobado,Aprobado
12.0,63.0,2,1,False,9.0,70.0,0,Yes,1.0,2,0,3.0,False,62,False,True,True,False,True,False,False,False,False,True,False,False,True,Reprobado,Aprobado
9.0,61.0,0,2,True,7.0,53.0,1,Yes,0.0,1,1,2.0,True,58,False,True,False,True,False,False,True,True,False,False,False,False,True,Reprobado,Reprobado
18.0,96.0,1,2,True,6.0,92.0,1,Yes,2.0,1,1,3.0,False,71,False,True,False,True,False,True,False,True,False,False,False,False,True,Aprobado,Aprobado
19.0,83.0,2,0,False,6.0,69.0,1,Yes,5.0,1,1,2.0,False,69,True,False,False,True,False,False,True,True,False,False,False,False,True,Aprobado,Aprobado
18.0,74.0,2,1,False,8.0,75.0,2,Yes,1.0,2,2,3.0,False,68,False,True,False,True,False,False,True,False,True,False,False,False,True,Aprobado,Aprobado
13.0,69.0,1,0,False,5.0,70.0,1,Yes,0.0,1,2,2.0,False,61,True,False,False,True,True,False,False,False,False,True,True,False,False,Reprobado,Aprobado
18.0,85.0,2,1,True,6.0,74.0,1,Yes,3.0,0,1,2.0,False,67,True,False,False,True,True,False,False,True,False,False,True,False,False,Aprobado,Aprobado
22.0,80.0,1,2,True,9.0,51.0,1,Yes,2.0,1,1,3.0,False,68,False,True,False,True,False,False,True,False,False,True,True,False,False,Aprobado,Reprobado
20.0,100.0,1,1,True,8.0,91.0,1,Yes,3.0,0,1,3.0,False,72,False,True,False,True,False,True,False,False,False,True,False,False,True,Aprobado,Aprobado
21.0,99.0,2,0,True,4.0,67.0,1,Yes,1.0,1,1,4.0,False,71,True,False,True,False,True,False,False,False,False,True,True,False,False,Aprobado,Aprobado
16.0,85.0,1,1,True,5.0,86.0,0,No,3.0,1,1,2.0,False,67,False,True,False,True,False,True,False,False,False,True,False,False,True,Aprobado,Aprobado
27.0,78.0,1,1,False,10.0,53.0,1,Yes,3.0,1,1,4.0,True,68,True,False,False,True,False,False,True,False,True,False,False,True,False,Aprobado,Reprobado
13.0,80.0,1,1,False,9.0,76.0,1,Yes,0.0,2,1,2.0,False,64,False,True,True,False,False,True,False,False,False,True,False,True,False,Reprobado,Aprobado
23.0,87.0,1,2,False,6.0,95.0,2,Yes,3.0,2,1,0.0,False,73,True,False,True,False,False,True,False,False,False,True,False,False,True,Aprobado,Aprobado
27.0,64.0,0,1,True,5.0,70.0,1,Yes,0.0,0,2,4.0,False,65,False,True,True,False,False,True,False,False,False,True,False,False,True,Aprobado,Aprobado
23.0,73.0,0,2,False,5.0,60.0,2,Yes,1.0,1,1,2.0,False,67,True,False,True,False,False,False,True,False,False,True,False,False,True,Aprobado,Reprobado
19.0,63.0,2,1,True,8.0,55.0,0,Yes,0.0,1,1,4.0,False,63,True,False,True,False,True,False,False,False,True,False,False,False,True,Reprobado,Reprobado
17.0,63.0,1,1,True,10.0,93.0,1,Yes,0.0,0,1,2.0,True,63,False,True,True,False,False,False,True,False,False,True,False,False,True,Reprobado,Aprobado
26.0,68.0,1,1,True,10.0,62.0,2,Yes,4.0,1,1,2.0,False,69,False,True,True,False,False,False,True,False,False,True,False,True,False,Aprobado,Reprobado
11.0,79.0,2,2,True,5.0,99.0,1,Yes,1.0,2,0,3.0,False,68,False,True,True,False,False,True,False,False,False,True,False,False,True,Aprobado,Aprobado
14.0,91.0,1,1,True,7.0,62.0,1,Yes,2.0,0,2,2.0,False,68,False,True,False,True,True,False,False,False,False,True,False,True,False,Aprobado,Reprobado
18.0,79.0,2,2,True,6.0,74.0,1,Yes,3.0,0,1,4.0,False,69,False,True,False,True,False,True,False,False,False,True,False,False,True,Aprobado,Aprobado
27.0,73.0,2,2,True,7.0,73.0,2,Yes,5.0,2,2,3.0,False,73,False,True,True,False,False,True,False,False,False,True,True,False,False,Aprobado,Aprobado
22.0,63.0,2,2,True,5.0,53.0,2,Yes,3.0,0,2,2.0,False,66,False,True,False,True,False,True,False,False,False,True,True,False,False,Aprobado,Reprobado
14.0,82.0,1,1,True,6.0,77.0,1,Yes,3.0,1,1,3.0,False,68,False,True,True,False,True,False,False,False,False,True,False,False,True,Aprobado,Aprobado
18.0,71.0,1,1,False,6.0,84.0,1,Yes,2.0,1,0,2.0,False,65,False,True,False,True,False,False,True,False,False,True,False,True,False,Aprobado,Aprobado
16.0,85.0,1,1,False,8.0,87.0,2,Yes,4.0,0,1,3.0,False,67,True,False,False,True,False,True,False,True,False,False,True,False,False,Aprobado,Aprobado
16.0,99.0,1,1,False,6.0,76.0,0,Yes,2.0,1,1,4.0,False,70,True,False,True,False,True,False,False,False,False,True,False,False,True,Aprobado,Aprobado
26.0,64.0,1,2,False,6.0,91.0,1,Yes,1.0,0,1,4.0,False,66,True,False,False,True,False,True,False,False,True,False,False,True,False,Aprobado,Aprobado
12.0,68.0,1,2,False,8.0,88.0,2,Yes,3.0,0,1,3.0,False,64,False,True,True,False,False,False,True,False,True,False,True,False,False,Reprobado,Aprobado
30.0,79.0,1,2,False,9.0,60.0,1,Yes,1.0,0,1,3.0,False,69,False,True,True,False,False,True,False,False,False,True,False,True,False,Aprobado,Reprobado
25.0,99.0,0,1,False,10.0,70.0,1,Yes,1.0,1,1,5.0,False,71,False,True,True,False,True,False,False,True,False,False,False,False,True,Aprobado,Aprobado
27.0,91.0,1,0,False,8.0,57.0,1,Yes,0.0,0,0,4.0,False,68,True,False,False,True,False,False,True,False,True,False,False,True,False,Aprobado,Reprobado
17.0,96.0,2,1,False,7.0,57.0,0,Yes,2.0,1,1,3.0,False,68,True,False,True,False,True,False,False,False,True,False,True,False,False,Aprobado,Reprobado
19.0,73.0,0,1,True,9.0,86.0,2,Yes,0.0,1,2,3.0,False,66,False,True,True,False,True,False,False,False,False,True,False,False,True,Aprobado,Aprobado
11.0,100.0,0,2,False,9.0,77.0,1,Yes,2.0,1,2,3.0,False,70,False,True,True,False,False,False,True,False,False,True,False,False,True,Aprobado,Aprobado
17.0,64.0,1,2,False,8.0,80.0,1,Yes,0.0,2,2,2.0,False,65,False,True,True,False,False,False,True,False,False,True,False,False,True,Aprobado,Aprobado
23.0,62.0,1,0,True,5.0,87.0,1,Yes,1.0,1,1,4.0,False,63,False,True,True,False,False,True,False,False,False,True,True,False,False,Reprobado,Aprobado
28.0,94.0,0,1,True,9.0,64.0,1,Yes,0.0,1,1,3.0,False,70,False,True,True,False,False,True,False,False,True,False,False,True,False,Aprobado,Reprobado
13.0,97.0,0,1,True,8.0,70.0,1,Yes,0.0,2,1,2.0,False,67,True,False,True,False,False,False,True,False,True,False,False,True,False,Aprobado,Aprobado
18.0,64.0,1,1,False,6.0,80.0,1,Yes,1.0,1,1,5.0,True,63,False,True,False,True,False,True,False,False,False,True,False,False,True,Reprobado,Aprobado
19.0,65.0,2,1,False,6.0,55.0,1,Yes,1.0,0,2,3.0,False,64,False,True,False,True,False,False,True,False,True,False,False,False,True,Reprobado,Reprobado
12.0,61.0,0,1,True,8.0,92.0,1,Yes,2.0,2,1,4.0,True,60,False,True,False,True,False,True,False,False,True,False,False,True,False,Reprobado,Aprobado
24.0,64.0,1,1,True,4.0,67.0,0,Yes,0.0,0,1,1.0,False,62,False,True,False,True,False,True,False,False,False,True,False,True,False,Reprobado,Aprobado
16.0,68.0,1,2,False,7.0,83.0,2,Yes,2.0,0,2,2.0,False,65,False,True,True,False,False,True,False,False,False,True,False,False,True,Aprobado,Aprobado
19.0,99.0,0,0,False,6.0,100.0,1,Yes,0.0,2,0,3.0,False,69,True,False,False,True,False,False,True,False,False,True,True,False,False,Aprobado,Aprobado
17.0,87.0,1,2,True,6.0,74.0,0,Yes,1.0,0,2,3.0,False,68,True,False,True,False,True,False,False,False,True,False,False,True,False,Aprobado,Aprobado
15.0,91.0,1,1,False,6.0,61.0,1,No,1.0,1,2,2.0,False,66,False,True,False,True,False,True,False,False,True,False,False,False,True,Aprobado,Reprobado
20.0,91.0,2,2,True,5.0,61.0,0,Yes,4.0,0,1,2.0,False,72,False,True,False,True,False,False,True,False,False,True,False,False,True,Aprobado,Reprobado
19.0,81.0,1,2,True,9.0,53.0,1,Yes,2.0,2,1,3.0,False,68,False,True,False,True,False,True,False,False,False,True,False,False,True,Aprobado,Reprobado
18.0,92.0,1,1,False,4.0,88.0,1,Yes,3.0,2,1,2.0,False,69,False,True,False,True,False,True,False,False,True,False,False,True,False,Aprobado,Aprobado
16.0,84.0,1,1,False,7.0,65.0,0,Yes,1.0,2,2,3.0,False,65,False,True,False,True,False,True,False,False,True,False,True,False,False,Aprobado,Aprobado
22.0,73.0,2,1,True,6.0,59.0,0,Yes,0.0,0,1,1.0,False,65,False,True,False,True,False,True,False,False,False,True,False,False,True,Aprobado,Reprobado
30.0,82.0,0,1,True,10.0,86.0,0,Yes,2.0,0,2,4.0,False,70,False,True,True,False,False,True,False,False,False,True,False,True,False,Aprobado,Aprobado
21.0,81.0,1,0,True,7.0,65.0,2,Yes,1.0,1,1,2.0,False,67,False,True,False,True,True,False,False,False,True,False,False,False,True,Aprobado,Aprobado
26.0,93.0,2,1,False,4.0,80.0,1,Yes,4.0,0,1,3.0,True,73,True,False,False,True,True,False,False,False,False,True,False,False,True,Aprobado,Aprobado
12.0,99.0,2,2,False,8.0,71.0,1,Yes,2.0,1,0,2.0,False,70,False,True,True,False,True,False,False,False,False,True,False,True,False,Aprobado,Aprobado
21.0,76.0,1,1,True,5.0,67.0,1,Yes,1.0,2,0,3.0,False,66,True,False,False,True,False,True,False,False,True,False,False,False,True,Aprobado,Aprobado
13.0,91.0,1,1,True,8.0,74.0,1,Yes,1.0,0,1,1.0,False,68,True,False,False,True,False,False,True,False,False,True,False,False,True,Aprobado,Aprobado
11.0,64.0,1,1,True,8.0,66.0,1,Yes,2.0,0,1,2.0,False,61,False,True,False,True,True,False,False,False,True,False,False,False,True,Reprobado,Aprobado
16.0,91.0,1,2,False,9.0,94.0,0,Yes,0.0,2,1,3.0,False,70,False,True,False,True,False,False,True,False,False,True,False,False,True,Aprobado,Aprobado
27.0,75.0,1,0,True,7.0,54.0,0,Yes,2.0,1,1,3.0,False,66,False,True,True,False,False,False,True,False,False,True,True,False,False,Aprobado,Reprobado
26.0,62.0,2,1,True,8.0,52.0,1,Yes,4.0,0,1,5.0,False,67,False,True,False,True,True,False,False,False,False,True,False,True,False,Aprobado,Reprobado
21.0,75.0,2,2,False,7.0,70.0,2,Yes,1.0,1,2,3.0,False,69,True,False,True,False,False,False,True,False,False,True,False,True,False,Aprobado,Aprobado
11.0,84.0,1,0,True,6.0,59.0,0,Yes,2.0,1,1,3.0,False,64,False,True,True,False,False,True,False,False,False,True,False,False,True,Reprobado,Reprobado
19.0,65.0,2,1,True,9.0,87.0,0,Yes,0.0,2,2,2.0,False,65,False,True,False,True,True,False,False,False,True,False,False,False,True,Aprobado,Aprobado
22.0,97.0,2,1,True,5.0,68.0,0,Yes,7.0,1,2,5.0,False,75,True,False,True,False,True,False,False,False,False,True,True,False,False,Aprobado,Aprobado
21.0,63.0,2,1,False,7.0,63.0,1,Yes,2.0,1,1,2.0,False,63,False,True,False,True,False,True,False,True,False,False,False,True,False,Reprobado,Reprobado
9.0,97.0,2,1,False,6.0,68.0,0,Yes,5.0,1,1,3.0,False,69,True,False,False,True,True,False,False,False,False,True,False,True,False,Aprobado,Aprobado
15.0,88.0,1,2,True,8.0,61.0,0,Yes,2.0,1,2,4.0,True,68,False,True,False,True,False,True,False,False,False,True,False,False,True,Aprobado,Reprobado
20.0,73.0,1,0,True,6.0,65.0,1,Yes,2.0,2,2,2.0,False,66,True,False,False,True,True,False,False,False,False,True,False,False,True,Aprobado,Aprobado
23.0,76.0,0,1,True,6.0,78.0,0,Yes,2.0,2,1,2.0,False,66,False,True,True,False,False,True,False,False,True,False,False,False,True,Aprobado,Aprobado
7.0,90.0,0,1,True,7.0,93.0,0,Yes,4.0,1,1,3.0,False,66,False,True,False,True,True,False,False,False,False,True,False,True,False,Aprobado,Aprobado
19.0,84.0,1,1,True,9.0,69.0,1,Yes,2.0,1,0,4.0,False,68,False,True,True,False,True,False,False,False,False,True,False,True,False,Aprobado,Aprobado
21.0,87.0,0,1,True,6.0,66.0,1,Yes,1.0,0,0,2.0,False,65,False,True,True,False,False,True,False,False,True,False,True,False,False,Aprobado,Aprobado
25.0,76.0,1,2,False,6.0,89.0,2,Yes,3.0,0,1,3.0,False,70,False,True,False,True,True,False,False,False,False,True,False,True,False,Aprobado,Aprobado
24.0,80.0,1,2,False,5.0,51.0,1,Yes,3.0,2,0,2.0,False,68,False,True,True,False,False,True,False,False,False,True,False,False,True,Aprobado,Reprobado
23.0,100.0,1,1,False,6.0,65.0,0,Yes,1.0,1,2,2.0,True,70,False,True,True,False,False,True,False,False,False,True,False,True,False,Aprobado,Aprobado
15.0,69.0,0,1,False,8.0,73.0,1,Yes,2.0,1,1,2.0,False,61,False,True,False,True,False,True,False,False,True,False,False,True,False,Reprobado,Aprobado
9.0,77.0,0,0,False,7.0,80.0,1,Yes,3.0,1,1,3.0,True,61,False,True,False,True,False,True,False,False,False,True,False,False,True,Reprobado,Aprobado
18.0,72.0,0,2,False,7.0,58.0,0,Yes,6.0,0,1,0.0,False,64,False,True,False,True,False,True,False,False,True,False,False,False,True,Reprobado,Reprobado
26.0,91.0,0,1,False,10.0,72.0,0,Yes,4.0,2,1,3.0,False,71,False,True,False,True,True,False,False,False,True,False,False,True,False,Aprobado,Aprobado
28.0,91.0,2,1,True,4.0,78.0,0,Yes,1.0,1,0,3.0,False,72,False,True,False,True,False,True,False,False,True,False,False,False,True,Aprobado,Aprobado
24.0,72.0,1,2,True,10.0,76.0,2,No,1.0,0,1,3.0,False,66,False,True,False,True,False,True,False,False,False,True,True,False,False,Aprobado,Aprobado
23.0,63.0,1,1,True,9.0,79.0,2,Yes,0.0,0,1,4.0,False,63,True,False,True,False,False,True,False,True,False,False,True,False,False,Reprobado,Aprobado
22.0,60.0,0,0,False,7.0,83.0,1,No,3.0,1,1,1.0,False,62,False,True,True,False,True,False,False,False,False,True,False,False,True,Reprobado,Aprobado
17.0,77.0,1,1,True,8.0,69.0,0,Yes,3.0,2,1,3.0,True,65,False,True,False,True,False,True,False,False,False,True,False,True,False,Aprobado,Aprobado
19.0,76.0,1,1,True,6.0,53.0,1,Yes,2.0,1,1,5.0,False,66,False,True,False,True,False,True,False,False,False,True,False,False,True,Aprobado,Reprobado
30.0,100.0,0,2,False,7.0,53.0,1,Yes,2.0,0,2,3.0,False,72,True,False,False,True,False,True,False,False,True,False,False,True,False,Aprobado,Reprobado
14.0,79.0,2,1,True,10.0,93.0,1,Yes,2.0,1,1,3.0,False,68,False,True,False,True,True,False,False,False,False,True,False,True,False,Aprobado,Aprobado
30.0,70.0,2,0,False,6.0,84.0,2,Yes,2.0,1,1,3.0,False,70,False,True,False,True,False,False,True,False,False,True,False,False,True,Aprobado,Aprobado
18.0,96.0,1,1,True,7.0,88.0,1,Yes,1.0,1,2,3.0,False,70,True,False,True,False,False,True,False,False,True,False,True,False,False,Aprobado,Aprobado
28.0,80.0,1,2,False,6.0,96.0,2,Yes,2.0,0,1,6.0,False,73,False,True,False,True,False,True,False,False,False,True,False,False,True,Aprobado,Aprobado
12.0,84.0,1,2,False,6.0,88.0,2,No,2.0,2,2,2.0,False,67,False,True,False,True,False,True,False,False,False,True,False,False,True,Aprobado,Aprobado
24.0,64.0,1,0,False,6.0,85.0,1,Yes,3.0,1,1,2.0,False,65,False,True,False,True,False,False,True,False,True,False,False,False,True,Aprobado,Aprobado
16.0,75.0,2,0,True,5.0,83.0,1,Yes,1.0,1,2,3.0,False,65,True,False,True,False,True,False,False,False,True,False,True,False,False,Aprobado,Aprobado
12.0,98.0,0,1,False,7.0,63.0,1,Yes,0.0,2,1,3.0,True,65,True,False,True,False,False,True,False,False,False,True,False,True,False,Aprobado,Reprobado
21.0,84.0,1,1,True,7.0,98.0,1,Yes,0.0,1,1,4.0,False,70,False,True,False,True,True,False,False,False,False,True,False,True,False,Aprobado,Aprobado
26.0,74.0,1,0,True,6.0,77.0,1,Yes,3.0,1,1,2.0,False,66,True,False,False,True,False,True,False,True,False,False,True,False,False,Aprobado,Aprobado
15.0,85.0,1,1,True,4.0,61.0,1,Yes,0.0,1,0,1.0,False,65,False,True,False,True,True,False,False,False,False,True,False,True,False,Aprobado,Reprobado
11.0,96.0,2,2,False,7.0,60.0,1,Yes,2.0,0,1,1.0,False,68,False,True,False,True,False,True,False,False,False,True,False,True,False,Aprobado,Reprobado
19.0,71.0,1,1,True,7.0,91.0,1,Yes,3.0,2,1,1.0,False,66,False,True,True,False,False,True,False,False,True,False,True,False,False,Aprobado,Aprobado
19.0,80.0,0,1,True,10.0,63.0,2,No,1.0,1,1,2.0,False,65,False,True,True,False,True,False,False,False,False,True,False,True,False,Aprobado,Reprobado
23.0,98.0,1,2,True,7.0,52.0,0,Yes,2.0,0,2,4.0,True,71,True,False,True,False,False,True,False,False,False,True,False,False,True,Aprobado,Reprobado
26.0,67.0,0,1,True,8.0,71.0,1,Yes,2.0,2,1,3.0,False,65,True,False,False,True,False,True,False,False,False,True,True,False,False,Aprobado,Aprobado
20.0,89.0,0,1,True,6.0,91.0,2,Yes,0.0,1,1,4.0,False,70,True,False,False,True,True,False,False,False,False,True,False,False,True,Aprobado,Aprobado
31.0,85.0,1,1,True,9.0,71.0,0,Yes,0.0,1,2,2.0,True,69,False,True,True,False,True,False,False,False,True,False,True,False,False,Aprobado,Aprobado
21.0,87.0,1,1,False,6.0,90.0,2,Yes,3.0,2,1,4.0,False,71,False,True,False,True,False,True,False,False,False,True,True,False,False,Aprobado,Aprobado
18.0,74.0,1,2,True,8.0,91.0,1,Yes,0.0,1,2,2.0,False,67,True,False,True,False,False,True,False,False,False,True,False,False,True,Aprobado,Aprobado
10.0,73.0,1,1,True,8.0,93.0,2,Yes,3.0,0,1,2.0,True,64,False,True,False,True,False,True,False,False,True,False,False,False,True,Reprobado,Aprobado
18.0,87.0,0,0,False,8.0,79.0,2,Yes,1.0,0,2,4.0,False,82,False,True,False,True,True,False,False,False,False,True,True,False,False,Aprobado,Aprobado
18.0,69.0,1,2,True,10.0,85.0,1,Yes,2.0,2,1,0.0,False,66,True,False,True,False,True,False,False,False,True,False,False,False,True,Aprobado,Aprobado
26.0,77.0,0,1,True,6.0,63.0,0,Yes,1.0,0,2,4.0,False,66,False,True,False,True,False,True,False,False,False,True,True,False,False,Aprobado,Reprobado
23.0,68.0,2,1,True,9.0,55.0,1,Yes,1.0,1,1,3.0,False,65,False,True,False,True,False,True,False,False,True,False,False,False,True,Aprobado,Reprobado
13.0,60.0,1,1,False,9.0,77.0,0,Yes,2.0,1,2,5.0,True,61,True,False,False,True,False,True,False,False,False,True,False,False,True,Reprobado,Aprobado
21.0,99.0,1,2,False,7.0,51.0,2,Yes,2.0,1,0,2.0,False,72,True,False,True,False,False,False,True,False,False,True,False,True,False,Aprobado,Reprobado
24.0,77.0,2,1,True,10.0,73.0,1,Yes,3.0,1,1,3.0,False,70,False,True,False,True,False,True,False,False,False,True,False,False,True,Aprobado,Aprobado
29.0,99.0,1,1,True,7.0,55.0,0,Yes,0.0,1,1,3.0,False,71,True,False,False,True,False,True,False,False,True,False,False,False,True,Aprobado,Reprobado
25.0,66.0,2,1,True,7.0,55.0,1,Yes,4.0,1,1,2.0,True,84,False,True,True,False,False,True,False,False,True,False,False,True,False,Aprobado,Reprobado
25.0,83.0,2,2,True,7.0,94.0,0,Yes,2.0,0,2,3.0,True,72,False,True,False,True,True,False,False,False,True,False,False,False,True,Aprobado,Aprobado
20.0,68.0,1,2,True,5.0,82.0,1,No,1.0,0,2,3.0,False,67,False,True,True,False,False,False,True,False,False,True,False,False,True,Aprobado,Aprobado
22.0,92.0,2,0,False,8.0,82.0,1,Yes,2.0,1,1,5.0,False,72,True,False,False,True,False,False,True,False,False,True,False,True,False,Aprobado,Aprobado
27.0,91.0,0,2,True,8.0,70.0,0,Yes,1.0,1,0,6.0,False,70,False,True,True,False,False,True,False,False,True,False,False,True,False,Aprobado,Aprobado
12.0,65.0,1,2,False,7.0,71.0,1,Yes,1.0,0,2,4.0,False,62,False,True,False,True,False,True,False,False,True,False,False,True,False,Reprobado,Aprobado
18.0,96.0,2,1,True,10.0,65.0,0,Yes,3.0,1,1,2.0,False,71,False,True,True,False,True,False,False,False,True,False,False,False,True,Aprobado,Aprobado
15.0,68.0,0,1,False,6.0,72.0,0,Yes,3.0,2,0,3.0,False,62,False,True,True,False,False,True,False,False,False,True,False,True,False,Reprobado,Aprobado
22.0,85.0,1,1,True,4.0,79.0,0,Yes,1.0,0,0,3.0,False,68,False,True,True,False,False,True,False,False,False,True,False,False,True,Aprobado,Aprobado
27.0,99.0,2,1,False,10.0,59.0,2,Yes,2.0,0,1,3.0,False,74,False,True,False,True,False,True,False,False,False,True,False,False,True,Aprobado,Reprobado
16.0,95.0,2,2,False,9.0,63.0,1,No,0.0,1,0,3.0,False,68,True,False,False,True,False,True,False,False,False,True,False,False,True,Aprobado,Reprobado
6.0,98.0,1,0,False,8.0,75.0,1,Yes,1.0,2,1,3.0,True,64,False,True,True,False,False,False,True,True,False,False,False,True,False,Reprobado,Aprobado
18.0,74.0,2,1,True,6.0,69.0,1,Yes,0.0,0,1,4.0,False,65,False,True,False,True,False,True,False,False,True,False,False,False,True,Aprobado,Aprobado
25.0,64.0,1,0,True,8.0,91.0,1,Yes,1.0,0,0,5.0,False,66,False,True,False,True,True,False,False,False,False,True,False,False,True,Aprobado,Aprobado
23.0,68.0,1,2,False,5.0,91.0,0,Yes,5.0,0,1,1.0,False,68,False,True,True,False,True,False,False,False,False,True,False,True,False,Aprobado,Aprobado
23.0,80.0,1,1,False,7.0,67.0,0,Yes,2.0,0,2,4.0,False,67,False,True,False,True,False,True,False,False,False,True,False,True,False,Aprobado,Aprobado
18.0,92.0,1,1,True,6.0,73.0,0,Yes,1.0,1,2,5.0,True,67,False,True,True,False,False,True,False,False,True,False,False,True,False,Aprobado,Aprobado
12.0,66.0,1,2,True,7.0,99.0,0,Yes,2.0,1,0,3.0,False,63,False,True,False,True,False,True,False,False,True,False,False,True,False,Reprobado,Aprobado
23.0,86.0,1,2,True,8.0,91.0,1,Yes,2.0,0,1,1.0,False,71,False,True,True,False,True,False,False,False,False,True,True,False,False,Aprobado,Aprobado
15.0,73.0,1,2,False,5.0,61.0,0,No,1.0,0,2,2.0,False,63,True,False,False,True,False,False,True,False,True,False,False,False,True,Reprobado,Reprobado
33.0,74.0,1,0,False,8.0,64.0,1,Yes,0.0,1,1,3.0,True,66,False,True,False,True,False,True,False,False,False,True,True,False,False,Aprobado,Reprobado
23.0,86.0,2,1,False,7.0,54.0,0,Yes,2.0,1,1,2.0,True,67,False,True,True,False,False,True,False,False,False,True,True,False,False,Aprobado,Reprobado
17.0,79.0,1,2,True,8.0,84.0,1,Yes,0.0,1,1,2.0,False,66,False,True,False,True,False,True,False,False,True,False,False,True,False,Aprobado,Aprobado
16.0,92.0,1,1,True,7.0,66.0,2,Yes,2.0,1,1,4.0,False,70,False,True,True,False,False,False,True,False,True,False,False,False,True,Aprobado,Aprobado
19.0,66.0,2,1,False,8.0,77.0,0,No,3.0,1,1,4.0,False,64,False,True,True,False,True,False,False,False,True,False,True,False,False,Reprobado,Aprobado
19.0,92.0,1,1,True,6.0,88.0,0,Yes,1.0,2,1,2.0,False,71,False,True,False,True,False,False,True,False,False,True,False,False,True,Aprobado,Aprobado
27.0,63.0,2,2,True,4.0,92.0,1,Yes,0.0,0,1,3.0,False,68,False,True,True,False,True,False,False,False,False,True,False,True,False,Aprobado,Aprobado
21.0,68.0,0,1,True,5.0,66.0,0,Yes,2.0,2,1,3.0,False,64,True,False,False,True,False,True,False,False,False,True,False,True,False,Reprobado,Aprobado
16.0,86.0,1,1,True,6.0,62.0,0,Yes,1.0,0,2,4.0,False,66,False,True,True,False,False,True,False,False,False,True,False,False,True,Aprobado,Reprobado
31.0,94.0,0,1,False,5.0,92.0,0,Yes,1.0,2,0,4.0,False,72,True,False,False,True,False,True,False,False,False,True,False,True,False,Aprobado,Aprobado
20.0,70.0,0,1,True,9.0,69.0,2,Yes,2.0,1,2,3.0,False,66,False,True,True,False,False,False,True,False,False,True,False,True,False,Aprobado,Aprobado
25.0,73.0,1,2,True,7.0,91.0,1,Yes,0.0,1,2,4.0,False,70,False,True,True,False,False,True,False,False,False,True,False,True,False,Aprobado,Aprobado
16.0,81.0,1,1,True,8.0,57.0,2,Yes,1.0,1,1,2.0,False,66,True,False,False,True,False,True,False,False,False,True,False,False,True,Aprobado,Reprobado
22.0,68.0,2,1,False,8.0,96.0,1,Yes,1.0,1,1,3.0,False,68,False,True,True,False,False,False,True,False,True,False,False,False,True,Aprobado,Aprobado
22.0,92.0,1,0,True,7.0,74.0,2,Yes,2.0,1,0,4.0,False,70,False,True,False,True,True,False,False,False,True,False,False,False,True,Aprobado,Aprobado
9.0,91.0,1,1,False,10.0,59.0,2,Yes,0.0,0,1,2.0,False,64,True,False,False,True,True,False,False,False,True,False,False,False,True,Reprobado,Reprobado
32.0,66.0,2,2,True,10.0,77.0,2,Yes,3.0,1,1,1.0,False,71,False,True,False,True,True,False,False,False,False,True,False,True,False,Aprobado,Aprobado
28.0,79.0,1,2,True,9.0,94.0,0,Yes,2.0,0,1,5.0,False,72,True,False,False,True,True,False,False,False,False,True,False,False,True,Aprobado,Aprobado
18.0,91.0,2,1,True,6.0,69.0,1,Yes,5.0,0,2,2.0,False,71,False,True,False,True,False,True,False,False,False,True,False,False,True,Aprobado,Aprobado
13.0,73.0,1,0,False,9.0,59.0,1,Yes,0.0,1,2,4.0,False,63,False,True,False,True,False,False,True,False,False,True,False,True,False,Reprobado,Reprobado
22.0,85.0,0,1,True,4.0,79.0,1,Yes,1.0,2,0,2.0,False,68,False,True,False,True,True,False,False,False,False,True,False,False,True,Aprobado,Aprobado
21.0,62.0,1,1,False,9.0,92.0,1,Yes,1.0,1,1,4.0,True,63,True,False,False,True,False,True,False,False,False,True,False,False,True,Reprobado,Aprobado
22.0,84.0,1,1,False,4.0,56.0,1,Yes,0.0,2,0,2.0,False,66,True,False,False,True,False,True,False,False,True,False,False,False,True,Aprobado,Reprobado
21.0,66.0,1,1,True,7.0,52.0,2,Yes,1.0,1,1,3.0,False,63,False,True,True,False,False,True,False,True,False,False,False,True,False,Reprobado,Reprobado
23.0,93.0,2,2,False,9.0,53.0,2,Yes,1.0,0,1,4.0,False,72,True,False,True,False,True,False,False,False,False,True,False,True,False,Aprobado,Reprobado
29.0,74.0,1,2,True,8.0,62.0,2,Yes,3.0,0,2,3.0,True,70,False,True,False,True,False,False,True,False,True,False,False,False,True,Aprobado,Reprobado
23.0,71.0,1,1,True,5.0,50.0,1,Yes,1.0,0,2,1.0,False,65,False,True,True,False,True,False,False,False,False,True,False,False,True,Aprobado,Reprobado
14.0,94.0,1,2,True,7.0,71.0,1,Yes,0.0,1,1,3.0,True,67,True,False,True,False,True,False,False,False,True,False,True,False,False,Aprobado,Aprobado
28.0,62.0,0,2,False,8.0,85.0,1,Yes,2.0,0,2,3.0,False,66,False,True,True,False,False,True,False,False,True,False,False,False,True,Aprobado,Aprobado
30.0,76.0,1,1,True,7.0,86.0,1,Yes,1.0,1,2,2.0,True,69,False,True,False,True,False,False,True,True,False,False,False,True,False,Aprobado,Aprobado
39.0,75.0,1,2,True,6.0,82.0,2,Yes,1.0,2,0,3.0,False,73,False,True,False,True,True,False,False,False,False,True,True,False,False,Aprobado,Aprobado
13.0,71.0,1,2,True,8.0,65.0,2,Yes,2.0,1,1,4.0,False,66,False,True,True,False,False,False,True,False,False,True,False,True,False,Aprobado,Aprobado
21.0,96.0,1,1,True,9.0,87.0,1,Yes,0.0,1,1,6.0,True,70,False,True,True,False,False,True,False,False,False,True,False,True,False,Aprobado,Aprobado
8.0,90.0,2,2,False,7.0,79.0,2,Yes,2.0,0,1,4.0,False,68,False,True,False,True,True,False,False,False,False,True,True,False,False,Aprobado,Aprobado
23.0,63.0,0,1,True,9.0,93.0,1,Yes,2.0,1,2,2.0,False,65,True,False,False,True,False,True,False,True,False,False,False,False,True,Aprobado,Aprobado
17.0,89.0,1,1,False,7.0,74.0,1,Yes,1.0,0,1,2.0,False,67,True,False,True,False,False,False,True,False,True,False,False,False,True,Aprobado,Aprobado
32.0,81.0,2,1,False,6.0,59.0,2,Yes,2.0,2,1,2.0,False,71,False,True,True,False,False,True,False,False,True,False,False,True,False,Aprobado,Reprobado
15.0,96.0,2,2,False,9.0,82.0,1,Yes,2.0,0,0,3.0,False,70,True,False,True,False,False,True,False,False,False,True,False,True,False,Aprobado,Aprobado
10.0,73.0,1,0,True,9.0,58.0,0,Yes,5.0,0,1,3.0,False,61,True,False,False,True,False,True,False,False,True,False,True,False,False,Reprobado,Reprobado
17.0,83.0,2,1,True,6.0,98.0,1,Yes,0.0,1,1,3.0,False,69,False,True,False,True,False,True,False,False,False,True,False,False,True,Aprobado,Aprobado
8.0,80.0,0,1,True,6.0,85.0,1,Yes,1.0,0,2,3.0,False,63,False,True,False,True,False,False,True,False,False,True,True,False,False,Reprobado,Aprobado
25.0,80.0,1,1,True,10.0,88.0,0,Yes,0.0,0,2,2.0,False,67,True,False,False,True,True,False,False,False,True,False,True,False,False,Aprobado,Aprobado
8.0,78.0,2,1,True,7.0,84.0,1,Yes,0.0,1,1,2.0,False,65,False,True,False,True,True,False,False,False,False,True,False,False,True,Aprobado,Aprobado
20.0,68.0,2,1,True,7.0,55.0,2,Yes,0.0,0,0,3.0,True,63,False,True,True,False,False,True,False,False,False,True,False,False,True,Reprobado,Reprobado
8.0,90.0,1,1,False,7.0,73.0,2,Yes,3.0,2,0,4.0,False,67,True,False,False,True,False,False,True,False,False,True,True,False,False,Aprobado,Aprobado
18.0,78.0,0,2,True,9.0,83.0,1,Yes,2.0,0,1,2.0,False,66,True,False,True,False,False,False,True,False,True,False,True,False,False,Aprobado,Aprobado
30.0,98.0,0,1,True,10.0,61.0,1,Yes,0.0,0,1,3.0,False,72,False,True,False,True,False,False,True,False,True,False,False,False,True,Aprobado,Reprobado
22.0,70.0,1,2,False,7.0,84.0,0,Yes,3.0,0,2,5.0,False,68,False,True,False,True,False,True,False,False,False,True,False,False,True,Aprobado,Aprobado
15.0,87.0,2,1,True,10.0,91.0,1,Yes,1.0,0,0,4.0,False,67,False,True,False,True,False,True,False,False,True,False,False,True,False,Aprobado,Aprobado
20.0,98.0,1,1,True,6.0,64.0,1,Yes,1.0,2,2,3.0,False,72,True,False,False,True,False,False,True,False,True,False,False,False,True,Aprobado,Reprobado
20.0,87.0,1,2,True,7.0,60.0,1,Yes,0.0,0,1,2.0,True,66,False,True,True,False,False,True,False,True,False,False,False,False,True,Aprobado,Reprobado
23.0,95.0,1,1,True,8.0,94.0,1,Yes,1.0,1,1,4.0,False,73,False,True,False,True,False,True,False,False,False,True,False,False,True,Aprobado,Aprobado
12.0,93.0,2,2,True,6.0,50.0,0,Yes,4.0,2,2,3.0,False,71,False,True,False,True,False,False,True,False,True,False,False,False,True,Aprobado,Reprobado
24.0,74.0,0,0,True,8.0,63.0,2,Yes,1.0,0,2,3.0,False,65,False,True,False,True,False,True,False,False,True,False,False,False,True,Aprobado,Reprobado
4.0,84.0,1,1,True,6.0,70.0,1,Yes,5.0,1,2,4.0,False,65,True,False,False,True,False,True,False,False,False,True,False,True,False,Aprobado,Aprobado
16.0,66.0,2,1,True,5.0,84.0,1,Yes,2.0,1,1,3.0,False,65,True,False,True,False,False,True,False,False,False,True,False,True,False,Aprobado,Aprobado
17.0,81.0,1,1,True,4.0,100.0,0,Yes,2.0,1,2,2.0,False,68,True,False,False,True,True,False,False,False,False,True,False,True,False,Aprobado,Aprobado
24.0,69.0,2,1,False,7.0,69.0,1,No,7.0,2,1,3.0,False,70,False,True,True,False,True,False,False,False,False,True,False,False,True,Aprobado,Aprobado
20.0,90.0,1,0,True,8.0,97.0,0,Yes,1.0,1,0,2.0,False,68,True,False,True,False,False,True,False,False,False,True,False,True,False,Aprobado,Aprobado
12.0,81.0,0,1,True,5.0,68.0,2,Yes,0.0,0,2,2.0,False,62,True,False,False,True,False,True,False,False,False,True,True,False,False,Reprobado,Aprobado
14.0,76.0,1,1,False,7.0,85.0,2,Yes,3.0,0,1,3.0,False,66,True,False,False,True,True,False,False,False,False,True,False,True,False,Aprobado,Aprobado
21.0,71.0,1,1,False,7.0,58.0,0,Yes,3.0,0,1,5.0,False,65,False,True,True,False,True,False,False,False,False,True,True,False,False,Aprobado,Reprobado
20.0,100.0,1,1,True,7.0,73.0,1,Yes,1.0,0,1,4.0,False,71,False,True,True,False,True,False,False,False,False,True,False,True,False,Aprobado,Aprobado
17.0,63.0,1,1,False,6.0,94.0,0,Yes,0.0,1,1,2.0,False,61,False,True,False,True,False,True,False,False,True,False,True,False,False,Reprobado,Aprobado
17.0,62.0,1,1,False,7.0,66.0,2,Yes,2.0,2,1,4.0,False,63,False,True,False,True,False,True,False,False,True,False,False,True,False,Reprobado,Aprobado
24.0,69.0,1,2,True,7.0,55.0,0,Yes,3.0,1,2,4.0,False,67,False,True,False,True,False,True,False,False,False,True,False,True,False,Aprobado,Reprobado
17.0,99.0,1,1,False,8.0,76.0,0,No,2.0,2,1,4.0,False,70,False,True,False,True,False,False,True,False,False,True,False,False,True,Aprobado,Aprobado
19.0,99.0,1,1,True,5.0,72.0,0,Yes,3.0,1,2,4.0,False,73,True,False,False,True,False,False,True,False,False,True,False,True,False,Aprobado,Aprobado
33.0,86.0,1,1,False,7.0,61.0,1,Yes,1.0,2,1,3.0,False,72,False,True,False,True,False,True,False,False,False,True,False,False,True,Aprobado,Reprobado
11.0,95.0,1,1,True,5.0,95.0,0,Yes,1.0,0,2,3.0,False,69,False,True,False,True,False,False,True,False,False,True,False,False,True,Aprobado,Aprobado
9.0,69.0,0,1,True,7.0,80.0,1,Yes,1.0,1,1,3.0,False,61,True,False,False,True,True,False,False,False,True,False,False,True,False,Reprobado,Aprobado
25.0,99.0,1,1,False,5.0,67.0,1,Yes,1.0,0,2,3.0,False,71,False,True,False,True,False,True,False,False,False,True,False,True,False,Aprobado,Aprobado
16.0,66.0,1,1,True,6.0,100.0,1,Yes,1.0,1,1,3.0,False,64,False,True,True,False,False,True,False,False,True,False,False,True,False,Reprobado,Aprobado
18.0,64.0,0,1,True,7.0,57.0,1,Yes,1.0,2,1,3.0,False,61,False,True,False,True,False,True,False,False,True,False,False,True,False,Reprobado,Reprobado
15.0,64.0,1,1,False,6.0,92.0,0,Yes,3.0,0,1,4.0,False,63,False,True,True,False,True,False,False,False,False,True,True,False,False,Reprobado,Aprobado
18.0,83.0,1,0,True,9.0,62.0,2,Yes,2.0,0,1,2.0,False,65,False,True,False,True,False,True,False,False,False,True,True,False,False,Aprobado,Reprobado
30.0,91.0,2,1,False,9.0,62.0,0,Yes,3.0,0,2,4.0,False,73,False,True,True,False,False,False,True,False,False,True,True,False,False,Aprobado,Reprobado
25.0,75.0,1,0,True,8.0,75.0,2,Yes,2.0,2,2,4.0,True,68,True,False,False,True,False,False,True,False,False,True,True,False,False,Aprobado,Aprobado
25.0,99.0,1,1,False,8.0,83.0,1,Yes,1.0,1,1,2.0,False,72,False,True,True,False,True,False,False,False,False,True,False,True,False,Aprobado,Aprobado
12.0,77.0,0,0,True,7.0,85.0,1,Yes,1.0,1,1,3.0,False,62,False,True,False,True,True,False,False,True,False,False,False,False,True,Reprobado,Aprobado
13.0,66.0,2,1,True,9.0,51.0,0,Yes,3.0,1,1,2.0,False,63,True,False,False,True,False,False,True,False,True,False,False,False,True,Reprobado,Reprobado
3.0,79.0,0,1,True,7.0,64.0,0,Yes,0.0,1,1,3.0,False,58,False,True,True,False,False,False,True,True,False,False,True,False,False,Reprobado,Reprobado
15.0,87.0,1,1,False,10.0,83.0,1,Yes,1.0,2,2,3.0,False,68,True,False,False,True,False,True,False,False,False,True,False,False,True,Aprobado,Aprobado
26.0,93.0,2,2,True,6.0,94.0,0,Yes,1.0,1,2,2.0,False,74,False,True,True,False,False,True,False,False,False,True,True,False,False,Aprobado,Aprobado
23.0,78.0,1,1,True,5.0,83.0,1,Yes,1.0,1,1,3.0,False,68,False,True,False,True,False,True,False,False,False,True,False,False,True,Aprobado,Aprobado
19.0,84.0,1,1,True,5.0,63.0,1,Yes,1.0,2,1,2.0,False,67,True,False,False,True,False,True,False,False,False,True,False,False,True,Aprobado,Reprobado
20.0,71.0,1,1,True,5.0,75.0,0,Yes,0.0,1,1,4.0,False,65,True,False,False,True,False,True,False,False,False,True,False,False,True,Aprobado,Aprobado
16.0,86.0,0,0,True,5.0,82.0,0,Yes,0.0,0,1,4.0,False,63,False,True,True,False,False,True,False,False,True,False,False,True,False,Reprobado,Aprobado
21.0,99.0,1,0,False,7.0,57.0,2,Yes,2.0,1,1,2.0,False,71,False,True,False,True,False,False,True,False,False,True,False,True,False,Aprobado,Reprobado
25.0,62.0,1,0,True,8.0,77.0,1,Yes,0.0,1,0,4.0,False,62,False,True,True,False,True,False,False,True,False,False,True,False,False,Reprobado,Aprobado
10.0,95.0,2,0,True,7.0,74.0,2,Yes,2.0,0,1,3.0,False,66,False,True,False,True,False,True,False,True,False,False,True,False,False,Aprobado,Aprobado
22.0,82.0,0,1,False,5.0,67.0,0,Yes,1.0,0,2,1.0,True,65,True,False,True,False,False,False,True,False,False,True,False,True,False,Aprobado,Aprobado
26.0,70.0,2,1,False,6.0,81.0,0,Yes,0.0,0,2,3.0,False,66,False,True,False,True,False,True,False,False,True,False,False,True,False,Aprobado,Aprobado
18.0,98.0,2,0,False,8.0,82.0,1,Yes,3.0,1,2,3.0,False,71,False,True,False,True,True,False,False,False,False,True,True,False,False,Aprobado,Aprobado
24.0,79.0,0,2,False,6.0,99.0,2,No,2.0,0,2,3.0,False,68,False,True,False,True,False,True,False,False,False,True,True,False,False,Aprobado,Aprobado
37.0,73.0,1,2,True,6.0,71.0,1,Yes,0.0,2,2,5.0,False,72,False,True,False,True,False,True,False,False,True,False,False,False,True,Aprobado,Aprobado
19.0,67.0,1,2,False,5.0,77.0,1,Yes,1.0,1,2,4.0,False,66,True,False,False,True,False,False,True,False,False,True,True,False,False,Aprobado,Aprobado
22.0,70.0,1,0,True,6.0,58.0,0,Yes,4.0,2,1,2.0,False,66,False,True,False,True,False,False,True,False,True,False,False,False,True,Aprobado,Reprobado
16.0,93.0,0,2,False,6.0,77.0,2,Yes,2.0,0,1,1.0,False,67,False,True,False,True,False,True,False,False,True,False,True,False,False,Aprobado,Aprobado
21.0,85.0,0,2,True,7.0,52.0,1,Yes,5.0,2,2,3.0,False,71,False,True,False,True,False,False,True,False,True,False,False,False,True,Aprobado,Reprobado
23.0,97.0,2,2,True,8.0,57.0,0,No,2.0,2,1,1.0,False,72,False,True,False,True,False,False,True,True,False,False,False,False,True,Aprobado,Reprobado
21.0,69.0,0,1,False,7.0,59.0,1,Yes,3.0,0,1,3.0,False,64,False,True,False,True,False,False,True,False,False,True,False,True,False,Reprobado,Reprobado
14.0,65.0,0,2,False,7.0,82.0,0,Yes,1.0,0,0,3.0,False,60,False,True,False,True,False,True,False,False,False,True,True,False,False,Reprobado,Aprobado
21.0,60.0,2,0,False,8.0,78.0,1,Yes,2.0,1,2,2.0,False,64,False,True,True,False,False,True,False,False,False,True,False,False,True,Reprobado,Aprobado
29.0,80.0,1,0,True,5.0,90.0,1,Yes,2.0,1,0,1.0,False,70,False,True,True,False,True,False,False,False,False,True,False,False,True,Aprobado,Aprobado
23.0,100.0,1,0,True,10.0,73.0,1,Yes,3.0,1,1,2.0,False,72,True,False,False,True,True,False,False,False,False,True,False,True,False,Aprobado,Aprobado
26.0,88.0,1,2,False,6.0,74.0,1,Yes,0.0,0,1,2.0,False,68,False,True,True,False,False,True,False,False,True,False,True,False,False,Aprobado,Aprobado
19.0,72.0,1,0,True,8.0,58.0,1,Yes,0.0,1,0,3.0,False,62,False,True,True,False,False,True,False,False,False,True,False,True,False,Reprobado,Reprobado
24.0,95.0,1,0,False,5.0,87.0,1,Yes,0.0,0,1,2.0,False,68,False,True,False,True,False,True,False,True,False,False,False,True,False,Aprobado,Aprobado
22.0,91.0,2,2,True,7.0,50.0,1,Yes,2.0,0,1,5.0,False,72,False,True,False,True,False,False,True,False,True,False,False,False,True,Aprobado,Reprobado
14.0,61.0,1,0,True,7.0,71.0,1,Yes,0.0,1,0,1.0,False,60,True,False,True,False,False,False,True,False,False,True,False,True,False,Reprobado,Aprobado
22.0,93.0,1,2,False,9.0,59.0,0,Yes,3.0,0,2,4.0,False,72,False,True,True,False,False,False,True,False,False,True,False,False,True,Aprobado,Reprobado
14.0,72.0,0,2,False,7.0,89.0,1,Yes,2.0,1,1,3.0,False,65,False,True,True,False,False,True,False,False,False,True,False,False,True,Aprobado,Aprobado
16.0,66.0,1,0,False,9.0,84.0,2,Yes,3.0,0,0,4.0,False,63,False,True,True,False,False,True,False,False,False,True,False,False,True,Reprobado,Aprobado
21.0,69.0,1,0,True,7.0,85.0,1,Yes,2.0,1,1,0.0,False,66,True,False,False,True,False,False,True,False,False,True,False,False,True,Aprobado,Aprobado
22.0,79.0,0,1,False,10.0,57.0,0,Yes,1.0,1,2,2.0,False,65,False,True,False,True,False,True,False,False,False,True,False,False,True,Aprobado,Reprobado
13.0,77.0,1,2,False,4.0,83.0,1,Yes,1.0,1,2,2.0,False,65,False,True,False,True,False,False,True,False,True,False,True,False,False,Aprobado,Aprobado
26.0,72.0,0,2,False,8.0,85.0,1,Yes,2.0,0,1,3.0,False,67,False,True,False,True,False,True,False,False,False,True,True,False,False,Aprobado,Aprobado
23.0,67.0,1,1,False,4.0,50.0,0,Yes,4.0,0,1,3.0,False,65,True,False,False,True,True,False,False,False,True,False,False,False,True,Aprobado,Reprobado
16.0,90.0,2,1,False,7.0,66.0,1,Yes,0.0,2,2,3.0,False,67,False,True,False,True,False,True,False,False,True,False,True,False,False,Aprobado,Aprobado
11.0,100.0,1,1,True,9.0,54.0,0,Yes,1.0,0,1,3.0,False,66,False,True,False,True,False,False,True,False,False,True,True,False,False,Aprobado,Reprobado
19.0,91.0,0,2,True,9.0,84.0,2,Yes,2.0,2,2,3.0,True,71,False,True,False,True,False,True,False,False,False,True,False,False,True,Aprobado,Aprobado
17.0,72.0,1,1,False,8.0,61.0,1,Yes,1.0,1,1,4.0,False,64,False,True,False,True,False,False,True,False,True,False,False,True,False,Reprobado,Reprobado
21.0,70.0,0,0,False,7.0,63.0,1,Yes,0.0,1,1,2.0,False,61,False,True,False,True,False,True,False,True,False,False,False,False,True,Reprobado,Reprobado
18.0,69.0,2,2,True,8.0,54.0,0,Yes,1.0,2,2,2.0,False,65,True,False,False,True,False,True,False,False,False,True,False,True,False,Aprobado,Reprobado
8.0,65.0,1,1,False,10.0,74.0,1,Yes,1.0,1,2,5.0,False,61,True,False,False,True,False,True,False,False,False,True,False,False,True,Reprobado,Aprobado
18.0,82.0,2,0,False,7.0,52.0,0,Yes,1.0,0,1,4.0,False,64,False,True,True,False,False,True,False,False,False,True,True,False,False,Reprobado,Reprobado
18.0,84.0,2,2,True,8.0,92.0,0,Yes,0.0,0,2,3.0,False,69,False,True,True,False,True,False,False,False,False,True,True,False,False,Aprobado,Aprobado
24.0,88.0,1,1,True,6.0,51.0,2,Yes,4.0,1,0,4.0,False,71,False,True,False,True,False,True,False,False,False,True,False,False,True,Aprobado,Reprobado
16.0,87.0,2,1,False,9.0,53.0,2,Yes,3.0,1,2,5.0,False,70,True,False,False,True,True,False,False,False,False,True,False,True,False,Aprobado,Reprobado
30.0,72.0,2,1,True,8.0,82.0,2,Yes,1.0,0,1,1.0,False,70,False,True,True,False,True,False,False,False,True,False,False,False,True,Aprobado,Aprobado
9.0,73.0,1,1,True,6.0,96.0,0,Yes,0.0,0,2,2.0,False,62,False,True,False,True,False,True,False,False,False,True,False,False,True,Reprobado,Aprobado
28.0,87.0,1,1,False,8.0,95.0,1,Yes,2.0,1,0,3.0,False,73,True,False,True,False,False,False,True,False,False,True,False,False,True,Aprobado,Aprobado
19.0,74.0,1,2,False,8.0,54.0,2,Yes,0.0,1,1,3.0,False,66,False,True,False,True,True,False,False,False,False,True,False,False,True,Aprobado,Reprobado
25.0,69.0,1,1,True,8.0,64.0,1,Yes,1.0,2,0,3.0,False,66,False,True,True,False,False,False,True,False,True,False,True,False,False,Aprobado,Reprobado
20.0,75.0,0,1,False,7.0,76.0,1,Yes,3.0,2,2,3.0,False,66,True,False,True,False,True,False,False,False,False,True,True,False,False,Aprobado,Aprobado
27.0,71.0,1,1,True,9.0,51.0,1,No,3.0,2,1,1.0,False,66,False,True,True,False,True,False,False,True,False,False,False,True,False,Aprobado,Reprobado
18.0,64.0,1,1,True,6.0,76.0,1,Yes,2.0,1,2,4.0,False,65,False,True,False,True,False,True,False,False,False,True,False,False,True,Aprobado,Aprobado
13.0,93.0,0,0,False,7.0,72.0,2,Yes,2.0,1,1,2.0,False,67,True,False,True,False,False,False,True,False,False,True,False,False,True,Aprobado,Aprobado
29.0,94.0,2,1,False,7.0,79.0,1,Yes,6.0,0,2,4.0,False,76,True,False,True,False,True,False,False,False,False,True,False,True,False,Aprobado,Aprobado
19.0,69.0,1,1,True,9.0,96.0,1,Yes,0.0,2,2,3.0,False,66,True,False,True,False,False,True,False,False,True,False,False,False,True,Aprobado,Aprobado
21.0,63.0,1,1,True,6.0,64.0,0,Yes,1.0,2,2,3.0,False,63,False,True,False,True,False,True,False,False,False,True,True,False,False,Reprobado,Reprobado
27.0,90.0,1,1,False,7.0,82.0,1,Yes,0.0,1,1,3.0,False,71,False,True,True,False,True,False,False,False,True,False,False,False,True,Aprobado,Aprobado
14.0,68.0,1,2,False,6.0,71.0,0,Yes,1.0,1,1,3.0,False,63,False,True,False,True,True,False,False,False,True,False,False,False,True,Reprobado,Aprobado
24.0,76.0,2,0,True,7.0,72.0,0,Yes,1.0,2,1,2.0,False,67,False,True,False,True,True,False,False,False,True,False,False,False,True,Aprobado,Aprobado
16.0,63.0,1,1,True,8.0,82.0,1,Yes,0.0,2,1,3.0,False,63,False,True,False,True,False,True,False,False,False,True,False,True,False,Reprobado,Aprobado
19.0,69.0,2,1,True,5.0,98.0,1,Yes,0.0,2,1,4.0,False,66,False,True,False,True,False,True,False,False,True,False,False,True,False,Aprobado,Aprobado
20.0,92.0,1,1,True,9.0,93.0,0,Yes,3.0,2,1,2.0,False,72,False,True,True,False,True,False,False,False,False,True,False,False,True,Aprobado,Aprobado
11.0,92.0,2,1,True,8.0,82.0,2,Yes,4.0,1,1,2.0,False,70,True,False,True,False,False,False,True,False,False,True,True,False,False,Aprobado,Aprobado
15.0,68.0,2,0,True,6.0,73.0,1,No,0.0,1,1,3.0,False,62,False,True,False,True,True,False,False,False,False,True,False,False,True,Reprobado,Aprobado
28.0,73.0,2,1,True,6.0,71.0,1,Yes,0.0,1,2,2.0,False,69,True,False,True,False,True,False,False,False,True,False,False,False,True,Aprobado,Aprobado
25.0,65.0,0,1,True,9.0,89.0,1,Yes,2.0,1,2,3.0,False,66,False,True,True,False,False,True,False,False,False,True,False,True,False,Aprobado,Aprobado
20.0,63.0,1,1,True,8.0,61.0,1,Yes,2.0,2,1,3.0,False,64,False,True,False,True,False,True,False,False,False,True,False,True,False,Reprobado,Reprobado
21.0,100.0,0,1,True,6.0,79.0,1,Yes,2.0,0,1,1.0,False,70,False,True,True,False,False,True,False,False,False,True,False,True,False,Aprobado,Aprobado
18.0,86.0,1,1,False,6.0,75.0,2,Yes,0.0,0,2,4.0,False,67,False,True,False,True,False,True,False,False,False,True,False,True,False,Aprobado,Aprobado
28.0,82.0,1,2,True,8.0,82.0,0,Yes,1.0,1,1,2.0,False,71,True,False,False,True,False,False,True,False,False,True,True,False,False,Aprobado,Aprobado
19.0,91.0,1,1,False,8.0,59.0,2,Yes,1.0,2,1,2.0,False,69,False,True,False,True,False,False,True,False,False,True,False,True,False,Aprobado,Reprobado
21.0,94.0,2,0,False,8.0,85.0,1,Yes,1.0,1,1,4.0,False,70,False,True,False,True,True,False,False,False,False,True,True,False,False,Aprobado,Aprobado
27.0,92.0,1,1,True,7.0,81.0,1,Yes,0.0,0,1,1.0,False,70,False,True,False,True,True,False,False,False,False,True,True,False,False,Aprobado,Aprobado
15.0,61.0,2,0,True,8.0,59.0,1,Yes,1.0,1,1,2.0,False,61,False,True,True,False,False,False,True,False,True,False,False,True,False,Reprobado,Reprobado
29.0,67.0,0,2,False,7.0,72.0,1,No,0.0,1,2,3.0,False,65,False,True,True,False,False,True,False,False,False,True,False,True,False,Aprobado,Aprobado
11.0,86.0,1,2,True,6.0,84.0,1,Yes,0.0,2,2,3.0,False,67,True,False,False,True,False,True,False,False,False,True,False,True,False,Aprobado,Aprobado
30.0,75.0,1,0,True,9.0,95.0,0,Yes,1.0,2,1,5.0,False,70,False,True,False,True,False,False,True,False,False,True,True,False,False,Aprobado,Aprobado
18.0,99.0,1,1,False,8.0,56.0,1,No,2.0,0,2,3.0,False,67,True,False,False,True,False,True,False,False,False,True,True,False,False,Aprobado,Reprobado
19.0,87.0,0,2,True,6.0,50.0,1,Yes,3.0,0,1,2.0,False,68,False,True,False,True,False,False,True,False,False,True,False,True,False,Aprobado,Reprobado
9.0,98.0,2,2,False,7.0,58.0,1,Yes,2.0,1,1,4.0,False,69,False,True,False,True,True,False,False,False,False,True,True,False,False,Aprobado,Reprobado
17.0,68.0,1,1,False,7.0,99.0,1,Yes,1.0,1,0,1.0,False,65,True,False,False,True,False,False,True,False,False,True,False,True,False,Aprobado,Aprobado
14.0,95.0,2,1,True,6.0,88.0,1,Yes,2.0,0,0,2.0,False,68,False,True,False,True,False,True,False,True,False,False,False,True,False,Aprobado,Aprobado
16.0,73.0,2,1,True,7.0,81.0,1,Yes,1.0,2,2,4.0,False,67,False,True,False,True,False,False,True,False,False,True,True,False,False,Aprobado,Aprobado
19.0,100.0,1,2,True,6.0,57.0,1,Yes,1.0,2,1,2.0,True,70,True,False,False,True,False,True,False,False,False,True,False,False,True,Aprobado,Reprobado
26.0,66.0,2,2,False,8.0,71.0,2,Yes,2.0,1,1,3.0,False,68,False,True,True,False,False,True,False,False,False,True,False,True,False,Aprobado,Aprobado
21.0,81.0,2,1,True,7.0,86.0,1,Yes,1.0,0,1,4.0,False,69,False,True,False,True,True,False,False,False,False,True,False,True,False,Aprobado,Aprobado
22.0,92.0,2,0,True,5.0,95.0,0,Yes,0.0,0,0,3.0,False,70,False,True,False,True,False,False,True,False,False,True,False,False,True,Aprobado,Aprobado
13.0,77.0,2,2,True,7.0,69.0,1,Yes,2.0,0,2,5.0,False,67,True,False,False,True,True,False,False,False,True,False,False,True,False,Aprobado,Aprobado
15.0,79.0,2,2,True,6.0,100.0,1,Yes,4.0,0,1,3.0,False,70,False,True,True,False,True,False,False,False,False,True,False,True,False,Aprobado,Aprobado
31.0,99.0,1,0,True,4.0,57.0,2,Yes,1.0,2,2,2.0,False,74,False,True,True,False,False,False,True,False,True,False,False,True,False,Aprobado,Reprobado
16.0,77.0,1,0,True,7.0,69.0,0,Yes,1.0,0,2,4.0,False,63,False,True,True,False,False,True,False,False,False,True,False,True,False,Reprobado,Aprobado
30.0,84.0,2,1,True,9.0,94.0,1,Yes,1.0,0,2,2.0,True,72,True,False,True,False,False,True,False,False,False,True,False,False,True,Aprobado,Aprobado
19.0,62.0,2,1,False,7.0,82.0,0,Yes,0.0,0,0,5.0,True,62,True,False,False,True,False,False,True,False,False,True,False,True,False,Reprobado,Aprobado
20.0,94.0,1,1,False,8.0,91.0,1,Yes,1.0,0,1,2.0,False,71,False,True,True,False,False,False,True,False,False,True,False,False,True,Aprobado,Aprobado
26.0,86.0,1,0,False,7.0,95.0,1,Yes,0.0,0,2,5.0,False,68,False,True,False,True,False,True,False,False,True,False,True,False,False,Aprobado,Aprobado
28.0,76.0,1,2,True,6.0,75.0,2,Yes,3.0,2,1,3.0,False,72,False,True,False,True,False,True,False,False,False,True,False,False,True,Aprobado,Aprobado
19.0,61.0,1,2,True,6.0,62.0,2,Yes,1.0,2,1,2.0,False,64,False,True,True,False,False,False,True,False,True,False,False,True,False,Reprobado,Reprobado
18.0,84.0,0,0,False,5.0,85.0,1,Yes,0.0,1,1,4.0,False,64,False,True,False,True,False,True,False,False,True,False,False,True,False,Reprobado,Aprobado
20.0,61.0,0,2,True,8.0,78.0,1,Yes,0.0,0,1,5.0,False,63,True,False,True,False,False,True,False,False,False,True,False,False,True,Reprobado,Aprobado
22.0,60.0,2,1,True,8.0,89.0,1,Yes,2.0,1,2,4.0,False,66,True,False,False,True,True,False,False,False,True,False,False,True,False,Aprobado,Aprobado
25.0,85.0,1,1,True,7.0,76.0,1,Yes,2.0,2,1,2.0,False,71,False,True,True,False,True,False,False,False,False,True,False,False,True,Aprobado,Aprobado
20.0,68.0,1,2,True,4.0,91.0,2,Yes,4.0,2,1,4.0,False,70,True,False,False,True,True,False,False,False,False,True,False,False,True,Aprobado,Aprobado
24.0,68.0,2,1,True,8.0,95.0,0,Yes,3.0,1,1,0.0,False,67,False,True,False,True,False,True,False,False,True,False,False,False,True,Aprobado,Aprobado
30.0,86.0,2,2,True,6.0,87.0,1,Yes,0.0,0,0,4.0,False,73,True,False,True,False,True,False,False,False,False,True,False,False,True,Aprobado,Aprobado
22.0,62.0,0,1,True,7.0,87.0,1,Yes,2.0,2,0,3.0,False,64,False,True,True,False,False,True,False,False,False,True,False,True,False,Reprobado,Aprobado
22.0,73.0,0,1,False,5.0,79.0,1,Yes,4.0,1,0,1.0,False,65,False,True,True,False,False,False,True,False,True,False,True,False,False,Aprobado,Aprobado
11.0,66.0,1,1,True,7.0,74.0,1,Yes,3.0,1,2,3.0,False,62,True,False,True,False,False,True,False,True,False,False,False,True,False,Reprobado,Aprobado
4.0,83.0,2,1,False,7.0,99.0,0,Yes,1.0,0,0,3.0,False,64,True,False,True,False,True,False,False,False,False,True,False,True,False,Reprobado,Aprobado
22.0,86.0,0,1,False,4.0,82.0,0,Yes,1.0,0,0,5.0,False,67,True,False,False,True,True,False,False,False,True,False,False,False,True,Aprobado,Aprobado
19.0,89.0,1,2,False,9.0,92.0,2,Yes,5.0,1,1,3.0,False,74,True,False,False,True,False,False,True,False,False,True,False,False,True,Aprobado,Aprobado
17.0,70.0,2,1,False,7.0,75.0,1,Yes,1.0,0,1,4.0,True,63,True,False,False,True,True,False,False,True,False,False,False,True,False,Reprobado,Aprobado
21.0,64.0,2,0,True,7.0,78.0,0,Yes,1.0,1,1,4.0,False,64,False,True,False,True,False,True,False,False,False,True,False,False,True,Reprobado,Aprobado
20.0,63.0,1,0,False,8.0,83.0,0,Yes,4.0,1,1,3.0,False,64,False,True,True,False,False,False,True,False,True,False,False,True,False,Reprobado,Aprobado
27.0,77.0,0,2,False,7.0,86.0,2,Yes,1.0,2,2,3.0,False,70,False,True,False,True,True,False,False,False,False,True,True,False,False,Aprobado,Aprobado
21.0,98.0,1,1,True,8.0,72.0,1,Yes,3.0,0,0,3.0,False,71,False,True,True,False,False,True,False,False,True,False,False,False,True,Aprobado,Aprobado
16.0,69.0,1,1,True,5.0,68.0,1,Yes,0.0,1,2,4.0,False,63,False,True,False,True,True,False,False,False,True,False,False,True,False,Reprobado,Aprobado
26.0,70.0,1,2,True,7.0,62.0,1,Yes,0.0,0,1,1.0,False,66,True,False,True,False,True,False,False,False,False,True,True,False,False,Aprobado,Reprobado
19.0,64.0,1,2,True,4.0,71.0,1,Yes,1.0,2,1,3.0,False,65,False,True,False,True,False,True,False,False,False,True,False,True,False,Aprobado,Aprobado
23.0,84.0,1,2,False,7.0,61.0,1,Yes,2.0,1,2,5.0,False,70,False,True,False,True,True,False,False,False,True,False,False,True,False,Aprobado,Reprobado
17.0,87.0,0,0,True,9.0,71.0,1,Yes,2.0,0,1,3.0,False,65,False,True,True,False,True,False,False,False,True,False,False,True,False,Aprobado,Aprobado
16.0,86.0,2,1,True,5.0,94.0,2,Yes,0.0,1,1,2.0,False,68,False,True,False,True,False,True,False,False,False,True,True,False,False,Aprobado,Aprobado
21.0,94.0,1,2,False,6.0,99.0,1,Yes,1.0,1,2,2.0,False,72,True,False,False,True,False,True,False,False,False,True,False,True,False,Aprobado,Aprobado
20.0,79.0,1,2,True,4.0,79.0,0,Yes,0.0,1,2,4.0,False,67,True,False,False,True,False,True,False,False,True,False,False,True,False,Aprobado,Aprobado
23.0,65.0,2,2,False,7.0,57.0,0,No,1.0,2,1,4.0,False,65,False,True,False,True,False,True,False,False,False,True,False,True,False,Aprobado,Reprobado
18.0,72.0,1,1,False,8.0,71.0,0,Yes,2.0,2,1,4.0,False,66,False,True,False,True,False,False,True,False,False,True,False,False,True,Aprobado,Aprobado
9.0,86.0,2,2,False,8.0,80.0,1,Yes,1.0,0,1,5.0,False,67,False,True,True,False,True,False,False,True,False,False,False,False,True,Aprobado,Aprobado
17.0,85.0,1,0,False,6.0,69.0,1,Yes,1.0,1,1,3.0,True,65,True,False,False,True,False,False,True,False,False,True,False,True,False,Aprobado,Aprobado
25.0,81.0,1,1,False,4.0,60.0,1,Yes,2.0,1,1,3.0,False,68,True,False,False,True,False,True,False,False,False,True,False,True,False,Aprobado,Reprobado
18.0,87.0,1,1,False,5.0,61.0,2,Yes,2.0,1,1,1.0,False,68,False,True,False,True,False,True,False,False,False,True,False,False,True,Aprobado,Reprobado
19.0,85.0,1,2,True,9.0,74.0,1,Yes,1.0,2,1,3.0,False,69,False,True,True,False,True,False,False,False,True,False,False,True,False,Aprobado,Aprobado
26.0,95.0,1,0,True,8.0,61.0,1,Yes,2.0,1,1,2.0,False,71,True,False,True,False,False,False,True,False,False,True,False,True,False,Aprobado,Reprobado
16.0,83.0,1,1,True,7.0,62.0,1,Yes,0.0,0,1,1.0,True,64,True,False,False,True,False,False,True,False,True,False,False,True,False,Reprobado,Reprobado
11.0,91.0,0,2,False,7.0,94.0,1,Yes,1.0,1,1,3.0,True,65,False,True,False,True,False,True,False,False,True,False,False,True,False,Aprobado,Aprobado
19.0,70.0,1,1,False,5.0,89.0,1,Yes,1.0,0,2,2.0,False,64,True,False,False,True,False,True,False,False,False,True,False,True,False,Reprobado,Aprobado
17.0,87.0,1,1,True,9.0,53.0,0,Yes,3.0,0,1,3.0,False,67,False,True,True,False,False,False,True,False,True,False,False,False,True,Aprobado,Reprobado
14.0,96.0,1,2,False,6.0,66.0,1,Yes,3.0,1,1,2.0,False,70,False,True,True,False,True,False,False,False,False,True,False,False,True,Aprobado,Aprobado
19.0,75.0,1,2,False,8.0,77.0,1,Yes,1.0,0,0,4.0,False,66,False,True,True,False,False,True,False,False,True,False,False,False,True,Aprobado,Aprobado
23.0,91.0,2,1,False,5.0,53.0,0,Yes,3.0,1,2,3.0,False,70,True,False,False,True,False,True,False,False,False,True,True,False,False,Aprobado,Reprobado
20.0,89.0,1,2,True,7.0,84.0,0,Yes,1.0,2,2,4.0,False,70,False,True,False,True,False,True,False,False,True,False,False,True,False,Aprobado,Aprobado
22.0,62.0,2,1,True,9.0,69.0,0,Yes,1.0,2,0,3.0,False,64,True,False,False,True,True,False,False,False,False,True,True,False,False,Reprobado,Aprobado
31.0,83.0,0,2,True,6.0,70.0,1,Yes,3.0,0,1,3.0,False,71,True,False,False,True,True,False,False,False,False,True,True,False,False,Aprobado,Aprobado
18.0,65.0,1,2,True,8.0,63.0,1,Yes,1.0,1,1,3.0,False,63,False,True,False,True,False,True,False,True,False,False,False,False,True,Reprobado,Reprobado
22.0,99.0,1,1,True,5.0,67.0,2,Yes,1.0,1,2,3.0,False,72,True,False,False,True,True,False,False,False,False,True,True,False,False,Aprobado,Aprobado
17.0,92.0,2,2,False,6.0,93.0,1,Yes,4.0,1,0,4.0,False,72,True,False,True,False,True,False,False,False,True,False,False,True,False,Aprobado,Aprobado
15.0,64.0,2,0,True,7.0,89.0,0,Yes,0.0,0,1,2.0,False,61,False,True,False,True,False,True,False,False,False,True,True,False,False,Reprobado,Aprobado
16.0,65.0,2,0,True,8.0,97.0,2,Yes,2.0,0,1,4.0,True,63,False,True,True,False,False,True,False,False,False,True,True,False,False,Reprobado,Aprobado
17.0,84.0,0,2,False,7.0,85.0,2,Yes,0.0,1,1,2.0,False,67,True,False,False,True,True,False,False,False,True,False,False,False,True,Aprobado,Aprobado
22.0,74.0,2,0,True,8.0,79.0,0,Yes,3.0,1,1,1.0,False,67,False,True,True,False,False,True,False,False,False,True,False,True,False,Aprobado,Aprobado
34.0,61.0,1,0,False,9.0,63.0,0,Yes,2.0,1,1,5.0,False,65,False,True,True,False,False,True,False,False,True,False,False,True,False,Aprobado,Reprobado
16.0,82.0,0,1,False,6.0,83.0,1,Yes,0.0,1,1,2.0,False,64,False,True,True,False,False,True,False,False,False,True,True,False,False,Reprobado,Aprobado
18.0,76.0,1,0,False,5.0,95.0,2,Yes,2.0,2,2,6.0,False,69,False,True,True,False,False,False,True,False,False,True,False,False,True,Aprobado,Aprobado
20.0,64.0,1,2,False,6.0,53.0,2,No,4.0,2,1,4.0,False,65,True,False,True,False,True,False,False,False,True,False,False,True,False,Aprobado,Reprobado
22.0,92.0,2,2,False,9.0,72.0,0,Yes,1.0,0,2,4.0,True,71,False,True,False,True,False,False,True,False,False,True,False,True,False,Aprobado,Aprobado
22.0,97.0,1,1,True,6.0,57.0,1,Yes,0.0,1,2,2.0,False,70,True,False,False,True,False,True,False,False,False,True,False,False,True,Aprobado,Reprobado
28.0,90.0,0,1,True,9.0,91.0,1,Yes,0.0,1,1,2.0,False,98,False,True,True,False,True,False,False,False,True,False,False,False,True,Aprobado,Aprobado
5.0,93.0,1,1,True,7.0,81.0,1,No,1.0,0,2,2.0,False,65,False,True,True,False,True,False,False,False,False,True,False,True,False,Aprobado,Aprobado
6.0,69.0,2,1,True,10.0,94.0,1,No,1.0,1,1,4.0,False,63,True,False,True,False,False,False,True,False,False,True,False,True,False,Reprobado,Aprobado
17.0,71.0,1,1,True,10.0,53.0,0,Yes,0.0,0,0,3.0,False,61,False,True,False,True,False,True,False,False,True,False,False,False,True,Reprobado,Reprobado
27.0,68.0,1,0,True,9.0,95.0,1,Yes,1.0,0,1,3.0,False,67,False,True,False,True,True,False,False,False,True,False,False,False,True,Aprobado,Aprobado
11.0,91.0,1,1,False,5.0,53.0,1,Yes,0.0,0,1,2.0,False,64,True,False,True,False,False,False,True,False,False,True,False,True,False,Reprobado,Reprobado
2.0,98.0,2,1,False,4.0,64.0,1,Yes,1.0,0,2,2.0,False,65,True,False,True,False,False,True,False,False,False,True,False,True,False,Aprobado,Reprobado
23.0,89.0,2,2,True,7.0,58.0,1,Yes,2.0,1,2,3.0,False,73,True,False,False,True,False,False,True,False,True,False,False,False,True,Aprobado,Reprobado
21.0,95.0,1,2,True,8.0,57.0,0,No,1.0,0,1,3.0,False,69,False,True,False,True,False,True,False,False,False,True,False,False,True,Aprobado,Reprobado
13.0,86.0,1,2,False,8.0,59.0,1,Yes,3.0,1,1,3.0,False,67,False,True,False,True,False,True,False,False,False,True,False,True,False,Aprobado,Reprobado
14.0,76.0,2,1,False,6.0,74.0,0,Yes,0.0,2,1,2.0,True,63,True,False,False,True,True,False,False,True,False,False,False,False,True,Reprobado,Aprobado
14.0,77.0,2,2,True,5.0,89.0,0,Yes,0.0,1,1,2.0,False,67,True,False,False,True,True,False,False,False,False,True,False,False,True,Aprobado,Aprobado
21.0,63.0,0,2,True,8.0,95.0,1,Yes,2.0,2,1,5.0,False,66,False,True,False,True,False,True,False,False,False,True,False,True,False,Aprobado,Aprobado
16.0,61.0,1,2,True,10.0,78.0,1,Yes,2.0,0,2,2.0,False,64,False,True,True,False,True,False,False,False,True,False,False,False,True,Reprobado,Aprobado
23.0,88.0,2,0,True,6.0,58.0,1,Yes,2.0,0,1,2.0,False,68,False,True,False,True,False,True,False,False,True,False,False,True,False,Aprobado,Reprobado
3.0,78.0,1,1,False,8.0,54.0,2,Yes,2.0,2,1,4.0,False,61,False,True,False,True,False,True,False,False,True,False,False,False,True,Reprobado,Reprobado
15.0,82.0,1,1,True,10.0,75.0,1,Yes,1.0,2,1,1.0,False,66,False,True,True,False,True,False,False,False,False,True,True,False,False,Aprobado,Aprobado
13.0,82.0,1,1,True,7.0,88.0,1,Yes,0.0,0,1,2.0,False,65,False,True,True,False,False,True,False,False,False,True,False,True,False,Aprobado,Aprobado
18.0,71.0,1,2,True,7.0,81.0,1,Yes,0.0,1,1,4.0,False,65,False,True,True,False,True,False,False,False,True,False,True,False,False,Aprobado,Aprobado
17.0,79.0,1,1,False,8.0,79.0,1,Yes,3.0,1,2,5.0,True,67,True,False,False,True,False,False,True,False,False,True,False,True,False,Aprobado,Aprobado
25.0,79.0,2,1,True,7.0,52.0,1,Yes,1.0,1,1,2.0,False,68,False,True,True,False,False,False,True,False,True,False,True,False,False,Aprobado,Reprobado
9.0,76.0,1,1,True,9.0,71.0,1,Yes,1.0,1,2,3.0,False,63,False,True,False,True,True,False,False,False,False,True,False,True,False,Reprobado,Aprobado
20.0,93.0,2,1,False,6.0,78.0,0,Yes,1.0,0,1,3.0,False,70,False,True,True,False,True,False,False,False,True,False,False,False,True,Aprobado,Aprobado
23.0,78.0,2,2,False,7.0,80.0,1,Yes,0.0,0,1,2.0,False,68,True,False,True,False,False,True,False,False,False,True,False,True,False,Aprobado,Aprobado
31.0,84.0,1,1,False,5.0,50.0,1,No,2.0,0,2,3.0,False,69,True,False,False,True,False,True,False,False,False,True,False,False,True,Aprobado,Reprobado
17.0,96.0,2,1,True,7.0,60.0,0,Yes,0.0,0,1,2.0,True,67,True,False,False,True,True,False,False,False,False,True,False,True,False,Aprobado,Reprobado
22.0,95.0,1,1,False,5.0,97.0,1,Yes,0.0,0,0,3.0,False,69,False,True,False,True,False,True,False,False,True,False,False,True,False,Aprobado,Aprobado
9.0,96.0,1,0,True,8.0,75.0,0,Yes,1.0,0,2,4.0,True,65,True,False,True,False,False,True,False,False,False,True,False,False,True,Aprobado,Aprobado
6.0,71.0,1,2,True,5.0,85.0,1,Yes,1.0,0,1,2.0,False,61,False,True,False,True,False,True,False,False,True,False,False,False,True,Reprobado,Aprobado
25.0,61.0,1,2,True,8.0,65.0,0,Yes,3.0,0,0,3.0,False,65,False,True,True,False,True,False,False,False,False,True,False,True,False,Aprobado,Aprobado
20.0,70.0,0,1,True,6.0,79.0,0,Yes,4.0,1,1,4.0,False,67,False,True,False,True,False,False,True,False,False,True,False,False,True,Aprobado,Aprobado
27.0,71.0,1,2,True,10.0,68.0,1,Yes,1.0,0,1,2.0,False,66,False,True,False,True,False,True,False,False,True,False,True,False,False,Aprobado,Aprobado
12.0,96.0,1,1,False,9.0,65.0,1,Yes,2.0,2,2,4.0,True,69,True,False,True,False,False,False,True,False,False,True,False,True,False,Aprobado,Aprobado
23.0,86.0,1,1,True,8.0,71.0,2,Yes,3.0,1,1,4.0,False,71,False,True,True,False,True,False,False,False,False,True,False,True,False,Aprobado,Aprobado
31.0,63.0,2,2,False,5.0,73.0,1,Yes,1.0,2,0,2.0,False,68,False,True,True,False,False,True,False,False,False,True,False,False,True,Aprobado,Aprobado
23.0,65.0,2,1,False,6.0,67.0,2,No,3.0,1,1,5.0,False,65,True,False,False,True,False,True,False,False,True,False,True,False,False,Aprobado,Aprobado
22.0,66.0,1,1,False,6.0,63.0,2,Yes,1.0,0,1,5.0,False,64,True,False,False,True,False,False,True,True,False,False,False,True,False,Reprobado,Reprobado
20.0,85.0,1,0,False,6.0,81.0,0,Yes,1.0,2,2,3.0,False,68,True,False,False,True,True,False,False,False,False,True,False,False,True,Aprobado,Aprobado
11.0,89.0,0,2,False,9.0,69.0,0,Yes,1.0,0,0,3.0,False,64,False,True,False,True,False,True,False,False,False,True,False,True,False,Reprobado,Aprobado
28.0,94.0,1,2,False,7.0,60.0,0,Yes,1.0,0,1,3.0,False,71,False,True,False,True,False,True,False,False,False,True,False,False,True,Aprobado,Reprobado
16.0,98.0,2,1,False,6.0,88.0,1,Yes,1.0,0,1,3.0,False,70,False,True,True,False,False,False,True,False,True,False,False,True,False,Aprobado,Aprobado
23.0,68.0,2,1,True,6.0,86.0,1,Yes,0.0,1,1,2.0,False,68,False,True,False,True,False,False,True,False,False,True,False,False,True,Aprobado,Aprobado
11.0,72.0,1,1,True,6.0,94.0,0,Yes,2.0,1,1,3.0,False,63,False,True,False,True,False,True,False,False,True,False,False,False,True,Reprobado,Aprobado
13.0,70.0,1,2,True,8.0,78.0,1,Yes,0.0,0,1,3.0,True,61,True,False,False,True,False,True,False,False,False,True,True,False,False,Reprobado,Aprobado
29.0,74.0,1,0,False,5.0,64.0,1,Yes,2.0,1,1,1.0,False,66,False,True,False,True,True,False,False,False,True,False,False,True,False,Aprobado,Reprobado
18.0,97.0,1,2,True,7.0,93.0,1,Yes,5.0,2,1,4.0,False,75,False,True,True,False,True,False,False,False,False,True,False,False,True,Aprobado,Aprobado
29.0,83.0,2,2,True,8.0,64.0,1,Yes,2.0,1,2,1.0,False,71,False,True,False,True,False,True,False,True,False,False,False,True,False,Aprobado,Reprobado
20.0,90.0,1,1,True,4.0,83.0,2,Yes,1.0,0,0,3.0,False,69,False,True,False,True,True,False,False,False,False,True,False,False,True,Aprobado,Aprobado
9.0,80.0,2,0,False,5.0,60.0,1,Yes,2.0,0,1,3.0,False,62,True,False,False,True,False,True,False,False,False,True,False,True,False,Reprobado,Reprobado
25.0,61.0,1,1,False,7.0,81.0,2,Yes,0.0,1,1,4.0,False,65,False,True,True,False,False,True,False,False,True,False,False,False,True,Aprobado,Aprobado
16.0,63.0,1,0,False,9.0,92.0,1,Yes,0.0,0,1,3.0,False,61,True,False,True,False,True,False,False,False,True,False,False,False,True,Reprobado,Aprobado
24.0,82.0,1,1,False,9.0,77.0,1,Yes,3.0,1,1,2.0,False,69,False,True,True,False,False,True,False,False,False,True,False,False,True,Aprobado,Aprobado
20.0,89.0,0,0,True,6.0,74.0,0,Yes,1.0,1,0,3.0,False,66,True,False,False,True,False,False,True,True,False,False,False,False,True,Aprobado,Aprobado
11.0,69.0,2,1,True,9.0,100.0,0,Yes,1.0,0,1,5.0,False,64,False,True,False,True,False,True,False,False,False,True,False,True,False,Reprobado,Aprobado
21.0,89.0,2,1,True,7.0,51.0,0,Yes,1.0,1,1,4.0,False,69,False,True,True,False,False,True,False,False,False,True,False,False,True,Aprobado,Reprobado
33.0,92.0,2,2,True,7.0,67.0,0,Yes,6.0,2,1,5.0,False,78,False,True,True,False,False,True,False,False,False,True,False,False,True,Aprobado,Aprobado
23.0,76.0,0,2,True,7.0,96.0,0,Yes,2.0,1,1,4.0,False,68,True,False,True,False,False,True,False,False,False,True,False,True,False,Aprobado,Aprobado
20.0,90.0,2,2,False,8.0,82.0,1,Yes,2.0,2,1,4.0,True,70,True,False,True,False,False,True,False,False,True,False,True,False,False,Aprobado,Aprobado
26.0,76.0,0,1,True,6.0,77.0,1,Yes,1.0,1,1,5.0,False,68,True,False,False,True,False,True,False,False,False,True,False,True,False,Aprobado,Aprobado
21.0,87.0,0,0,True,6.0,82.0,1,Yes,0.0,1,2,5.0,False,68,False,True,True,False,False,False,True,False,False,True,False,True,False,Aprobado,Aprobado
21.0,91.0,1,1,False,5.0,66.0,0,Yes,1.0,2,1,3.0,False,69,False,True,True,False,True,False,False,False,False,True,False,False,True,Aprobado,Aprobado
13.0,100.0,1,0,True,8.0,54.0,1,Yes,0.0,1,2,3.0,False,68,False,True,True,False,True,False,False,False,False,True,False,False,True,Aprobado,Reprobado
21.0,74.0,2,0,True,8.0,64.0,1,Yes,3.0,0,0,1.0,False,80,False,True,False,True,True,False,False,True,False,False,False,True,False,Aprobado,Reprobado
26.0,76.0,1,1,True,8.0,67.0,2,Yes,1.0,0,1,3.0,False,67,False,True,False,True,False,True,False,False,True,False,True,False,False,Aprobado,Aprobado
15.0,67.0,0,1,True,5.0,74.0,1,Yes,1.0,2,2,2.0,False,64,False,True,False,True,False,False,True,False,False,True,False,False,True,Reprobado,Aprobado
29.0,68.0,1,0,False,6.0,70.0,0,Yes,0.0,1,1,2.0,False,64,False,True,False,True,False,False,True,False,False,True,True,False,False,Reprobado,Aprobado
19.0,88.0,1,1,True,9.0,76.0,0,Yes,1.0,1,2,3.0,False,68,False,True,False,True,False,True,False,True,False,False,False,False,True,Aprobado,Aprobado
15.0,97.0,0,1,False,7.0,60.0,0,Yes,4.0,1,1,3.0,False,67,False,True,True,False,False,True,False,False,False,True,True,False,False,Aprobado,Reprobado
26.0,76.0,1,1,False,7.0,59.0,0,Yes,0.0,1,1,1.0,True,65,False,True,False,True,False,False,True,False,False,True,False,True,False,Aprobado,Reprobado
18.0,67.0,2,2,True,7.0,68.0,1,Yes,0.0,1,1,4.0,False,66,False,True,False,True,False,True,False,False,False,True,False,False,True,Aprobado,Aprobado
25.0,71.0,1,0,True,8.0,74.0,0,Yes,4.0,1,1,4.0,True,67,False,True,False,True,False,False,True,False,False,True,False,False,True,Aprobado,Aprobado
18.0,78.0,2,1,False,7.0,67.0,0,No,0.0,2,1,3.0,False,64,False,True,False,True,True,False,False,False,True,False,True,False,False,Reprobado,Aprobado
20.0,72.0,1,0,True,6.0,79.0,1,Yes,1.0,0,1,4.0,False,66,True,False,True,False,False,False,True,False,False,True,False,False,True,Aprobado,Aprobado
23.0,69.0,1,0,True,8.0,66.0,0,No,1.0,1,1,3.0,False,63,False,True,False,True,True,False,False,True,False,False,False,False,True,Reprobado,Aprobado
22.0,89.0,1,2,False,5.0,59.0,2,Yes,5.0,1,1,4.0,True,71,True,False,False,True,False,True,False,False,False,True,False,False,True,Aprobado,Reprobado
8.0,60.0,2,1,True,9.0,93.0,2,Yes,0.0,0,2,3.0,False,62,False,True,True,False,False,False,True,False,False,True,False,True,False,Reprobado,Aprobado
13.0,82.0,1,2,False,6.0,60.0,1,Yes,1.0,0,0,4.0,False,64,False,True,True,False,True,False,False,True,False,False,False,False,True,Reprobado,Reprobado
26.0,92.0,0,1,True,8.0,98.0,1,Yes,2.0,1,1,3.0,False,72,False,True,False,True,False,False,True,False,True,False,False,True,False,Aprobado,Aprobado
19.0,71.0,2,1,True,7.0,99.0,0,Yes,0.0,0,2,4.0,False,65,False,True,True,False,False,True,False,False,True,False,True,False,False,Aprobado,Aprobado
17.0,84.0,0,2,False,6.0,85.0,1,Yes,1.0,1,0,2.0,False,67,False,True,True,False,True,False,False,False,False,True,False,False,True,Aprobado,Aprobado
12.0,87.0,2,2,True,9.0,75.0,1,No,1.0,0,1,3.0,True,65,True,False,True,False,True,False,False,False,True,False,False,True,False,Aprobado,Aprobado
14.0,86.0,0,0,True,8.0,90.0,0,Yes,0.0,0,1,1.0,False,63,True,False,False,True,False,True,False,False,False,True,False,True,False,Reprobado,Aprobado
8.0,78.0,2,2,False,7.0,94.0,0,Yes,1.0,2,2,3.0,True,65,False,True,True,False,False,True,False,False,False,True,False,True,False,Aprobado,Aprobado
19.0,74.0,1,1,True,10.0,85.0,1,Yes,1.0,0,1,5.0,False,67,False,True,False,True,False,False,True,False,True,False,False,False,True,Aprobado,Aprobado
16.0,93.0,1,1,True,8.0,55.0,0,Yes,0.0,2,1,4.0,False,67,False,True,False,True,False,True,False,False,True,False,False,True,False,Aprobado,Reprobado
14.0,90.0,0,1,True,6.0,50.0,1,Yes,0.0,1,2,3.0,False,65,True,False,False,True,True,False,False,False,True,False,False,False,True,Aprobado,Reprobado
20.0,73.0,1,2,True,4.0,60.0,1,Yes,1.0,0,1,3.0,True,64,True,False,False,True,False,True,False,False,True,False,False,False,True,Reprobado,Reprobado
22.0,64.0,2,0,False,7.0,59.0,2,Yes,0.0,1,2,5.0,True,64,True,False,True,False,False,True,False,False,False,True,False,False,True,Reprobado,Reprobado
33.0,63.0,2,2,True,9.0,59.0,1,Yes,1.0,1,1,4.0,False,69,False,True,False,True,False,True,False,False,False,True,False,False,True,Aprobado,Reprobado
11.0,64.0,1,1,False,8.0,75.0,0,Yes,1.0,2,1,3.0,False,60,True,False,False,True,False,True,False,False,True,False,False,False,True,Reprobado,Aprobado
27.0,83.0,1,1,True,9.0,76.0,1,Yes,1.0,0,2,4.0,False,70,False,True,False,True,False,True,False,False,False,True,False,False,True,Aprobado,Aprobado
26.0,62.0,0,2,False,6.0,86.0,1,Yes,2.0,1,1,3.0,False,66,False,True,False,True,False,True,False,False,False,True,False,False,True,Aprobado,Aprobado
15.0,73.0,1,1,True,7.0,60.0,2,Yes,3.0,1,1,4.0,False,66,False,True,True,False,True,False,False,False,False,True,False,True,False,Aprobado,Reprobado
21.0,90.0,1,0,False,7.0,55.0,1,Yes,2.0,1,1,2.0,False,68,False,True,True,False,True,False,False,False,False,True,False,True,False,Aprobado,Reprobado
17.0,72.0,0,1,False,7.0,83.0,0,Yes,3.0,1,2,3.0,True,62,False,True,True,False,False,True,False,True,False,False,True,False,False,Reprobado,Aprobado
21.0,91.0,1,2,True,8.0,74.0,0,Yes,0.0,1,1,2.0,False,70,False,True,True,False,False,False,True,False,False,True,True,False,False,Aprobado,Aprobado
29.0,90.0,1,1,True,9.0,83.0,1,Yes,0.0,1,2,3.0,False,72,True,False,True,False,False,True,False,False,False,True,False,False,True,Aprobado,Aprobado
24.0,70.0,0,0,True,10.0,69.0,2,Yes,1.0,2,1,2.0,False,64,False,True,True,False,False,True,False,False,True,False,True,False,False,Reprobado,Aprobado
23.0,89.0,0,1,False,9.0,88.0,2,Yes,1.0,2,1,5.0,False,71,False,True,False,True,False,False,True,False,False,True,False,True,False,Aprobado,Aprobado
17.0,90.0,1,2,False,8.0,84.0,1,Yes,1.0,0,0,4.0,False,67,False,True,True,False,False,True,False,True,False,False,True,False,False,Aprobado,Aprobado
11.0,76.0,0,1,False,6.0,83.0,2,Yes,3.0,1,1,1.0,False,64,False,True,True,False,False,True,False,False,False,True,False,False,True,Reprobado,Aprobado
19.0,68.0,2,2,False,7.0,51.0,1,No,1.0,2,1,1.0,False,64,False,True,True,False,False,True,False,False,True,False,False,False,True,Reprobado,Reprobado
27.0,81.0,1,2,True,8.0,93.0,1,Yes,0.0,2,2,3.0,False,72,False,True,True,False,True,False,False,False,False,True,False,True,False,Aprobado,Aprobado
11.0,97.0,0,0,True,7.0,69.0,1,Yes,3.0,0,1,2.0,False,66,False,True,True,False,False,True,False,False,False,True,False,False,True,Aprobado,Aprobado
14.0,86.0,2,1,False,6.0,57.0,1,Yes,3.0,2,2,2.0,False,68,True,False,True,False,True,False,False,False,False,True,False,True,False,Aprobado,Reprobado
21.0,67.0,1,1,True,6.0,88.0,1,Yes,1.0,0,1,5.0,False,95,True,False,True,False,False,False,True,False,False,True,False,False,True,Aprobado,Aprobado
14.0,87.0,1,0,True,8.0,74.0,1,Yes,0.0,1,2,3.0,True,64,False,True,False,True,True,False,False,False,True,False,False,True,False,Reprobado,Aprobado
15.0,77.0,1,1,True,7.0,52.0,1,Yes,1.0,1,1,2.0,False,64,False,True,False,True,True,False,False,False,False,True,False,True,False,Reprobado,Reprobado
17.0,84.0,0,2,True,7.0,89.0,1,Yes,2.0,2,1,2.0,False,68,False,True,False,True,False,True,False,False,True,False,False,False,True,Aprobado,Aprobado
12.0,89.0,1,0,True,7.0,72.0,1,Yes,1.0,2,2,5.0,False,67,False,True,False,True,True,False,False,False,False,True,False,True,False,Aprobado,Aprobado
14.0,81.0,1,1,False,6.0,88.0,1,Yes,1.0,2,1,3.0,False,67,False,True,True,False,False,False,True,False,True,False,False,False,True,Aprobado,Aprobado
24.0,93.0,2,1,True,7.0,88.0,0,Yes,1.0,1,2,3.0,False,71,False,True,True,False,False,True,False,False,True,False,True,False,False,Aprobado,Aprobado
12.0,89.0,1,0,True,6.0,55.0,0,Yes,1.0,0,2,3.0,False,63,False,True,True,False,False,True,False,False,False,True,True,False,False,Reprobado,Reprobado
10.0,85.0,1,1,True,6.0,81.0,1,Yes,3.0,0,1,3.0,False,66,False,True,True,False,False,True,False,False,False,True,False,True,False,Aprobado,Aprobado
16.0,66.0,2,2,False,5.0,68.0,2,No,2.0,0,1,5.0,False,65,False,True,False,True,False,False,True,False,True,False,False,False,True,Aprobado,Aprobado
24.0,93.0,1,0,True,7.0,77.0,1,Yes,0.0,0,1,3.0,False,68,True,False,True,False,False,True,False,False,False,True,True,False,False,Aprobado,Aprobado
19.0,97.0,1,0,True,8.0,54.0,1,Yes,0.0,2,1,2.0,False,68,False,True,False,True,False,True,False,False,False,True,False,True,False,Aprobado,Reprobado
17.0,65.0,1,2,False,9.0,79.0,1,Yes,0.0,1,1,2.0,True,62,False,True,False,True,False,True,False,False,True,False,False,False,True,Reprobado,Aprobado
20.0,80.0,0,1,True,5.0,89.0,1,Yes,0.0,2,2,3.0,False,67,False,True,False,True,False,False,True,True,False,False,False,True,False,Aprobado,Aprobado
10.0,70.0,2,2,True,9.0,99.0,1,Yes,1.0,1,1,4.0,False,65,False,True,True,False,False,True,False,False,True,False,False,True,False,Aprobado,Aprobado
23.0,90.0,2,1,True,7.0,66.0,0,Yes,2.0,2,2,3.0,False,71,False,True,True,False,False,True,False,False,False,True,False,True,False,Aprobado,Aprobado
22.0,89.0,1,2,True,5.0,58.0,1,Yes,4.0,2,2,2.0,True,71,False,True,True,False,True,False,False,False,False,True,False,True,False,Aprobado,Reprobado
18.0,66.0,2,1,True,6.0,68.0,0,No,1.0,1,2,3.0,True,61,False,True,False,True,False,True,False,True,False,False,False,False,True,Reprobado,Aprobado
26.0,95.0,1,1,False,4.0,51.0,1,Yes,1.0,0,1,2.0,False,70,False,True,False,True,False,True,False,False,False,True,False,False,True,Aprobado,Reprobado
13.0,67.0,1,0,True,5.0,70.0,1,Yes,0.0,0,2,2.0,False,60,True,False,False,True,False,True,False,False,False,True,True,False,False,Reprobado,Aprobado
27.0,92.0,0,1,False,10.0,96.0,1,Yes,0.0,0,1,2.0,False,70,False,True,False,True,False,False,True,True,False,False,False,True,False,Aprobado,Aprobado
21.0,78.0,1,2,False,6.0,60.0,2,Yes,1.0,0,2,2.0,False,67,True,False,True,False,True,False,False,False,False,True,False,True,False,Aprobado,Reprobado
18.0,73.0,1,1,True,8.0,74.0,0,No,3.0,1,2,2.0,False,66,True,False,False,True,False,False,True,False,False,True,False,True,False,Aprobado,Aprobado
20.0,66.0,0,0,True,7.0,79.0,1,Yes,2.0,1,1,2.0,False,63,True,False,True,False,False,True,False,False,True,False,False,False,True,Reprobado,Aprobado
19.0,67.0,1,1,False,7.0,59.0,0,Yes,3.0,0,2,3.0,False,65,True,False,True,False,False,False,True,False,False,True,False,False,True,Aprobado,Reprobado
27.0,86.0,2,1,True,8.0,67.0,2,Yes,5.0,2,2,2.0,True,75,False,True,True,False,False,False,True,False,False,True,False,False,True,Aprobado,Aprobado
14.0,82.0,2,1,False,4.0,96.0,0,Yes,2.0,2,1,4.0,True,66,True,False,False,True,False,True,False,False,False,True,True,False,False,Aprobado,Aprobado
15.0,65.0,1,1,False,9.0,65.0,1,Yes,1.0,0,1,2.0,False,61,False,True,True,False,True,False,False,False,False,True,False,True,False,Reprobado,Aprobado
26.0,65.0,1,1,True,7.0,82.0,0,Yes,1.0,0,1,1.0,False,65,False,True,False,True,False,False,True,True,False,False,False,False,True,Aprobado,Aprobado
16.0,63.0,0,1,True,6.0,57.0,1,Yes,2.0,0,0,3.0,False,61,False,True,False,True,False,False,True,False,False,True,False,True,False,Reprobado,Reprobado
25.0,90.0,2,2,True,8.0,83.0,1,Yes,2.0,1,1,3.0,False,73,False,True,False,True,True,False,False,False,False,True,True,False,False,Aprobado,Aprobado
30.0,88.0,2,1,True,6.0,64.0,1,Yes,1.0,2,1,2.0,False,73,False,True,True,False,True,False,False,False,False,True,False,True,False,Aprobado,Reprobado
18.0,62.0,1,1,True,7.0,62.0,1,Yes,1.0,1,1,5.0,False,63,False,True,False,True,True,False,False,False,True,False,False,False,True,Reprobado,Reprobado
24.0,82.0,0,1,False,7.0,56.0,1,Yes,1.0,1,1,3.0,False,67,False,True,False,True,False,False,True,False,True,False,False,False,True,Aprobado,Reprobado
13.0,63.0,1,2,True,8.0,52.0,1,Yes,2.0,0,1,4.0,False,62,False,True,False,True,False,True,False,False,False,True,False,False,True,Reprobado,Reprobado
25.0,96.0,0,0,False,7.0,98.0,1,Yes,1.0,1,1,3.0,False,71,True,False,False,True,True,False,False,False,False,True,False,True,False,Aprobado,Aprobado
21.0,96.0,1,1,True,5.0,71.0,1,Yes,2.0,0,2,4.0,False,70,False,True,False,True,False,True,False,False,True,False,True,False,False,Aprobado,Aprobado
23.0,88.0,1,1,False,8.0,89.0,1,Yes,0.0,1,2,5.0,False,70,True,False,True,False,False,True,False,False,False,True,False,False,True,Aprobado,Aprobado
16.0,97.0,1,1,False,7.0,96.0,0,No,4.0,0,2,2.0,False,69,True,False,True,False,False,True,False,False,False,True,False,True,False,Aprobado,Aprobado
10.0,92.0,1,1,False,4.0,60.0,2,Yes,3.0,0,0,2.0,False,66,False,True,True,False,True,False,False,False,False,True,False,False,True,Aprobado,Reprobado
23.0,93.0,0,2,True,7.0,93.0,2,Yes,1.0,1,2,3.0,False,72,False,True,True,False,False,True,False,False,False,True,True,False,False,Aprobado,Aprobado
8.0,83.0,2,0,True,6.0,85.0,0,Yes,1.0,0,2,3.0,False,63,False,True,True,False,False,True,False,True,False,False,False,True,False,Reprobado,Aprobado
18.0,72.0,0,1,True,8.0,79.0,1,Yes,1.0,1,2,4.0,False,65,False,True,False,True,False,True,False,False,True,False,False,False,True,Aprobado,Aprobado
26.0,69.0,2,2,True,6.0,90.0,1,Yes,3.0,1,1,3.0,False,71,False,True,True,False,True,False,False,False,True,False,False,False,True,Aprobado,Aprobado
21.0,73.0,1,1,False,5.0,56.0,1,Yes,5.0,2,1,3.0,False,66,True,False,False,True,False,True,False,False,True,False,False,True,False,Aprobado,Reprobado
32.0,85.0,1,0,True,9.0,63.0,0,No,2.0,2,1,3.0,False,69,False,True,False,True,False,True,False,False,True,False,False,True,False,Aprobado,Reprobado
26.0,67.0,0,1,False,8.0,57.0,1,Yes,0.0,1,1,4.0,False,62,False,True,True,False,True,False,False,True,False,False,True,False,False,Reprobado,Reprobado
16.0,70.0,2,2,False,7.0,95.0,2,No,1.0,1,1,3.0,False,66,False,True,True,False,False,True,False,False,False,True,False,True,False,Aprobado,Aprobado
20.0,79.0,1,0,True,8.0,55.0,0,Yes,3.0,0,1,4.0,False,66,True,False,True,False,False,True,False,False,False,True,False,False,True,Aprobado,Reprobado
20.0,69.0,1,0,True,8.0,99.0,2,Yes,1.0,1,2,3.0,True,64,False,True,True,False,False,True,False,False,True,False,True,False,False,Reprobado,Aprobado
11.0,84.0,0,1,True,7.0,55.0,2,Yes,0.0,1,2,3.0,False,63,False,True,False,True,False,True,False,False,False,True,True,False,False,Reprobado,Reprobado
14.0,97.0,1,1,True,5.0,83.0,1,Yes,0.0,0,1,2.0,False,68,False,True,True,False,False,True,False,False,False,True,False,False,True,Aprobado,Aprobado
17.0,90.0,1,1,False,7.0,83.0,0,Yes,5.0,1,2,3.0,True,68,False,True,False,True,False,True,False,False,False,True,True,False,False,Aprobado,Aprobado
8.0,87.0,2,2,False,9.0,97.0,0,Yes,2.0,0,1,3.0,False,67,False,True,False,True,False,True,False,False,False,True,False,False,True,Aprobado,Aprobado
20.0,83.0,2,0,True,8.0,66.0,1,Yes,1.0,2,1,3.0,True,67,True,False,True,False,True,False,False,False,False,True,False,True,False,Aprobado,Aprobado
19.0,80.0,2,2,True,7.0,67.0,1,Yes,2.0,0,2,2.0,True,68,False,True,True,False,False,False,True,False,False,True,False,True,False,Aprobado,Aprobado
10.0,67.0,2,1,True,8.0,92.0,1,Yes,1.0,1,2,4.0,False,65,False,True,False,True,False,False,True,False,False,True,True,False,False,Aprobado,Aprobado
22.0,96.0,0,2,True,7.0,99.0,2,Yes,4.0,0,1,4.0,False,74,False,True,False,True,True,False,False,False,True,False,False,False,True,Aprobado,Aprobado
24.0,70.0,1,2,True,9.0,52.0,2,Yes,1.0,0,1,2.0,False,85,False,True,False,True,False,False,True,False,True,False,False,False,True,Aprobado,Reprobado
21.0,64.0,1,1,False,9.0,82.0,1,Yes,2.0,0,1,3.0,False,64,False,True,False,True,True,False,False,False,True,False,False,True,False,Reprobado,Aprobado
18.0,90.0,0,1,True,5.0,62.0,2,Yes,3.0,1,1,2.0,False,67,True,False,True,False,False,True,False,False,True,False,False,True,False,Aprobado,Reprobado
24.0,67.0,2,2,True,9.0,86.0,1,Yes,2.0,1,1,2.0,False,68,False,True,True,False,True,False,False,False,False,True,True,False,False,Aprobado,Aprobado
24.0,75.0,0,1,True,10.0,89.0,0,Yes,0.0,1,2,3.0,False,67,True,False,True,False,True,False,False,False,False,True,False,False,True,Aprobado,Aprobado
22.0,61.0,2,1,False,8.0,88.0,0,Yes,1.0,1,2,4.0,False,65,False,True,True,False,False,True,False,False,False,True,False,True,False,Aprobado,Aprobado
15.0,65.0,2,2,True,8.0,72.0,0,Yes,2.0,0,1,2.0,True,63,True,False,False,True,False,False,True,True,False,False,False,True,False,Reprobado,Aprobado
22.0,67.0,1,1,True,6.0,58.0,1,Yes,1.0,0,1,2.0,False,64,False,True,False,True,False,False,True,False,False,True,False,True,False,Reprobado,Reprobado
27.0,62.0,0,0,True,6.0,79.0,1,Yes,0.0,0,1,3.0,False,62,True,False,False,True,True,False,False,False,True,False,True,False,False,Reprobado,Aprobado
16.0,86.0,0,2,True,7.0,89.0,0,Yes,1.0,1,0,2.0,False,68,False,True,True,False,False,False,True,False,False,True,False,False,True,Aprobado,Aprobado
33.0,93.0,1,1,True,6.0,96.0,2,Yes,0.0,0,1,4.0,False,75,True,False,True,False,False,False,True,True,False,False,False,False,True,Aprobado,Aprobado
17.0,75.0,1,0,False,5.0,73.0,2,Yes,0.0,0,1,4.0,False,63,True,False,True,False,False,True,False,False,False,True,False,True,False,Reprobado,Aprobado
20.0,95.0,1,0,True,7.0,62.0,0,Yes,2.0,0,1,4.0,False,68,False,True,False,True,True,False,False,False,True,False,False,True,False,Aprobado,Reprobado
16.0,69.0,1,1,False,8.0,56.0,0,Yes,2.0,1,1,3.0,False,63,True,False,False,True,False,False,True,False,False,True,False,True,False,Reprobado,Reprobado
21.0,73.0,2,2,False,5.0,90.0,1,Yes,0.0,1,1,2.0,False,68,False,True,True,False,True,False,False,False,False,True,False,True,False,Aprobado,Aprobado
10.0,66.0,1,2,False,7.0,77.0,1,Yes,0.0,1,2,2.0,False,62,False,True,False,True,False,True,False,False,False,True,False,False,True,Reprobado,Aprobado
17.0,85.0,0,1,True,7.0,84.0,1,Yes,3.0,1,1,2.0,False,67,False,True,True,False,True,False,False,True,False,False,False,False,True,Aprobado,Aprobado
13.0,77.0,2,2,False,7.0,58.0,1,Yes,2.0,0,1,3.0,False,66,False,True,False,True,False,True,False,False,False,True,False,False,True,Aprobado,Reprobado
21.0,85.0,1,1,False,8.0,50.0,0,Yes,1.0,1,2,2.0,False,65,True,False,False,True,False,True,False,True,False,False,False,True,False,Aprobado,Reprobado
26.0,90.0,1,1,True,8.0,98.0,1,Yes,0.0,0,0,3.0,True,69,True,False,True,False,False,False,True,False,True,False,True,False,False,Aprobado,Aprobado
24.0,82.0,2,1,False,6.0,91.0,1,Yes,2.0,2,1,1.0,False,70,False,True,False,True,False,True,False,False,False,True,False,False,True,Aprobado,Aprobado
6.0,85.0,2,1,True,9.0,70.0,2,Yes,0.0,0,1,3.0,True,64,False,True,True,False,False,False,True,False,False,True,False,False,True,Reprobado,Aprobado
32.0,97.0,2,1,True,8.0,73.0,1,Yes,0.0,2,1,3.0,False,75,False,True,True,False,True,False,False,False,False,True,True,False,False,Aprobado,Aprobado
22.0,72.0,0,0,True,9.0,96.0,2,Yes,1.0,0,1,3.0,False,66,True,False,False,True,True,False,False,False,False,True,False,False,True,Aprobado,Aprobado
15.0,74.0,1,0,False,7.0,60.0,0,Yes,2.0,1,1,3.0,False,62,False,True,True,False,False,True,False,True,False,False,False,False,True,Reprobado,Reprobado
21.0,89.0,0,1,False,7.0,90.0,0,Yes,4.0,2,1,5.0,False,70,False,True,False,True,False,False,True,True,False,False,False,True,False,Aprobado,Aprobado
21.0,84.0,2,2,False,7.0,51.0,1,Yes,0.0,1,1,3.0,False,68,False,True,False,True,False,True,False,False,True,False,False,False,True,Aprobado,Reprobado
16.0,67.0,1,2,True,9.0,94.0,2,Yes,1.0,1,1,2.0,False,66,True,False,True,False,False,False,True,False,False,True,False,True,False,Aprobado,Aprobado
21.0,75.0,0,2,True,7.0,79.0,1,Yes,0.0,0,1,2.0,False,65,False,True,False,True,False,True,False,False,False,True,False,True,False,Aprobado,Aprobado
16.0,79.0,2,1,True,7.0,74.0,2,Yes,3.0,1,1,2.0,False,68,True,False,False,True,False,False,True,True,False,False,False,False,True,Aprobado,Aprobado
18.0,77.0,2,1,False,10.0,85.0,0,Yes,2.0,1,1,3.0,False,68,False,True,True,False,False,False,True,False,False,True,False,False,True,Aprobado,Aprobado
16.0,67.0,1,1,True,5.0,53.0,0,Yes,2.0,1,1,3.0,False,62,True,False,False,True,False,True,False,False,True,False,False,False,True,Reprobado,Reprobado
11.0,97.0,0,1,True,8.0,60.0,0,Yes,2.0,0,1,3.0,False,66,False,True,True,False,True,False,False,False,False,True,False,False,True,Aprobado,Reprobado
21.0,90.0,1,0,False,7.0,70.0,1,Yes,2.0,0,1,2.0,False,68,False,True,True,False,False,False,True,False,False,True,True,False,False,Aprobado,Aprobado
24.0,79.0,2,1,False,7.0,81.0,2,Yes,0.0,2,1,2.0,False,69,False,True,False,True,False,True,False,False,True,False,False,False,True,Aprobado,Aprobado
23.0,87.0,1,0,False,6.0,57.0,1,Yes,2.0,2,1,3.0,True,67,False,True,False,True,False,True,False,False,False,True,False,False,True,Aprobado,Reprobado
25.0,96.0,0,2,True,6.0,69.0,0,Yes,3.0,2,1,2.0,False,74,False,True,False,True,False,False,True,False,False,True,False,False,True,Aprobado,Aprobado
22.0,65.0,0,1,False,6.0,63.0,1,No,2.0,1,1,3.0,False,61,False,True,False,True,False,True,False,True,False,False,False,True,False,Reprobado,Reprobado
17.0,70.0,2,1,False,8.0,82.0,0,Yes,2.0,2,2,2.0,True,64,False,True,True,False,False,True,False,False,True,False,True,False,False,Reprobado,Aprobado
25.0,82.0,1,1,False,8.0,96.0,1,Yes,1.0,0,1,2.0,False,69,True,False,True,False,False,True,False,False,True,False,False,False,True,Aprobado,Aprobado
12.0,92.0,2,1,False,4.0,58.0,0,Yes,2.0,1,1,2.0,True,66,False,True,False,True,True,False,False,False,True,False,False,False,True,Aprobado,Reprobado
15.0,61.0,1,1,False,5.0,59.0,2,Yes,0.0,0,2,4.0,False,61,False,True,True,False,False,True,False,False,False,True,False,True,False,Reprobado,Reprobado
14.0,99.0,1,1,True,8.0,80.0,2,Yes,3.0,1,0,4.0,False,71,True,False,True,False,True,False,False,False,False,True,False,True,False,Aprobado,Aprobado
26.0,78.0,2,2,True,8.0,73.0,1,No,2.0,0,1,4.0,False,71,True,False,True,False,True,False,False,False,False,True,False,False,True,Aprobado,Aprobado
26.0,74.0,1,1,False,5.0,86.0,0,Yes,2.0,0,2,4.0,False,69,False,True,True,False,True,False,False,False,False,True,False,False,True,Aprobado,Aprobado
23.0,72.0,1,1,True,8.0,64.0,0,Yes,1.0,0,1,4.0,False,66,False,True,True,False,False,False,True,False,False,True,False,True,False,Aprobado,Reprobado
26.0,67.0,0,1,True,7.0,77.0,0,Yes,2.0,0,2,3.0,True,64,True,False,False,True,False,True,False,False,True,False,False,True,False,Reprobado,Aprobado
15.0,92.0,0,1,False,8.0,69.0,1,Yes,1.0,2,1,4.0,False,68,True,False,False,True,False,False,True,False,False,True,False,True,False,Aprobado,Aprobado
22.0,98.0,2,1,True,6.0,64.0,0,Yes,0.0,1,2,3.0,False,71,False,True,True,False,False,True,False,False,True,False,False,False,True,Aprobado,Reprobado
19.0,77.0,2,1,True,5.0,86.0,2,Yes,0.0,1,0,4.0,True,66,False,True,False,True,False,True,False,False,False,True,True,False,False,Aprobado,Aprobado
25.0,98.0,1,1,True,7.0,90.0,2,Yes,1.0,2,0,4.0,False,94,False,True,False,True,False,False,True,False,False,True,False,True,False,Aprobado,Aprobado
19.0,93.0,0,2,True,7.0,66.0,0,Yes,1.0,1,1,3.0,False,68,True,False,True,False,False,True,False,False,False,True,False,True,False,Aprobado,Aprobado
18.0,79.0,1,1,False,7.0,81.0,1,No,1.0,1,2,4.0,False,66,True,False,True,False,True,False,False,False,True,False,False,False,True,Aprobado,Aprobado
23.0,87.0,2,0,False,6.0,59.0,1,Yes,4.0,1,2,2.0,False,70,False,True,False,True,False,True,False,False,False,True,False,True,False,Aprobado,Reprobado
25.0,77.0,1,1,False,10.0,90.0,1,Yes,1.0,0,1,3.0,False,68,False,True,False,True,False,True,False,False,False,True,False,True,False,Aprobado,Aprobado
16.0,82.0,2,0,False,4.0,64.0,0,Yes,1.0,1,1,2.0,False,65,True,False,False,True,False,False,True,False,True,False,False,True,False,Aprobado,Reprobado
20.0,62.0,1,1,True,6.0,59.0,0,Yes,3.0,1,1,4.0,False,64,False,True,False,True,False,True,False,False,False,True,False,False,True,Reprobado,Reprobado
14.0,88.0,2,1,True,6.0,97.0,1,Yes,0.0,0,1,3.0,False,69,False,True,False,True,True,False,False,False,False,True,False,False,True,Aprobado,Aprobado
5.0,62.0,2,2,False,7.0,71.0,0,Yes,1.0,0,1,4.0,False,59,True,False,False,True,True,False,False,True,False,False,False,False,True,Reprobado,Aprobado
21.0,93.0,0,1,False,8.0,82.0,1,Yes,2.0,1,2,4.0,False,70,True,False,False,True,True,False,False,False,False,True,False,True,False,Aprobado,Aprobado
24.0,93.0,2,0,True,8.0,90.0,2,Yes,0.0,2,1,2.0,False,72,True,False,False,True,True,False,False,False,False,True,True,False,False,Aprobado,Aprobado
22.0,69.0,0,1,False,9.0,84.0,1,Yes,0.0,1,1,3.0,False,64,False,True,False,True,True,False,False,False,True,False,False,True,False,Reprobado,Aprobado
8.0,73.0,1,2,False,8.0,78.0,2,Yes,0.0,1,2,3.0,False,63,True,False,False,True,False,True,False,False,False,True,True,False,False,Reprobado,Aprobado
18.0,79.0,1,1,True,4.0,69.0,1,Yes,2.0,2,0,3.0,False,67,True,False,False,True,True,False,False,False,False,True,False,False,True,Aprobado,Aprobado
7.0,84.0,1,1,True,5.0,96.0,1,No,1.0,0,0,3.0,True,62,False,True,False,True,False,True,False,False,False,True,False,False,True,Reprobado,Aprobado
28.0,71.0,1,1,True,9.0,57.0,2,Yes,1.0,0,2,4.0,False,69,False,True,True,False,False,False,True,False,False,True,False,True,False,Aprobado,Reprobado
13.0,84.0,1,1,True,9.0,94.0,1,Yes,3.0,1,1,2.0,True,66,False,True,False,True,False,True,False,False,False,True,True,False,False,Aprobado,Aprobado
28.0,72.0,0,0,False,8.0,85.0,2,Yes,4.0,0,1,2.0,False,66,True,False,True,False,False,True,False,False,False,True,True,False,False,Aprobado,Aprobado
26.0,62.0,0,1,False,6.0,79.0,1,Yes,1.0,0,1,3.0,True,63,False,True,True,False,True,False,False,False,False,True,False,False,True,Reprobado,Aprobado
15.0,60.0,1,1,False,7.0,66.0,2,Yes,2.0,2,1,4.0,False,62,False,True,False,True,False,True,False,False,False,True,False,True,False,Reprobado,Aprobado
13.0,64.0,1,2,False,6.0,57.0,0,Yes,1.0,0,0,3.0,True,58,False,True,True,False,False,True,False,False,True,False,False,True,False,Reprobado,Reprobado
22.0,92.0,1,0,False,5.0,72.0,0,Yes,0.0,1,1,4.0,False,67,True,False,False,True,True,False,False,False,True,False,True,False,False,Aprobado,Aprobado
15.0,98.0,1,1,True,7.0,89.0,0,No,2.0,0,0,3.0,False,68,False,True,False,True,True,False,False,False,True,False,False,True,False,Aprobado,Aprobado
21.0,77.0,2,1,False,10.0,87.0,0,Yes,1.0,0,1,3.0,False,67,False,True,False,True,True,False,False,False,False,True,False,True,False,Aprobado,Aprobado
17.0,81.0,1,1,False,6.0,82.0,1,Yes,3.0,0,1,4.0,False,67,True,False,False,True,True,False,False,False,False,True,False,True,False,Aprobado,Aprobado
9.0,66.0,0,1,False,9.0,100.0,0,Yes,3.0,1,1,3.0,False,62,False,True,False,True,True,False,False,False,False,True,False,True,False,Reprobado,Aprobado
7.0,82.0,1,2,True,6.0,99.0,1,Yes,2.0,1,2,2.0,False,66,False,True,False,True,False,False,True,False,True,False,True,False,False,Aprobado,Aprobado
21.0,66.0,1,1,True,5.0,70.0,1,Yes,1.0,0,2,5.0,False,65,True,False,True,False,False,True,False,False,False,True,False,False,True,Aprobado,Aprobado
17.0,84.0,1,2,True,8.0,60.0,1,Yes,0.0,0,0,5.0,False,67,True,False,True,False,True,False,False,False,False,True,False,False,True,Aprobado,Reprobado
17.0,97.0,1,0,False,7.0,73.0,2,No,1.0,1,2,4.0,False,69,True,False,False,True,True,False,False,False,False,True,False,True,False,Aprobado,Aprobado
24.0,68.0,1,2,True,9.0,92.0,0,Yes,1.0,0,2,2.0,False,67,False,True,False,True,False,True,False,False,False,True,False,False,True,Aprobado,Aprobado
27.0,91.0,0,1,True,9.0,73.0,0,Yes,0.0,0,1,3.0,False,69,True,False,False,True,True,False,False,False,False,True,False,True,False,Aprobado,Aprobado
18.0,61.0,1,0,False,7.0,67.0,0,Yes,2.0,2,1,4.0,False,62,False,True,False,True,False,True,False,False,False,True,False,False,True,Reprobado,Aprobado
18.0,75.0,1,1,True,9.0,87.0,0,Yes,3.0,0,1,3.0,False,67,False,True,True,False,False,False,True,False,False,True,True,False,False,Aprobado,Aprobado
23.0,64.0,1,0,True,6.0,83.0,1,Yes,0.0,1,1,3.0,False,63,False,True,False,True,False,True,False,False,True,False,False,True,False,Reprobado,Aprobado
12.0,74.0,1,1,False,6.0,98.0,2,Yes,2.0,0,1,3.0,False,65,False,True,False,True,True,False,False,False,False,True,False,True,False,Aprobado,Aprobado
21.0,67.0,1,1,True,9.0,77.0,1,Yes,3.0,2,0,3.0,False,66,False,True,True,False,True,False,False,False,True,False,False,True,False,Aprobado,Aprobado
23.0,75.0,1,2,True,5.0,98.0,1,Yes,3.0,1,2,1.0,False,71,False,True,True,False,True,False,False,False,False,True,False,False,True,Aprobado,Aprobado
24.0,77.0,0,2,True,7.0,65.0,2,Yes,1.0,1,2,4.0,False,70,True,False,False,True,False,False,True,False,False,True,False,False,True,Aprobado,Aprobado
8.0,72.0,2,2,True,9.0,93.0,2,Yes,4.0,1,1,4.0,False,68,False,True,False,True,False,True,False,False,False,True,False,False,True,Aprobado,Aprobado
15.0,86.0,2,1,True,9.0,68.0,2,Yes,0.0,1,0,3.0,False,67,False,True,False,True,False,True,False,False,False,True,False,True,False,Aprobado,Aprobado
15.0,97.0,1,2,False,6.0,90.0,2,Yes,2.0,2,2,0.0,False,71,True,False,False,True,False,True,False,False,False,True,False,True,False,Aprobado,Aprobado
21.0,76.0,0,1,True,9.0,96.0,1,Yes,1.0,0,0,5.0,False,65,False,True,False,True,False,True,False,False,False,True,True,False,False,Aprobado,Aprobado
23.0,68.0,0,1,True,5.0,81.0,0,Yes,1.0,0,0,2.0,False,64,False,True,False,True,False,False,True,False,False,True,False,True,False,Reprobado,Aprobado
29.0,71.0,1,1,True,6.0,86.0,1,Yes,1.0,0,1,2.0,False,69,False,True,True,False,True,False,False,False,False,True,False,False,True,Aprobado,Aprobado
17.0,94.0,1,0,True,7.0,98.0,0,Yes,1.0,1,2,2.0,False,68,False,True,False,True,False,True,False,False,False,True,True,False,False,Aprobado,Aprobado
17.0,83.0,1,0,True,8.0,69.0,0,Yes,4.0,0,2,3.0,False,67,False,True,False,True,True,False,False,False,False,True,False,True,False,Aprobado,Aprobado
27.0,78.0,1,1,True,5.0,76.0,2,Yes,1.0,1,1,4.0,False,71,True,False,False,True,False,False,True,False,False,True,False,False,True,Aprobado,Aprobado
22.0,66.0,1,0,True,10.0,95.0,1,Yes,1.0,1,1,3.0,False,64,True,False,False,True,False,True,False,False,False,True,True,False,False,Reprobado,Aprobado
28.0,78.0,1,2,True,4.0,84.0,1,Yes,2.0,0,0,3.0,False,69,False,True,True,False,True,False,False,True,False,False,True,False,False,Aprobado,Aprobado
22.0,71.0,1,2,True,7.0,94.0,1,Yes,1.0,1,1,4.0,False,68,False,True,False,True,False,True,False,False,False,True,False,True,False,Aprobado,Aprobado
13.0,98.0,2,0,True,7.0,81.0,1,Yes,1.0,1,0,3.0,False,69,True,False,False,True,False,False,True,False,False,True,True,False,False,Aprobado,Aprobado
12.0,95.0,1,1,False,4.0,87.0,1,Yes,0.0,0,1,3.0,False,67,False,True,False,True,False,True,False,False,True,False,False,False,True,Aprobado,Aprobado
11.0,63.0,1,2,True,9.0,51.0,2,Yes,0.0,0,0,3.0,True,58,False,True,False,True,True,False,False,False,True,False,True,False,False,Reprobado,Reprobado
24.0,81.0,0,1,True,6.0,67.0,2,Yes,0.0,1,2,2.0,False,66,False,True,False,True,False,True,False,True,False,False,True,False,False,Aprobado,Aprobado
27.0,69.0,1,2,True,7.0,89.0,0,Yes,2.0,2,2,1.0,False,69,True,False,False,True,False,True,False,False,True,False,False,True,False,Aprobado,Aprobado
31.0,76.0,1,2,True,7.0,70.0,0,Yes,3.0,0,1,3.0,False,70,False,True,False,True,True,False,False,False,True,False,False,True,False,Aprobado,Aprobado
25.0,95.0,1,0,True,5.0,68.0,1,Yes,1.0,1,2,3.0,False,70,False,True,False,True,False,True,False,True,False,False,False,False,True,Aprobado,Aprobado
27.0,81.0,1,0,True,5.0,98.0,1,Yes,0.0,2,1,3.0,False,70,False,True,False,True,False,True,False,False,False,True,False,False,True,Aprobado,Aprobado
17.0,73.0,2,2,False,9.0,78.0,1,Yes,0.0,0,2,3.0,False,66,False,True,True,False,False,False,True,False,True,False,True,False,False,Aprobado,Aprobado
13.0,68.0,0,2,False,7.0,60.0,1,Yes,1.0,1,0,3.0,False,61,True,False,True,False,True,False,False,False,True,False,False,False,True,Reprobado,Reprobado
25.0,92.0,1,1,True,4.0,74.0,1,Yes,3.0,0,2,2.0,True,71,False,True,True,False,False,True,False,False,True,False,False,False,True,Aprobado,Aprobado
23.0,85.0,2,0,True,7.0,76.0,2,Yes,2.0,0,1,3.0,False,69,False,True,True,False,True,False,False,False,False,True,False,True,False,Aprobado,Aprobado
21.0,79.0,1,1,True,7.0,99.0,1,Yes,2.0,0,1,2.0,False,69,False,True,False,True,False,False,True,False,False,True,False,False,True,Aprobado,Aprobado
22.0,69.0,2,1,False,7.0,86.0,0,Yes,0.0,1,1,1.0,False,65,False,True,True,False,False,True,False,False,False,True,False,True,False,Aprobado,Aprobado
22.0,73.0,2,2,True,4.0,76.0,2,Yes,3.0,1,1,4.0,False,69,False,True,False,True,True,False,False,True,False,False,True,False,False,Aprobado,Aprobado
28.0,98.0,1,2,True,7.0,72.0,1,Yes,1.0,0,2,2.0,False,74,True,False,False,True,True,False,False,False,False,True,False,False,True,Aprobado,Aprobado
28.0,81.0,1,1,True,6.0,96.0,2,Yes,2.0,0,1,5.0,False,71,True,False,False,True,False,True,False,False,True,False,False,False,True,Aprobado,Aprobado
23.0,76.0,2,1,False,7.0,82.0,2,Yes,0.0,1,2,1.0,False,68,True,False,False,True,True,False,False,False,False,True,False,True,False,Aprobado,Aprobado
25.0,81.0,2,2,True,8.0,68.0,0,Yes,0.0,0,2,3.0,False,69,False,True,True,False,True,False,False,False,True,False,False,True,False,Aprobado,Aprobado
23.0,91.0,0,1,True,8.0,73.0,1,No,3.0,1,1,5.0,False,68,False,True,False,True,False,True,False,True,False,False,True,False,False,Aprobado,Aprobado
17.0,74.0,1,0,False,9.0,64.0,1,Yes,2.0,1,1,3.0,False,63,False,True,False,True,False,True,False,False,False,True,False,True,False,Reprobado,Reprobado
25.0,67.0,1,1,True,10.0,98.0,2,Yes,0.0,2,1,2.0,False,68,False,True,False,True,False,True,False,False,False,True,False,False,True,Aprobado,Aprobado
12.0,83.0,2,1,True,5.0,85.0,1,Yes,2.0,0,2,2.0,False,67,True,False,False,True,True,False,False,False,False,True,True,False,False,Aprobado,Aprobado
26.0,87.0,1,2,False,6.0,70.0,0,Yes,3.0,1,1,3.0,False,71,False,True,False,True,True,False,False,False,True,False,False,True,False,Aprobado,Aprobado
13.0,89.0,2,2,False,8.0,59.0,0,Yes,0.0,0,2,2.0,False,66,False,True,False,True,False,False,True,False,True,False,False,True,False,Aprobado,Reprobado
22.0,95.0,2,1,False,7.0,59.0,1,Yes,2.0,0,1,3.0,True,69,False,True,False,True,False,True,False,False,False,True,True,False,False,Aprobado,Reprobado
15.0,75.0,2,1,True,4.0,74.0,1,Yes,3.0,1,2,4.0,False,68,False,True,True,False,True,False,False,False,False,True,False,False,True,Aprobado,Aprobado
23.0,63.0,1,1,False,7.0,73.0,0,Yes,1.0,0,1,3.0,False,63,False,True,False,True,True,False,False,False,True,False,False,True,False,Reprobado,Aprobado
20.0,98.0,1,1,False,9.0,71.0,1,Yes,0.0,0,1,4.0,False,69,False,True,False,True,True,False,False,False,True,False,True,False,False,Aprobado,Aprobado
10.0,77.0,0,2,True,5.0,93.0,1,Yes,3.0,0,1,3.0,False,66,False,True,True,False,True,False,False,False,False,True,False,False,True,Aprobado,Aprobado
23.0,85.0,1,1,True,7.0,99.0,2,Yes,1.0,0,2,5.0,False,71,False,True,True,False,True,False,False,False,False,True,False,True,False,Aprobado,Aprobado
17.0,87.0,1,2,False,4.0,68.0,1,Yes,2.0,0,0,4.0,False,68,False,True,False,True,False,False,True,False,True,False,False,False,True,Aprobado,Aprobado
25.0,82.0,1,1,True,8.0,65.0,1,Yes,0.0,2,1,4.0,False,69,True,False,False,True,False,True,False,False,False,True,False,True,False,Aprobado,Aprobado
20.0,68.0,1,1,True,7.0,89.0,1,Yes,0.0,1,2,3.0,False,65,True,False,True,False,False,True,False,True,False,False,False,False,True,Aprobado,Aprobado
22.0,90.0,1,0,True,6.0,72.0,1,Yes,0.0,0,1,4.0,False,68,False,True,False,True,True,False,False,False,False,True,False,True,False,Aprobado,Aprobado
14.0,92.0,2,1,True,6.0,61.0,2,Yes,0.0,0,1,2.0,False,67,True,False,False,True,True,False,False,False,True,False,False,True,False,Aprobado,Reprobado
16.0,82.0,1,1,False,5.0,59.0,1,Yes,1.0,1,1,3.0,False,65,False,True,False,True,False,True,False,False,False,True,False,False,True,Aprobado,Reprobado
17.0,80.0,0,1,True,9.0,64.0,1,Yes,1.0,0,1,4.0,False,65,True,False,True,False,False,False,True,True,False,False,False,False,True,Aprobado,Reprobado
25.0,65.0,1,0,True,6.0,50.0,1,Yes,2.0,0,1,2.0,False,64,False,True,True,False,True,False,False,False,False,True,False,False,True,Reprobado,Reprobado
30.0,63.0,2,2,False,8.0,97.0,1,Yes,1.0,0,2,3.0,False,69,False,True,True,False,False,True,False,False,False,True,False,True,False,Aprobado,Aprobado
15.0,74.0,2,0,False,6.0,72.0,0,Yes,2.0,0,1,3.0,False,64,False,True,False,True,False,True,False,False,False,True,False,False,True,Reprobado,Aprobado
26.0,72.0,1,1,False,10.0,54.0,1,No,2.0,2,2,2.0,False,66,False,True,False,True,True,False,False,False,True,False,False,True,False,Aprobado,Reprobado
7.0,98.0,1,0,True,9.0,58.0,1,Yes,2.0,1,1,5.0,True,65,True,False,False,True,True,False,False,False,False,True,False,True,False,Aprobado,Reprobado
13.0,91.0,2,1,True,10.0,66.0,1,Yes,2.0,1,1,4.0,False,69,False,True,True,False,False,True,False,False,False,True,False,False,True,Aprobado,Aprobado
14.0,86.0,0,1,True,10.0,78.0,1,Yes,3.0,1,2,4.0,True,66,True,False,True,False,False,True,False,False,False,True,True,False,False,Aprobado,Aprobado
12.0,81.0,1,1,True,6.0,85.0,2,Yes,0.0,0,1,2.0,True,64,True,False,False,True,False,True,False,False,False,True,False,False,True,Reprobado,Aprobado
10.0,67.0,1,1,True,6.0,65.0,1,Yes,1.0,1,2,4.0,False,61,False,True,True,False,False,True,False,False,False,True,True,False,False,Reprobado,Aprobado
22.0,99.0,1,1,False,10.0,98.0,0,Yes,1.0,1,1,1.0,False,72,True,False,False,True,True,False,False,False,False,True,False,True,False,Aprobado,Aprobado
19.0,75.0,1,1,True,7.0,88.0,0,Yes,1.0,1,1,3.0,False,67,True,False,False,True,False,False,True,False,True,False,False,False,True,Aprobado,Aprobado
22.0,64.0,0,1,True,8.0,91.0,0,Yes,0.0,0,1,4.0,False,63,False,True,True,False,True,False,False,False,True,False,False,True,False,Reprobado,Aprobado
24.0,80.0,1,2,False,6.0,66.0,2,Yes,1.0,1,1,3.0,False,69,False,True,False,True,True,False,False,False,True,False,False,True,False,Aprobado,Aprobado
22.0,95.0,0,2,True,6.0,69.0,2,Yes,3.0,1,1,2.0,True,70,False,True,False,True,False,False,True,True,False,False,False,True,False,Aprobado,Aprobado
24.0,95.0,1,2,True,8.0,77.0,0,Yes,1.0,0,1,3.0,True,71,False,True,False,True,False,True,False,False,False,True,False,False,True,Aprobado,Aprobado
20.0,60.0,1,0,True,4.0,73.0,1,Yes,0.0,0,0,1.0,False,60,False,True,True,False,False,False,True,False,True,False,False,True,False,Reprobado,Aprobado
13.0,95.0,1,2,True,8.0,63.0,1,Yes,3.0,1,1,2.0,False,70,True,False,True,False,False,False,True,False,False,True,False,True,False,Aprobado,Reprobado
26.0,71.0,0,2,False,8.0,100.0,0,Yes,1.0,0,2,4.0,False,69,True,False,True,False,True,False,False,False,False,True,False,False,True,Aprobado,Aprobado
16.0,62.0,1,2,False,6.0,92.0,1,No,0.0,1,1,4.0,False,63,True,False,True,False,False,True,False,False,False,True,False,False,True,Reprobado,Aprobado
14.0,94.0,1,1,True,7.0,62.0,2,Yes,2.0,1,2,1.0,False,69,True,False,False,True,False,False,True,False,False,True,True,False,False,Aprobado,Reprobado
19.0,95.0,1,1,True,7.0,95.0,2,Yes,0.0,1,2,2.0,False,71,True,False,False,True,True,False,False,False,False,True,True,False,False,Aprobado,Aprobado
15.0,84.0,1,2,True,7.0,79.0,1,Yes,1.0,1,2,4.0,False,68,False,True,True,False,False,True,False,False,False,True,False,True,False,Aprobado,Aprobado
17.0,83.0,1,2,False,8.0,51.0,0,Yes,0.0,0,1,4.0,False,64,False,True,False,True,False,True,False,False,True,False,True,False,False,Reprobado,Reprobado
22.0,93.0,0,1,False,6.0,67.0,1,Yes,0.0,1,1,3.0,False,68,False,True,True,False,True,False,False,False,False,True,False,True,False,Aprobado,Aprobado
22.0,91.0,0,1,True,10.0,51.0,2,Yes,2.0,2,1,3.0,False,69,False,True,True,False,False,True,False,False,False,True,False,True,False,Aprobado,Reprobado
15.0,96.0,1,0,False,7.0,54.0,0,Yes,0.0,0,1,3.0,False,65,False,True,True,False,True,False,False,False,False,True,False,True,False,Aprobado,Reprobado
17.0,82.0,1,1,True,7.0,59.0,1,Yes,3.0,1,1,4.0,False,68,False,True,False,True,True,False,False,False,False,True,False,False,True,Aprobado,Reprobado
26.0,99.0,1,2,True,10.0,74.0,1,Yes,1.0,1,1,2.0,False,74,True,False,False,True,True,False,False,False,False,True,False,True,False,Aprobado,Aprobado
23.0,100.0,2,0,True,4.0,69.0,0,Yes,0.0,0,2,4.0,False,72,False,True,True,False,False,False,True,False,False,True,False,False,True,Aprobado,Aprobado
32.0,65.0,2,1,False,10.0,57.0,1,Yes,1.0,2,1,2.0,False,67,True,False,True,False,False,True,False,False,False,True,True,False,False,Aprobado,Reprobado
27.0,94.0,2,2,True,7.0,70.0,0,Yes,1.0,1,2,2.0,False,73,False,True,True,False,False,True,False,False,True,False,False,True,False,Aprobado,Aprobado
27.0,80.0,1,1,False,6.0,65.0,2,No,1.0,2,1,4.0,False,68,True,False,False,True,True,False,False,False,True,False,False,True,False,Aprobado,Aprobado
12.0,76.0,1,0,True,5.0,71.0,0,Yes,0.0,1,1,4.0,False,61,False,True,False,True,False,True,False,False,False,True,True,False,False,Reprobado,Aprobado
25.0,85.0,2,2,False,5.0,59.0,1,Yes,3.0,0,1,4.0,False,70,False,True,True,False,False,True,False,False,False,True,False,True,False,Aprobado,Reprobado
20.0,62.0,1,0,True,6.0,80.0,2,No,1.0,1,2,3.0,False,62,False,True,True,False,True,False,False,False,True,False,False,True,False,Reprobado,Aprobado
17.0,80.0,1,1,True,7.0,52.0,2,Yes,2.0,1,1,3.0,False,67,True,False,True,False,False,False,True,False,False,True,False,True,False,Aprobado,Reprobado
21.0,95.0,0,2,True,8.0,69.0,1,No,0.0,0,2,3.0,False,69,False,True,False,True,False,False,True,False,False,True,True,False,False,Aprobado,Aprobado
26.0,69.0,2,2,False,7.0,95.0,0,No,0.0,1,1,3.0,False,93,False,True,True,False,False,False,True,False,False,True,True,False,False,Aprobado,Aprobado
23.0,77.0,1,2,False,6.0,71.0,0,Yes,3.0,1,0,4.0,False,68,True,False,False,True,False,True,False,False,True,False,False,False,True,Aprobado,Aprobado
15.0,98.0,1,1,True,9.0,72.0,1,Yes,1.0,0,2,2.0,False,69,False,True,True,False,True,False,False,False,False,True,False,True,False,Aprobado,Aprobado
24.0,77.0,1,1,True,10.0,53.0,2,Yes,2.0,2,1,4.0,False,68,False,True,False,True,True,False,False,False,True,False,False,True,False,Aprobado,Reprobado
16.0,74.0,1,2,False,9.0,80.0,0,Yes,0.0,1,1,5.0,False,64,False,True,False,True,False,True,False,False,False,True,True,False,False,Reprobado,Aprobado
21.0,78.0,2,1,True,6.0,97.0,1,Yes,0.0,1,1,2.0,False,69,False,True,True,False,False,True,False,False,False,True,False,False,True,Aprobado,Aprobado
18.0,81.0,1,1,False,8.0,65.0,0,Yes,2.0,0,1,4.0,False,66,False,True,False,True,False,False,True,False,False,True,False,True,False,Aprobado,Aprobado
19.0,85.0,1,1,False,8.0,70.0,0,Yes,4.0,2,1,3.0,False,68,False,True,False,True,False,True,False,False,True,False,False,True,False,Aprobado,Aprobado
25.0,92.0,1,1,True,9.0,79.0,1,Yes,3.0,1,2,4.0,False,72,False,True,False,True,True,False,False,False,True,False,True,False,False,Aprobado,Aprobado
14.0,78.0,2,1,False,6.0,55.0,0,Yes,2.0,0,1,2.0,False,63,True,False,True,False,False,True,False,False,False,True,False,True,False,Reprobado,Reprobado
32.0,93.0,2,1,False,6.0,98.0,1,Yes,0.0,1,1,4.0,True,73,False,True,False,True,False,True,False,False,False,True,False,True,False,Aprobado,Aprobado
9.0,81.0,2,1,True,9.0,73.0,1,Yes,1.0,1,1,1.0,False,65,False,True,False,True,False,False,True,False,False,True,True,False,False,Aprobado,Aprobado
16.0,74.0,2,2,True,8.0,56.0,0,Yes,1.0,0,1,2.0,False,65,True,False,True,False,False,True,False,False,False,True,False,False,True,Aprobado,Reprobado
22.0,86.0,0,1,True,5.0,67.0,1,Yes,0.0,2,1,2.0,False,68,False,True,False,True,True,False,False,False,False,True,False,False,True,Aprobado,Aprobado
24.0,89.0,2,1,False,8.0,69.0,0,No,3.0,2,1,2.0,False,70,False,True,False,True,True,False,False,False,False,True,False,True,False,Aprobado,Aprobado
19.0,82.0,1,1,False,10.0,67.0,1,Yes,0.0,0,0,2.0,False,65,False,True,False,True,False,False,True,True,False,False,False,False,True,Aprobado,Aprobado
20.0,62.0,2,1,True,6.0,85.0,1,Yes,2.0,1,1,3.0,False,66,False,True,True,False,True,False,False,False,False,True,False,True,False,Aprobado,Aprobado
22.0,67.0,1,2,True,6.0,67.0,2,Yes,1.0,0,1,1.0,False,66,True,False,False,True,True,False,False,False,False,True,False,True,False,Aprobado,Aprobado
19.0,71.0,1,2,True,7.0,66.0,0,Yes,2.0,0,1,3.0,False,65,False,True,True,False,False,True,False,False,False,True,False,True,False,Aprobado,Aprobado
28.0,71.0,1,2,False,8.0,66.0,1,Yes,2.0,0,1,3.0,False,69,True,False,False,True,True,False,False,False,False,True,False,False,True,Aprobado,Aprobado
25.0,87.0,0,2,True,7.0,89.0,1,Yes,1.0,0,1,4.0,True,69,False,True,True,False,False,True,False,False,False,True,False,True,False,Aprobado,Aprobado
25.0,61.0,1,2,False,9.0,65.0,1,Yes,2.0,1,1,4.0,True,64,True,False,True,False,False,True,False,False,True,False,False,True,False,Reprobado,Aprobado
14.0,90.0,1,1,True,7.0,51.0,1,Yes,1.0,1,1,4.0,True,66,False,True,True,False,False,True,False,False,False,True,False,False,True,Aprobado,Reprobado
20.0,71.0,0,1,True,9.0,68.0,1,Yes,1.0,0,1,3.0,False,63,True,False,False,True,False,True,False,True,False,False,False,False,True,Reprobado,Aprobado
18.0,72.0,2,1,True,6.0,64.0,1,Yes,4.0,0,1,3.0,False,68,False,True,True,False,False,False,True,False,False,True,False,False,True,Aprobado,Reprobado
14.0,81.0,2,1,True,5.0,95.0,0,Yes,2.0,0,2,3.0,False,68,False,True,False,True,False,True,False,False,False,True,False,False,True,Aprobado,Aprobado
22.0,69.0,2,1,False,6.0,74.0,2,Yes,1.0,1,0,3.0,True,65,False,True,True,False,True,False,False,False,False,True,True,False,False,Aprobado,Aprobado
17.0,95.0,2,1,False,5.0,62.0,2,Yes,1.0,1,1,3.0,False,69,True,False,False,True,False,True,False,False,True,False,False,False,True,Aprobado,Reprobado
24.0,63.0,1,1,False,8.0,99.0,0,Yes,2.0,0,2,1.0,False,66,False,True,True,False,False,False,True,False,False,True,False,True,False,Aprobado,Aprobado
14.0,78.0,1,1,False,4.0,62.0,1,Yes,1.0,0,1,4.0,False,63,False,True,False,True,True,False,False,False,False,True,False,True,False,Reprobado,Reprobado
30.0,94.0,0,1,True,6.0,88.0,0,Yes,2.0,0,1,3.0,True,72,True,False,True,False,True,False,False,False,False,True,False,True,False,Aprobado,Aprobado
15.0,85.0,2,1,False,7.0,82.0,2,Yes,2.0,1,1,4.0,False,67,False,True,False,True,False,True,False,True,False,False,True,False,False,Aprobado,Aprobado
21.0,72.0,2,2,False,5.0,73.0,1,Yes,1.0,1,1,3.0,False,67,False,True,False,True,False,True,False,False,False,True,False,True,False,Aprobado,Aprobado
25.0,77.0,2,1,True,7.0,70.0,1,Yes,0.0,1,1,5.0,False,68,False,True,False,True,False,True,False,False,False,True,False,True,False,Aprobado,Aprobado
17.0,88.0,2,2,True,7.0,94.0,1,No,2.0,1,2,3.0,False,71,False,True,False,True,False,True,False,False,False,True,False,False,True,Aprobado,Aprobado
25.0,99.0,1,2,False,9.0,74.0,1,Yes,1.0,1,2,3.0,False,73,True,False,False,True,False,True,False,False,False,True,True,False,False,Aprobado,Aprobado
13.0,96.0,1,1,False,5.0,69.0,1,Yes,2.0,1,0,3.0,False,68,False,True,False,True,False,True,False,False,False,True,False,False,True,Aprobado,Aprobado
29.0,74.0,2,1,False,8.0,68.0,1,Yes,0.0,1,2,4.0,False,69,False,True,True,False,False,True,False,False,False,True,False,False,True,Aprobado,Aprobado
20.0,100.0,1,1,True,8.0,64.0,1,Yes,0.0,0,1,2.0,False,69,False,True,False,True,False,True,False,False,True,False,False,True,False,Aprobado,Reprobado
16.0,60.0,1,2,False,7.0,70.0,0,Yes,3.0,2,2,4.0,False,63,True,False,True,False,False,True,False,False,False,True,True,False,False,Reprobado,Aprobado
18.0,61.0,1,1,True,6.0,56.0,1,Yes,3.0,0,1,3.0,False,62,False,True,False,True,False,True,False,False,True,False,False,True,False,Reprobado,Reprobado
25.0,93.0,1,1,True,5.0,53.0,1,Yes,0.0,2,1,5.0,False,70,True,False,True,False,True,False,False,False,True,False,False,True,False,Aprobado,Reprobado
16.0,68.0,2,1,False,10.0,77.0,1,Yes,1.0,2,1,3.0,False,66,False,True,False,True,False,False,True,False,False,True,False,False,True,Aprobado,Aprobado
16.0,62.0,1,1,False,7.0,73.0,0,Yes,3.0,2,1,3.0,False,62,False,True,True,False,False,True,False,False,False,True,True,False,False,Reprobado,Aprobado
19.0,69.0,1,2,True,7.0,59.0,0,Yes,2.0,0,0,2.0,False,64,True,False,True,False,False,False,True,False,True,False,False,True,False,Reprobado,Reprobado
13.0,77.0,1,1,True,10.0,55.0,0,Yes,2.0,0,1,3.0,False,63,True,False,False,True,True,False,False,False,True,False,False,False,True,Reprobado,Reprobado
31.0,89.0,1,1,True,7.0,57.0,1,Yes,1.0,2,0,2.0,False,71,False,True,True,False,True,False,False,False,True,False,False,False,True,Aprobado,Reprobado
17.0,85.0,2,1,True,10.0,66.0,1,Yes,1.0,2,1,1.0,True,67,False,True,False,True,False,False,True,False,True,False,False,True,False,Aprobado,Aprobado
25.0,70.0,0,2,True,5.0,73.0,1,Yes,2.0,1,1,1.0,False,67,True,False,False,True,False,False,True,False,False,True,False,True,False,Aprobado,Aprobado
21.0,80.0,0,2,True,7.0,60.0,1,Yes,1.0,1,2,2.0,False,67,False,True,False,True,True,False,False,False,True,False,False,False,True,Aprobado,Reprobado
14.0,97.0,0,1,True,5.0,88.0,1,Yes,2.0,2,1,3.0,False,71,False,True,False,True,False,False,True,False,False,True,False,False,True,Aprobado,Aprobado
20.0,93.0,2,1,False,7.0,60.0,2,Yes,0.0,0,2,3.0,False,69,False,True,False,True,False,True,False,False,False,True,False,True,False,Aprobado,Reprobado
25.0,73.0,1,1,True,7.0,56.0,1,Yes,2.0,2,1,4.0,False,93,False,True,True,False,False,True,False,False,False,True,False,True,False,Aprobado,Reprobado
19.0,99.0,2,1,True,6.0,100.0,1,Yes,1.0,0,1,1.0,False,72,True,False,False,True,False,True,False,False,True,False,False,False,True,Aprobado,Aprobado
27.0,88.0,1,2,False,7.0,72.0,1,Yes,1.0,0,2,1.0,False,71,False,True,True,False,False,True,False,False,False,True,False,False,True,Aprobado,Aprobado
26.0,62.0,1,1,False,6.0,59.0,1,Yes,1.0,1,1,3.0,False,63,False,True,False,True,False,True,False,False,True,False,False,True,False,Reprobado,Reprobado
26.0,61.0,2,0,True,7.0,95.0,0,No,0.0,1,2,3.0,False,65,False,True,False,True,False,False,True,False,True,False,False,True,False,Aprobado,Aprobado
17.0,67.0,0,1,True,6.0,62.0,1,Yes,0.0,1,1,3.0,False,61,False,True,True,False,True,False,False,False,True,False,False,True,False,Reprobado,Reprobado
14.0,89.0,1,0,False,9.0,96.0,0,Yes,2.0,0,2,3.0,False,66,True,False,True,False,True,False,False,False,True,False,False,True,False,Aprobado,Aprobado
16.0,67.0,1,1,True,5.0,56.0,0,Yes,1.0,0,1,2.0,False,61,False,True,True,False,True,False,False,False,False,True,True,False,False,Reprobado,Reprobado
21.0,80.0,1,1,False,7.0,92.0,0,Yes,1.0,1,1,3.0,False,67,False,True,False,True,False,True,False,False,True,False,False,False,True,Aprobado,Aprobado
23.0,64.0,1,0,True,5.0,59.0,1,Yes,3.0,0,1,5.0,False,64,False,True,True,False,False,True,False,False,True,False,False,False,True,Reprobado,Reprobado
7.0,97.0,0,2,False,6.0,97.0,1,Yes,3.0,1,2,2.0,False,69,True,False,True,False,True,False,False,False,True,False,False,False,True,Aprobado,Aprobado
20.0,74.0,0,1,False,6.0,79.0,1,Yes,1.0,2,1,2.0,True,64,False,True,False,True,True,False,False,True,False,False,False,True,False,Reprobado,Aprobado
21.0,96.0,1,1,True,7.0,59.0,0,Yes,2.0,2,1,2.0,False,70,False,True,False,True,True,False,False,False,False,True,True,False,False,Aprobado,Reprobado
18.0,98.0,2,1,True,7.0,92.0,1,Yes,2.0,0,2,4.0,False,73,True,False,False,True,False,True,False,False,False,True,False,True,False,Aprobado,Aprobado
28.0,60.0,0,1,True,5.0,70.0,0,Yes,0.0,0,1,5.0,False,63,True,False,False,True,False,True,False,False,False,True,False,True,False,Reprobado,Aprobado
23.0,79.0,1,1,True,6.0,87.0,1,No,2.0,0,2,4.0,False,68,False,True,False,True,True,False,False,False,True,False,False,True,False,Aprobado,Aprobado
28.0,61.0,0,0,True,6.0,82.0,0,Yes,0.0,1,2,3.0,False,64,False,True,True,False,True,False,False,False,False,True,False,False,True,Reprobado,Aprobado
19.0,96.0,1,0,True,5.0,86.0,1,No,3.0,1,1,3.0,False,69,False,True,False,True,False,True,False,False,True,False,False,False,True,Aprobado,Aprobado
26.0,81.0,1,1,True,9.0,67.0,1,Yes,3.0,0,1,2.0,False,69,False,True,True,False,True,False,False,False,False,True,False,True,False,Aprobado,Aprobado
30.0,63.0,2,0,False,5.0,97.0,2,Yes,2.0,0,2,2.0,True,67,False,True,True,False,True,False,False,False,True,False,False,False,True,Aprobado,Aprobado
28.0,64.0,2,0,True,7.0,78.0,1,Yes,3.0,1,2,4.0,False,69,True,False,False,True,False,False,True,False,True,False,False,False,True,Aprobado,Aprobado
13.0,75.0,1,2,False,10.0,54.0,1,Yes,1.0,0,1,3.0,True,62,True,False,False,True,True,False,False,False,False,True,True,False,False,Reprobado,Reprobado
18.0,98.0,0,1,False,9.0,53.0,1,Yes,0.0,2,1,1.0,False,66,False,True,False,True,False,True,False,False,True,False,False,True,False,Aprobado,Reprobado
18.0,88.0,0,1,False,8.0,87.0,1,Yes,2.0,1,2,2.0,False,68,False,True,True,False,False,False,True,False,True,False,False,True,False,Aprobado,Aprobado
23.0,95.0,2,0,False,7.0,92.0,2,Yes,1.0,0,1,1.0,False,71,False,True,True,False,False,True,False,False,False,True,False,False,True,Aprobado,Aprobado
24.0,75.0,1,0,False,8.0,85.0,1,Yes,1.0,0,1,2.0,True,66,False,True,False,True,False,False,True,False,False,True,False,False,True,Aprobado,Aprobado
15.0,62.0,0,2,False,8.0,64.0,2,Yes,2.0,0,1,4.0,False,62,False,True,True,False,True,False,False,False,False,True,False,True,False,Reprobado,Reprobado
20.0,99.0,0,0,True,9.0,61.0,0,Yes,1.0,2,1,4.0,False,68,True,False,False,True,False,True,False,False,True,False,False,True,False,Aprobado,Reprobado
8.0,61.0,1,0,True,7.0,78.0,1,Yes,0.0,1,1,3.0,False,59,True,False,True,False,False,True,False,False,False,True,False,False,True,Reprobado,Aprobado
29.0,98.0,1,1,True,9.0,60.0,0,Yes,0.0,0,1,4.0,False,70,True,False,True,False,False,True,False,False,False,True,True,False,False,Aprobado,Reprobado
17.0,75.0,2,0,True,7.0,69.0,1,Yes,1.0,2,1,4.0,False,66,False,True,False,True,False,True,False,False,False,True,False,False,True,Aprobado,Aprobado
20.0,60.0,1,1,True,10.0,81.0,1,Yes,3.0,0,1,3.0,False,65,False,True,False,True,True,False,False,False,False,True,False,False,True,Aprobado,Aprobado
18.0,88.0,1,1,False,7.0,64.0,0,Yes,0.0,1,0,4.0,False,66,False,True,False,True,True,False,False,False,True,False,False,False,True,Aprobado,Reprobado
27.0,99.0,1,1,True,5.0,69.0,1,Yes,2.0,1,0,2.0,False,73,False,True,False,True,False,False,True,False,True,False,False,False,True,Aprobado,Aprobado
3.0,99.0,1,0,True,7.0,68.0,1,Yes,2.0,2,1,3.0,False,65,True,False,True,False,False,True,False,False,False,True,False,True,False,Aprobado,Aprobado
20.0,66.0,1,2,True,8.0,73.0,1,Yes,0.0,2,0,3.0,False,65,False,True,False,True,False,True,False,False,True,False,False,False,True,Aprobado,Aprobado
19.0,67.0,2,1,False,9.0,84.0,0,Yes,0.0,1,1,3.0,False,64,False,True,True,False,False,True,False,False,True,False,False,False,True,Reprobado,Aprobado
17.0,83.0,1,1,True,6.0,89.0,2,Yes,0.0,0,1,4.0,False,69,False,True,False,True,False,False,True,False,False,True,False,False,True,Aprobado,Aprobado
30.0,85.0,1,1,False,4.0,83.0,0,Yes,2.0,2,2,3.0,False,74,False,True,True,False,False,False,True,False,False,True,False,False,True,Aprobado,Aprobado
15.0,90.0,2,2,True,8.0,51.0,2,Yes,2.0,2,1,2.0,False,68,False,True,True,False,False,True,False,False,True,False,True,False,False,Aprobado,Reprobado
25.0,67.0,0,1,False,8.0,95.0,1,Yes,0.0,1,1,4.0,False,65,False,True,True,False,False,False,True,False,True,False,False,True,False,Aprobado,Aprobado
22.0,98.0,1,2,True,5.0,79.0,1,No,2.0,2,1,5.0,False,72,False,True,False,True,False,True,False,False,True,False,False,True,False,Aprobado,Aprobado
28.0,86.0,1,1,True,7.0,96.0,1,Yes,2.0,1,0,4.0,False,71,False,True,False,True,False,True,False,False,False,True,False,True,False,Aprobado,Aprobado
16.0,94.0,2,1,False,7.0,98.0,1,Yes,0.0,0,1,4.0,False,69,False,True,True,False,False,True,False,False,True,False,False,True,False,Aprobado,Aprobado
16.0,82.0,0,2,True,8.0,73.0,0,Yes,3.0,0,2,1.0,False,67,False,True,False,True,True,False,False,False,False,True,False,False,True,Aprobado,Aprobado
27.0,77.0,1,2,True,6.0,96.0,0,Yes,0.0,1,2,3.0,False,71,False,True,False,True,False,False,True,False,True,False,False,False,True,Aprobado,Aprobado
23.0,99.0,0,0,True,6.0,68.0,2,Yes,1.0,1,1,3.0,True,68,False,True,False,True,True,False,False,True,False,False,False,True,False,Aprobado,Aprobado
11.0,83.0,0,1,False,7.0,63.0,2,Yes,3.0,2,1,2.0,False,63,False,True,True,False,False,True,False,True,False,False,True,False,False,Reprobado,Reprobado
17.0,95.0,2,1,False,5.0,54.0,0,Yes,2.0,2,2,2.0,False,69,False,True,True,False,True,False,False,False,True,False,False,True,False,Aprobado,Reprobado
22.0,98.0,1,0,False,10.0,73.0,1,Yes,1.0,0,0,4.0,True,68,False,True,True,False,True,False,False,False,False,True,True,False,False,Aprobado,Aprobado
25.0,87.0,2,2,True,8.0,84.0,0,Yes,2.0,2,1,4.0,False,73,False,True,False,True,True,False,False,False,True,False,False,False,True,Aprobado,Aprobado
16.0,82.0,1,1,True,6.0,99.0,1,Yes,3.0,2,1,2.0,False,69,False,True,False,True,False,True,False,False,False,True,False,False,True,Aprobado,Aprobado
3.0,60.0,1,1,True,5.0,76.0,1,Yes,0.0,1,2,4.0,False,58,True,False,True,False,False,True,False,False,True,False,False,True,False,Reprobado,Aprobado
23.0,62.0,2,0,False,5.0,87.0,1,Yes,1.0,2,0,3.0,False,65,True,False,False,True,False,True,False,False,False,True,False,False,True,Aprobado,Aprobado
13.0,68.0,1,1,True,8.0,95.0,1,Yes,2.0,0,0,4.0,False,63,True,False,False,True,False,True,False,False,True,False,False,False,True,Reprobado,Aprobado
8.0,67.0,0,0,False,5.0,77.0,0,Yes,1.0,1,2,2.0,False,59,False,True,False,True,True,False,False,False,False,True,False,False,True,Reprobado,Aprobado
3.0,70.0,1,1,True,7.0,58.0,1,Yes,0.0,1,1,2.0,False,58,True,False,False,True,False,True,False,False,True,False,False,True,False,Reprobado,Reprobado
25.0,72.0,1,1,True,4.0,92.0,2,Yes,1.0,0,1,2.0,True,66,True,False,False,True,False,True,False,False,False,True,True,False,False,Aprobado,Aprobado
21.0,74.0,1,2,True,8.0,79.0,1,Yes,0.0,0,2,4.0,False,67,True,False,False,True,False,True,False,False,False,True,False,False,True,Aprobado,Aprobado
19.0,77.0,2,1,True,8.0,88.0,1,No,3.0,0,1,3.0,False,67,False,True,False,True,True,False,False,False,True,False,False,False,True,Aprobado,Aprobado
28.0,64.0,2,1,False,7.0,83.0,0,Yes,2.0,2,1,4.0,False,67,True,False,False,True,False,True,False,False,True,False,False,True,False,Aprobado,Aprobado
24.0,62.0,2,0,True,7.0,53.0,1,Yes,0.0,1,1,6.0,False,65,False,True,True,False,False,False,True,False,False,True,False,False,True,Aprobado,Reprobado
30.0,87.0,2,1,True,8.0,58.0,2,Yes,1.0,0,1,1.0,False,71,False,True,False,True,True,False,False,False,False,True,True,False,False,Aprobado,Reprobado
12.0,81.0,1,1,True,7.0,64.0,2,Yes,2.0,2,1,3.0,False,66,False,True,False,True,False,True,False,False,False,True,False,True,False,Aprobado,Reprobado
20.0,78.0,1,2,True,8.0,64.0,1,Yes,2.0,2,1,2.0,False,68,True,False,True,False,False,True,False,False,True,False,False,False,True,Aprobado,Reprobado
10.0,85.0,1,2,True,5.0,92.0,1,Yes,0.0,0,2,4.0,True,65,True,False,True,False,False,True,False,True,False,False,False,False,True,Aprobado,Aprobado
19.0,93.0,2,2,False,8.0,80.0,1,Yes,1.0,1,1,3.0,False,71,True,False,False,True,True,False,False,False,True,False,False,True,False,Aprobado,Aprobado
19.0,77.0,1,0,True,7.0,54.0,0,Yes,2.0,0,1,4.0,False,64,True,False,True,False,False,True,False,False,False,True,False,False,True,Reprobado,Reprobado
24.0,86.0,1,2,True,9.0,69.0,2,Yes,1.0,1,2,3.0,False,72,False,True,False,True,False,False,True,False,False,True,False,True,False,Aprobado,Aprobado
20.0,98.0,0,0,False,7.0,78.0,0,Yes,4.0,2,2,2.0,False,69,False,True,False,True,False,True,False,True,False,False,False,True,False,Aprobado,Aprobado
24.0,94.0,1,1,False,7.0,63.0,1,Yes,1.0,0,2,3.0,False,70,False,True,False,True,False,True,False,False,False,True,False,True,False,Aprobado,Reprobado
24.0,77.0,1,1,True,6.0,52.0,1,Yes,0.0,1,1,4.0,False,66,True,False,False,True,False,True,False,False,False,True,True,False,False,Aprobado,Reprobado
33.0,86.0,1,1,False,9.0,69.0,1,No,0.0,1,1,3.0,False,70,False,True,True,False,True,False,False,False,False,True,False,True,False,Aprobado,Aprobado
18.0,67.0,2,0,False,4.0,73.0,0,Yes,0.0,1,1,2.0,False,62,True,False,False,True,False,False,True,False,True,False,False,True,False,Reprobado,Aprobado
14.0,82.0,0,1,True,8.0,95.0,1,Yes,1.0,0,1,3.0,False,66,True,False,False,True,False,False,True,False,True,False,False,True,False,Aprobado,Aprobado
21.0,99.0,2,0,False,7.0,95.0,0,Yes,2.0,0,1,1.0,False,70,False,True,True,False,False,True,False,False,False,True,True,False,False,Aprobado,Aprobado
15.0,81.0,0,0,True,7.0,75.0,0,Yes,1.0,1,2,1.0,False,63,False,True,False,True,False,False,True,False,True,False,True,False,False,Reprobado,Aprobado
29.0,97.0,2,1,True,7.0,74.0,1,Yes,1.0,1,0,4.0,True,73,False,True,True,False,False,True,False,False,False,True,False,False,True,Aprobado,Aprobado
18.0,76.0,1,2,True,7.0,82.0,2,Yes,2.0,1,2,4.0,False,70,False,True,True,False,False,False,True,False,False,True,False,True,False,Aprobado,Aprobado
17.0,100.0,2,2,False,8.0,63.0,0,Yes,1.0,0,1,5.0,False,71,True,False,False,True,False,True,False,False,False,True,False,False,True,Aprobado,Reprobado
17.0,83.0,0,1,False,6.0,64.0,1,Yes,1.0,1,1,4.0,False,65,True,False,True,False,False,True,False,False,False,True,False,False,True,Aprobado,Reprobado
24.0,62.0,1,0,True,7.0,50.0,1,Yes,1.0,2,2,2.0,False,64,True,False,False,True,False,False,True,False,False,True,True,False,False,Reprobado,Reprobado
19.0,83.0,2,0,True,8.0,54.0,1,Yes,1.0,0,1,4.0,False,66,True,False,False,True,False,True,False,False,True,False,False,False,True,Aprobado,Reprobado
16.0,71.0,0,0,True,6.0,59.0,2,Yes,1.0,0,2,3.0,False,82,False,True,False,True,False,False,True,False,False,True,False,False,True,Aprobado,Reprobado
30.0,61.0,0,2,True,8.0,82.0,0,Yes,2.0,0,2,3.0,False,68,False,True,True,False,False,False,True,False,False,True,False,True,False,Aprobado,Aprobado
15.0,93.0,1,1,False,8.0,61.0,2,Yes,1.0,1,1,4.0,False,67,False,True,True,False,False,True,False,False,False,True,False,True,False,Aprobado,Reprobado
20.0,71.0,0,2,True,6.0,56.0,2,Yes,5.0,1,1,5.0,False,68,True,False,False,True,True,False,False,False,False,True,False,False,True,Aprobado,Reprobado
24.0,92.0,0,2,True,5.0,81.0,1,Yes,2.0,0,1,3.0,True,69,True,False,False,True,False,True,False,False,False,True,True,False,False,Aprobado,Aprobado
10.0,72.0,1,1,True,6.0,83.0,1,Yes,0.0,1,1,4.0,False,63,False,True,False,True,False,True,False,False,False,True,False,False,True,Reprobado,Aprobado
23.0,68.0,1,2,False,7.0,53.0,2,Yes,3.0,2,1,3.0,False,66,False,True,True,False,False,True,False,False,True,False,False,True,False,Aprobado,Reprobado
14.0,99.0,1,1,False,7.0,89.0,2,No,0.0,1,1,2.0,False,68,True,False,True,False,False,False,True,True,False,False,False,False,True,Aprobado,Aprobado
25.0,74.0,2,1,True,9.0,80.0,1,Yes,4.0,1,1,3.0,False,71,False,True,True,False,True,False,False,False,True,False,False,False,True,Aprobado,Aprobado
14.0,84.0,1,2,True,6.0,70.0,2,Yes,2.0,2,1,3.0,False,69,False,True,True,False,True,False,False,False,False,True,False,False,True,Aprobado,Aprobado
24.0,84.0,0,1,True,6.0,99.0,1,Yes,1.0,1,2,2.0,False,70,False,True,True,False,False,False,True,True,False,False,False,False,True,Aprobado,Aprobado
27.0,82.0,1,1,False,8.0,51.0,2,Yes,3.0,2,1,2.0,False,70,False,True,False,True,True,False,False,False,False,True,False,True,False,Aprobado,Reprobado
25.0,97.0,1,1,True,6.0,77.0,0,Yes,1.0,0,2,4.0,False,73,True,False,False,True,False,False,True,False,False,True,False,False,True,Aprobado,Aprobado
22.0,87.0,1,2,True,6.0,58.0,1,Yes,0.0,0,1,4.0,False,68,True,False,True,False,False,True,False,False,False,True,False,True,False,Aprobado,Reprobado
19.0,76.0,1,0,True,6.0,66.0,1,Yes,1.0,2,1,3.0,False,65,False,True,False,True,False,True,False,False,False,True,False,False,True,Aprobado,Aprobado
17.0,94.0,2,2,True,4.0,57.0,1,Yes,4.0,1,2,4.0,False,72,False,True,False,True,False,True,False,False,True,False,False,True,False,Aprobado,Reprobado
29.0,67.0,2,0,True,8.0,83.0,1,Yes,2.0,0,1,4.0,True,67,True,False,True,False,False,True,False,False,False,True,False,False,True,Aprobado,Aprobado
16.0,82.0,0,1,True,8.0,70.0,2,Yes,4.0,0,2,4.0,False,68,False,True,True,False,True,False,False,False,False,True,False,True,False,Aprobado,Aprobado
14.0,98.0,1,1,True,8.0,99.0,0,Yes,0.0,2,1,3.0,False,69,False,True,False,True,False,True,False,False,False,True,False,True,False,Aprobado,Aprobado
24.0,85.0,1,1,True,10.0,83.0,0,Yes,1.0,1,2,4.0,False,70,False,True,True,False,True,False,False,False,True,False,False,False,True,Aprobado,Aprobado
15.0,93.0,2,1,True,9.0,96.0,1,Yes,1.0,1,1,2.0,False,69,False,True,True,False,False,True,False,False,True,False,True,False,False,Aprobado,Aprobado
14.0,86.0,2,2,True,6.0,62.0,1,Yes,1.0,1,1,2.0,False,68,True,False,False,True,False,True,False,False,False,True,False,False,True,Aprobado,Reprobado
11.0,94.0,1,1,False,9.0,66.0,1,No,2.0,0,2,2.0,False,65,True,False,False,True,False,True,False,False,True,False,False,False,True,Aprobado,Aprobado
17.0,98.0,1,2,True,7.0,68.0,1,Yes,1.0,0,1,4.0,False,70,False,True,False,True,True,False,False,False,True,False,False,False,True,Aprobado,Aprobado
20.0,71.0,1,0,True,6.0,92.0,2,Yes,1.0,0,1,4.0,False,65,True,False,False,True,True,False,False,False,False,True,True,False,False,Aprobado,Aprobado
21.0,67.0,1,0,False,6.0,61.0,1,Yes,0.0,0,1,3.0,False,61,True,False,True,False,False,True,False,False,True,False,False,False,True,Reprobado,Reprobado
26.0,79.0,1,0,False,7.0,97.0,1,Yes,1.0,2,1,2.0,False,69,True,False,False,True,False,True,False,False,False,True,False,False,True,Aprobado,Aprobado
23.0,88.0,1,0,True,7.0,52.0,1,Yes,0.0,1,0,4.0,False,67,False,True,False,True,False,True,False,False,False,True,False,True,False,Aprobado,Reprobado
19.0,69.0,1,1,True,9.0,94.0,1,Yes,1.0,0,2,3.0,False,65,False,True,False,True,False,True,False,False,True,False,False,False,True,Aprobado,Aprobado
19.0,60.0,1,1,False,8.0,73.0,2,Yes,3.0,1,0,3.0,False,63,True,False,False,True,False,True,False,False,False,True,False,True,False,Reprobado,Aprobado
23.0,74.0,1,2,True,6.0,76.0,1,Yes,0.0,1,2,4.0,False,67,True,False,False,True,False,True,False,False,False,True,True,False,False,Aprobado,Aprobado
28.0,99.0,2,0,False,5.0,100.0,1,Yes,6.0,1,1,5.0,False,76,True,False,True,False,False,True,False,False,True,False,False,True,False,Aprobado,Aprobado
21.0,88.0,1,1,False,8.0,94.0,1,Yes,0.0,1,2,3.0,False,70,False,True,False,True,True,False,False,False,False,True,False,True,False,Aprobado,Aprobado
17.0,76.0,1,2,True,8.0,95.0,0,Yes,1.0,0,1,4.0,False,67,True,False,True,False,False,False,True,False,False,True,False,True,False,Aprobado,Aprobado
14.0,68.0,2,2,True,9.0,79.0,0,Yes,2.0,0,1,4.0,False,66,True,False,True,False,True,False,False,False,False,True,False,False,True,Aprobado,Aprobado
11.0,74.0,1,2,True,7.0,98.0,0,Yes,1.0,0,1,2.0,False,65,False,True,False,True,False,True,False,False,False,True,False,False,True,Aprobado,Aprobado
24.0,67.0,0,2,False,8.0,84.0,2,Yes,0.0,0,1,1.0,False,65,False,True,True,False,True,False,False,False,False,True,False,True,False,Aprobado,Aprobado
23.0,64.0,0,1,False,8.0,91.0,1,Yes,2.0,0,1,3.0,False,63,False,True,True,False,False,True,False,True,False,False,True,False,False,Reprobado,Aprobado
23.0,96.0,1,2,True,5.0,86.0,1,Yes,3.0,1,2,3.0,True,74,False,True,False,True,False,True,False,False,False,True,False,True,False,Aprobado,Aprobado
19.0,100.0,0,2,True,7.0,89.0,2,Yes,2.0,2,0,3.0,False,72,True,False,False,True,True,False,False,False,True,False,False,True,False,Aprobado,Aprobado
28.0,67.0,2,2,False,8.0,82.0,0,Yes,1.0,2,0,4.0,False,68,False,True,True,False,False,True,False,False,False,True,False,True,False,Aprobado,Aprobado
17.0,62.0,1,0,False,8.0,86.0,2,Yes,2.0,1,1,4.0,False,62,False,True,True,False,False,True,False,False,True,False,False,True,False,Reprobado,Aprobado
26.0,73.0,0,2,False,7.0,72.0,1,Yes,1.0,0,0,3.0,False,65,True,False,False,True,True,False,False,True,False,False,False,True,False,Aprobado,Aprobado
20.0,78.0,2,1,True,10.0,85.0,1,Yes,1.0,2,2,3.0,False,69,True,False,False,True,False,True,False,False,False,True,True,False,False,Aprobado,Aprobado
16.0,68.0,1,0,True,10.0,64.0,1,Yes,2.0,2,0,2.0,False,61,False,True,False,True,False,True,False,False,True,False,True,False,False,Reprobado,Reprobado
24.0,72.0,1,1,True,7.0,82.0,2,Yes,2.0,1,1,4.0,False,67,True,False,False,True,False,True,False,True,False,False,False,False,True,Aprobado,Aprobado
22.0,68.0,1,2,False,7.0,76.0,1,Yes,1.0,1,1,4.0,False,66,False,True,False,True,False,True,False,False,False,True,False,False,True,Aprobado,Aprobado
22.0,91.0,0,1,True,8.0,95.0,1,Yes,1.0,0,2,2.0,False,70,True,False,False,True,False,True,False,False,False,True,False,True,False,Aprobado,Aprobado
20.0,89.0,1,2,False,7.0,84.0,0,Yes,5.0,2,1,3.0,False,72,False,True,False,True,False,False,True,False,True,False,False,True,False,Aprobado,Aprobado
20.0,85.0,2,0,True,9.0,80.0,1,Yes,3.0,0,1,3.0,False,69,True,False,False,True,False,False,True,False,True,False,False,True,False,Aprobado,Aprobado
34.0,75.0,0,1,True,5.0,66.0,1,Yes,0.0,0,1,3.0,False,68,True,False,False,True,False,True,False,False,False,True,False,False,True,Aprobado,Aprobado
27.0,96.0,1,1,False,7.0,93.0,1,Yes,2.0,1,1,2.0,False,74,False,True,False,True,True,False,False,False,False,True,False,True,False,Aprobado,Aprobado
24.0,99.0,2,1,False,8.0,53.0,2,Yes,1.0,0,1,3.0,True,70,True,False,False,True,False,True,False,False,False,True,False,True,False,Aprobado,Reprobado
21.0,67.0,1,1,True,9.0,95.0,2,Yes,1.0,1,1,4.0,False,67,True,False,False,True,False,True,False,False,False,True,False,False,True,Aprobado,Aprobado
26.0,69.0,1,1,True,5.0,83.0,1,Yes,4.0,1,2,2.0,False,68,True,False,True,False,False,True,False,False,True,False,False,True,False,Aprobado,Aprobado
23.0,81.0,2,0,False,6.0,59.0,1,Yes,2.0,2,2,1.0,False,69,True,False,True,False,False,False,True,False,False,True,False,True,False,Aprobado,Reprobado
20.0,64.0,2,0,False,4.0,95.0,1,Yes,4.0,1,1,4.0,False,66,False,True,False,True,False,True,False,False,False,True,False,True,False,Aprobado,Aprobado
18.0,77.0,1,0,False,6.0,66.0,2,Yes,3.0,1,2,3.0,False,66,False,True,False,True,True,False,False,False,True,False,False,False,True,Aprobado,Aprobado
20.0,83.0,2,2,True,5.0,58.0,1,Yes,1.0,1,1,3.0,False,68,False,True,False,True,False,True,False,False,False,True,False,True,False,Aprobado,Reprobado
1.0,81.0,1,1,True,8.0,66.0,1,Yes,1.0,0,1,2.0,False,60,False,True,False,True,True,False,False,False,False,True,True,False,False,Reprobado,Aprobado
21.0,73.0,2,1,False,7.0,98.0,2,Yes,0.0,2,2,4.0,True,69,False,True,False,True,False,False,True,False,False,True,False,False,True,Aprobado,Aprobado
17.0,82.0,2,1,False,7.0,88.0,1,Yes,1.0,1,1,1.0,True,66,False,True,False,True,False,True,False,False,False,True,True,False,False,Aprobado,Aprobado
30.0,98.0,1,2,True,7.0,96.0,1,Yes,1.0,1,1,3.0,False,77,True,False,True,False,False,False,True,False,False,True,False,True,False,Aprobado,Aprobado
20.0,68.0,1,0,False,9.0,65.0,0,Yes,1.0,2,1,5.0,False,63,False,True,False,True,True,False,False,False,False,True,True,False,False,Reprobado,Aprobado
13.0,86.0,1,0,True,5.0,54.0,1,Yes,3.0,2,2,3.0,True,66,False,True,False,True,True,False,False,False,False,True,False,True,False,Aprobado,Reprobado
20.0,62.0,2,1,True,4.0,78.0,1,No,1.0,2,1,4.0,False,64,True,False,True,False,False,True,False,False,True,False,False,False,True,Reprobado,Aprobado
14.0,63.0,2,2,False,8.0,74.0,1,Yes,1.0,0,1,4.0,False,63,True,False,True,False,False,False,True,False,True,False,False,True,False,Reprobado,Aprobado
23.0,82.0,0,1,True,6.0,86.0,1,Yes,0.0,2,1,4.0,False,68,False,True,False,True,False,True,False,False,False,True,False,True,False,Aprobado,Aprobado
22.0,64.0,2,1,False,5.0,77.0,1,Yes,1.0,2,1,2.0,False,65,True,False,False,True,True,False,False,False,False,True,True,False,False,Aprobado,Aprobado
26.0,61.0,2,1,True,8.0,70.0,0,Yes,1.0,1,1,4.0,True,65,True,False,False,True,False,False,True,False,True,False,False,True,False,Aprobado,Aprobado
15.0,67.0,2,2,True,4.0,50.0,0,Yes,0.0,1,1,1.0,False,64,False,True,False,True,True,False,False,False,False,True,False,False,True,Reprobado,Reprobado
20.0,83.0,2,1,True,6.0,73.0,1,Yes,0.0,2,1,3.0,False,68,False,True,False,True,True,False,False,True,False,False,False,False,True,Aprobado,Aprobado
12.0,88.0,0,1,True,4.0,56.0,1,Yes,0.0,0,2,2.0,False,62,True,False,False,True,False,True,False,True,False,False,False,True,False,Reprobado,Reprobado
24.0,68.0,1,1,True,7.0,96.0,1,Yes,1.0,0,2,3.0,False,67,False,True,False,True,False,True,False,False,False,True,False,False,True,Aprobado,Aprobado
23.0,87.0,2,2,True,9.0,96.0,2,Yes,1.0,1,1,1.0,False,73,True,False,True,False,True,False,False,False,False,True,False,False,True,Aprobado,Aprobado
23.0,67.0,2,2,True,6.0,90.0,1,Yes,2.0,2,1,3.0,False,69,True,False,True,False,False,True,False,False,False,True,False,False,True,Aprobado,Aprobado
20.0,85.0,1,1,False,6.0,58.0,0,Yes,0.0,0,1,2.0,False,65,True,False,False,True,False,False,True,False,False,True,True,False,False,Aprobado,Reprobado
22.0,76.0,1,1,True,10.0,57.0,1,Yes,1.0,1,2,3.0,False,66,True,False,False,True,False,True,False,True,False,False,False,True,False,Aprobado,Reprobado
30.0,86.0,2,1,False,8.0,78.0,1,Yes,4.0,1,0,2.0,False,73,False,True,False,True,True,False,False,True,False,False,False,False,True,Aprobado,Aprobado
18.0,100.0,2,1,True,10.0,86.0,1,Yes,1.0,1,1,3.0,False,72,False,True,False,True,False,True,False,False,False,True,False,True,False,Aprobado,Aprobado
21.0,98.0,1,1,True,7.0,95.0,0,Yes,3.0,2,0,1.0,False,72,False,True,False,True,False,True,False,False,False,True,False,True,False,Aprobado,Aprobado
13.0,60.0,0,2,True,7.0,95.0,1,Yes,1.0,0,1,1.0,False,61,True,False,True,False,False,True,False,False,False,True,False,False,True,Reprobado,Aprobado
15.0,95.0,2,1,True,9.0,58.0,0,Yes,2.0,0,2,3.0,False,69,True,False,True,False,False,True,False,False,False,True,False,True,False,Aprobado,Reprobado
21.0,63.0,2,1,False,7.0,100.0,1,Yes,1.0,2,1,2.0,False,66,True,False,True,False,False,False,True,False,True,False,False,True,False,Aprobado,Aprobado
27.0,98.0,2,2,False,7.0,58.0,1,Yes,1.0,2,1,3.0,False,74,False,True,True,False,False,False,True,True,False,False,False,False,True,Aprobado,Reprobado
18.0,71.0,2,0,True,4.0,92.0,1,Yes,1.0,0,1,4.0,True,64,False,True,True,False,True,False,False,False,False,True,True,False,False,Reprobado,Aprobado
19.0,75.0,1,2,True,10.0,79.0,1,Yes,1.0,1,1,2.0,False,66,False,True,True,False,False,True,False,False,False,True,False,True,False,Aprobado,Aprobado
18.0,64.0,2,1,True,8.0,84.0,1,No,2.0,1,1,3.0,False,64,False,True,True,False,True,False,False,False,False,True,False,True,False,Reprobado,Aprobado
17.0,64.0,2,2,False,7.0,80.0,0,Yes,3.0,1,1,4.0,False,66,True,False,False,True,False,True,False,False,False,True,False,False,True,Aprobado,Aprobado
22.0,89.0,1,2,False,8.0,93.0,1,Yes,2.0,2,0,5.0,False,72,True,False,False,True,False,True,False,False,False,True,False,True,False,Aprobado,Aprobado
11.0,98.0,2,2,True,5.0,82.0,2,Yes,1.0,1,1,2.0,False,71,True,False,False,True,False,False,True,False,False,True,False,True,False,Aprobado,Aprobado
28.0,84.0,2,1,True,6.0,92.0,1,Yes,1.0,1,1,3.0,True,70,False,True,True,False,False,True,False,False,False,True,True,False,False,Aprobado,Aprobado
16.0,89.0,2,1,True,8.0,58.0,0,Yes,2.0,0,1,3.0,False,67,False,True,False,True,True,False,False,False,True,False,False,True,False,Aprobado,Reprobado
24.0,90.0,1,2,False,7.0,93.0,0,Yes,1.0,0,2,2.0,True,71,False,True,False,True,False,False,True,False,False,True,False,True,False,Aprobado,Aprobado
12.0,71.0,1,0,False,8.0,100.0,1,Yes,2.0,2,1,3.0,True,63,False,True,False,True,True,False,False,False,False,True,False,True,False,Reprobado,Aprobado
24.0,62.0,1,2,False,7.0,83.0,0,Yes,1.0,1,0,2.0,False,64,False,True,True,False,True,False,False,False,True,False,False,True,False,Reprobado,Aprobado
24.0,60.0,1,1,True,8.0,99.0,1,Yes,2.0,0,0,1.0,False,64,False,True,False,True,False,True,False,False,True,False,False,True,False,Reprobado,Aprobado
22.0,74.0,1,0,False,5.0,61.0,1,Yes,1.0,0,1,3.0,False,65,False,True,True,False,False,False,True,False,False,True,False,False,True,Aprobado,Reprobado
14.0,70.0,1,1,True,9.0,91.0,2,Yes,2.0,1,1,4.0,False,65,False,True,True,False,False,True,False,False,False,True,False,True,False,Aprobado,Aprobado
21.0,62.0,1,0,False,6.0,58.0,1,Yes,2.0,0,2,3.0,False,62,True,False,True,False,True,False,False,False,True,False,False,True,False,Reprobado,Reprobado
13.0,67.0,2,2,True,7.0,76.0,1,Yes,2.0,0,1,5.0,False,65,True,False,False,True,False,True,False,False,False,True,False,True,False,Aprobado,Aprobado
18.0,65.0,1,2,False,6.0,83.0,0,Yes,1.0,1,2,2.0,False,64,True,False,False,True,False,True,False,False,False,True,False,True,False,Reprobado,Aprobado
26.0,97.0,1,1,True,7.0,83.0,0,Yes,2.0,0,1,3.0,False,74,False,True,False,True,False,False,True,False,False,True,False,False,True,Aprobado,Aprobado
25.0,66.0,1,2,True,7.0,84.0,0,Yes,2.0,2,1,1.0,False,67,False,True,False,True,False,True,False,False,False,True,False,False,True,Aprobado,Aprobado
20.0,82.0,0,1,False,8.0,66.0,0,Yes,0.0,2,1,2.0,False,66,False,True,False,True,False,False,True,False,False,True,False,False,True,Aprobado,Aprobado
14.0,84.0,2,2,False,8.0,99.0,1,No,3.0,1,2,4.0,False,70,False,True,True,False,False,False,True,False,False,True,False,True,False,Aprobado,Aprobado
24.0,82.0,1,2,False,8.0,50.0,1,Yes,0.0,1,1,2.0,False,68,False,True,False,True,False,False,True,False,True,False,False,False,True,Aprobado,Reprobado
20.0,64.0,1,1,False,6.0,81.0,1,Yes,0.0,2,2,1.0,False,64,False,True,True,False,False,True,False,False,True,False,False,False,True,Reprobado,Aprobado
6.0,73.0,1,1,False,8.0,93.0,0,Yes,0.0,0,1,1.0,True,58,True,False,True,False,False,True,False,True,False,False,False,True,False,Reprobado,Aprobado
25.0,62.0,1,1,True,7.0,95.0,0,Yes,1.0,2,1,4.0,True,65,False,True,False,True,True,False,False,False,False,True,False,True,False,Aprobado,Aprobado
20.0,76.0,1,2,True,7.0,86.0,1,Yes,2.0,1,1,5.0,False,68,False,True,True,False,False,True,False,False,False,True,True,False,False,Aprobado,Aprobado
27.0,68.0,0,1,False,8.0,79.0,1,Yes,2.0,0,2,1.0,True,64,True,False,True,False,False,False,True,False,True,False,True,False,False,Reprobado,Aprobado
13.0,82.0,1,2,False,5.0,73.0,0,Yes,4.0,0,1,4.0,False,66,False,True,False,True,False,True,False,False,False,True,True,False,False,Aprobado,Aprobado
1.0,88.0,1,2,True,4.0,72.0,2,Yes,3.0,1,1,2.0,False,92,True,False,False,True,True,False,False,False,False,True,True,False,False,Aprobado,Aprobado
22.0,81.0,2,1,True,9.0,71.0,1,Yes,2.0,2,0,4.0,False,69,False,True,False,True,False,True,False,False,False,True,True,False,False,Aprobado,Aprobado
22.0,77.0,1,2,False,7.0,85.0,0,Yes,2.0,0,1,2.0,False,68,False,True,False,True,True,False,False,False,False,True,False,True,False,Aprobado,Aprobado
10.0,75.0,1,1,False,8.0,87.0,0,Yes,2.0,1,1,4.0,True,63,False,True,True,False,False,True,False,False,False,True,False,False,True,Reprobado,Aprobado
14.0,94.0,0,1,True,6.0,76.0,1,No,0.0,0,0,3.0,False,64,False,True,False,True,False,True,False,False,False,True,False,True,False,Reprobado,Aprobado
37.0,69.0,1,2,True,9.0,87.0,1,No,1.0,0,1,2.0,False,68,False,True,True,False,True,False,False,True,False,False,True,False,False,Aprobado,Aprobado
18.0,89.0,1,0,False,8.0,76.0,2,Yes,0.0,0,1,2.0,False,67,False,True,False,True,False,True,False,False,False,True,False,False,True,Aprobado,Aprobado
24.0,90.0,0,1,True,7.0,55.0,1,Yes,1.0,2,1,2.0,False,68,False,True,False,True,False,False,True,True,False,False,True,False,False,Aprobado,Reprobado
16.0,77.0,1,1,True,7.0,93.0,1,Yes,1.0,0,1,2.0,False,66,False,True,False,True,False,True,False,False,True,False,False,False,True,Aprobado,Aprobado
7.0,72.0,1,1,True,4.0,94.0,1,Yes,4.0,1,1,4.0,False,66,True,False,False,True,False,False,True,False,False,True,False,False,True,Aprobado,Aprobado
19.0,79.0,1,2,True,8.0,63.0,1,Yes,4.0,0,2,2.0,False,68,False,True,False,True,False,True,False,False,True,False,False,True,False,Aprobado,Reprobado
18.0,64.0,1,2,True,9.0,89.0,0,Yes,1.0,1,2,3.0,False,64,True,False,False,True,False,True,False,False,True,False,False,True,False,Reprobado,Aprobado
18.0,62.0,2,1,True,7.0,76.0,1,Yes,2.0,1,1,3.0,True,63,True,False,True,False,True,False,False,False,False,True,True,False,False,Reprobado,Aprobado
19.0,64.0,1,1,True,7.0,56.0,1,Yes,0.0,0,1,4.0,False,62,True,False,True,False,False,True,False,False,False,True,False,True,False,Reprobado,Reprobado
22.0,67.0,1,2,False,7.0,70.0,2,Yes,2.0,0,1,2.0,False,66,True,False,False,True,False,True,False,False,False,True,False,False,True,Aprobado,Aprobado
19.0,80.0,2,1,True,9.0,54.0,1,Yes,0.0,0,1,2.0,False,65,False,True,False,True,False,False,True,False,True,False,True,False,False,Aprobado,Reprobado
12.0,94.0,1,0,True,9.0,89.0,1,Yes,1.0,0,0,3.0,False,66,True,False,False,True,False,True,False,False,False,True,True,False,False,Aprobado,Aprobado
23.0,69.0,1,2,True,6.0,60.0,1,Yes,2.0,0,2,4.0,False,66,True,False,False,True,False,True,False,False,False,True,True,False,False,Aprobado,Reprobado
8.0,97.0,1,2,True,8.0,58.0,2,Yes,2.0,2,1,2.0,False,69,False,True,True,False,True,False,False,False,False,True,False,True,False,Aprobado,Reprobado
8.0,98.0,0,1,True,7.0,60.0,1,Yes,1.0,2,2,3.0,False,67,True,False,True,False,False,False,True,False,False,True,True,False,False,Aprobado,Reprobado
24.0,98.0,1,2,False,8.0,61.0,1,Yes,6.0,1,2,3.0,False,75,True,False,True,False,False,True,False,False,False,True,False,False,True,Aprobado,Reprobado
23.0,94.0,2,1,True,6.0,84.0,2,Yes,0.0,0,2,3.0,False,73,False,True,False,True,False,False,True,False,False,True,False,True,False,Aprobado,Aprobado
20.0,75.0,1,1,True,9.0,82.0,2,Yes,0.0,0,0,5.0,False,66,False,True,True,False,True,False,False,False,True,False,False,False,True,Aprobado,Aprobado
12.0,63.0,1,1,False,8.0,56.0,0,Yes,4.0,1,1,4.0,False,61,False,True,False,True,True,False,False,False,True,False,False,False,True,Reprobado,Reprobado
16.0,83.0,1,1,True,9.0,86.0,1,Yes,5.0,0,2,4.0,False,68,True,False,True,False,False,True,False,False,True,False,True,False,False,Aprobado,Aprobado
18.0,82.0,1,1,True,5.0,67.0,2,No,1.0,1,2,4.0,False,67,False,True,False,True,True,False,False,False,False,True,False,True,False,Aprobado,Aprobado
10.0,94.0,1,2,False,5.0,73.0,1,Yes,1.0,1,1,3.0,False,66,False,True,False,True,False,True,False,False,True,False,True,False,False,Aprobado,Aprobado
16.0,100.0,1,2,False,10.0,56.0,1,Yes,1.0,2,1,2.0,False,69,False,True,True,False,False,True,False,False,False,True,False,True,False,Aprobado,Reprobado
24.0,80.0,1,1,False,9.0,85.0,0,Yes,3.0,0,1,4.0,False,69,False,True,False,True,False,True,False,False,False,True,False,False,True,Aprobado,Aprobado
29.0,74.0,1,2,True,6.0,69.0,1,Yes,1.0,0,2,1.0,False,67,True,False,True,False,True,False,False,True,False,False,True,False,False,Aprobado,Aprobado
17.0,67.0,2,1,False,8.0,82.0,1,Yes,0.0,1,1,4.0,False,65,False,True,True,False,False,True,False,False,False,True,False,False,True,Aprobado,Aprobado
25.0,60.0,1,0,False,6.0,71.0,0,Yes,2.0,2,1,2.0,False,63,False,True,False,True,False,True,False,False,False,True,False,False,True,Reprobado,Aprobado
9.0,80.0,1,0,True,4.0,52.0,0,Yes,1.0,2,1,2.0,False,63,False,True,True,False,False,False,True,False,False,True,False,False,True,Reprobado,Reprobado
24.0,82.0,1,1,False,4.0,85.0,0,No,1.0,0,1,2.0,False,66,False,True,False,True,False,True,False,False,False,True,True,False,False,Aprobado,Aprobado
15.0,93.0,1,1,True,7.0,78.0,0,Yes,0.0,1,1,4.0,False,66,False,True,False,True,False,True,False,False,True,False,True,False,False,Aprobado,Aprobado
22.0,80.0,1,2,True,9.0,72.0,0,Yes,2.0,1,1,4.0,False,69,False,True,True,False,True,False,False,False,False,True,False,True,False,Aprobado,Aprobado
19.0,97.0,2,1,True,9.0,60.0,2,Yes,3.0,1,1,4.0,False,72,False,True,True,False,False,False,True,False,True,False,True,False,False,Aprobado,Reprobado
28.0,85.0,1,1,True,9.0,81.0,0,Yes,2.0,0,1,3.0,False,70,False,True,False,True,False,True,False,False,False,True,False,True,False,Aprobado,Aprobado
15.0,94.0,1,2,True,8.0,64.0,1,Yes,2.0,0,1,1.0,False,68,False,True,False,True,True,False,False,False,False,True,True,False,False,Aprobado,Reprobado
24.0,66.0,2,1,True,7.0,71.0,0,Yes,1.0,0,2,3.0,False,66,False,True,False,True,False,True,False,False,False,True,False,True,False,Aprobado,Aprobado
18.0,94.0,0,1,True,9.0,53.0,1,Yes,3.0,0,1,3.0,False,67,False,True,True,False,True,False,False,False,True,False,True,False,False,Aprobado,Reprobado
19.0,87.0,2,1,False,4.0,89.0,1,Yes,0.0,0,0,5.0,True,68,False,True,True,False,False,False,True,False,True,False,False,False,True,Aprobado,Aprobado
19.0,67.0,1,0,True,8.0,55.0,1,No,0.0,1,2,4.0,False,62,True,False,False,True,False,True,False,False,False,True,False,False,True,Reprobado,Reprobado
15.0,68.0,1,2,False,5.0,95.0,2,Yes,1.0,1,1,2.0,True,64,True,False,True,False,True,False,False,False,False,True,False,False,True,Reprobado,Aprobado
20.0,97.0,2,0,True,6.0,93.0,0,Yes,1.0,2,2,1.0,False,71,False,True,False,True,True,False,False,True,False,False,False,False,True,Aprobado,Aprobado
20.0,61.0,2,1,False,8.0,99.0,1,Yes,0.0,1,2,4.0,False,65,False,True,False,True,True,False,False,False,False,True,False,True,False,Aprobado,Aprobado
21.0,79.0,1,1,True,8.0,95.0,2,Yes,0.0,1,1,2.0,False,69,False,True,True,False,False,False,True,False,False,True,False,True,False,Aprobado,Aprobado
21.0,73.0,1,1,False,6.0,99.0,1,No,1.0,0,1,5.0,False,65,False,True,False,True,False,True,False,False,False,True,False,True,False,Aprobado,Aprobado
25.0,87.0,1,1,False,8.0,94.0,2,Yes,0.0,1,2,4.0,False,71,False,True,False,True,False,True,False,False,False,True,False,False,True,Aprobado,Aprobado
26.0,94.0,0,1,False,8.0,56.0,0,Yes,1.0,2,1,2.0,False,69,False,True,True,False,True,False,False,False,False,True,True,False,False,Aprobado,Reprobado
14.0,74.0,2,1,True,7.0,72.0,2,No,2.0,1,1,3.0,False,65,True,False,False,True,True,False,False,False,False,True,True,False,False,Aprobado,Aprobado
25.0,77.0,0,1,True,7.0,54.0,1,Yes,2.0,1,1,1.0,False,66,False,True,False,True,True,False,False,False,True,False,False,True,False,Aprobado,Reprobado
13.0,99.0,1,1,True,10.0,77.0,0,Yes,0.0,1,2,3.0,False,68,True,False,True,False,True,False,False,False,True,False,True,False,False,Aprobado,Aprobado
24.0,91.0,2,2,True,7.0,76.0,1,Yes,0.0,1,1,2.0,False,72,True,False,True,False,False,True,False,False,True,False,False,False,True,Aprobado,Aprobado
24.0,96.0,2,2,True,7.0,96.0,1,Yes,1.0,1,1,3.0,False,74,False,True,True,False,False,True,False,False,False,True,True,False,False,Aprobado,Aprobado
9.0,78.0,1,1,False,7.0,98.0,0,Yes,3.0,0,1,2.0,False,64,False,True,False,True,False,True,False,False,False,True,False,False,True,Reprobado,Aprobado
21.0,69.0,2,0,True,7.0,63.0,1,Yes,0.0,1,1,3.0,False,64,False,True,False,True,False,True,False,False,True,False,False,False,True,Reprobado,Reprobado
17.0,76.0,1,1,True,8.0,79.0,0,No,1.0,0,1,4.0,True,63,False,True,True,False,False,False,True,True,False,False,False,True,False,Reprobado,Aprobado
15.0,89.0,2,0,False,9.0,73.0,2,Yes,2.0,0,0,2.0,False,66,True,False,False,True,False,True,False,False,False,True,False,True,False,Aprobado,Aprobado
28.0,64.0,1,1,True,7.0,77.0,1,Yes,1.0,2,1,2.0,False,67,False,True,False,True,False,True,False,False,False,True,False,False,True,Aprobado,Aprobado
16.0,71.0,2,0,True,6.0,77.0,0,Yes,4.0,1,1,5.0,True,64,False,True,False,True,True,False,False,False,True,False,False,True,False,Reprobado,Aprobado
15.0,62.0,0,2,False,10.0,96.0,0,Yes,0.0,1,2,4.0,False,62,True,False,False,True,False,True,False,True,False,False,False,False,True,Reprobado,Aprobado
20.0,77.0,1,0,True,7.0,95.0,2,Yes,0.0,1,1,1.0,False,66,False,True,False,True,False,True,False,True,False,False,False,False,True,Aprobado,Aprobado
24.0,93.0,1,2,False,4.0,56.0,0,Yes,4.0,0,2,2.0,False,71,False,True,True,False,False,False,True,False,True,False,True,False,False,Aprobado,Reprobado
19.0,61.0,2,0,True,10.0,67.0,0,No,1.0,1,1,6.0,False,63,False,True,True,False,False,False,True,False,False,True,False,False,True,Reprobado,Aprobado
27.0,87.0,2,1,True,9.0,88.0,1,Yes,1.0,0,2,4.0,True,72,False,True,False,True,True,False,False,False,False,True,False,False,True,Aprobado,Aprobado
23.0,97.0,1,2,False,9.0,84.0,0,Yes,1.0,2,1,3.0,True,71,False,True,True,False,False,True,False,True,False,False,False,False,True,Aprobado,Aprobado
7.0,69.0,0,1,False,9.0,82.0,0,Yes,1.0,1,2,3.0,False,61,True,False,True,False,False,False,True,False,False,True,False,False,True,Reprobado,Aprobado
17.0,88.0,1,2,True,10.0,100.0,1,Yes,1.0,0,2,2.0,False,71,False,True,True,False,False,False,True,False,False,True,False,False,True,Aprobado,Aprobado
17.0,99.0,1,1,False,5.0,67.0,0,Yes,2.0,1,1,4.0,False,69,True,False,False,True,False,False,True,True,False,False,False,True,False,Aprobado,Aprobado
23.0,98.0,1,2,True,6.0,76.0,0,Yes,3.0,0,2,3.0,False,74,False,True,False,True,False,True,False,False,False,True,False,False,True,Aprobado,Aprobado
4.0,69.0,1,2,True,6.0,99.0,1,Yes,0.0,1,2,2.0,False,61,False,True,False,True,False,True,False,False,True,False,False,True,False,Reprobado,Aprobado
35.0,64.0,1,0,False,6.0,85.0,2,Yes,2.0,1,2,2.0,False,68,True,False,False,True,False,True,False,False,True,False,False,True,False,Aprobado,Aprobado
23.0,66.0,1,2,True,7.0,82.0,2,Yes,1.0,1,1,2.0,False,67,False,True,False,True,False,True,False,False,False,True,False,False,True,Aprobado,Aprobado
21.0,88.0,2,0,False,6.0,58.0,1,Yes,3.0,2,1,4.0,False,70,True,False,False,True,True,False,False,False,False,True,False,True,False,Aprobado,Reprobado
27.0,89.0,1,1,False,5.0,62.0,1,Yes,0.0,0,1,3.0,False,69,False,True,False,True,False,True,False,False,False,True,False,True,False,Aprobado,Reprobado
34.0,87.0,1,0,False,6.0,69.0,2,Yes,3.0,0,1,2.0,False,72,True,False,False,True,True,False,False,False,True,False,False,True,False,Aprobado,Aprobado
25.0,73.0,1,0,True,7.0,73.0,1,Yes,1.0,1,1,2.0,False,66,False,True,False,True,False,True,False,False,False,True,False,False,True,Aprobado,Aprobado
26.0,67.0,1,1,False,9.0,75.0,1,Yes,2.0,1,1,3.0,False,67,False,True,False,True,False,True,False,False,False,True,False,False,True,Aprobado,Aprobado
21.0,83.0,1,1,False,6.0,95.0,2,Yes,4.0,2,2,2.0,False,70,False,True,True,False,False,True,False,True,False,False,False,True,False,Aprobado,Aprobado
19.0,79.0,1,2,True,8.0,55.0,1,Yes,3.0,1,1,4.0,True,68,True,False,False,True,False,False,True,False,False,True,False,True,False,Aprobado,Reprobado
17.0,89.0,0,1,True,5.0,62.0,2,Yes,2.0,1,1,2.0,False,68,True,False,True,False,True,False,False,False,False,True,False,False,True,Aprobado,Reprobado
15.0,78.0,1,2,False,4.0,57.0,2,Yes,2.0,1,2,2.0,False,65,False,True,True,False,False,True,False,False,False,True,True,False,False,Aprobado,Reprobado
16.0,74.0,1,0,True,7.0,87.0,1,Yes,0.0,0,0,3.0,False,63,False,True,True,False,True,False,False,False,False,True,False,False,True,Reprobado,Aprobado
12.0,72.0,0,0,True,6.0,99.0,2,Yes,0.0,0,1,4.0,False,62,False,True,True,False,True,False,False,True,False,False,False,False,True,Reprobado,Aprobado
20.0,68.0,1,2,True,6.0,95.0,1,Yes,0.0,0,1,4.0,False,66,False,True,True,False,False,True,False,False,False,True,False,False,True,Aprobado,Aprobado
10.0,71.0,1,2,True,6.0,86.0,1,Yes,1.0,1,0,2.0,True,62,False,True,False,True,False,False,True,False,False,True,True,False,False,Reprobado,Aprobado
21.0,64.0,0,2,True,6.0,51.0,0,Yes,0.0,2,0,3.0,False,61,False,True,True,False,True,False,False,False,True,False,True,False,False,Reprobado,Reprobado
20.0,74.0,0,1,True,6.0,67.0,2,Yes,0.0,1,1,4.0,True,63,True,False,True,False,True,False,False,False,True,False,True,False,False,Reprobado,Aprobado
21.0,61.0,1,1,True,6.0,93.0,0,Yes,3.0,1,2,3.0,False,65,True,False,True,False,False,True,False,False,False,True,False,True,False,Aprobado,Aprobado
17.0,67.0,2,0,False,5.0,83.0,2,Yes,3.0,0,1,3.0,False,64,False,True,False,True,False,True,False,False,True,False,False,False,True,Reprobado,Aprobado
38.0,90.0,2,1,True,4.0,60.0,0,Yes,2.0,0,1,4.0,False,74,False,True,False,True,True,False,False,False,True,False,False,True,False,Aprobado,Reprobado
28.0,73.0,0,1,True,4.0,73.0,1,Yes,2.0,2,2,2.0,False,70,False,True,True,False,False,False,True,False,False,True,False,False,True,Aprobado,Aprobado
13.0,87.0,0,1,False,10.0,54.0,0,Yes,2.0,0,1,2.0,False,63,False,True,True,False,False,True,False,False,True,False,False,False,True,Reprobado,Reprobado
21.0,89.0,0,1,False,7.0,76.0,1,Yes,3.0,2,1,2.0,False,68,False,True,True,False,False,True,False,True,False,False,False,False,True,Aprobado,Aprobado
16.0,83.0,1,2,True,9.0,95.0,1,Yes,2.0,0,2,2.0,False,69,False,True,False,True,True,False,False,False,False,True,False,True,False,Aprobado,Aprobado
14.0,98.0,1,2,True,7.0,52.0,2,Yes,1.0,1,2,4.0,False,70,True,False,False,True,False,True,False,False,True,False,True,False,False,Aprobado,Reprobado
12.0,61.0,1,1,True,7.0,81.0,1,Yes,2.0,2,1,3.0,False,62,False,True,False,True,True,False,False,True,False,False,False,True,False,Reprobado,Aprobado
23.0,90.0,2,1,True,7.0,62.0,1,Yes,3.0,1,0,2.0,False,71,True,False,False,True,False,False,True,False,True,False,False,False,True,Aprobado,Reprobado
16.0,98.0,1,0,False,8.0,100.0,0,Yes,2.0,0,1,1.0,False,69,False,True,False,True,False,True,False,False,False,True,False,True,False,Aprobado,Aprobado
26.0,94.0,2,0,True,5.0,53.0,0,Yes,0.0,0,2,2.0,False,69,False,True,False,True,False,True,False,False,False,True,False,True,False,Aprobado,Reprobado
26.0,67.0,0,2,True,6.0,81.0,2,Yes,4.0,0,2,3.0,True,68,False,True,False,True,True,False,False,False,False,True,False,True,False,Aprobado,Aprobado
28.0,73.0,0,1,True,7.0,63.0,0,Yes,0.0,0,1,2.0,False,65,False,True,False,True,False,True,False,False,False,True,False,False,True,Aprobado,Reprobado
15.0,67.0,1,2,True,4.0,94.0,2,Yes,1.0,1,1,5.0,False,65,True,False,False,True,False,True,False,True,False,False,False,False,True,Aprobado,Aprobado
23.0,84.0,0,0,True,9.0,56.0,0,No,1.0,1,2,4.0,False,65,False,True,True,False,False,True,False,False,False,True,False,False,True,Aprobado,Reprobado
24.0,88.0,2,2,False,9.0,71.0,1,Yes,2.0,2,2,3.0,False,72,False,True,True,False,False,True,False,False,False,True,True,False,False,Aprobado,Aprobado
17.0,73.0,1,0,False,4.0,59.0,2,Yes,2.0,0,2,4.0,False,63,True,False,True,False,False,True,False,False,True,False,True,False,False,Reprobado,Reprobado
15.0,82.0,1,2,True,6.0,90.0,2,No,2.0,2,1,2.0,False,68,False,True,False,True,False,True,False,False,False,True,False,False,True,Aprobado,Aprobado
30.0,88.0,1,1,True,7.0,68.0,0,Yes,1.0,1,2,3.0,False,72,False,True,True,False,True,False,False,False,False,True,False,False,True,Aprobado,Aprobado
21.0,77.0,1,0,True,8.0,59.0,1,Yes,3.0,0,1,2.0,False,66,True,False,False,True,False,True,False,False,False,True,False,False,True,Aprobado,Reprobado
24.0,94.0,0,1,False,9.0,86.0,2,Yes,2.0,0,1,3.0,False,71,False,True,True,False,True,False,False,False,False,True,False,True,False,Aprobado,Aprobado
15.0,91.0,1,0,True,6.0,91.0,0,Yes,0.0,1,1,3.0,False,67,False,True,True,False,True,False,False,False,True,False,False,False,True,Aprobado,Aprobado
13.0,63.0,1,1,False,10.0,73.0,0,Yes,2.0,0,2,3.0,False,61,False,True,False,True,False,False,True,False,True,False,True,False,False,Reprobado,Aprobado
17.0,85.0,2,2,True,7.0,69.0,1,Yes,4.0,0,2,2.0,False,70,True,False,True,False,False,True,False,False,False,True,False,True,False,Aprobado,Aprobado
19.0,69.0,1,1,True,7.0,82.0,0,No,2.0,0,1,3.0,False,64,False,True,False,True,True,False,False,False,False,True,False,True,False,Reprobado,Aprobado
14.0,82.0,1,1,True,8.0,83.0,1,Yes,0.0,1,1,2.0,False,64,False,True,False,True,False,True,False,False,True,False,True,False,False,Reprobado,Aprobado
20.0,98.0,0,2,True,7.0,83.0,1,No,0.0,0,1,3.0,False,68,False,True,True,False,False,True,False,True,False,False,False,True,False,Aprobado,Aprobado
10.0,95.0,2,1,False,7.0,64.0,2,Yes,4.0,0,1,3.0,False,70,True,False,False,True,False,False,True,False,False,True,False,False,True,Aprobado,Reprobado
13.0,76.0,0,1,True,10.0,97.0,2,Yes,4.0,0,0,3.0,False,65,False,True,False,True,True,False,False,False,True,False,False,True,False,Aprobado,Aprobado
24.0,72.0,2,2,False,7.0,61.0,1,Yes,3.0,0,1,2.0,False,67,True,False,True,False,False,True,False,False,False,True,False,True,False,Aprobado,Reprobado
24.0,69.0,1,0,True,6.0,69.0,1,Yes,0.0,0,2,4.0,False,65,True,False,False,True,True,False,False,False,False,True,False,True,False,Aprobado,Aprobado
18.0,81.0,0,1,True,6.0,64.0,1,Yes,1.0,1,1,4.0,False,65,False,True,True,False,False,True,False,False,True,False,False,False,True,Aprobado,Reprobado
14.0,65.0,1,2,True,9.0,97.0,0,Yes,3.0,0,2,4.0,False,65,False,True,True,False,False,True,False,False,False,True,False,False,True,Aprobado,Aprobado
14.0,82.0,2,0,True,8.0,91.0,2,Yes,1.0,0,1,2.0,False,66,False,True,False,True,False,True,False,False,False,True,True,False,False,Aprobado,Aprobado
18.0,60.0,1,2,False,5.0,91.0,0,Yes,2.0,0,1,4.0,True,62,False,True,False,True,False,True,False,False,False,True,True,False,False,Reprobado,Aprobado
24.0,73.0,1,1,True,5.0,50.0,0,Yes,1.0,0,1,2.0,False,63,False,True,False,True,False,True,False,False,False,True,True,False,False,Reprobado,Reprobado
26.0,69.0,0,0,True,7.0,84.0,1,Yes,0.0,1,1,3.0,True,63,True,False,False,True,False,True,False,False,True,False,False,True,False,Reprobado,Aprobado
17.0,99.0,1,1,True,8.0,62.0,1,Yes,3.0,1,1,3.0,False,70,True,False,False,True,False,True,False,False,False,True,False,True,False,Aprobado,Reprobado
13.0,89.0,0,2,True,6.0,98.0,1,Yes,0.0,1,1,4.0,False,67,True,False,False,True,False,True,False,False,False,True,True,False,False,Aprobado,Aprobado
22.0,74.0,2,2,False,4.0,77.0,0,Yes,0.0,2,1,3.0,True,66,True,False,False,True,False,True,False,False,False,True,True,False,False,Aprobado,Aprobado
15.0,64.0,2,1,False,5.0,78.0,1,Yes,2.0,0,1,2.0,False,63,False,True,False,True,False,True,False,False,True,False,False,False,True,Reprobado,Aprobado
17.0,81.0,2,0,True,9.0,68.0,2,Yes,1.0,0,0,3.0,False,66,True,False,True,False,True,False,False,False,False,True,False,False,True,Aprobado,Aprobado
28.0,69.0,0,1,False,8.0,77.0,1,Yes,3.0,1,1,4.0,False,67,False,True,True,False,True,False,False,False,True,False,False,True,False,Aprobado,Aprobado
25.0,81.0,1,1,False,9.0,87.0,0,Yes,1.0,0,2,1.0,False,68,True,False,True,False,False,False,True,False,True,False,True,False,False,Aprobado,Aprobado
21.0,93.0,0,2,True,9.0,78.0,0,Yes,1.0,1,0,2.0,True,67,False,True,False,True,False,True,False,True,False,False,False,True,False,Aprobado,Aprobado
12.0,85.0,1,2,True,6.0,82.0,1,Yes,1.0,2,1,2.0,False,66,False,True,False,True,False,True,False,True,False,False,False,True,False,Aprobado,Aprobado
21.0,85.0,2,2,True,6.0,74.0,1,Yes,2.0,1,1,4.0,False,71,False,True,True,False,False,True,False,False,False,True,False,True,False,Aprobado,Aprobado
26.0,82.0,1,1,True,7.0,86.0,1,Yes,0.0,0,2,2.0,True,69,False,True,False,True,False,False,True,False,False,True,False,True,False,Aprobado,Aprobado
18.0,97.0,2,0,True,8.0,95.0,2,Yes,1.0,1,1,2.0,False,72,False,True,False,True,False,False,True,False,True,False,False,False,True,Aprobado,Aprobado
28.0,97.0,2,0,True,9.0,53.0,0,Yes,0.0,0,1,3.0,False,70,True,False,True,False,True,False,False,False,True,False,True,False,False,Aprobado,Reprobado
28.0,81.0,1,1,True,10.0,55.0,1,Yes,2.0,1,0,3.0,False,68,True,False,False,True,False,True,False,False,False,True,False,True,False,Aprobado,Reprobado
30.0,72.0,1,1,False,8.0,84.0,1,Yes,1.0,0,2,1.0,False,68,True,False,False,True,False,True,False,False,False,True,False,False,True,Aprobado,Aprobado
22.0,78.0,0,2,True,8.0,69.0,2,Yes,2.0,0,1,2.0,False,67,False,True,True,False,False,True,False,False,False,True,True,False,False,Aprobado,Aprobado
24.0,67.0,1,1,False,10.0,64.0,0,Yes,1.0,0,1,2.0,True,62,False,True,True,False,True,False,False,True,False,False,False,False,True,Reprobado,Reprobado
28.0,85.0,1,0,False,7.0,59.0,0,Yes,1.0,0,1,3.0,False,67,False,True,False,True,False,False,True,True,False,False,False,True,False,Aprobado,Reprobado
23.0,80.0,2,1,False,9.0,79.0,1,Yes,1.0,1,2,2.0,False,69,False,True,False,True,False,False,True,False,False,True,True,False,False,Aprobado,Aprobado
17.0,64.0,1,2,True,8.0,67.0,1,Yes,3.0,0,1,3.0,False,64,False,True,False,True,True,False,False,False,False,True,True,False,False,Reprobado,Aprobado
17.0,68.0,1,2,True,8.0,75.0,1,Yes,2.0,0,2,3.0,False,66,True,False,True,False,True,False,False,False,False,True,False,False,True,Aprobado,Aprobado
21.0,79.0,2,0,True,7.0,98.0,2,Yes,2.0,0,1,1.0,False,69,False,True,False,True,False,True,False,False,False,True,False,False,True,Aprobado,Aprobado
12.0,96.0,2,2,False,5.0,88.0,2,Yes,0.0,1,1,2.0,False,70,True,False,True,False,True,False,False,False,True,False,False,False,True,Aprobado,Aprobado
19.0,83.0,2,1,False,8.0,90.0,0,Yes,3.0,0,1,3.0,False,69,False,True,True,False,True,False,False,False,True,False,False,False,True,Aprobado,Aprobado
27.0,87.0,1,1,True,8.0,56.0,1,Yes,3.0,1,2,3.0,False,72,False,True,False,True,False,False,True,False,False,True,False,True,False,Aprobado,Reprobado
7.0,74.0,1,1,True,6.0,66.0,0,Yes,1.0,0,2,2.0,False,61,True,False,True,False,False,True,False,False,False,True,False,False,True,Reprobado,Aprobado
29.0,83.0,1,1,False,7.0,55.0,2,Yes,2.0,0,0,4.0,False,68,True,False,True,False,False,True,False,False,False,True,True,False,False,Aprobado,Reprobado
27.0,78.0,1,1,False,6.0,98.0,0,Yes,1.0,1,1,3.0,False,68,False,True,False,True,False,True,False,True,False,False,False,False,True,Aprobado,Aprobado
17.0,86.0,0,1,False,6.0,84.0,2,Yes,0.0,1,1,3.0,False,66,True,False,True,False,False,True,False,False,False,True,False,True,False,Aprobado,Aprobado
23.0,62.0,1,1,False,6.0,51.0,1,Yes,5.0,2,1,2.0,False,65,False,True,False,True,True,False,False,False,False,True,True,False,False,Aprobado,Reprobado
20.0,80.0,2,0,True,5.0,74.0,1,Yes,2.0,0,0,4.0,False,66,False,True,True,False,True,False,False,False,True,False,True,False,False,Aprobado,Aprobado
27.0,72.0,1,1,False,6.0,63.0,1,Yes,1.0,2,1,5.0,False,67,True,False,True,False,True,False,False,False,True,False,True,False,False,Aprobado,Reprobado
26.0,73.0,1,2,False,8.0,77.0,1,Yes,0.0,1,2,2.0,False,68,True,False,False,True,True,False,False,True,False,False,False,False,True,Aprobado,Aprobado
12.0,98.0,0,1,False,9.0,59.0,0,Yes,1.0,2,1,2.0,False,67,False,True,True,False,False,False,True,False,False,True,False,True,False,Aprobado,Reprobado
24.0,67.0,0,1,True,10.0,53.0,1,Yes,0.0,1,1,3.0,True,63,False,True,True,False,True,False,False,False,False,True,False,False,True,Reprobado,Reprobado
19.0,72.0,1,0,False,6.0,66.0,1,Yes,0.0,1,2,2.0,False,64,True,False,False,True,False,False,True,False,False,True,False,True,False,Reprobado,Aprobado
20.0,80.0,1,0,False,9.0,65.0,2,Yes,1.0,1,1,3.0,False,66,True,False,False,True,True,False,False,True,False,False,False,False,True,Aprobado,Aprobado
16.0,95.0,2,1,True,8.0,86.0,1,Yes,0.0,0,0,4.0,False,69,False,True,False,True,False,True,False,False,True,False,False,False,True,Aprobado,Aprobado
30.0,77.0,1,0,True,7.0,74.0,1,Yes,3.0,2,1,3.0,False,70,True,False,False,True,False,False,True,False,True,False,False,True,False,Aprobado,Aprobado
26.0,90.0,1,1,False,8.0,65.0,2,Yes,3.0,1,2,2.0,False,72,True,False,True,False,False,True,False,False,False,True,False,False,True,Aprobado,Aprobado
16.0,94.0,1,2,False,9.0,79.0,2,Yes,2.0,2,1,5.0,False,71,False,True,True,False,False,True,False,False,True,False,False,False,True,Aprobado,Aprobado
12.0,72.0,1,1,True,6.0,54.0,0,Yes,3.0,0,1,2.0,False,63,False,True,False,True,False,False,True,False,False,True,False,False,True,Reprobado,Reprobado
18.0,76.0,2,2,False,6.0,83.0,1,Yes,1.0,2,1,4.0,False,68,False,True,False,True,False,True,False,False,False,True,False,True,False,Aprobado,Aprobado
23.0,74.0,1,2,True,6.0,57.0,0,No,1.0,2,2,3.0,False,67,True,False,False,True,True,False,False,False,False,True,False,True,False,Aprobado,Reprobado
21.0,93.0,1,0,False,6.0,64.0,1,Yes,2.0,0,1,4.0,False,69,False,True,False,True,False,False,True,False,True,False,False,False,True,Aprobado,Reprobado
28.0,62.0,1,1,False,9.0,64.0,2,Yes,1.0,0,1,2.0,False,65,True,False,False,True,False,False,True,False,False,True,True,False,False,Aprobado,Reprobado
25.0,72.0,2,0,True,6.0,73.0,2,Yes,4.0,1,2,4.0,False,69,False,True,False,True,True,False,False,False,True,False,False,True,False,Aprobado,Aprobado
26.0,87.0,1,1,False,6.0,98.0,2,Yes,0.0,1,2,4.0,False,71,False,True,False,True,True,False,False,False,True,False,True,False,False,Aprobado,Aprobado
22.0,83.0,1,0,True,7.0,66.0,1,Yes,2.0,1,1,3.0,False,67,True,False,True,False,False,True,False,False,False,True,False,True,False,Aprobado,Aprobado
12.0,77.0,0,1,False,7.0,64.0,0,Yes,2.0,2,2,4.0,False,64,False,True,True,False,True,False,False,False,True,False,False,False,True,Reprobado,Reprobado
19.0,82.0,2,1,True,6.0,58.0,0,Yes,2.0,1,2,3.0,False,68,True,False,True,False,True,False,False,False,False,True,False,False,True,Aprobado,Reprobado
26.0,68.0,2,0,True,10.0,70.0,1,Yes,1.0,0,1,3.0,False,67,False,True,False,True,True,False,False,False,False,True,False,False,True,Aprobado,Aprobado
20.0,77.0,0,0,False,6.0,59.0,0,Yes,1.0,2,1,2.0,False,62,False,True,True,False,False,True,False,False,True,False,True,False,False,Reprobado,Reprobado
23.0,80.0,2,1,False,7.0,57.0,0,Yes,2.0,1,2,2.0,False,68,False,True,True,False,False,False,True,False,True,False,True,False,False,Aprobado,Reprobado
18.0,96.0,1,1,True,4.0,93.0,1,Yes,0.0,1,2,4.0,False,72,False,True,True,False,True,False,False,False,False,True,False,False,True,Aprobado,Aprobado
14.0,70.0,1,2,True,7.0,53.0,0,Yes,0.0,1,1,3.0,False,61,False,True,False,True,False,True,False,False,True,False,True,False,False,Reprobado,Reprobado
19.0,95.0,0,0,True,5.0,86.0,1,Yes,0.0,2,1,4.0,False,67,False,True,False,True,False,True,False,False,True,False,True,False,False,Aprobado,Aprobado
22.0,86.0,2,1,False,6.0,60.0,2,Yes,0.0,2,2,3.0,False,70,False,True,False,True,False,False,True,False,False,True,False,True,False,Aprobado,Reprobado
16.0,61.0,0,1,True,4.0,51.0,0,Yes,1.0,0,1,3.0,False,59,False,True,False,True,False,True,False,False,False,True,False,True,False,Reprobado,Reprobado
19.0,89.0,2,1,True,6.0,90.0,2,Yes,0.0,0,2,4.0,False,70,True,False,True,False,True,False,False,False,True,False,True,False,False,Aprobado,Aprobado
14.0,61.0,0,1,False,7.0,85.0,2,Yes,1.0,0,1,1.0,False,60,False,True,True,False,False,True,False,False,False,True,False,True,False,Reprobado,Aprobado
27.0,100.0,2,1,False,7.0,67.0,1,Yes,1.0,2,2,3.0,False,74,False,True,False,True,True,False,False,False,True,False,False,True,False,Aprobado,Aprobado
18.0,95.0,0,2,True,6.0,54.0,2,Yes,0.0,1,2,3.0,False,68,True,False,False,True,True,False,False,False,True,False,True,False,False,Aprobado,Reprobado
29.0,72.0,1,1,False,7.0,68.0,0,Yes,0.0,0,1,3.0,False,67,False,True,True,False,True,False,False,False,False,True,False,False,True,Aprobado,Aprobado
29.0,70.0,1,0,False,6.0,59.0,2,Yes,2.0,1,1,4.0,False,67,True,False,False,True,False,False,True,True,False,False,False,True,False,Aprobado,Reprobado
20.0,75.0,0,1,True,7.0,97.0,2,Yes,0.0,1,1,2.0,False,66,False,True,True,False,True,False,False,False,False,True,False,True,False,Aprobado,Aprobado
14.0,74.0,1,1,False,7.0,76.0,2,Yes,1.0,0,2,2.0,False,63,False,True,True,False,False,True,False,True,False,False,False,True,False,Reprobado,Aprobado
7.0,75.0,1,1,False,7.0,98.0,0,No,1.0,0,2,3.0,False,62,False,True,False,True,True,False,False,False,False,True,False,False,True,Reprobado,Aprobado
11.0,73.0,2,0,True,7.0,68.0,2,Yes,3.0,0,2,3.0,False,64,True,False,True,False,True,False,False,False,True,False,False,True,False,Reprobado,Aprobado
12.0,85.0,1,1,True,6.0,78.0,2,Yes,3.0,1,1,4.0,False,68,False,True,False,True,True,False,False,False,False,True,False,True,False,Aprobado,Aprobado
28.0,67.0,1,1,False,8.0,60.0,2,Yes,0.0,1,1,3.0,False,65,False,True,True,False,False,True,False,False,True,False,False,False,True,Aprobado,Reprobado
21.0,94.0,1,0,True,8.0,90.0,0,Yes,1.0,1,1,4.0,False,71,False,True,True,False,False,False,True,False,False,True,False,False,True,Aprobado,Aprobado
22.0,92.0,1,1,True,7.0,52.0,0,No,1.0,1,1,3.0,False,68,True,False,True,False,False,False,True,False,False,True,True,False,False,Aprobado,Reprobado
7.0,79.0,0,2,True,9.0,85.0,1,Yes,0.0,1,1,2.0,False,62,False,True,False,True,False,True,False,False,False,True,True,False,False,Reprobado,Aprobado
13.0,94.0,2,2,True,7.0,70.0,1,Yes,1.0,1,1,3.0,False,68,True,False,False,True,False,True,False,False,True,False,True,False,False,Aprobado,Aprobado
25.0,70.0,1,1,True,7.0,79.0,0,Yes,3.0,2,1,3.0,False,68,False,True,False,True,False,True,False,False,False,True,False,True,False,Aprobado,Aprobado
22.0,61.0,2,1,True,7.0,80.0,2,Yes,3.0,1,2,3.0,False,67,False,True,False,True,False,False,True,False,True,False,False,True,False,Aprobado,Aprobado
19.0,85.0,1,1,True,7.0,86.0,1,Yes,0.0,0,1,2.0,False,67,False,True,True,False,True,False,False,False,True,False,False,False,True,Aprobado,Aprobado
23.0,78.0,2,2,True,6.0,60.0,1,Yes,2.0,2,2,4.0,False,70,False,True,False,True,False,True,False,True,False,False,False,False,True,Aprobado,Reprobado
30.0,83.0,0,1,True,4.0,77.0,1,Yes,0.0,0,1,4.0,False,69,False,True,True,False,False,True,False,False,False,True,False,True,False,Aprobado,Aprobado
19.0,96.0,0,1,False,7.0,71.0,1,Yes,2.0,0,2,3.0,False,70,True,False,False,True,False,False,True,False,True,False,False,False,True,Aprobado,Aprobado
20.0,99.0,1,0,False,8.0,64.0,0,Yes,1.0,2,1,2.0,False,69,False,True,False,True,False,True,False,False,False,True,False,False,True,Aprobado,Reprobado
21.0,85.0,2,1,True,5.0,75.0,0,Yes,1.0,2,2,2.0,False,70,False,True,True,False,False,True,False,False,True,False,False,False,True,Aprobado,Aprobado
34.0,91.0,1,0,False,9.0,98.0,1,Yes,0.0,1,1,4.0,False,72,False,True,False,True,False,True,False,False,True,False,False,True,False,Aprobado,Aprobado
7.0,63.0,0,1,False,5.0,97.0,1,Yes,1.0,0,1,2.0,False,59,False,True,True,False,False,True,False,False,False,True,False,True,False,Reprobado,Aprobado
24.0,66.0,1,1,False,6.0,64.0,1,No,0.0,1,2,4.0,False,64,False,True,False,True,False,True,False,False,False,True,False,True,False,Reprobado,Reprobado
19.0,89.0,2,2,True,10.0,94.0,1,Yes,0.0,2,1,1.0,False,72,True,False,True,False,True,False,False,False,False,True,False,True,False,Aprobado,Aprobado
23.0,77.0,0,2,True,8.0,94.0,1,Yes,0.0,2,1,3.0,False,70,True,False,False,True,False,False,True,False,False,True,False,False,True,Aprobado,Aprobado
16.0,78.0,0,2,False,7.0,62.0,1,Yes,0.0,2,2,1.0,False,63,False,True,True,False,False,True,False,True,False,False,True,False,False,Reprobado,Reprobado
20.0,72.0,2,1,True,7.0,80.0,1,Yes,1.0,0,2,3.0,False,66,True,False,False,True,True,False,False,False,False,True,True,False,False,Aprobado,Aprobado
24.0,84.0,2,2,False,9.0,93.0,1,Yes,3.0,2,1,4.0,False,72,False,True,False,True,False,True,False,True,False,False,False,True,False,Aprobado,Aprobado
39.0,67.0,2,2,True,5.0,76.0,1,No,2.0,1,1,4.0,False,71,True,False,True,False,False,True,False,False,False,True,True,False,False,Aprobado,Aprobado
25.0,85.0,2,2,False,9.0,68.0,1,Yes,1.0,2,1,3.0,False,71,False,True,True,False,False,False,True,True,False,False,True,False,False,Aprobado,Aprobado
15.0,67.0,0,1,True,6.0,83.0,0,Yes,3.0,1,0,3.0,False,62,False,True,False,True,False,True,False,False,True,False,False,False,True,Reprobado,Aprobado
17.0,63.0,1,1,True,8.0,59.0,1,Yes,1.0,0,2,1.0,False,62,False,True,False,True,False,False,True,False,True,False,False,False,True,Reprobado,Reprobado
17.0,73.0,1,0,False,6.0,58.0,1,Yes,4.0,1,1,1.0,False,64,False,True,False,True,True,False,False,False,False,True,False,False,True,Reprobado,Reprobado
9.0,69.0,2,2,True,10.0,92.0,1,Yes,2.0,0,1,3.0,False,65,True,False,False,True,False,False,True,False,False,True,False,True,False,Aprobado,Aprobado
18.0,96.0,2,0,True,7.0,52.0,0,Yes,1.0,0,1,4.0,False,68,True,False,True,False,True,False,False,False,False,True,False,True,False,Aprobado,Reprobado
24.0,62.0,2,1,True,5.0,90.0,0,Yes,0.0,2,1,3.0,False,67,True,False,False,True,True,False,False,False,False,True,False,False,True,Aprobado,Aprobado
12.0,67.0,1,1,True,8.0,65.0,0,Yes,1.0,2,1,3.0,False,61,False,True,False,True,False,True,False,False,True,False,False,True,False,Reprobado,Aprobado
26.0,82.0,0,0,True,9.0,74.0,2,Yes,2.0,1,1,5.0,False,68,False,True,True,False,False,True,False,False,True,False,True,False,False,Aprobado,Aprobado
23.0,79.0,1,2,False,9.0,77.0,1,Yes,1.0,0,2,3.0,False,68,False,True,False,True,False,True,False,False,False,True,False,True,False,Aprobado,Aprobado
16.0,62.0,1,1,False,7.0,88.0,1,Yes,1.0,0,2,1.0,False,62,False,True,True,False,False,True,False,False,False,True,False,True,False,Reprobado,Aprobado
19.0,60.0,1,0,False,8.0,94.0,2,Yes,1.0,0,0,3.0,False,62,True,False,True,False,False,True,False,False,False,True,False,True,False,Reprobado,Aprobado
30.0,100.0,2,2,True,6.0,90.0,0,Yes,0.0,1,0,2.0,True,74,False,True,False,True,False,True,False,False,False,True,False,False,True,Aprobado,Aprobado
24.0,86.0,1,1,True,8.0,79.0,1,No,0.0,0,1,4.0,False,68,False,True,True,False,False,True,False,False,False,True,False,True,False,Aprobado,Aprobado
20.0,75.0,0,2,False,8.0,67.0,1,Yes,1.0,2,0,4.0,False,66,False,True,False,True,True,False,False,False,True,False,False,False,True,Aprobado,Aprobado
19.0,79.0,1,1,False,4.0,76.0,2,Yes,1.0,1,1,3.0,False,67,True,False,False,True,False,True,False,False,False,True,False,True,False,Aprobado,Aprobado
20.0,71.0,2,1,False,5.0,52.0,2,Yes,1.0,1,2,3.0,False,65,False,True,False,True,False,True,False,False,True,False,False,True,False,Aprobado,Reprobado
17.0,74.0,1,1,True,7.0,62.0,1,Yes,2.0,2,1,4.0,False,66,False,True,False,True,False,True,False,False,False,True,False,False,True,Aprobado,Reprobado
7.0,86.0,2,1,False,7.0,68.0,1,Yes,5.0,0,1,4.0,False,67,False,True,False,True,False,False,True,False,True,False,False,False,True,Aprobado,Aprobado
32.0,95.0,1,1,True,7.0,66.0,2,Yes,5.0,2,1,3.0,False,76,True,False,False,True,True,False,False,False,False,True,True,False,False,Aprobado,Aprobado
21.0,67.0,0,2,True,7.0,55.0,2,Yes,2.0,2,2,3.0,False,66,True,False,True,False,False,True,False,False,True,False,False,False,True,Aprobado,Reprobado
22.0,94.0,0,0,False,9.0,53.0,2,Yes,1.0,1,2,3.0,False,68,False,True,True,False,True,False,False,False,False,True,False,True,False,Aprobado,Reprobado
20.0,65.0,2,1,True,8.0,71.0,0,Yes,2.0,0,1,3.0,True,63,True,False,True,False,True,False,False,False,False,True,False,True,False,Reprobado,Aprobado
16.0,69.0,1,2,True,4.0,54.0,1,Yes,4.0,0,0,4.0,False,65,False,True,True,False,True,False,False,False,False,True,False,False,True,Aprobado,Reprobado
19.0,61.0,2,1,False,10.0,64.0,1,Yes,3.0,0,1,3.0,False,63,False,True,False,True,False,True,False,False,True,False,False,False,True,Reprobado,Reprobado
10.0,66.0,1,1,False,4.0,74.0,0,Yes,2.0,0,1,2.0,False,59,False,True,False,True,False,True,False,False,True,False,True,False,False,Reprobado,Aprobado
34.0,97.0,1,1,False,8.0,60.0,1,Yes,2.0,1,1,4.0,False,74,True,False,False,True,False,True,False,False,False,True,False,True,False,Aprobado,Reprobado
13.0,78.0,1,0,True,5.0,54.0,0,Yes,2.0,0,2,3.0,True,62,False,True,False,True,True,False,False,False,False,True,False,False,True,Reprobado,Reprobado
14.0,63.0,0,0,True,9.0,72.0,1,Yes,3.0,0,0,4.0,True,59,False,True,True,False,False,True,False,False,False,True,False,False,True,Reprobado,Aprobado
17.0,98.0,1,2,True,7.0,72.0,2,Yes,0.0,0,1,3.0,False,71,False,True,False,True,False,True,False,False,False,True,False,False,True,Aprobado,Aprobado
28.0,95.0,1,1,False,8.0,96.0,1,Yes,1.0,1,1,3.0,False,73,False,True,False,True,False,False,True,False,True,False,False,True,False,Aprobado,Aprobado
20.0,90.0,2,1,True,4.0,56.0,1,Yes,0.0,0,2,1.0,False,68,True,False,False,True,False,True,False,False,True,False,False,False,True,Aprobado,Reprobado
13.0,97.0,1,1,True,8.0,81.0,1,Yes,3.0,0,1,1.0,False,68,False,True,False,True,False,True,False,True,False,False,False,True,False,Aprobado,Aprobado
28.0,69.0,1,1,True,8.0,66.0,1,Yes,0.0,0,1,6.0,False,66,False,True,False,True,True,False,False,True,False,False,False,False,True,Aprobado,Aprobado
24.0,93.0,0,2,True,8.0,56.0,1,Yes,1.0,0,1,3.0,False,69,False,True,False,True,True,False,False,False,True,False,False,True,False,Aprobado,Reprobado
23.0,88.0,1,1,False,8.0,70.0,1,Yes,2.0,1,2,4.0,False,70,False,True,True,False,False,True,False,False,False,True,False,True,False,Aprobado,Aprobado
24.0,95.0,1,2,True,7.0,71.0,2,Yes,1.0,1,2,3.0,False,74,False,True,False,True,False,True,False,False,False,True,False,False,True,Aprobado,Aprobado
34.0,92.0,2,1,False,7.0,68.0,0,Yes,0.0,1,2,5.0,False,75,False,True,True,False,True,False,False,False,False,True,False,False,True,Aprobado,Aprobado
33.0,74.0,1,1,True,6.0,88.0,1,Yes,2.0,1,1,3.0,False,71,True,False,False,True,True,False,False,False,False,True,False,True,False,Aprobado,Aprobado
16.0,91.0,2,2,True,6.0,92.0,0,Yes,2.0,0,2,3.0,False,71,True,False,False,True,False,True,False,False,True,False,False,False,True,Aprobado,Aprobado
30.0,70.0,1,1,False,9.0,57.0,1,Yes,1.0,0,1,4.0,False,65,False,True,True,False,True,False,False,True,False,False,True,False,False,Aprobado,Reprobado
22.0,73.0,0,1,False,6.0,58.0,2,Yes,1.0,1,1,3.0,False,65,True,False,False,True,False,False,True,False,True,False,False,False,True,Aprobado,Reprobado
23.0,64.0,1,2,False,4.0,71.0,0,Yes,2.0,1,1,1.0,False,65,False,True,False,True,False,False,True,False,False,True,True,False,False,Aprobado,Aprobado
10.0,97.0,1,1,False,6.0,66.0,1,Yes,2.0,0,1,2.0,False,67,False,True,True,False,False,False,True,False,False,True,False,True,False,Aprobado,Aprobado
19.0,72.0,1,1,True,8.0,91.0,2,Yes,1.0,0,1,4.0,False,67,True,False,False,True,False,True,False,False,True,False,False,False,True,Aprobado,Aprobado
15.0,81.0,1,1,True,7.0,100.0,1,Yes,1.0,0,1,3.0,False,67,False,True,False,True,False,False,True,False,True,False,False,True,False,Aprobado,Aprobado
25.0,76.0,2,2,True,8.0,59.0,1,Yes,4.0,1,1,4.0,False,71,True,False,True,False,True,False,False,False,False,True,False,True,False,Aprobado,Reprobado
26.0,98.0,2,0,False,4.0,88.0,0,Yes,1.0,1,2,1.0,False,72,False,True,True,False,True,False,False,False,True,False,False,True,False,Aprobado,Aprobado
8.0,73.0,1,2,True,4.0,80.0,0,Yes,0.0,0,2,4.0,False,62,False,True,False,True,True,False,False,False,True,False,False,True,False,Reprobado,Aprobado
20.0,91.0,2,0,True,7.0,82.0,1,Yes,0.0,1,1,4.0,False,70,False,True,False,True,True,False,False,False,False,True,False,True,False,Aprobado,Aprobado
27.0,94.0,1,2,False,9.0,63.0,2,Yes,0.0,0,1,4.0,False,72,False,True,True,False,True,False,False,False,False,True,False,True,False,Aprobado,Reprobado
19.0,77.0,0,1,True,4.0,55.0,1,Yes,0.0,1,0,4.0,False,64,False,True,False,True,True,False,False,False,True,False,False,False,True,Reprobado,Reprobado
24.0,75.0,2,0,True,8.0,77.0,2,Yes,1.0,0,1,1.0,False,66,True,False,False,True,True,False,False,False,True,False,True,False,False,Aprobado,Aprobado
22.0,90.0,0,1,True,9.0,81.0,1,Yes,0.0,1,1,4.0,False,69,False,True,False,True,False,True,False,False,False,True,False,True,False,Aprobado,Aprobado
22.0,97.0,2,1,False,7.0,98.0,2,Yes,0.0,1,1,0.0,False,71,False,True,True,False,True,False,False,False,True,False,True,False,False,Aprobado,Aprobado
18.0,90.0,1,0,False,8.0,84.0,2,Yes,2.0,0,2,3.0,False,68,True,False,False,True,False,True,False,False,True,False,False,False,True,Aprobado,Aprobado
13.0,69.0,1,1,True,7.0,72.0,0,Yes,2.0,2,1,2.0,False,63,False,True,True,False,False,True,False,False,True,False,False,False,True,Reprobado,Aprobado
13.0,96.0,1,2,True,7.0,100.0,1,No,4.0,1,2,3.0,False,71,False,True,False,True,False,True,False,False,False,True,True,False,False,Aprobado,Aprobado
24.0,76.0,2,0,True,8.0,69.0,0,Yes,3.0,0,1,1.0,False,65,True,False,False,True,False,True,False,False,False,True,True,False,False,Aprobado,Aprobado
20.0,83.0,0,2,True,10.0,58.0,1,Yes,0.0,0,2,1.0,False,66,False,True,True,False,False,True,False,False,False,True,False,True,False,Aprobado,Reprobado
19.0,93.0,0,0,True,6.0,81.0,1,Yes,2.0,2,1,3.0,True,68,True,False,True,False,True,False,False,False,True,False,False,False,True,Aprobado,Aprobado
17.0,68.0,1,1,True,7.0,63.0,1,No,0.0,0,1,3.0,False,61,False,True,False,True,False,True,False,False,True,False,False,True,False,Reprobado,Reprobado
18.0,91.0,0,2,False,6.0,96.0,1,Yes,2.0,0,1,3.0,False,71,True,False,False,True,False,False,True,False,False,True,False,False,True,Aprobado,Aprobado
26.0,84.0,1,2,True,7.0,71.0,1,Yes,0.0,1,1,2.0,False,70,False,True,True,False,False,True,False,False,False,True,False,True,False,Aprobado,Aprobado
18.0,96.0,2,0,False,7.0,57.0,0,Yes,1.0,0,1,3.0,False,66,False,True,True,False,False,True,False,False,True,False,True,False,False,Aprobado,Reprobado
12.0,67.0,2,1,True,9.0,57.0,0,Yes,0.0,0,1,2.0,False,61,True,False,False,True,True,False,False,False,True,False,False,False,True,Reprobado,Reprobado
24.0,77.0,2,0,True,9.0,82.0,0,Yes,1.0,1,1,2.0,False,67,True,False,False,True,False,True,False,False,False,True,False,True,False,Aprobado,Aprobado
19.0,93.0,2,1,True,8.0,68.0,1,Yes,1.0,2,2,3.0,False,72,False,True,True,False,False,False,True,False,False,True,False,False,True,Aprobado,Aprobado
20.0,61.0,2,2,False,9.0,68.0,1,Yes,1.0,2,0,3.0,False,65,True,False,True,False,False,True,False,False,False,True,False,False,True,Aprobado,Aprobado
30.0,64.0,2,1,False,6.0,81.0,0,Yes,3.0,1,1,2.0,False,68,False,True,True,False,True,False,False,False,False,True,True,False,False,Aprobado,Aprobado
20.0,100.0,0,1,True,6.0,61.0,2,No,3.0,1,1,4.0,False,70,False,True,False,True,True,False,False,True,False,False,False,False,True,Aprobado,Reprobado
22.0,71.0,1,0,True,8.0,57.0,1,Yes,1.0,0,2,4.0,False,63,False,True,False,True,False,True,False,False,True,False,True,False,False,Reprobado,Reprobado
13.0,99.0,2,0,False,7.0,83.0,1,Yes,1.0,1,1,4.0,False,69,False,True,True,False,False,False,True,True,False,False,False,True,False,Aprobado,Aprobado
19.0,67.0,1,0,False,10.0,50.0,1,Yes,0.0,2,1,3.0,False,62,False,True,False,True,False,True,False,False,False,True,False,False,True,Reprobado,Reprobado
24.0,74.0,2,2,False,4.0,95.0,2,Yes,1.0,2,1,4.0,False,71,False,True,True,False,False,False,True,False,True,False,False,True,False,Aprobado,Aprobado
11.0,90.0,0,0,True,8.0,59.0,0,Yes,1.0,0,2,4.0,False,64,False,True,False,True,False,True,False,False,False,True,False,False,True,Reprobado,Reprobado
21.0,86.0,2,1,False,8.0,72.0,1,Yes,0.0,2,2,3.0,False,69,False,True,False,True,False,True,False,False,True,False,False,False,True,Aprobado,Aprobado
21.0,83.0,1,2,True,6.0,61.0,2,Yes,2.0,0,2,3.0,False,71,False,True,False,True,False,False,True,False,False,True,False,False,True,Aprobado,Reprobado
20.0,81.0,0,1,True,6.0,61.0,0,No,0.0,0,1,4.0,True,63,False,True,True,False,False,True,False,False,False,True,False,False,True,Reprobado,Reprobado
26.0,94.0,0,2,True,6.0,92.0,0,Yes,1.0,0,2,3.0,False,72,False,True,True,False,False,True,False,False,False,True,False,True,False,Aprobado,Aprobado
22.0,69.0,1,1,True,5.0,79.0,1,Yes,1.0,0,0,3.0,False,66,False,True,False,True,True,False,False,False,False,True,False,False,True,Aprobado,Aprobado
29.0,78.0,2,1,True,9.0,66.0,1,Yes,2.0,0,1,4.0,False,69,False,True,False,True,False,True,False,False,True,False,False,True,False,Aprobado,Aprobado
14.0,66.0,1,1,True,10.0,63.0,0,Yes,0.0,0,1,3.0,False,60,False,True,False,True,False,True,False,False,True,False,False,False,True,Reprobado,Reprobado
21.0,84.0,2,2,True,6.0,61.0,0,Yes,1.0,1,2,4.0,False,68,True,False,True,False,False,True,False,False,True,False,True,False,False,Aprobado,Reprobado
21.0,70.0,1,2,False,6.0,78.0,1,Yes,3.0,1,0,2.0,False,65,False,True,False,True,True,False,False,True,False,False,False,True,False,Aprobado,Aprobado
14.0,73.0,2,1,False,5.0,87.0,2,Yes,2.0,1,1,4.0,False,67,False,True,True,False,True,False,False,False,False,True,False,False,True,Aprobado,Aprobado
26.0,79.0,1,0,True,5.0,63.0,1,Yes,0.0,0,1,2.0,False,66,False,True,False,True,False,True,False,False,False,True,False,False,True,Aprobado,Reprobado
34.0,61.0,1,1,True,6.0,67.0,2,Yes,1.0,2,1,2.0,False,68,True,False,False,True,False,False,True,False,True,False,False,True,False,Aprobado,Aprobado
20.0,64.0,0,1,True,9.0,86.0,1,Yes,0.0,0,2,4.0,False,63,True,False,True,False,False,True,False,False,False,True,True,False,False,Reprobado,Aprobado
23.0,87.0,2,2,True,10.0,87.0,1,Yes,1.0,1,1,3.0,False,73,True,False,False,True,True,False,False,False,False,True,False,False,True,Aprobado,Aprobado
21.0,77.0,1,1,True,6.0,60.0,1,Yes,1.0,1,1,3.0,False,66,True,False,False,True,True,False,False,False,True,False,False,True,False,Aprobado,Reprobado
16.0,95.0,0,1,True,6.0,69.0,0,Yes,2.0,0,2,3.0,True,67,False,True,False,True,True,False,False,False,False,True,False,True,False,Aprobado,Aprobado
9.0,88.0,0,1,True,5.0,93.0,0,Yes,2.0,1,1,4.0,False,66,False,True,False,True,False,False,True,False,False,True,False,True,False,Aprobado,Aprobado
16.0,60.0,1,0,False,8.0,87.0,0,Yes,0.0,0,0,5.0,False,60,False,True,False,True,False,True,False,False,False,True,False,False,True,Reprobado,Aprobado
12.0,85.0,2,2,False,8.0,58.0,0,Yes,1.0,0,2,3.0,False,67,False,True,False,True,False,False,True,False,False,True,False,False,True,Aprobado,Reprobado
30.0,64.0,1,1,False,7.0,69.0,1,Yes,3.0,2,0,4.0,False,67,False,True,True,False,False,True,False,False,False,True,True,False,False,Aprobado,Aprobado
19.0,91.0,1,1,True,6.0,99.0,2,Yes,0.0,1,1,2.0,False,70,False,True,True,False,False,True,False,False,False,True,False,True,False,Aprobado,Aprobado
18.0,100.0,2,0,False,9.0,76.0,0,Yes,1.0,0,1,2.0,False,69,False,True,True,False,False,True,False,False,False,True,False,False,True,Aprobado,Aprobado
25.0,81.0,1,0,True,8.0,86.0,1,Yes,1.0,0,1,3.0,False,68,False,True,False,True,False,False,True,False,False,True,True,False,False,Aprobado,Aprobado
13.0,87.0,2,0,True,8.0,55.0,2,Yes,1.0,2,2,3.0,False,67,True,False,True,False,False,True,False,False,False,True,False,False,True,Aprobado,Reprobado
15.0,69.0,1,2,False,8.0,92.0,0,Yes,0.0,0,1,1.0,False,63,False,True,False,True,True,False,False,False,True,False,False,True,False,Reprobado,Aprobado
20.0,78.0,2,1,False,7.0,80.0,2,Yes,2.0,2,1,3.0,False,70,False,True,False,True,True,False,False,False,False,True,False,False,True,Aprobado,Aprobado
26.0,94.0,0,1,False,6.0,59.0,2,Yes,4.0,0,1,3.0,False,71,False,True,True,False,False,True,False,False,False,True,False,True,False,Aprobado,Reprobado
23.0,67.0,2,2,True,8.0,69.0,0,Yes,1.0,2,1,2.0,False,67,False,True,True,False,False,True,False,False,False,True,False,True,False,Aprobado,Aprobado
21.0,71.0,1,1,False,8.0,54.0,2,Yes,1.0,1,1,3.0,False,64,True,False,False,True,False,True,False,False,False,True,False,True,False,Reprobado,Reprobado
20.0,78.0,0,1,False,8.0,89.0,2,No,0.0,1,1,4.0,False,66,True,False,True,False,True,False,False,False,False,True,False,True,False,Aprobado,Aprobado
22.0,88.0,1,1,True,5.0,87.0,0,Yes,1.0,0,2,3.0,False,70,False,True,False,True,False,False,True,False,False,True,False,True,False,Aprobado,Aprobado
21.0,75.0,1,0,True,8.0,75.0,2,Yes,1.0,1,1,2.0,False,65,True,False,False,True,False,True,False,False,True,False,True,False,False,Aprobado,Aprobado
14.0,97.0,0,1,True,7.0,73.0,1,Yes,2.0,1,0,3.0,False,68,False,True,False,True,True,False,False,False,True,False,False,False,True,Aprobado,Aprobado
20.0,64.0,1,0,True,6.0,73.0,2,Yes,3.0,1,2,5.0,False,65,False,True,True,False,False,False,True,True,False,False,True,False,False,Aprobado,Aprobado
14.0,75.0,2,1,False,8.0,52.0,1,Yes,3.0,1,1,1.0,False,65,False,True,False,True,False,False,True,False,False,True,False,True,False,Aprobado,Reprobado
20.0,88.0,1,1,True,7.0,68.0,1,Yes,0.0,0,2,4.0,False,69,False,True,True,False,True,False,False,False,False,True,False,False,True,Aprobado,Aprobado
17.0,69.0,1,1,False,10.0,56.0,1,Yes,1.0,1,1,4.0,False,63,False,True,True,False,False,True,False,False,False,True,False,True,False,Reprobado,Reprobado
35.0,86.0,0,1,False,8.0,59.0,1,Yes,2.0,0,0,2.0,False,70,False,True,True,False,True,False,False,False,True,False,False,False,True,Aprobado,Reprobado
20.0,67.0,0,0,True,7.0,98.0,1,Yes,1.0,1,1,4.0,False,64,False,True,False,True,True,False,False,False,False,True,False,True,False,Reprobado,Aprobado
12.0,62.0,1,2,True,7.0,63.0,2,Yes,1.0,2,1,4.0,False,62,False,True,True,False,False,True,False,False,False,True,False,True,False,Reprobado,Reprobado
19.0,65.0,2,2,True,5.0,74.0,1,Yes,1.0,0,1,3.0,False,66,True,False,True,False,False,True,False,False,False,True,False,False,True,Aprobado,Aprobado
23.0,97.0,2,0,True,9.0,94.0,2,Yes,2.0,0,1,3.0,False,73,False,True,False,True,False,True,False,False,True,False,False,False,True,Aprobado,Aprobado
30.0,82.0,1,2,True,7.0,71.0,1,Yes,3.0,0,2,3.0,False,72,False,True,True,False,False,False,True,True,False,False,False,True,False,Aprobado,Aprobado
16.0,92.0,1,1,True,7.0,76.0,2,No,0.0,2,1,2.0,False,68,True,False,False,True,False,False,True,True,False,False,False,True,False,Aprobado,Aprobado
11.0,73.0,1,2,False,5.0,58.0,1,No,0.0,1,1,4.0,False,62,True,False,False,True,True,False,False,False,False,True,False,False,True,Reprobado,Reprobado
25.0,84.0,1,0,False,8.0,64.0,1,Yes,2.0,0,1,4.0,False,67,True,False,False,True,False,True,False,False,False,True,False,True,False,Aprobado,Reprobado
12.0,80.0,1,0,False,6.0,75.0,1,Yes,1.0,0,2,4.0,False,62,False,True,False,True,False,True,False,False,True,False,True,False,False,Reprobado,Aprobado
17.0,98.0,2,2,False,6.0,68.0,1,Yes,2.0,1,1,3.0,False,72,False,True,False,True,False,True,False,False,False,True,False,False,True,Aprobado,Aprobado
18.0,90.0,0,2,False,7.0,52.0,2,Yes,2.0,1,2,2.0,False,67,False,True,False,True,False,True,False,False,False,True,True,False,False,Aprobado,Reprobado
20.0,89.0,2,1,True,6.0,70.0,0,Yes,1.0,0,1,3.0,False,68,True,False,True,False,False,True,False,False,True,False,False,False,True,Aprobado,Aprobado
24.0,62.0,0,2,True,6.0,91.0,1,Yes,2.0,1,1,3.0,False,65,False,True,True,False,False,True,False,False,True,False,False,True,False,Aprobado,Aprobado
16.0,82.0,1,1,False,7.0,56.0,0,Yes,0.0,2,2,1.0,True,79,True,False,True,False,False,True,False,True,False,False,True,False,False,Aprobado,Reprobado
18.0,79.0,2,0,False,9.0,51.0,2,Yes,2.0,1,1,3.0,False,66,True,False,False,True,False,True,False,False,False,True,False,False,True,Aprobado,Reprobado
20.0,97.0,1,1,True,8.0,56.0,0,Yes,1.0,0,1,2.0,False,68,True,False,True,False,False,True,False,False,False,True,False,True,False,Aprobado,Reprobado
21.0,70.0,0,0,True,8.0,84.0,1,Yes,1.0,2,2,3.0,True,65,False,True,False,True,False,False,True,False,False,True,False,False,True,Aprobado,Aprobado
21.0,71.0,1,2,True,8.0,90.0,1,Yes,3.0,0,1,4.0,False,67,False,True,True,False,False,True,False,False,True,False,False,True,False,Aprobado,Aprobado
23.0,76.0,1,2,True,6.0,52.0,0,Yes,3.0,1,1,4.0,False,67,False,True,False,True,True,False,False,False,True,False,False,True,False,Aprobado,Reprobado
25.0,70.0,0,1,True,9.0,94.0,1,Yes,1.0,1,1,4.0,False,67,False,True,False,True,False,True,False,False,True,False,False,True,False,Aprobado,Aprobado
22.0,65.0,1,1,True,4.0,81.0,2,Yes,5.0,1,1,4.0,False,68,False,True,True,False,True,False,False,True,False,False,False,False,True,Aprobado,Aprobado
23.0,94.0,1,2,False,8.0,76.0,0,Yes,3.0,1,1,3.0,False,72,False,True,False,True,False,True,False,False,True,False,False,False,True,Aprobado,Aprobado
11.0,82.0,2,1,False,8.0,63.0,2,Yes,1.0,1,1,5.0,False,65,False,True,False,True,False,True,False,False,False,True,False,True,False,Aprobado,Reprobado
20.0,94.0,0,1,False,7.0,69.0,0,Yes,0.0,0,1,3.0,True,65,False,True,True,False,False,True,False,False,True,False,False,False,True,Aprobado,Aprobado
23.0,93.0,1,1,True,6.0,97.0,0,No,1.0,1,1,2.0,False,70,False,True,False,True,True,False,False,False,True,False,False,False,True,Aprobado,Aprobado
24.0,71.0,1,1,True,7.0,96.0,1,Yes,2.0,0,1,2.0,False,67,False,True,False,True,False,True,False,False,False,True,True,False,False,Aprobado,Aprobado
16.0,82.0,1,2,True,6.0,81.0,1,Yes,1.0,1,1,4.0,False,68,True,False,False,True,True,False,False,False,False,True,False,True,False,Aprobado,Aprobado
16.0,63.0,1,1,False,8.0,79.0,1,Yes,2.0,0,2,3.0,False,63,False,True,False,True,True,False,False,False,True,False,False,False,True,Reprobado,Aprobado
17.0,97.0,1,1,True,8.0,61.0,0,Yes,2.0,0,1,2.0,False,68,False,True,False,True,False,True,False,False,False,True,False,True,False,Aprobado,Reprobado
23.0,76.0,1,2,True,8.0,98.0,1,Yes,0.0,1,0,2.0,False,69,False,True,True,False,False,False,True,False,True,False,False,True,False,Aprobado,Aprobado
26.0,76.0,0,0,True,8.0,88.0,0,Yes,2.0,0,0,4.0,False,66,False,True,False,True,False,True,False,False,False,True,False,False,True,Aprobado,Aprobado
18.0,72.0,2,1,True,8.0,69.0,2,No,2.0,2,1,4.0,True,64,False,True,True,False,False,True,False,True,False,False,False,True,False,Reprobado,Aprobado
25.0,78.0,2,0,True,8.0,91.0,1,Yes,3.0,0,1,4.0,False,69,False,True,False,True,False,True,False,False,False,True,True,False,False,Aprobado,Aprobado
21.0,70.0,0,1,False,6.0,61.0,1,Yes,1.0,0,1,3.0,False,62,False,True,False,True,False,True,False,False,False,True,False,True,False,Reprobado,Reprobado
19.0,75.0,1,2,True,5.0,61.0,2,Yes,0.0,1,1,3.0,False,65,False,True,True,False,False,True,False,False,False,True,True,False,False,Aprobado,Reprobado
19.0,92.0,1,1,True,7.0,90.0,1,Yes,1.0,0,2,2.0,False,70,False,True,True,False,False,True,False,False,False,True,False,False,True,Aprobado,Aprobado
24.0,93.0,0,2,True,8.0,78.0,1,Yes,1.0,2,1,4.0,False,72,False,True,True,False,False,True,False,False,False,True,False,True,False,Aprobado,Aprobado
22.0,72.0,1,1,False,5.0,78.0,2,Yes,1.0,0,2,3.0,False,66,False,True,True,False,False,True,False,False,False,True,False,False,True,Aprobado,Aprobado
34.0,79.0,2,0,True,7.0,79.0,0,Yes,3.0,1,2,2.0,True,70,True,False,False,True,False,True,False,False,True,False,True,False,False,Aprobado,Aprobado
15.0,95.0,1,1,False,9.0,56.0,1,No,3.0,0,2,1.0,False,67,False,True,False,True,False,True,False,False,False,True,False,False,True,Aprobado,Reprobado
23.0,62.0,2,2,True,7.0,67.0,0,Yes,1.0,0,1,4.0,False,65,False,True,True,False,False,False,True,False,True,False,True,False,False,Aprobado,Aprobado
17.0,96.0,1,0,True,9.0,79.0,0,No,3.0,1,1,2.0,False,68,True,False,False,True,False,False,True,False,True,False,False,True,False,Aprobado,Aprobado
15.0,69.0,0,1,True,9.0,62.0,0,Yes,2.0,1,2,3.0,False,62,False,True,False,True,False,True,False,False,True,False,False,True,False,Reprobado,Reprobado
20.0,87.0,0,1,True,7.0,75.0,2,Yes,1.0,0,1,3.0,False,68,False,True,False,True,False,False,True,False,False,True,True,False,False,Aprobado,Aprobado
21.0,83.0,2,1,False,6.0,78.0,1,Yes,2.0,2,2,3.0,True,69,False,True,True,False,False,True,False,False,False,True,False,False,True,Aprobado,Aprobado
38.0,82.0,1,0,False,6.0,97.0,0,Yes,2.0,0,1,3.0,False,72,True,False,False,True,True,False,False,False,False,True,True,False,False,Aprobado,Aprobado
19.0,94.0,0,1,False,7.0,62.0,1,Yes,0.0,1,1,3.0,True,65,False,True,False,True,False,True,False,False,True,False,True,False,False,Aprobado,Reprobado
13.0,64.0,1,2,True,5.0,72.0,1,Yes,2.0,1,1,2.0,False,63,True,False,False,True,False,False,True,False,True,False,False,True,False,Reprobado,Aprobado
22.0,74.0,2,2,True,5.0,99.0,1,Yes,0.0,0,1,2.0,False,68,False,True,True,False,True,False,False,False,False,True,False,True,False,Aprobado,Aprobado
8.0,82.0,2,0,False,4.0,59.0,1,Yes,1.0,1,1,2.0,False,62,False,True,False,True,True,False,False,False,False,True,False,True,False,Reprobado,Reprobado
19.0,92.0,1,1,True,7.0,89.0,1,No,0.0,0,2,2.0,False,69,True,False,False,True,False,False,True,False,False,True,False,True,False,Aprobado,Aprobado
20.0,69.0,1,0,False,10.0,59.0,1,Yes,2.0,2,2,4.0,False,65,False,True,True,False,False,True,False,False,False,True,False,False,True,Aprobado,Reprobado
25.0,92.0,2,1,False,4.0,93.0,2,Yes,3.0,2,1,2.0,False,74,False,True,True,False,False,True,False,False,False,True,False,True,False,Aprobado,Aprobado
26.0,76.0,2,0,True,7.0,74.0,1,Yes,4.0,1,2,3.0,False,70,False,True,True,False,False,True,False,False,True,False,False,False,True,Aprobado,Aprobado
17.0,68.0,1,0,True,7.0,99.0,2,Yes,2.0,1,1,3.0,False,65,False,True,True,False,False,True,False,False,False,True,False,False,True,Aprobado,Aprobado
19.0,90.0,2,2,False,7.0,59.0,0,Yes,3.0,2,1,3.0,False,70,False,True,False,True,True,False,False,False,True,False,False,True,False,Aprobado,Reprobado
15.0,64.0,0,0,True,9.0,84.0,0,Yes,0.0,1,1,3.0,False,59,False,True,False,True,True,False,False,True,False,False,False,True,False,Reprobado,Aprobado
13.0,81.0,0,1,True,6.0,85.0,0,Yes,1.0,0,1,3.0,False,63,True,False,False,True,False,True,False,False,True,False,False,True,False,Reprobado,Aprobado
22.0,63.0,0,2,True,4.0,86.0,0,Yes,0.0,0,2,4.0,False,64,False,True,True,False,True,False,False,False,False,True,False,True,False,Reprobado,Aprobado
12.0,74.0,0,2,True,6.0,55.0,2,Yes,0.0,1,0,3.0,False,63,False,True,False,True,False,False,True,False,False,True,False,False,True,Reprobado,Reprobado
18.0,84.0,2,0,False,6.0,64.0,1,Yes,2.0,0,2,2.0,False,67,False,True,True,False,False,True,False,False,False,True,False,False,True,Aprobado,Reprobado
14.0,82.0,1,1,True,4.0,67.0,1,Yes,1.0,2,1,4.0,False,65,False,True,True,False,False,True,False,False,True,False,False,True,False,Aprobado,Aprobado
23.0,76.0,1,1,False,7.0,66.0,1,Yes,2.0,1,1,3.0,False,67,False,True,False,True,True,False,False,False,False,True,False,True,False,Aprobado,Aprobado
31.0,77.0,2,1,False,5.0,84.0,1,Yes,2.0,2,2,5.0,False,73,False,True,False,True,False,True,False,False,False,True,False,False,True,Aprobado,Aprobado
12.0,69.0,2,2,True,7.0,53.0,0,Yes,2.0,0,2,3.0,False,64,False,True,False,True,True,False,False,False,False,True,False,True,False,Reprobado,Reprobado
9.0,78.0,0,2,False,6.0,87.0,1,Yes,0.0,1,2,3.0,False,65,True,False,False,True,False,False,True,False,False,True,False,False,True,Aprobado,Aprobado
19.0,98.0,1,2,True,5.0,76.0,1,Yes,2.0,1,1,3.0,False,72,True,False,False,True,False,True,False,False,True,False,False,False,True,Aprobado,Aprobado
20.0,94.0,2,1,False,8.0,59.0,2,Yes,3.0,1,1,4.0,False,72,False,True,True,False,False,True,False,False,False,True,False,False,True,Aprobado,Reprobado
21.0,66.0,2,1,False,7.0,61.0,1,Yes,2.0,2,2,2.0,False,66,False,True,False,True,True,False,False,False,False,True,False,True,False,Aprobado,Reprobado
17.0,61.0,2,1,True,7.0,55.0,2,Yes,1.0,1,1,2.0,True,62,True,False,False,True,True,False,False,False,False,True,True,False,False,Reprobado,Reprobado
19.0,97.0,0,1,False,8.0,73.0,1,Yes,2.0,1,1,1.0,False,68,True,False,False,True,True,False,False,False,False,True,True,False,False,Aprobado,Aprobado
22.0,81.0,1,0,True,7.0,80.0,0,Yes,1.0,1,1,3.0,False,67,False,True,True,False,True,False,False,False,True,False,False,False,True,Aprobado,Aprobado
26.0,82.0,2,0,False,7.0,79.0,1,Yes,1.0,1,1,2.0,True,69,False,True,True,False,False,False,True,False,False,True,False,False,True,Aprobado,Aprobado
8.0,91.0,2,0,False,6.0,98.0,1,Yes,1.0,1,1,3.0,False,67,True,False,True,False,False,True,False,False,False,True,False,False,True,Aprobado,Aprobado
18.0,73.0,1,1,False,5.0,65.0,1,Yes,1.0,0,2,3.0,False,63,False,True,True,False,True,False,False,False,True,False,True,False,False,Reprobado,Aprobado
21.0,79.0,0,1,True,7.0,88.0,0,Yes,0.0,0,1,4.0,False,65,True,False,False,True,False,True,False,False,True,False,True,False,False,Aprobado,Aprobado
14.0,99.0,2,1,False,6.0,86.0,0,Yes,2.0,2,2,4.0,False,71,True,False,False,True,True,False,False,False,False,True,True,False,False,Aprobado,Aprobado
30.0,87.0,1,1,False,8.0,53.0,0,Yes,1.0,0,2,1.0,False,70,True,False,False,True,False,False,True,False,False,True,False,True,False,Aprobado,Reprobado
16.0,66.0,1,1,True,7.0,97.0,1,Yes,5.0,0,2,3.0,False,68,False,True,False,True,False,False,True,False,False,True,False,False,True,Aprobado,Aprobado
20.0,65.0,1,1,True,8.0,97.0,2,Yes,0.0,0,1,3.0,False,65,False,True,True,False,True,False,False,False,False,True,True,False,False,Aprobado,Aprobado
23.0,68.0,1,2,True,6.0,70.0,1,Yes,4.0,1,1,2.0,False,68,False,True,False,True,False,True,False,False,False,True,False,False,True,Aprobado,Aprobado
16.0,91.0,1,1,True,5.0,71.0,1,Yes,2.0,2,1,3.0,False,69,False,True,False,True,True,False,False,False,False,True,True,False,False,Aprobado,Aprobado
9.0,72.0,1,2,True,10.0,91.0,1,No,1.0,2,1,2.0,False,62,False,True,True,False,False,True,False,True,False,False,False,True,False,Reprobado,Aprobado
17.0,61.0,0,2,True,7.0,75.0,1,No,2.0,1,2,4.0,False,62,False,True,True,False,True,False,False,False,False,True,True,False,False,Reprobado,Aprobado
26.0,98.0,2,0,False,8.0,90.0,0,Yes,1.0,2,0,2.0,True,72,False,True,True,False,False,False,True,False,True,False,False,False,True,Aprobado,Aprobado
18.0,67.0,2,1,False,5.0,52.0,2,Yes,0.0,1,1,4.0,False,64,True,False,False,True,False,False,True,False,True,False,False,True,False,Reprobado,Reprobado
15.0,60.0,2,1,False,7.0,63.0,0,Yes,0.0,0,2,1.0,True,58,False,True,True,False,False,True,False,True,False,False,False,False,True,Reprobado,Reprobado
26.0,69.0,2,1,False,9.0,55.0,0,Yes,1.0,0,1,3.0,False,66,False,True,False,True,True,False,False,False,False,True,False,True,False,Aprobado,Reprobado
18.0,69.0,1,0,True,5.0,73.0,0,Yes,1.0,0,2,4.0,False,64,False,True,False,True,False,False,True,False,True,False,False,False,True,Reprobado,Aprobado
17.0,77.0,1,2,True,10.0,93.0,0,Yes,3.0,2,2,1.0,False,68,True,False,True,False,True,False,False,True,False,False,False,False,True,Aprobado,Aprobado
21.0,97.0,0,0,False,7.0,78.0,1,Yes,0.0,2,1,3.0,False,69,False,True,True,False,False,False,True,False,False,True,False,True,False,Aprobado,Aprobado
25.0,95.0,0,2,False,6.0,76.0,1,Yes,1.0,0,1,5.0,False,71,False,True,False,True,False,True,False,False,False,True,False,False,True,Aprobado,Aprobado
34.0,78.0,1,2,True,8.0,68.0,1,Yes,1.0,1,1,2.0,False,71,False,True,False,True,True,False,False,False,False,True,True,False,False,Aprobado,Aprobado
25.0,76.0,1,1,True,9.0,53.0,1,Yes,0.0,2,2,3.0,False,67,True,False,False,True,False,True,False,False,True,False,False,False,True,Aprobado,Reprobado
27.0,82.0,2,0,True,6.0,88.0,1,Yes,2.0,2,2,3.0,False,71,True,False,False,True,False,True,False,False,False,True,False,True,False,Aprobado,Aprobado
17.0,70.0,1,1,True,6.0,79.0,0,Yes,2.0,1,1,3.0,False,64,False,True,True,False,False,True,False,False,False,True,False,False,True,Reprobado,Aprobado
14.0,62.0,1,1,True,7.0,97.0,2,Yes,0.0,1,1,1.0,False,62,False,True,False,True,False,True,False,False,True,False,False,False,True,Reprobado,Aprobado
20.0,98.0,1,1,False,8.0,72.0,1,Yes,1.0,2,1,4.0,False,70,False,True,True,False,False,True,False,False,False,True,True,False,False,Aprobado,Aprobado
21.0,67.0,0,2,False,7.0,70.0,0,Yes,2.0,0,1,2.0,False,63,True,False,True,False,False,False,True,False,True,False,True,False,False,Reprobado,Aprobado
14.0,68.0,2,1,True,8.0,99.0,2,Yes,0.0,2,1,3.0,False,66,False,True,True,False,False,True,False,False,False,True,False,False,True,Aprobado,Aprobado
19.0,79.0,1,1,True,8.0,57.0,0,Yes,2.0,0,0,3.0,False,65,False,True,False,True,False,True,False,False,True,False,False,False,True,Aprobado,Reprobado
22.0,80.0,1,2,False,7.0,63.0,1,Yes,1.0,2,1,3.0,False,69,False,True,False,True,True,False,False,False,False,True,False,False,True,Aprobado,Reprobado
22.0,61.0,2,0,True,6.0,74.0,1,Yes,1.0,0,1,3.0,False,63,False,True,False,True,False,True,False,False,False,True,True,False,False,Reprobado,Aprobado
23.0,66.0,1,1,False,7.0,76.0,0,Yes,1.0,2,1,2.0,False,64,False,True,False,True,True,False,False,False,True,False,False,True,False,Reprobado,Aprobado
22.0,75.0,1,1,True,10.0,77.0,2,Yes,2.0,0,0,2.0,False,66,False,True,False,True,False,True,False,False,False,True,False,True,False,Aprobado,Aprobado
17.0,87.0,1,1,True,7.0,61.0,1,Yes,4.0,2,1,3.0,True,67,False,True,True,False,False,True,False,False,False,True,True,False,False,Aprobado,Reprobado
17.0,69.0,2,2,True,9.0,96.0,1,Yes,2.0,0,1,3.0,False,66,False,True,False,True,True,False,False,True,False,False,True,False,False,Aprobado,Aprobado
13.0,77.0,0,2,False,6.0,85.0,0,Yes,2.0,0,1,4.0,False,65,False,True,True,False,False,False,True,False,False,True,False,True,False,Aprobado,Aprobado
31.0,82.0,2,1,True,7.0,63.0,1,No,2.0,2,1,2.0,False,72,True,False,False,True,False,False,True,False,True,False,False,False,True,Aprobado,Reprobado
20.0,96.0,2,1,True,8.0,65.0,2,Yes,0.0,1,0,2.0,False,70,False,True,True,False,False,True,False,False,False,True,False,True,False,Aprobado,Aprobado
19.0,73.0,1,1,True,9.0,94.0,1,Yes,1.0,2,0,1.0,False,67,False,True,True,False,True,False,False,False,False,True,False,False,True,Aprobado,Aprobado
14.0,65.0,1,2,False,9.0,69.0,0,Yes,4.0,1,1,3.0,False,64,False,True,False,True,True,False,False,False,False,True,False,True,False,Reprobado,Aprobado
38.0,80.0,2,1,False,5.0,78.0,1,Yes,1.0,0,1,4.0,False,72,False,True,True,False,True,False,False,True,False,False,False,False,True,Aprobado,Aprobado
14.0,90.0,1,1,True,9.0,56.0,1,Yes,0.0,0,1,4.0,False,65,False,True,True,False,False,True,False,False,False,True,False,True,False,Aprobado,Reprobado
17.0,64.0,2,0,True,10.0,63.0,1,Yes,0.0,2,1,3.0,False,62,False,True,True,False,False,True,False,False,True,False,False,False,True,Reprobado,Reprobado
22.0,77.0,1,2,False,6.0,71.0,2,Yes,3.0,0,1,4.0,False,67,False,True,True,False,False,True,False,True,False,False,True,False,False,Aprobado,Aprobado
24.0,61.0,1,1,False,6.0,83.0,2,Yes,0.0,1,1,3.0,True,64,False,True,False,True,False,True,False,False,False,True,False,False,True,Reprobado,Aprobado
26.0,61.0,1,1,False,7.0,64.0,0,Yes,0.0,1,1,3.0,False,63,True,False,False,True,False,False,True,False,False,True,True,False,False,Reprobado,Reprobado
31.0,79.0,1,2,False,7.0,98.0,1,Yes,1.0,1,2,2.0,False,72,False,True,False,True,True,False,False,False,True,False,False,True,False,Aprobado,Aprobado
23.0,72.0,0,1,False,6.0,61.0,2,Yes,1.0,2,1,5.0,False,66,False,True,False,True,False,True,False,False,False,True,False,False,True,Aprobado,Reprobado
14.0,94.0,2,1,True,5.0,89.0,1,Yes,0.0,1,1,1.0,False,70,False,True,True,False,False,False,True,False,False,True,False,False,True,Aprobado,Aprobado
18.0,84.0,1,0,True,9.0,68.0,0,Yes,0.0,1,2,2.0,False,66,True,False,True,False,False,False,True,False,False,True,True,False,False,Aprobado,Aprobado
22.0,78.0,2,2,False,6.0,92.0,0,Yes,1.0,2,2,3.0,False,70,False,True,False,True,False,True,False,False,True,False,False,False,True,Aprobado,Aprobado
32.0,76.0,0,0,True,6.0,96.0,0,Yes,0.0,0,2,2.0,False,67,False,True,True,False,False,True,False,False,True,False,False,True,False,Aprobado,Aprobado
12.0,80.0,1,1,True,7.0,59.0,2,Yes,1.0,0,2,2.0,False,64,False,True,True,False,False,True,False,False,False,True,False,False,True,Reprobado,Reprobado
27.0,62.0,2,1,False,5.0,75.0,1,Yes,2.0,1,2,2.0,False,67,False,True,False,True,False,True,False,False,False,True,False,False,True,Aprobado,Aprobado
21.0,96.0,2,2,True,5.0,58.0,1,Yes,0.0,2,2,4.0,False,72,False,True,False,True,True,False,False,True,False,False,False,True,False,Aprobado,Reprobado
25.0,100.0,2,0,False,6.0,85.0,0,Yes,1.0,1,1,3.0,False,72,False,True,False,True,False,True,False,False,False,True,False,False,True,Aprobado,Aprobado
19.0,67.0,2,1,True,8.0,92.0,0,Yes,2.0,2,1,5.0,False,68,False,True,True,False,False,False,True,False,True,False,False,True,False,Aprobado,Aprobado
15.0,65.0,1,1,True,7.0,69.0,1,Yes,1.0,2,1,3.0,False,64,False,True,True,False,False,False,True,False,False,True,False,True,False,Reprobado,Aprobado
25.0,66.0,2,1,True,4.0,70.0,1,No,1.0,2,1,3.0,False,66,False,True,False,True,False,True,False,False,True,False,False,False,True,Aprobado,Aprobado
24.0,86.0,0,2,False,9.0,60.0,1,Yes,0.0,0,2,3.0,False,68,True,False,False,True,True,False,False,True,False,False,False,False,True,Aprobado,Reprobado
26.0,86.0,0,0,False,8.0,65.0,0,Yes,0.0,0,2,4.0,False,66,False,True,True,False,False,True,False,False,False,True,False,True,False,Aprobado,Aprobado
20.0,94.0,0,2,True,7.0,66.0,2,Yes,1.0,0,2,1.0,False,70,True,False,True,False,False,True,False,False,False,True,False,False,True,Aprobado,Aprobado
16.0,90.0,2,2,True,7.0,58.0,2,Yes,1.0,0,1,4.0,False,70,False,True,True,False,False,False,True,False,False,True,False,True,False,Aprobado,Reprobado
11.0,78.0,0,2,True,8.0,65.0,1,Yes,0.0,1,1,2.0,False,62,True,False,True,False,False,True,False,False,False,True,False,True,False,Reprobado,Aprobado
25.0,85.0,0,1,True,10.0,95.0,1,Yes,0.0,1,0,1.0,False,69,False,True,False,True,True,False,False,False,False,True,False,False,True,Aprobado,Aprobado
23.0,88.0,1,1,True,8.0,66.0,0,Yes,2.0,1,2,2.0,False,69,True,False,False,True,True,False,False,False,True,False,False,False,True,Aprobado,Aprobado
14.0,81.0,1,1,True,7.0,64.0,1,Yes,2.0,1,1,4.0,True,66,False,True,False,True,True,False,False,False,False,True,False,False,True,Aprobado,Reprobado
17.0,79.0,2,2,False,5.0,69.0,1,Yes,4.0,0,1,3.0,False,68,False,True,True,False,False,False,True,False,False,True,True,False,False,Aprobado,Aprobado
17.0,86.0,1,2,False,7.0,98.0,1,Yes,2.0,0,2,5.0,False,71,False,True,False,True,False,False,True,False,True,False,False,False,True,Aprobado,Aprobado
11.0,82.0,1,1,True,8.0,88.0,1,No,1.0,0,1,2.0,False,64,True,False,True,False,False,False,True,False,True,False,True,False,False,Reprobado,Aprobado
15.0,86.0,0,2,False,7.0,60.0,1,Yes,2.0,1,1,3.0,False,67,False,True,False,True,True,False,False,False,False,True,False,False,True,Aprobado,Reprobado
13.0,85.0,1,2,True,6.0,88.0,1,Yes,2.0,1,2,3.0,False,68,False,True,True,False,False,True,False,False,True,False,False,False,True,Aprobado,Aprobado
18.0,89.0,0,2,True,8.0,88.0,0,Yes,0.0,2,1,1.0,False,67,False,True,False,True,False,True,False,False,True,False,True,False,False,Aprobado,Aprobado
16.0,86.0,1,1,False,6.0,98.0,2,Yes,1.0,0,1,3.0,False,68,False,True,False,True,False,False,True,False,False,True,False,True,False,Aprobado,Aprobado
10.0,81.0,1,2,True,8.0,95.0,1,Yes,5.0,0,2,3.0,False,69,False,True,True,False,False,True,False,False,False,True,False,False,True,Aprobado,Aprobado
32.0,87.0,1,2,True,6.0,55.0,1,Yes,0.0,0,2,3.0,False,71,False,True,False,True,False,True,False,False,False,True,False,True,False,Aprobado,Reprobado
28.0,78.0,2,0,True,4.0,73.0,0,No,3.0,0,1,4.0,False,68,True,False,True,False,False,True,False,False,True,False,False,False,True,Aprobado,Aprobado
15.0,70.0,2,2,False,6.0,85.0,2,Yes,0.0,0,1,2.0,False,65,True,False,False,True,True,False,False,False,True,False,False,False,True,Aprobado,Aprobado
22.0,60.0,0,1,False,7.0,99.0,1,Yes,1.0,0,2,3.0,False,63,False,True,False,True,True,False,False,False,True,False,False,True,False,Reprobado,Aprobado
23.0,82.0,0,1,True,8.0,54.0,1,Yes,0.0,1,2,1.0,False,65,False,True,True,False,False,True,False,False,False,True,True,False,False,Aprobado,Reprobado
27.0,84.0,2,2,False,8.0,68.0,0,Yes,3.0,0,2,2.0,True,72,True,False,True,False,False,False,True,False,False,True,False,False,True,Aprobado,Aprobado
15.0,99.0,0,1,True,5.0,75.0,0,Yes,2.0,1,0,1.0,False,67,False,True,False,True,True,False,False,False,True,False,False,True,False,Aprobado,Aprobado
27.0,74.0,1,2,False,7.0,71.0,1,Yes,1.0,1,1,3.0,False,69,False,True,True,False,False,True,False,False,False,True,False,False,True,Aprobado,Aprobado
17.0,76.0,1,1,False,6.0,73.0,1,Yes,3.0,0,2,3.0,False,67,True,False,False,True,False,False,True,False,False,True,False,True,False,Aprobado,Aprobado
12.0,68.0,2,1,True,6.0,68.0,0,Yes,2.0,1,1,4.0,False,64,False,True,False,True,True,False,False,False,False,True,False,False,True,Reprobado,Aprobado
24.0,63.0,1,0,False,6.0,99.0,0,No,0.0,0,1,3.0,False,62,False,True,True,False,False,True,False,False,True,False,False,False,True,Reprobado,Aprobado
28.0,91.0,0,1,False,7.0,90.0,1,Yes,2.0,2,0,3.0,False,71,True,False,False,True,False,True,False,False,False,True,False,True,False,Aprobado,Aprobado
36.0,70.0,0,2,False,10.0,87.0,1,Yes,2.0,0,1,3.0,False,70,False,True,False,True,False,True,False,False,False,True,False,False,True,Aprobado,Aprobado
13.0,84.0,0,1,False,10.0,71.0,0,Yes,1.0,1,2,3.0,False,64,False,True,False,True,True,False,False,False,True,False,False,True,False,Reprobado,Aprobado
24.0,88.0,1,1,True,6.0,94.0,1,Yes,0.0,0,1,2.0,False,69,True,False,False,True,False,False,True,False,True,False,True,False,False,Aprobado,Aprobado
18.0,79.0,1,1,True,7.0,55.0,1,Yes,1.0,0,2,3.0,False,65,False,True,True,False,False,True,False,False,True,False,False,False,True,Aprobado,Reprobado
25.0,95.0,2,2,True,7.0,57.0,1,Yes,2.0,2,1,2.0,False,73,True,False,True,False,True,False,False,False,True,False,True,False,False,Aprobado,Reprobado
11.0,78.0,1,0,True,7.0,98.0,0,Yes,2.0,1,1,3.0,False,64,False,True,True,False,False,True,False,False,False,True,False,True,False,Reprobado,Aprobado
12.0,71.0,1,2,True,8.0,78.0,0,Yes,2.0,1,1,2.0,False,64,False,True,True,False,False,False,True,False,False,True,True,False,False,Reprobado,Aprobado
15.0,96.0,1,1,True,7.0,58.0,1,Yes,3.0,1,1,4.0,False,70,False,True,False,True,False,False,True,False,True,False,False,True,False,Aprobado,Reprobado
20.0,94.0,0,0,True,6.0,97.0,0,Yes,2.0,1,1,5.0,False,70,False,True,False,True,True,False,False,False,False,True,False,False,True,Aprobado,Aprobado
16.0,67.0,2,2,False,9.0,99.0,1,Yes,2.0,1,1,2.0,True,64,False,True,False,True,False,True,False,False,True,False,False,True,False,Reprobado,Aprobado
24.0,61.0,0,1,False,5.0,94.0,1,Yes,3.0,1,2,2.0,True,64,True,False,True,False,True,False,False,False,True,False,False,True,False,Reprobado,Aprobado
26.0,64.0,1,1,True,7.0,62.0,2,Yes,3.0,1,2,2.0,False,66,True,False,False,True,False,True,False,False,False,True,True,False,False,Aprobado,Reprobado
24.0,71.0,0,2,True,5.0,64.0,1,Yes,1.0,1,1,3.0,False,66,False,True,False,True,True,False,False,False,False,True,False,True,False,Aprobado,Reprobado
30.0,99.0,1,1,True,5.0,70.0,0,Yes,2.0,1,1,4.0,False,74,False,True,True,False,False,True,False,False,False,True,False,True,False,Aprobado,Aprobado
22.0,82.0,2,2,False,8.0,79.0,1,No,2.0,1,1,1.0,False,69,False,True,True,False,True,False,False,False,False,True,True,False,False,Aprobado,Aprobado
13.0,75.0,0,2,True,6.0,100.0,2,Yes,1.0,1,1,3.0,False,67,False,True,False,True,False,False,True,False,False,True,False,False,True,Aprobado,Aprobado
28.0,96.0,1,1,False,4.0,98.0,2,Yes,5.0,0,1,5.0,True,73,False,True,False,True,False,True,False,True,False,False,False,True,False,Aprobado,Aprobado
16.0,78.0,0,1,False,6.0,96.0,2,Yes,0.0,1,1,1.0,False,66,False,True,True,False,False,False,True,False,False,True,False,False,True,Aprobado,Aprobado
25.0,73.0,2,1,False,6.0,54.0,2,Yes,2.0,1,1,4.0,False,67,False,True,True,False,False,True,False,False,True,False,False,True,False,Aprobado,Reprobado
29.0,98.0,1,2,True,5.0,88.0,0,Yes,3.0,0,1,2.0,False,75,False,True,False,True,True,False,False,False,False,True,False,True,False,Aprobado,Aprobado
23.0,94.0,1,2,True,8.0,94.0,0,Yes,2.0,1,2,2.0,False,73,False,True,False,True,False,True,False,False,False,True,False,False,True,Aprobado,Aprobado
11.0,94.0,1,1,False,5.0,67.0,1,Yes,2.0,2,1,5.0,False,67,False,True,True,False,False,True,False,False,False,True,False,True,False,Aprobado,Aprobado
14.0,80.0,2,0,True,6.0,61.0,1,Yes,0.0,1,2,4.0,False,65,False,True,True,False,True,False,False,False,True,False,False,True,False,Aprobado,Reprobado
28.0,92.0,1,1,True,7.0,87.0,0,Yes,1.0,0,0,1.0,False,71,False,True,True,False,False,True,False,False,False,True,False,False,True,Aprobado,Aprobado
19.0,67.0,1,1,True,6.0,55.0,0,Yes,1.0,1,1,4.0,False,63,False,True,False,True,False,True,False,False,False,True,False,True,False,Reprobado,Reprobado
20.0,83.0,1,0,True,6.0,97.0,2,Yes,2.0,0,2,4.0,False,68,False,True,True,False,False,True,False,False,True,False,False,True,False,Aprobado,Aprobado
25.0,99.0,1,2,False,6.0,58.0,2,Yes,0.0,1,1,4.0,False,72,True,False,False,True,False,True,False,False,False,True,False,False,True,Aprobado,Reprobado
24.0,72.0,0,2,True,5.0,73.0,0,Yes,2.0,1,2,2.0,False,67,False,True,False,True,False,True,False,False,False,True,False,False,True,Aprobado,Aprobado
22.0,92.0,1,2,False,6.0,99.0,0,Yes,1.0,1,1,4.0,False,71,False,True,True,False,True,False,False,False,False,True,True,False,False,Aprobado,Aprobado
19.0,80.0,0,0,False,8.0,99.0,2,Yes,1.0,0,1,4.0,False,67,False,True,False,True,False,False,True,False,False,True,False,False,True,Aprobado,Aprobado
18.0,62.0,1,2,True,6.0,89.0,1,Yes,0.0,2,2,3.0,False,66,True,False,True,False,False,False,True,False,False,True,False,False,True,Aprobado,Aprobado
25.0,91.0,1,2,False,7.0,92.0,1,Yes,3.0,0,1,5.0,False,72,False,True,False,True,False,True,False,False,False,True,True,False,False,Aprobado,Aprobado
23.0,67.0,0,0,False,9.0,98.0,1,Yes,2.0,0,2,0.0,False,64,False,True,True,False,True,False,False,False,False,True,True,False,False,Reprobado,Aprobado
18.0,85.0,1,1,False,8.0,96.0,1,Yes,0.0,2,2,3.0,False,68,False,True,False,True,True,False,False,False,True,False,True,False,False,Aprobado,Aprobado
26.0,63.0,2,2,False,5.0,81.0,1,Yes,0.0,0,1,2.0,False,65,False,True,True,False,False,True,False,False,True,False,True,False,False,Aprobado,Aprobado
19.0,98.0,1,2,True,8.0,87.0,2,Yes,1.0,1,1,4.0,False,74,True,False,False,True,False,False,True,False,True,False,False,False,True,Aprobado,Aprobado
15.0,72.0,1,0,True,9.0,80.0,1,Yes,4.0,1,2,4.0,False,65,True,False,True,False,True,False,False,False,True,False,False,True,False,Aprobado,Aprobado
15.0,69.0,2,0,True,6.0,75.0,1,No,2.0,0,2,2.0,False,63,False,True,True,False,False,True,False,False,False,True,False,False,True,Reprobado,Aprobado
14.0,65.0,1,1,True,5.0,94.0,1,Yes,5.0,0,1,3.0,False,65,True,False,False,True,False,False,True,False,True,False,True,False,False,Aprobado,Aprobado
18.0,98.0,0,2,True,6.0,87.0,1,Yes,0.0,1,1,1.0,False,70,False,True,False,True,False,True,False,False,False,True,False,True,False,Aprobado,Aprobado
27.0,88.0,1,2,True,7.0,93.0,1,Yes,0.0,0,1,4.0,False,71,False,True,False,True,False,True,False,False,True,False,False,True,False,Aprobado,Aprobado
15.0,90.0,1,1,True,8.0,55.0,1,Yes,1.0,0,1,1.0,False,66,False,True,True,False,True,False,False,False,False,True,False,True,False,Aprobado,Reprobado
21.0,80.0,1,1,True,6.0,79.0,0,Yes,2.0,1,2,3.0,False,69,False,True,False,True,True,False,False,False,False,True,False,False,True,Aprobado,Aprobado
16.0,79.0,1,2,True,4.0,66.0,2,Yes,2.0,1,1,2.0,False,67,False,True,False,True,True,False,False,False,True,False,False,True,False,Aprobado,Aprobado
18.0,64.0,1,2,True,5.0,76.0,0,Yes,1.0,0,1,4.0,False,64,False,True,False,True,False,True,False,False,True,False,False,False,True,Reprobado,Aprobado
11.0,82.0,2,2,False,8.0,81.0,2,Yes,2.0,0,2,2.0,False,67,False,True,True,False,False,True,False,False,True,False,False,False,True,Aprobado,Aprobado
19.0,70.0,1,2,True,10.0,92.0,1,Yes,1.0,0,2,4.0,False,67,False,True,False,True,False,True,False,False,False,True,False,False,True,Aprobado,Aprobado
19.0,99.0,2,1,False,7.0,52.0,1,Yes,1.0,1,1,4.0,False,70,False,True,False,True,False,True,False,False,False,True,False,True,False,Aprobado,Reprobado
23.0,92.0,2,2,False,9.0,58.0,1,Yes,2.0,0,1,1.0,False,71,True,False,True,False,False,False,True,False,False,True,False,True,False,Aprobado,Reprobado
21.0,77.0,1,0,True,5.0,96.0,2,Yes,2.0,0,2,5.0,False,68,True,False,True,False,False,True,False,False,False,True,False,True,False,Aprobado,Aprobado
13.0,66.0,2,2,False,6.0,98.0,0,Yes,1.0,2,2,2.0,False,65,False,True,False,True,False,True,False,False,False,True,False,False,True,Aprobado,Aprobado
27.0,91.0,1,1,False,4.0,53.0,1,Yes,1.0,0,1,3.0,False,70,True,False,True,False,False,False,True,False,False,True,False,False,True,Aprobado,Reprobado
21.0,65.0,1,2,True,8.0,67.0,0,No,1.0,0,1,4.0,False,64,False,True,True,False,False,True,False,False,False,True,False,False,True,Reprobado,Aprobado
21.0,68.0,2,2,True,6.0,50.0,2,Yes,3.0,1,0,4.0,False,67,True,False,False,True,False,True,False,False,False,True,False,True,False,Aprobado,Reprobado
20.0,68.0,0,0,False,8.0,88.0,1,Yes,5.0,0,0,3.0,False,63,True,False,False,True,False,True,False,False,True,False,False,True,False,Reprobado,Aprobado
17.0,82.0,1,0,True,6.0,84.0,2,Yes,2.0,0,0,3.0,False,65,False,True,True,False,False,True,False,False,True,False,True,False,False,Aprobado,Aprobado
21.0,91.0,1,1,True,10.0,78.0,2,Yes,2.0,0,2,2.0,False,70,False,True,False,True,False,True,False,False,False,True,True,False,False,Aprobado,Aprobado
23.0,73.0,1,2,False,10.0,85.0,1,Yes,1.0,0,1,3.0,False,67,False,True,False,True,True,False,False,False,False,True,False,True,False,Aprobado,Aprobado
10.0,63.0,1,2,False,4.0,77.0,0,No,3.0,0,1,3.0,False,60,True,False,False,True,False,True,False,False,False,True,False,True,False,Reprobado,Aprobado
17.0,79.0,0,2,False,8.0,62.0,0,Yes,1.0,0,1,3.0,False,64,False,True,True,False,False,True,False,False,False,True,False,True,False,Reprobado,Reprobado
18.0,90.0,0,1,False,6.0,88.0,0,Yes,1.0,1,1,1.0,False,65,True,False,True,False,False,True,False,False,True,False,True,False,False,Aprobado,Aprobado
22.0,69.0,1,1,False,8.0,89.0,0,No,0.0,0,2,5.0,False,64,False,True,True,False,False,True,False,False,True,False,False,False,True,Reprobado,Aprobado
27.0,69.0,1,0,True,5.0,93.0,1,Yes,1.0,1,1,4.0,False,67,False,True,False,True,True,False,False,False,True,False,False,False,True,Aprobado,Aprobado
15.0,98.0,1,1,True,9.0,98.0,2,Yes,0.0,1,1,3.0,False,71,True,False,True,False,False,True,False,False,False,True,False,False,True,Aprobado,Aprobado
17.0,98.0,1,1,False,9.0,87.0,0,Yes,0.0,2,1,3.0,False,69,True,False,True,False,False,True,False,False,True,False,False,False,True,Aprobado,Aprobado
17.0,100.0,1,2,True,5.0,53.0,0,Yes,1.0,1,2,4.0,False,70,False,True,False,True,False,True,False,False,False,True,False,False,True,Aprobado,Reprobado
15.0,92.0,1,1,True,7.0,51.0,1,Yes,1.0,2,2,3.0,False,69,False,True,True,False,True,False,False,False,False,True,False,False,True,Aprobado,Reprobado
18.0,68.0,2,2,True,7.0,87.0,2,Yes,3.0,1,1,4.0,False,69,False,True,False,True,False,True,False,False,False,True,False,False,True,Aprobado,Aprobado
25.0,68.0,0,1,True,8.0,53.0,0,Yes,2.0,1,1,3.0,False,64,False,True,True,False,True,False,False,False,True,False,False,True,False,Reprobado,Reprobado
14.0,74.0,0,1,True,7.0,66.0,1,Yes,0.0,1,2,3.0,False,63,True,False,False,True,False,False,True,False,False,True,True,False,False,Reprobado,Aprobado
23.0,73.0,2,1,False,8.0,57.0,1,Yes,3.0,1,1,2.0,False,67,False,True,False,True,True,False,False,False,False,True,False,False,True,Aprobado,Reprobado
10.0,98.0,1,1,False,7.0,98.0,0,No,0.0,1,1,3.0,False,66,False,True,True,False,True,False,False,False,True,False,False,True,False,Aprobado,Aprobado
17.0,92.0,1,2,True,8.0,66.0,1,Yes,2.0,0,1,3.0,False,69,False,True,True,False,False,True,False,False,False,True,False,False,True,Aprobado,Aprobado
18.0,89.0,1,1,False,5.0,53.0,1,Yes,5.0,0,2,4.0,False,69,True,False,False,True,True,False,False,False,False,True,False,True,False,Aprobado,Reprobado
30.0,67.0,1,1,False,7.0,97.0,2,Yes,2.0,2,1,3.0,True,69,False,True,False,True,False,True,False,False,False,True,False,True,False,Aprobado,Aprobado
18.0,96.0,1,2,True,9.0,80.0,2,Yes,1.0,0,1,3.0,False,72,False,True,False,True,True,False,False,False,False,True,False,False,True,Aprobado,Aprobado
7.0,93.0,2,2,True,9.0,52.0,2,Yes,1.0,1,0,3.0,False,65,True,False,True,False,False,True,False,False,True,False,True,False,False,Aprobado,Reprobado
8.0,67.0,1,1,True,7.0,92.0,1,Yes,0.0,2,2,2.0,False,63,True,False,False,True,True,False,False,False,False,True,False,False,True,Reprobado,Aprobado
20.0,95.0,1,1,False,7.0,58.0,0,Yes,1.0,0,2,4.0,False,69,False,True,False,True,True,False,False,False,False,True,False,True,False,Aprobado,Reprobado
24.0,71.0,2,1,True,9.0,90.0,0,Yes,3.0,1,2,3.0,False,69,True,False,False,True,True,False,False,False,False,True,False,True,False,Aprobado,Aprobado
22.0,63.0,1,0,True,7.0,80.0,1,Yes,2.0,2,2,2.0,False,64,True,False,True,False,True,False,False,False,True,False,True,False,False,Reprobado,Aprobado
21.0,86.0,1,0,True,9.0,59.0,2,Yes,2.0,1,2,3.0,False,69,True,False,False,True,True,False,False,False,False,True,False,False,True,Aprobado,Reprobado
27.0,86.0,1,2,False,7.0,88.0,1,Yes,1.0,1,1,3.0,False,72,True,False,False,True,False,False,True,False,True,False,False,True,False,Aprobado,Aprobado
17.0,64.0,1,0,False,7.0,73.0,2,Yes,1.0,0,1,4.0,False,62,False,True,False,True,True,False,False,False,False,True,False,True,False,Reprobado,Aprobado
25.0,73.0,2,1,True,5.0,82.0,0,No,1.0,1,1,3.0,True,66,True,False,False,True,False,True,False,False,False,True,False,False,True,Aprobado,Aprobado
10.0,100.0,0,1,False,5.0,93.0,0,Yes,2.0,1,0,1.0,False,65,False,True,True,False,False,True,False,True,False,False,False,True,False,Aprobado,Aprobado
15.0,87.0,2,2,True,8.0,63.0,1,Yes,0.0,2,1,3.0,False,69,False,True,True,False,True,False,False,False,False,True,False,True,False,Aprobado,Reprobado
9.0,89.0,1,0,False,10.0,68.0,2,Yes,1.0,2,2,3.0,False,65,False,True,True,False,False,True,False,False,False,True,True,False,False,Aprobado,Aprobado
18.0,69.0,2,1,True,7.0,100.0,1,Yes,3.0,1,2,2.0,False,67,False,True,False,True,False,True,False,False,False,True,True,False,False,Aprobado,Aprobado
20.0,63.0,0,1,True,7.0,75.0,0,Yes,2.0,1,2,2.0,False,63,False,True,True,False,False,True,False,False,False,True,False,True,False,Reprobado,Aprobado
21.0,71.0,2,1,False,9.0,78.0,0,Yes,2.0,1,1,4.0,False,66,False,True,False,True,False,True,False,False,False,True,False,True,False,Aprobado,Aprobado
20.0,70.0,0,1,False,8.0,64.0,0,Yes,0.0,0,0,3.0,False,61,True,False,False,True,False,True,False,True,False,False,False,False,True,Reprobado,Reprobado
14.0,69.0,2,1,True,4.0,71.0,1,Yes,1.0,1,1,4.0,False,64,False,True,True,False,False,True,False,False,False,True,False,False,True,Reprobado,Aprobado
19.0,68.0,1,0,True,8.0,75.0,0,Yes,1.0,1,1,4.0,False,64,True,False,False,True,False,False,True,False,False,True,False,True,False,Reprobado,Aprobado
11.0,83.0,1,1,True,5.0,63.0,1,Yes,2.0,0,1,3.0,False,65,False,True,False,True,True,False,False,False,False,True,False,True,False,Aprobado,Reprobado
28.0,73.0,1,0,False,7.0,62.0,1,Yes,3.0,2,1,3.0,False,68,False,True,True,False,False,False,True,False,True,False,False,True,False,Aprobado,Reprobado
18.0,93.0,0,2,True,6.0,80.0,1,Yes,1.0,1,1,3.0,False,69,True,False,False,True,False,True,False,False,False,True,True,False,False,Aprobado,Aprobado
17.0,67.0,1,1,False,6.0,59.0,1,Yes,0.0,1,1,3.0,False,61,False,True,True,False,False,True,False,False,False,True,True,False,False,Reprobado,Reprobado
30.0,79.0,1,2,False,7.0,78.0,1,No,3.0,2,2,2.0,False,72,True,False,True,False,False,False,True,False,True,False,False,False,True,Aprobado,Aprobado
13.0,61.0,1,0,True,8.0,85.0,1,Yes,4.0,0,1,3.0,False,61,True,False,False,True,True,False,False,False,True,False,False,True,False,Reprobado,Aprobado
13.0,79.0,2,2,False,7.0,60.0,1,Yes,1.0,0,2,4.0,False,66,True,False,False,True,True,False,False,False,True,False,False,True,False,Aprobado,Reprobado
13.0,62.0,0,1,True,9.0,87.0,1,Yes,1.0,0,1,1.0,False,60,False,True,False,True,True,False,False,False,True,False,True,False,False,Reprobado,Aprobado
20.0,99.0,1,0,False,9.0,68.0,0,Yes,1.0,0,2,3.0,False,69,False,True,False,True,False,False,True,True,False,False,False,False,True,Aprobado,Aprobado
23.0,92.0,1,2,False,9.0,100.0,1,Yes,1.0,2,2,2.0,True,72,False,True,False,True,True,False,False,False,False,True,False,True,False,Aprobado,Aprobado
24.0,80.0,1,2,True,7.0,99.0,0,Yes,2.0,1,1,2.0,False,69,False,True,True,False,False,True,False,False,True,False,True,False,False,Aprobado,Aprobado
35.0,63.0,2,2,True,6.0,90.0,0,Yes,0.0,1,1,3.0,False,71,False,True,False,True,True,False,False,False,False,True,False,False,True,Aprobado,Aprobado
7.0,84.0,1,2,False,7.0,67.0,1,Yes,1.0,1,1,3.0,False,64,True,False,False,True,True,False,False,False,False,True,False,True,False,Reprobado,Aprobado
24.0,90.0,0,0,True,9.0,97.0,2,Yes,3.0,0,1,4.0,False,71,False,True,False,True,False,True,False,False,False,True,False,False,True,Aprobado,Aprobado
17.0,68.0,0,1,True,9.0,100.0,2,Yes,1.0,1,2,3.0,False,64,False,True,False,True,False,True,False,False,True,False,True,False,False,Reprobado,Aprobado
16.0,83.0,1,1,True,4.0,73.0,2,Yes,3.0,0,0,3.0,False,67,False,True,True,False,True,False,False,False,False,True,True,False,False,Aprobado,Aprobado
16.0,93.0,1,0,True,7.0,81.0,1,Yes,2.0,0,1,3.0,True,67,True,False,False,True,False,False,True,False,True,False,True,False,False,Aprobado,Aprobado
15.0,91.0,0,2,True,4.0,50.0,2,Yes,1.0,1,1,3.0,False,66,False,True,True,False,False,True,False,False,True,False,False,True,False,Aprobado,Reprobado
30.0,92.0,0,1,True,7.0,52.0,1,Yes,3.0,2,1,4.0,False,73,True,False,False,True,True,False,False,False,False,True,False,False,True,Aprobado,Reprobado
25.0,95.0,1,2,True,6.0,75.0,1,Yes,1.0,1,1,4.0,False,73,True,False,False,True,False,True,False,False,True,False,False,False,True,Aprobado,Aprobado
20.0,98.0,1,1,False,6.0,80.0,1,Yes,0.0,1,1,2.0,False,70,False,True,False,True,True,False,False,False,True,False,False,False,True,Aprobado,Aprobado
28.0,76.0,0,1,True,8.0,66.0,1,Yes,5.0,2,0,4.0,False,70,False,True,False,True,True,False,False,False,True,False,False,False,True,Aprobado,Aprobado
11.0,83.0,1,0,True,6.0,55.0,0,Yes,0.0,0,1,4.0,True,62,False,True,True,False,False,False,True,False,False,True,False,False,True,Reprobado,Reprobado
12.0,92.0,2,0,True,7.0,89.0,1,Yes,1.0,1,2,2.0,False,68,True,False,False,True,False,False,True,False,True,False,False,True,False,Aprobado,Aprobado
7.0,88.0,2,2,True,6.0,71.0,1,Yes,0.0,0,1,3.0,False,65,False,True,True,False,False,True,False,False,True,False,False,False,True,Aprobado,Aprobado
16.0,100.0,2,2,True,7.0,82.0,1,Yes,2.0,2,1,2.0,False,73,False,True,False,True,False,True,False,False,False,True,False,False,True,Aprobado,Aprobado
21.0,61.0,2,1,True,8.0,83.0,2,No,1.0,0,1,3.0,False,65,True,False,True,False,True,False,False,False,False,True,False,True,False,Aprobado,Aprobado
21.0,74.0,1,2,True,6.0,77.0,2,No,0.0,1,1,3.0,False,66,False,True,False,True,True,False,False,False,False,True,False,True,False,Aprobado,Aprobado
21.0,71.0,0,1,True,8.0,59.0,1,Yes,3.0,0,1,3.0,False,64,False,True,False,True,True,False,False,False,True,False,False,True,False,Reprobado,Reprobado
12.0,70.0,1,2,False,7.0,81.0,2,Yes,0.0,0,1,3.0,False,63,False,True,False,True,False,True,False,False,False,True,False,False,True,Reprobado,Aprobado
25.0,69.0,1,1,False,7.0,66.0,1,No,0.0,0,0,3.0,True,62,False,True,False,True,True,False,False,False,False,True,False,True,False,Reprobado,Aprobado
21.0,88.0,2,1,True,6.0,91.0,0,Yes,0.0,0,1,4.0,False,70,True,False,True,False,False,False,True,False,True,False,False,True,False,Aprobado,Aprobado
24.0,63.0,1,1,False,8.0,60.0,1,Yes,3.0,2,1,3.0,False,65,False,True,False,True,False,True,False,False,False,True,False,True,False,Aprobado,Reprobado
9.0,90.0,1,1,True,8.0,65.0,1,Yes,0.0,1,1,5.0,False,64,True,False,False,True,False,True,False,True,False,False,False,True,False,Reprobado,Aprobado
22.0,88.0,1,1,False,7.0,72.0,0,Yes,4.0,2,1,2.0,False,70,False,True,False,True,False,False,True,False,False,True,True,False,False,Aprobado,Aprobado
13.0,70.0,1,1,False,7.0,87.0,1,Yes,1.0,0,0,5.0,False,62,False,True,False,True,False,True,False,False,False,True,False,True,False,Reprobado,Aprobado
18.0,70.0,1,1,False,8.0,86.0,1,Yes,5.0,2,1,2.0,False,67,False,True,True,False,False,True,False,False,False,True,False,False,True,Aprobado,Aprobado
23.0,85.0,1,0,False,8.0,67.0,0,Yes,1.0,1,1,3.0,False,66,True,False,True,False,False,False,True,True,False,False,False,True,False,Aprobado,Aprobado
21.0,90.0,2,2,True,7.0,76.0,2,Yes,2.0,2,2,3.0,False,74,False,True,True,False,True,False,False,False,True,False,False,False,True,Aprobado,Aprobado
15.0,95.0,1,2,True,9.0,62.0,1,Yes,2.0,1,1,3.0,False,69,False,True,False,True,False,True,False,True,False,False,False,False,True,Aprobado,Reprobado
20.0,94.0,1,2,True,8.0,89.0,0,Yes,0.0,1,1,4.0,True,70,False,True,True,False,False,True,False,False,True,False,False,False,True,Aprobado,Aprobado
11.0,99.0,1,1,False,10.0,60.0,1,Yes,1.0,2,1,1.0,False,68,False,True,True,False,True,False,False,False,False,True,False,False,True,Aprobado,Reprobado
27.0,83.0,1,0,False,5.0,91.0,1,Yes,3.0,0,1,2.0,False,70,False,True,False,True,False,False,True,False,False,True,False,True,False,Aprobado,Aprobado
19.0,96.0,1,1,True,8.0,97.0,1,Yes,3.0,1,1,2.0,False,71,False,True,False,True,False,True,False,False,False,True,True,False,False,Aprobado,Aprobado
27.0,92.0,1,0,True,9.0,100.0,2,Yes,2.0,1,2,0.0,False,73,False,True,True,False,False,False,True,False,True,False,False,False,True,Aprobado,Aprobado
17.0,96.0,1,1,False,9.0,93.0,0,Yes,3.0,1,1,2.0,False,69,True,False,False,True,False,True,False,True,False,False,False,True,False,Aprobado,Aprobado
17.0,60.0,0,0,True,7.0,61.0,1,Yes,1.0,0,1,4.0,False,61,False,True,True,False,False,False,True,False,False,True,False,False,True,Reprobado,Reprobado
15.0,99.0,1,1,True,5.0,71.0,1,Yes,0.0,1,1,2.0,False,68,False,True,False,True,True,False,False,False,True,False,False,True,False,Aprobado,Aprobado
25.0,79.0,1,0,True,9.0,54.0,1,Yes,1.0,0,1,2.0,False,66,True,False,False,True,False,False,True,True,False,False,False,False,True,Aprobado,Reprobado
16.0,92.0,2,0,True,6.0,58.0,0,Yes,0.0,2,1,4.0,False,67,True,False,True,False,False,True,False,False,False,True,False,False,True,Aprobado,Reprobado
24.0,65.0,0,2,True,7.0,52.0,1,Yes,1.0,2,1,1.0,False,64,False,True,True,False,False,False,True,False,True,False,False,True,False,Reprobado,Reprobado
18.0,76.0,0,2,True,10.0,82.0,2,Yes,1.0,1,1,4.0,False,67,True,False,False,True,True,False,False,False,False,True,True,False,False,Aprobado,Aprobado
8.0,71.0,2,1,True,5.0,77.0,1,No,0.0,2,1,4.0,False,61,False,True,True,False,False,True,False,False,True,False,False,True,False,Reprobado,Aprobado
17.0,72.0,0,1,False,8.0,96.0,2,Yes,2.0,0,2,3.0,False,65,False,True,False,True,False,True,False,False,False,True,False,True,False,Aprobado,Aprobado
13.0,65.0,0,2,True,6.0,73.0,1,Yes,0.0,0,1,3.0,False,62,True,False,True,False,False,False,True,False,False,True,False,False,True,Reprobado,Aprobado
20.0,92.0,0,2,False,6.0,82.0,1,Yes,0.0,1,1,5.0,False,69,False,True,True,False,False,True,False,False,False,True,False,True,False,Aprobado,Aprobado
13.0,60.0,2,2,False,7.0,70.0,1,Yes,1.0,1,1,3.0,False,61,False,True,True,False,True,False,False,True,False,False,True,False,False,Reprobado,Aprobado
26.0,73.0,2,1,False,8.0,91.0,1,Yes,4.0,0,0,5.0,False,69,False,True,False,True,False,True,False,False,True,False,False,True,False,Aprobado,Aprobado
19.0,67.0,1,0,False,8.0,96.0,2,No,1.0,2,0,3.0,False,64,False,True,False,True,True,False,False,False,False,True,False,False,True,Reprobado,Aprobado
19.0,84.0,1,0,False,9.0,72.0,2,Yes,1.0,0,1,3.0,False,65,False,True,True,False,False,True,False,True,False,False,False,False,True,Aprobado,Aprobado
24.0,70.0,1,2,False,6.0,54.0,0,Yes,1.0,2,1,1.0,False,64,False,True,True,False,False,True,False,False,True,False,False,True,False,Reprobado,Reprobado
26.0,70.0,2,2,True,5.0,58.0,1,Yes,1.0,0,0,3.0,False,68,True,False,False,True,False,False,True,False,True,False,False,False,True,Aprobado,Reprobado
20.0,80.0,0,1,True,6.0,86.0,2,Yes,1.0,0,1,3.0,False,67,True,False,True,False,False,True,False,False,False,True,False,False,True,Aprobado,Aprobado
15.0,86.0,2,1,True,8.0,66.0,0,Yes,0.0,1,2,5.0,False,68,True,False,False,True,True,False,False,False,False,True,False,False,True,Aprobado,Aprobado
9.0,65.0,0,1,True,7.0,89.0,1,Yes,2.0,0,1,4.0,False,61,False,True,False,True,False,True,False,False,True,False,False,False,True,Reprobado,Aprobado
16.0,67.0,1,2,True,4.0,87.0,2,Yes,5.0,2,2,4.0,False,69,False,True,False,True,True,False,False,False,False,True,False,False,True,Aprobado,Aprobado
16.0,70.0,0,2,True,4.0,85.0,2,Yes,0.0,1,1,3.0,False,64,True,False,False,True,False,True,False,False,False,True,False,True,False,Reprobado,Aprobado
21.0,99.0,2,1,True,7.0,91.0,1,No,3.0,1,1,4.0,False,74,False,True,False,True,True,False,False,False,False,True,False,False,True,Aprobado,Aprobado
18.0,76.0,1,1,False,8.0,88.0,0,Yes,1.0,1,1,4.0,False,66,False,True,True,False,True,False,False,False,False,True,False,True,False,Aprobado,Aprobado
24.0,84.0,1,1,False,6.0,82.0,1,Yes,1.0,1,1,2.0,False,68,False,True,False,True,False,True,False,False,False,True,True,False,False,Aprobado,Aprobado
16.0,70.0,1,2,True,8.0,50.0,2,Yes,3.0,2,1,3.0,False,65,True,False,False,True,False,False,True,True,False,False,False,True,False,Aprobado,Reprobado
20.0,80.0,1,2,True,5.0,76.0,1,No,0.0,0,1,3.0,False,66,True,False,True,False,True,False,False,False,False,True,True,False,False,Aprobado,Aprobado
27.0,63.0,2,0,False,7.0,80.0,1,No,2.0,1,2,2.0,False,66,False,True,True,False,False,True,False,False,False,True,False,False,True,Aprobado,Aprobado
22.0,61.0,1,0,False,7.0,98.0,2,Yes,3.0,2,0,2.0,False,65,True,False,True,False,True,False,False,False,False,True,False,True,False,Aprobado,Aprobado
20.0,79.0,1,1,False,8.0,83.0,1,Yes,3.0,0,1,4.0,False,67,True,False,False,True,True,False,False,False,True,False,False,True,False,Aprobado,Aprobado
16.0,76.0,0,1,True,5.0,79.0,1,Yes,0.0,0,2,4.0,False,65,False,True,True,False,False,False,True,False,True,False,False,False,True,Aprobado,Aprobado
16.0,65.0,1,1,False,5.0,77.0,1,Yes,1.0,2,2,3.0,False,63,False,True,False,True,False,True,False,False,True,False,False,False,True,Reprobado,Aprobado
15.0,88.0,2,1,False,8.0,55.0,1,Yes,1.0,2,2,2.0,False,67,True,False,False,True,False,True,False,False,False,True,False,True,False,Aprobado,Reprobado
17.0,100.0,1,2,True,5.0,71.0,0,Yes,2.0,0,1,4.0,False,70,False,True,False,True,False,True,False,False,False,True,False,True,False,Aprobado,Aprobado
25.0,76.0,2,2,True,6.0,57.0,0,No,0.0,1,1,3.0,False,68,False,True,False,True,False,False,True,False,True,False,False,False,True,Aprobado,Reprobado
19.0,85.0,1,1,True,9.0,53.0,2,Yes,1.0,1,1,3.0,False,66,False,True,False,True,True,False,False,True,False,False,False,True,False,Aprobado,Reprobado
12.0,99.0,1,1,True,7.0,66.0,0,Yes,3.0,1,0,1.0,False,67,True,False,True,False,False,False,True,False,True,False,True,False,False,Aprobado,Aprobado
31.0,93.0,1,0,False,8.0,82.0,0,Yes,2.0,2,2,1.0,False,72,True,False,False,True,False,True,False,False,False,True,False,True,False,Aprobado,Aprobado
22.0,79.0,2,2,True,8.0,93.0,1,Yes,0.0,1,1,2.0,True,68,True,False,True,False,False,True,False,False,False,True,True,False,False,Aprobado,Aprobado
12.0,89.0,1,2,False,8.0,91.0,1,No,1.0,0,2,2.0,False,66,False,True,False,True,False,True,False,False,False,True,False,True,False,Aprobado,Aprobado
17.0,65.0,1,1,False,7.0,65.0,1,Yes,0.0,2,1,4.0,False,62,True,False,False,True,False,True,False,False,True,False,False,True,False,Reprobado,Aprobado
21.0,80.0,2,0,True,6.0,52.0,1,Yes,1.0,0,1,4.0,False,65,False,True,False,True,False,True,False,False,False,True,True,False,False,Aprobado,Reprobado
30.0,71.0,2,0,False,10.0,70.0,0,Yes,3.0,1,1,4.0,True,67,False,True,True,False,False,True,False,False,False,True,False,True,False,Aprobado,Aprobado
13.0,66.0,1,1,True,7.0,66.0,0,Yes,3.0,1,1,2.0,False,62,False,True,True,False,True,False,False,False,False,True,True,False,False,Reprobado,Aprobado
26.0,77.0,1,0,True,7.0,69.0,0,Yes,1.0,2,1,3.0,True,66,False,True,True,False,False,True,False,False,False,True,False,True,False,Aprobado,Aprobado
28.0,65.0,1,1,False,8.0,78.0,2,No,1.0,2,1,3.0,False,67,True,False,True,False,True,False,False,False,False,True,False,False,True,Aprobado,Aprobado
16.0,88.0,1,1,True,6.0,52.0,1,Yes,2.0,2,2,3.0,False,68,False,True,True,False,False,True,False,False,False,True,False,False,True,Aprobado,Reprobado
18.0,78.0,1,1,True,6.0,69.0,1,Yes,1.0,1,1,4.0,False,66,False,True,True,False,False,False,True,False,True,False,True,False,False,Aprobado,Aprobado
14.0,81.0,2,2,False,9.0,78.0,1,Yes,0.0,1,1,4.0,False,68,True,False,True,False,True,False,False,False,False,True,False,False,True,Aprobado,Aprobado
19.0,66.0,0,1,False,6.0,72.0,1,Yes,2.0,0,1,5.0,False,62,False,True,False,True,False,True,False,False,False,True,True,False,False,Reprobado,Aprobado
20.0,66.0,1,2,False,8.0,83.0,1,Yes,1.0,0,1,2.0,True,64,False,True,False,True,True,False,False,False,False,True,False,True,False,Reprobado,Aprobado
24.0,83.0,2,0,False,8.0,59.0,1,Yes,1.0,0,1,3.0,False,68,False,True,False,True,False,True,False,False,False,True,False,False,True,Aprobado,Reprobado
27.0,99.0,0,0,True,7.0,58.0,0,Yes,2.0,1,1,2.0,False,71,True,False,False,True,False,False,True,False,True,False,False,False,True,Aprobado,Reprobado
16.0,64.0,1,1,False,7.0,65.0,1,Yes,2.0,1,2,4.0,False,63,False,True,False,True,False,True,False,False,False,True,False,True,False,Reprobado,Aprobado
8.0,71.0,2,1,False,8.0,55.0,2,Yes,1.0,0,2,2.0,False,62,False,True,False,True,True,False,False,False,True,False,False,False,True,Reprobado,Reprobado
20.0,95.0,2,0,True,7.0,62.0,0,Yes,1.0,0,0,3.0,False,69,True,False,False,True,True,False,False,False,False,True,False,False,True,Aprobado,Reprobado
22.0,63.0,1,1,True,4.0,54.0,1,Yes,0.0,1,1,3.0,False,62,True,False,False,True,False,True,False,False,True,False,False,False,True,Reprobado,Reprobado
21.0,95.0,0,1,True,9.0,70.0,1,Yes,3.0,2,1,3.0,False,71,False,True,True,False,False,True,False,False,False,True,False,False,True,Aprobado,Aprobado
18.0,81.0,0,2,True,6.0,86.0,1,Yes,3.0,0,1,4.0,False,69,False,True,False,True,True,False,False,False,False,True,False,False,True,Aprobado,Aprobado
21.0,76.0,1,1,True,7.0,64.0,0,Yes,1.0,1,2,2.0,False,66,True,False,False,True,False,True,False,False,True,False,False,False,True,Aprobado,Reprobado
29.0,72.0,0,1,False,5.0,50.0,0,Yes,0.0,0,1,4.0,False,64,False,True,True,False,False,True,False,False,False,True,False,True,False,Reprobado,Reprobado
22.0,72.0,0,2,False,6.0,78.0,0,No,1.0,0,2,3.0,False,65,False,True,False,True,False,False,True,False,False,True,False,True,False,Aprobado,Aprobado
18.0,72.0,2,2,False,6.0,85.0,2,Yes,1.0,2,2,1.0,False,68,True,False,False,True,False,True,False,False,True,False,False,False,True,Aprobado,Aprobado
17.0,95.0,2,1,False,7.0,70.0,2,Yes,1.0,0,1,3.0,False,69,False,True,False,True,False,True,False,False,False,True,False,True,False,Aprobado,Aprobado
19.0,89.0,2,1,True,6.0,65.0,0,Yes,2.0,0,1,3.0,True,68,False,True,False,True,False,False,True,False,False,True,False,True,False,Aprobado,Aprobado
30.0,87.0,0,1,True,10.0,75.0,0,Yes,3.0,0,0,4.0,False,71,False,True,False,True,True,False,False,False,False,True,False,True,False,Aprobado,Aprobado
19.0,92.0,0,1,False,7.0,55.0,1,Yes,1.0,1,1,5.0,False,66,False,True,False,True,False,True,False,True,False,False,False,True,False,Aprobado,Reprobado
20.0,70.0,2,0,False,8.0,82.0,1,Yes,2.0,0,2,3.0,False,65,True,False,False,True,False,True,False,False,True,False,False,False,True,Aprobado,Aprobado
17.0,85.0,2,1,True,7.0,87.0,1,Yes,1.0,0,1,1.0,False,68,True,False,True,False,False,True,False,False,False,True,False,True,False,Aprobado,Aprobado
27.0,78.0,2,2,False,8.0,85.0,1,Yes,0.0,2,1,3.0,False,72,False,True,False,True,True,False,False,False,False,True,False,False,True,Aprobado,Aprobado
32.0,91.0,2,1,True,4.0,66.0,1,Yes,3.0,0,2,2.0,False,75,False,True,True,False,False,False,True,False,False,True,False,True,False,Aprobado,Aprobado
23.0,72.0,2,0,True,6.0,92.0,0,Yes,2.0,2,1,3.0,False,67,False,True,False,True,True,False,False,False,False,True,True,False,False,Aprobado,Aprobado
20.0,86.0,1,1,False,6.0,97.0,0,Yes,1.0,0,1,2.0,False,67,True,False,False,True,False,True,False,False,True,False,False,True,False,Aprobado,Aprobado
20.0,95.0,1,1,False,6.0,65.0,2,Yes,2.0,0,1,3.0,False,70,False,True,True,False,True,False,False,False,False,True,False,True,False,Aprobado,Aprobado
6.0,76.0,1,1,True,8.0,63.0,1,Yes,5.0,1,1,3.0,False,64,False,True,False,True,True,False,False,False,False,True,False,True,False,Reprobado,Reprobado
24.0,63.0,1,1,True,8.0,85.0,2,Yes,1.0,0,1,3.0,False,65,True,False,True,False,False,True,False,True,False,False,False,False,True,Aprobado,Aprobado
21.0,81.0,1,1,True,7.0,85.0,1,Yes,1.0,0,2,3.0,False,68,False,True,False,True,False,False,True,False,True,False,True,False,False,Aprobado,Aprobado
23.0,74.0,2,2,False,7.0,76.0,1,Yes,1.0,1,0,2.0,False,67,False,True,True,False,True,False,False,False,True,False,False,True,False,Aprobado,Aprobado
16.0,87.0,0,1,True,10.0,96.0,1,No,1.0,0,2,1.0,False,66,False,True,False,True,True,False,False,False,True,False,False,False,True,Aprobado,Aprobado
18.0,98.0,2,1,False,7.0,57.0,0,Yes,0.0,2,1,1.0,False,69,True,False,False,True,False,False,True,False,True,False,False,True,False,Aprobado,Reprobado
18.0,79.0,0,2,False,4.0,74.0,0,Yes,2.0,0,1,1.0,False,64,False,True,True,False,False,True,False,False,False,True,True,False,False,Reprobado,Aprobado
26.0,79.0,1,2,True,8.0,52.0,2,Yes,1.0,1,1,3.0,True,68,False,True,True,False,False,False,True,False,False,True,True,False,False,Aprobado,Reprobado
18.0,86.0,2,1,False,8.0,53.0,0,Yes,5.0,0,2,3.0,False,68,True,False,False,True,False,True,False,False,False,True,True,False,False,Aprobado,Reprobado
32.0,64.0,0,2,True,9.0,53.0,0,No,1.0,0,1,3.0,False,65,True,False,True,False,True,False,False,False,False,True,False,False,True,Aprobado,Reprobado
23.0,70.0,1,1,True,8.0,75.0,1,Yes,0.0,2,1,2.0,False,65,False,True,False,True,False,True,False,False,True,False,False,False,True,Aprobado,Aprobado
12.0,97.0,0,1,True,6.0,79.0,1,No,1.0,1,1,2.0,False,65,False,True,False,True,False,True,False,False,False,True,True,False,False,Aprobado,Aprobado
19.0,87.0,2,1,False,8.0,50.0,0,Yes,0.0,2,2,2.0,False,67,False,True,True,False,False,True,False,False,False,True,False,True,False,Aprobado,Reprobado
16.0,61.0,2,1,True,7.0,82.0,1,Yes,2.0,0,1,3.0,False,63,False,True,True,False,False,True,False,False,False,True,True,False,False,Reprobado,Aprobado
7.0,68.0,2,1,False,9.0,74.0,1,Yes,1.0,0,2,3.0,False,62,False,True,True,False,False,True,False,False,False,True,False,False,True,Reprobado,Aprobado
30.0,87.0,2,1,True,9.0,61.0,2,Yes,2.0,1,2,4.0,False,73,True,False,False,True,False,True,False,False,True,False,False,True,False,Aprobado,Reprobado
24.0,91.0,2,2,True,7.0,51.0,2,Yes,2.0,1,1,3.0,False,72,False,True,False,True,False,True,False,False,True,False,False,True,False,Aprobado,Reprobado
23.0,94.0,0,1,False,8.0,58.0,2,Yes,5.0,0,0,6.0,False,71,False,True,True,False,False,True,False,False,False,True,False,True,False,Aprobado,Reprobado
21.0,72.0,1,1,False,9.0,80.0,2,Yes,3.0,0,1,4.0,False,67,False,True,False,True,False,True,False,False,False,True,False,True,False,Aprobado,Aprobado
12.0,97.0,1,0,True,7.0,83.0,1,Yes,0.0,0,1,2.0,False,66,False,True,False,True,True,False,False,False,True,False,False,True,False,Aprobado,Aprobado
17.0,82.0,1,2,True,10.0,82.0,2,Yes,1.0,1,1,2.0,False,68,True,False,False,True,False,True,False,False,True,False,False,False,True,Aprobado,Aprobado
25.0,88.0,2,2,True,9.0,58.0,0,Yes,0.0,0,1,4.0,False,70,False,True,False,True,False,False,True,False,False,True,True,False,False,Aprobado,Reprobado
14.0,84.0,1,1,True,6.0,96.0,1,No,2.0,0,1,2.0,False,66,True,False,False,True,False,False,True,True,False,False,False,True,False,Aprobado,Aprobado
5.0,65.0,0,2,False,7.0,71.0,1,Yes,0.0,0,1,2.0,False,56,True,False,False,True,True,False,False,True,False,False,True,False,False,Reprobado,Aprobado
19.0,99.0,1,2,True,8.0,88.0,2,No,1.0,0,2,3.0,False,71,False,True,True,False,False,True,False,True,False,False,False,False,True,Aprobado,Aprobado
19.0,65.0,0,2,False,10.0,58.0,1,Yes,2.0,1,2,3.0,False,64,True,False,True,False,False,False,True,False,True,False,False,False,True,Reprobado,Reprobado
21.0,70.0,1,1,False,8.0,74.0,0,Yes,2.0,1,1,3.0,False,65,False,True,False,True,False,False,True,True,False,False,False,False,True,Aprobado,Aprobado
24.0,93.0,1,1,True,7.0,76.0,2,Yes,2.0,0,1,1.0,True,70,False,True,False,True,False,True,False,False,False,True,False,True,False,Aprobado,Aprobado
24.0,85.0,2,0,True,9.0,89.0,1,Yes,1.0,0,1,2.0,False,70,False,True,False,True,False,False,True,False,True,False,False,False,True,Aprobado,Aprobado
22.0,94.0,0,2,True,7.0,81.0,1,Yes,2.0,1,2,4.0,False,71,False,True,False,True,False,True,False,True,False,False,False,True,False,Aprobado,Aprobado
27.0,81.0,2,2,True,6.0,70.0,1,Yes,0.0,0,1,5.0,False,70,False,True,True,False,False,True,False,True,False,False,False,False,True,Aprobado,Aprobado
11.0,75.0,0,2,False,8.0,64.0,1,Yes,3.0,0,1,3.0,True,62,False,True,True,False,True,False,False,False,True,False,False,True,False,Reprobado,Reprobado
23.0,97.0,1,1,True,6.0,99.0,0,Yes,1.0,0,1,3.0,False,72,True,False,True,False,False,True,False,False,False,True,False,False,True,Aprobado,Aprobado
24.0,61.0,1,1,False,10.0,64.0,0,Yes,0.0,0,1,3.0,False,62,True,False,True,False,False,True,False,False,False,True,False,False,True,Reprobado,Reprobado
13.0,94.0,0,1,True,7.0,56.0,2,Yes,2.0,0,2,4.0,False,67,False,True,False,True,True,False,False,False,False,True,False,True,False,Aprobado,Reprobado
11.0,69.0,0,1,True,8.0,65.0,0,Yes,0.0,0,1,2.0,False,58,False,True,False,True,True,False,False,False,True,False,True,False,False,Reprobado,Aprobado
16.0,94.0,0,1,True,6.0,66.0,1,Yes,3.0,1,2,4.0,False,69,False,True,True,False,True,False,False,False,False,True,True,False,False,Aprobado,Aprobado
16.0,66.0,1,0,False,9.0,56.0,1,Yes,0.0,0,2,4.0,True,60,True,False,True,False,True,False,False,False,False,True,False,False,True,Reprobado,Reprobado
25.0,83.0,2,2,True,7.0,85.0,2,Yes,2.0,0,1,4.0,False,72,False,True,False,True,True,False,False,False,False,True,True,False,False,Aprobado,Aprobado
16.0,96.0,1,1,False,7.0,81.0,1,Yes,0.0,0,0,3.0,False,66,False,True,False,True,False,True,False,False,True,False,True,False,False,Aprobado,Aprobado
15.0,79.0,1,2,True,7.0,66.0,1,Yes,2.0,0,1,3.0,False,66,False,True,True,False,True,False,False,True,False,False,False,False,True,Aprobado,Aprobado
16.0,90.0,1,2,True,5.0,100.0,0,Yes,1.0,2,1,4.0,False,69,True,False,False,True,False,True,False,False,True,False,True,False,False,Aprobado,Aprobado
27.0,92.0,0,1,True,7.0,83.0,0,Yes,2.0,0,1,4.0,True,70,False,True,True,False,True,False,False,False,True,False,False,False,True,Aprobado,Aprobado
20.0,89.0,0,1,True,8.0,85.0,1,Yes,2.0,1,2,1.0,False,70,False,True,True,False,False,False,True,False,False,True,False,False,True,Aprobado,Aprobado
19.0,97.0,2,2,False,5.0,78.0,0,Yes,0.0,1,0,3.0,False,70,True,False,False,True,True,False,False,False,True,False,True,False,False,Aprobado,Aprobado
19.0,78.0,0,2,True,9.0,78.0,1,Yes,2.0,0,2,2.0,False,67,False,True,True,False,True,False,False,False,False,True,True,False,False,Aprobado,Aprobado
28.0,67.0,2,1,True,7.0,51.0,1,Yes,2.0,1,1,3.0,False,67,False,True,True,False,False,True,False,False,False,True,False,True,False,Aprobado,Reprobado
16.0,62.0,0,0,False,7.0,89.0,2,Yes,0.0,1,1,3.0,False,59,False,True,True,False,False,True,False,True,False,False,False,True,False,Reprobado,Aprobado
28.0,70.0,1,1,True,4.0,96.0,0,Yes,1.0,1,1,2.0,False,67,True,False,False,True,False,True,False,False,True,False,False,False,True,Aprobado,Aprobado
21.0,66.0,2,1,True,7.0,56.0,1,Yes,1.0,0,1,4.0,False,65,True,False,False,True,False,False,True,False,True,False,False,True,False,Aprobado,Reprobado
19.0,82.0,1,1,False,5.0,90.0,1,Yes,1.0,2,1,3.0,False,68,False,True,False,True,True,False,False,False,False,True,True,False,False,Aprobado,Aprobado
35.0,67.0,2,2,True,6.0,77.0,0,Yes,1.0,0,1,3.0,False,71,False,True,False,True,True,False,False,False,False,True,False,False,True,Aprobado,Aprobado
14.0,62.0,1,1,False,5.0,64.0,1,Yes,2.0,0,1,3.0,False,61,False,True,False,True,True,False,False,False,False,True,False,True,False,Reprobado,Reprobado
18.0,61.0,1,1,True,6.0,96.0,1,Yes,0.0,1,1,3.0,False,63,False,True,False,True,False,True,False,False,False,True,True,False,False,Reprobado,Aprobado
13.0,93.0,1,2,True,7.0,51.0,0,Yes,1.0,0,2,3.0,False,67,True,False,True,False,False,True,False,False,False,True,False,True,False,Aprobado,Reprobado
26.0,84.0,2,1,False,7.0,64.0,1,No,1.0,1,2,4.0,False,69,False,True,False,True,True,False,False,False,False,True,False,True,False,Aprobado,Reprobado
30.0,74.0,1,2,False,8.0,94.0,0,Yes,0.0,1,1,3.0,False,70,False,True,False,True,False,True,False,False,False,True,False,False,True,Aprobado,Aprobado
30.0,96.0,1,0,True,4.0,74.0,2,No,0.0,0,0,3.0,False,69,False,True,False,True,False,True,False,False,True,False,True,False,False,Aprobado,Aprobado
27.0,63.0,2,1,True,7.0,80.0,1,Yes,1.0,0,2,4.0,False,66,False,True,True,False,False,True,False,True,False,False,False,True,False,Aprobado,Aprobado
19.0,99.0,1,0,True,7.0,87.0,0,Yes,1.0,1,1,4.0,False,70,False,True,True,False,False,True,False,False,True,False,False,False,True,Aprobado,Aprobado
18.0,85.0,1,1,True,6.0,57.0,0,Yes,2.0,1,2,2.0,False,67,False,True,False,True,False,False,True,False,True,False,False,True,False,Aprobado,Reprobado
10.0,67.0,2,2,False,6.0,61.0,1,Yes,0.0,0,2,2.0,False,61,True,False,True,False,False,True,False,False,False,True,False,True,False,Reprobado,Reprobado
32.0,87.0,1,2,True,9.0,100.0,1,Yes,2.0,1,0,2.0,False,74,True,False,False,True,False,False,True,False,True,False,False,True,False,Aprobado,Aprobado
23.0,91.0,1,2,True,10.0,62.0,0,Yes,1.0,1,2,3.0,False,70,True,False,False,True,True,False,False,False,False,True,True,False,False,Aprobado,Reprobado
17.0,77.0,2,1,True,4.0,77.0,0,Yes,0.0,1,1,4.0,False,66,True,False,True,False,False,True,False,False,False,True,False,False,True,Aprobado,Aprobado
28.0,94.0,1,2,True,6.0,65.0,2,Yes,1.0,0,2,1.0,False,73,False,True,True,False,False,True,False,False,False,True,False,False,True,Aprobado,Aprobado
14.0,66.0,1,1,True,5.0,93.0,1,Yes,1.0,1,1,2.0,False,62,True,False,False,True,False,True,False,False,False,True,True,False,False,Reprobado,Aprobado
22.0,71.0,1,0,True,7.0,98.0,0,Yes,2.0,0,2,2.0,False,65,False,True,True,False,False,True,False,False,True,False,False,True,False,Aprobado,Aprobado
19.0,64.0,2,1,False,9.0,57.0,0,Yes,0.0,1,2,3.0,False,62,True,False,True,False,False,True,False,False,False,True,False,True,False,Reprobado,Reprobado
24.0,68.0,0,1,True,8.0,80.0,1,No,1.0,0,0,4.0,False,64,False,True,False,True,False,False,True,False,True,False,False,False,True,Reprobado,Aprobado
20.0,70.0,1,1,True,7.0,91.0,1,Yes,1.0,0,1,2.0,False,63,False,True,False,True,False,True,False,True,False,False,True,False,False,Reprobado,Aprobado
11.0,97.0,1,1,False,7.0,91.0,1,Yes,1.0,1,1,4.0,False,69,False,True,False,True,False,True,False,False,False,True,False,False,True,Aprobado,Aprobado
20.0,63.0,1,1,False,7.0,72.0,0,Yes,3.0,0,2,5.0,True,63,False,True,False,True,False,False,True,False,False,True,True,False,False,Reprobado,Aprobado
26.0,77.0,1,1,True,8.0,61.0,1,Yes,1.0,0,1,4.0,False,67,False,True,False,True,True,False,False,False,True,False,False,True,False,Aprobado,Reprobado
20.0,81.0,1,0,False,8.0,69.0,1,Yes,1.0,1,1,2.0,False,65,True,False,True,False,False,True,False,False,False,True,False,True,False,Aprobado,Aprobado
25.0,96.0,1,2,False,8.0,88.0,1,Yes,0.0,0,1,1.0,False,71,True,False,False,True,False,True,False,False,False,True,False,True,False,Aprobado,Aprobado
14.0,100.0,1,1,True,4.0,100.0,1,Yes,3.0,0,1,3.0,False,71,False,True,True,False,False,False,True,False,True,False,False,True,False,Aprobado,Aprobado
20.0,90.0,1,1,False,7.0,78.0,2,Yes,0.0,1,2,4.0,True,69,False,True,False,True,False,False,True,True,False,False,False,False,True,Aprobado,Aprobado
16.0,99.0,1,2,True,7.0,60.0,1,Yes,2.0,0,2,3.0,False,71,True,False,False,True,False,False,True,False,True,False,False,True,False,Aprobado,Reprobado
24.0,91.0,0,1,True,8.0,52.0,1,Yes,1.0,0,1,5.0,False,68,False,True,False,True,False,True,False,False,False,True,False,True,False,Aprobado,Reprobado
20.0,99.0,0,1,True,7.0,97.0,1,Yes,2.0,0,1,0.0,False,70,False,True,False,True,False,True,False,False,False,True,False,True,False,Aprobado,Aprobado
24.0,88.0,1,2,True,8.0,74.0,1,Yes,0.0,0,2,3.0,False,71,True,False,False,True,False,False,True,False,False,True,False,True,False,Aprobado,Aprobado
27.0,63.0,1,1,True,6.0,86.0,1,Yes,1.0,1,1,4.0,False,68,False,True,True,False,False,False,True,False,False,True,False,False,True,Aprobado,Aprobado
24.0,76.0,0,2,False,8.0,83.0,1,Yes,1.0,2,1,4.0,False,69,True,False,True,False,False,True,False,False,False,True,False,False,True,Aprobado,Aprobado
22.0,86.0,1,1,True,9.0,95.0,1,Yes,4.0,1,0,2.0,False,71,True,False,False,True,True,False,False,False,False,True,False,False,True,Aprobado,Aprobado
14.0,74.0,2,1,False,5.0,63.0,0,No,2.0,0,2,3.0,False,63,True,False,True,False,True,False,False,True,False,False,False,False,True,Reprobado,Reprobado
20.0,71.0,0,1,False,5.0,72.0,1,Yes,4.0,1,1,4.0,False,66,False,True,False,True,False,False,True,False,True,False,False,False,True,Aprobado,Aprobado
17.0,83.0,1,1,False,8.0,96.0,1,Yes,1.0,0,1,3.0,False,67,False,True,False,True,True,False,False,False,True,False,False,False,True,Aprobado,Aprobado
18.0,97.0,2,0,True,7.0,79.0,1,Yes,3.0,2,1,3.0,False,71,True,False,False,True,False,True,False,True,False,False,False,False,True,Aprobado,Aprobado
18.0,61.0,0,0,False,9.0,54.0,1,Yes,0.0,1,1,2.0,False,59,False,True,True,False,True,False,False,False,False,True,False,True,False,Reprobado,Reprobado
14.0,91.0,2,1,True,7.0,60.0,1,Yes,0.0,2,1,2.0,False,67,False,True,False,True,False,True,False,False,False,True,False,True,False,Aprobado,Reprobado
8.0,89.0,2,2,False,8.0,62.0,1,Yes,2.0,1,1,4.0,True,66,False,True,False,True,False,True,False,False,True,False,False,False,True,Aprobado,Reprobado
16.0,99.0,0,2,True,6.0,100.0,2,Yes,1.0,2,2,3.0,False,72,False,True,True,False,False,True,False,True,False,False,False,False,True,Aprobado,Aprobado
21.0,97.0,2,2,False,8.0,61.0,0,Yes,0.0,0,2,3.0,True,70,False,True,True,False,False,False,True,False,False,True,False,True,False,Aprobado,Reprobado
12.0,90.0,1,1,True,8.0,93.0,0,Yes,3.0,2,1,3.0,False,68,False,True,True,False,False,True,False,False,False,True,False,True,False,Aprobado,Aprobado
20.0,81.0,0,1,False,6.0,54.0,0,Yes,0.0,0,0,2.0,False,63,False,True,True,False,True,False,False,False,True,False,False,False,True,Reprobado,Reprobado
31.0,68.0,1,1,False,9.0,59.0,1,Yes,3.0,2,2,2.0,False,69,False,True,True,False,False,False,True,False,False,True,False,True,False,Aprobado,Reprobado
26.0,82.0,0,1,False,4.0,94.0,0,Yes,0.0,0,0,3.0,False,67,True,False,False,True,False,True,False,False,False,True,False,False,True,Aprobado,Aprobado
30.0,91.0,1,2,True,7.0,95.0,0,Yes,1.0,1,2,3.0,False,75,False,True,True,False,True,False,False,False,False,True,False,False,True,Aprobado,Aprobado
22.0,96.0,0,0,True,5.0,59.0,1,Yes,0.0,1,2,2.0,False,67,True,False,True,False,False,True,False,True,False,False,False,False,True,Aprobado,Reprobado
27.0,92.0,2,2,True,5.0,61.0,1,Yes,0.0,1,2,3.0,False,74,True,False,False,True,False,False,True,False,False,True,False,False,True,Aprobado,Reprobado
16.0,68.0,1,2,True,8.0,77.0,1,Yes,1.0,1,2,4.0,False,66,False,True,False,True,False,False,True,False,True,False,False,False,True,Aprobado,Aprobado
16.0,84.0,1,2,True,5.0,53.0,1,No,2.0,0,1,1.0,False,65,False,True,False,True,False,True,False,False,False,True,False,True,False,Aprobado,Reprobado
4.0,73.0,0,1,True,5.0,97.0,2,Yes,1.0,0,2,1.0,False,60,False,True,False,True,False,True,False,False,False,True,True,False,False,Reprobado,Aprobado
27.0,60.0,1,2,False,8.0,68.0,2,Yes,1.0,1,1,4.0,True,63,True,False,True,False,False,True,False,True,False,False,True,False,False,Reprobado,Aprobado
29.0,68.0,0,2,True,5.0,74.0,0,Yes,3.0,2,2,2.0,True,69,False,True,False,True,False,False,True,False,False,True,False,True,False,Aprobado,Aprobado
17.0,65.0,2,2,False,9.0,55.0,1,Yes,1.0,1,1,2.0,False,64,False,True,False,True,False,True,False,False,False,True,False,False,True,Reprobado,Reprobado
18.0,94.0,0,1,True,8.0,52.0,1,Yes,1.0,1,1,4.0,False,68,True,False,True,False,True,False,False,False,False,True,False,False,True,Aprobado,Reprobado
15.0,70.0,1,1,False,6.0,73.0,0,Yes,2.0,1,0,4.0,False,63,False,True,False,True,False,True,False,False,True,False,False,False,True,Reprobado,Aprobado
22.0,71.0,1,1,True,8.0,56.0,0,Yes,0.0,1,2,2.0,False,65,False,True,False,True,False,False,True,False,False,True,False,True,False,Aprobado,Reprobado
27.0,98.0,1,2,False,4.0,82.0,1,Yes,0.0,2,1,3.0,False,74,False,True,True,False,False,True,False,False,False,True,False,False,True,Aprobado,Aprobado
10.0,75.0,1,2,True,8.0,90.0,1,Yes,2.0,0,1,2.0,False,65,False,True,False,True,False,False,True,False,True,False,False,False,True,Aprobado,Aprobado
22.0,60.0,1,1,True,5.0,52.0,1,Yes,0.0,0,1,2.0,False,61,False,True,True,False,False,True,False,False,False,True,True,False,False,Reprobado,Reprobado
18.0,71.0,1,2,True,6.0,81.0,1,Yes,1.0,0,2,3.0,False,66,False,True,False,True,False,True,False,False,False,True,False,False,True,Aprobado,Aprobado
21.0,65.0,1,2,True,6.0,91.0,2,Yes,1.0,1,2,3.0,False,67,False,True,False,True,False,True,False,False,True,False,False,False,True,Aprobado,Aprobado
23.0,64.0,2,1,True,9.0,72.0,1,Yes,0.0,0,2,3.0,False,66,False,True,False,True,True,False,False,False,False,True,False,False,True,Aprobado,Aprobado
19.0,63.0,2,1,False,6.0,98.0,2,Yes,4.0,2,1,2.0,False,69,True,False,False,True,False,False,True,False,False,True,False,False,True,Aprobado,Aprobado
19.0,84.0,1,1,True,7.0,56.0,0,Yes,2.0,0,1,3.0,False,65,False,True,True,False,False,True,False,False,True,False,False,True,False,Aprobado,Reprobado
19.0,68.0,2,2,False,6.0,66.0,1,Yes,2.0,1,1,3.0,False,65,False,True,True,False,False,True,False,True,False,False,False,True,False,Aprobado,Aprobado
26.0,74.0,2,1,False,6.0,62.0,1,Yes,0.0,0,1,3.0,False,66,True,False,True,False,False,True,False,False,False,True,False,True,False,Aprobado,Reprobado
23.0,94.0,1,2,False,5.0,100.0,0,Yes,2.0,1,2,2.0,False,73,False,True,False,True,False,False,True,False,False,True,False,True,False,Aprobado,Aprobado
21.0,77.0,0,1,True,7.0,65.0,1,Yes,2.0,0,2,2.0,False,64,False,True,True,False,False,True,False,False,True,False,True,False,False,Reprobado,Aprobado
12.0,97.0,1,0,True,7.0,69.0,0,Yes,0.0,0,2,5.0,False,67,False,True,True,False,False,True,False,False,False,True,False,False,True,Aprobado,Aprobado
18.0,80.0,1,0,True,8.0,92.0,2,Yes,0.0,1,2,1.0,False,67,True,False,False,True,True,False,False,False,False,True,False,False,True,Aprobado,Aprobado
25.0,76.0,1,0,True,7.0,96.0,1,Yes,3.0,1,1,4.0,True,68,False,True,True,False,False,True,False,False,False,True,False,False,True,Aprobado,Aprobado
20.0,90.0,1,0,True,7.0,97.0,1,Yes,2.0,2,2,3.0,False,71,False,True,False,True,True,False,False,False,True,False,False,False,True,Aprobado,Aprobado
24.0,63.0,1,1,True,8.0,78.0,1,Yes,0.0,0,2,3.0,False,64,True,False,False,True,False,True,False,False,False,True,True,False,False,Reprobado,Aprobado
31.0,64.0,1,1,True,6.0,83.0,1,Yes,1.0,1,1,2.0,False,67,False,True,True,False,False,True,False,False,True,False,False,False,True,Aprobado,Aprobado
26.0,86.0,1,0,False,5.0,67.0,1,Yes,2.0,0,2,1.0,False,68,True,False,True,False,False,True,False,False,True,False,False,False,True,Aprobado,Aprobado
21.0,79.0,0,1,True,8.0,80.0,2,Yes,1.0,0,2,3.0,False,67,True,False,False,True,True,False,False,False,False,True,True,False,False,Aprobado,Aprobado
17.0,92.0,0,1,True,6.0,65.0,2,Yes,3.0,1,2,2.0,False,70,False,True,False,True,True,False,False,False,False,True,False,False,True,Aprobado,Aprobado
5.0,97.0,1,0,True,7.0,87.0,1,Yes,2.0,1,1,3.0,True,64,True,False,True,False,False,True,False,True,False,False,False,True,False,Reprobado,Aprobado
19.0,76.0,1,1,True,6.0,65.0,1,Yes,0.0,0,1,4.0,True,63,False,True,True,False,False,True,False,False,False,True,False,True,False,Reprobado,Aprobado
18.0,84.0,2,2,False,6.0,94.0,1,Yes,3.0,2,1,4.0,False,71,False,True,False,True,False,True,False,False,False,True,False,True,False,Aprobado,Aprobado
22.0,80.0,0,0,False,4.0,57.0,0,Yes,1.0,0,1,3.0,False,64,False,True,False,True,False,False,True,False,True,False,False,True,False,Reprobado,Reprobado
19.0,99.0,0,0,False,8.0,79.0,2,Yes,3.0,1,1,4.0,False,70,True,False,False,True,False,True,False,False,False,True,False,False,True,Aprobado,Aprobado
18.0,93.0,1,2,False,4.0,76.0,2,Yes,3.0,0,1,3.0,False,70,False,True,True,False,True,False,False,False,False,True,True,False,False,Aprobado,Aprobado
9.0,96.0,1,2,True,9.0,63.0,1,Yes,1.0,2,1,1.0,False,67,True,False,False,True,False,True,False,False,False,True,False,True,False,Aprobado,Reprobado
14.0,70.0,1,1,True,9.0,51.0,0,Yes,1.0,0,2,4.0,False,62,False,True,False,True,True,False,False,False,False,True,True,False,False,Reprobado,Reprobado
23.0,91.0,1,1,False,6.0,57.0,0,Yes,2.0,0,2,2.0,False,69,True,False,False,True,False,True,False,False,False,True,False,False,True,Aprobado,Reprobado
30.0,71.0,0,2,False,9.0,98.0,0,Yes,2.0,2,1,1.0,False,69,False,True,True,False,False,True,False,False,True,False,False,False,True,Aprobado,Aprobado
19.0,68.0,0,2,False,10.0,97.0,0,No,0.0,0,1,3.0,False,62,False,True,True,False,True,False,False,True,False,False,False,False,True,Reprobado,Aprobado
22.0,98.0,0,1,False,7.0,56.0,2,Yes,1.0,2,1,1.0,False,70,True,False,True,False,True,False,False,False,False,True,False,True,False,Aprobado,Reprobado
26.0,61.0,1,1,True,8.0,69.0,2,Yes,2.0,1,2,3.0,False,66,False,True,False,True,False,True,False,False,False,True,False,False,True,Aprobado,Aprobado
15.0,99.0,2,1,False,7.0,73.0,0,Yes,1.0,0,1,3.0,False,69,False,True,False,True,False,True,False,False,False,True,False,False,True,Aprobado,Aprobado
22.0,66.0,1,0,True,9.0,74.0,1,Yes,3.0,0,2,3.0,False,65,False,True,True,False,False,False,True,False,False,True,True,False,False,Aprobado,Aprobado
16.0,93.0,0,2,True,5.0,65.0,0,Yes,0.0,1,1,3.0,False,66,False,True,True,False,False,True,False,False,False,True,True,False,False,Aprobado,Aprobado
25.0,71.0,2,1,True,7.0,96.0,0,Yes,2.0,0,1,3.0,False,69,False,True,True,False,False,True,False,False,False,True,False,False,True,Aprobado,Aprobado
21.0,74.0,2,1,True,8.0,95.0,0,Yes,1.0,1,1,5.0,True,66,True,False,True,False,False,True,False,True,False,False,False,False,True,Aprobado,Aprobado
22.0,69.0,0,2,True,8.0,51.0,1,Yes,1.0,0,2,3.0,False,65,False,True,True,False,False,True,False,False,False,True,False,False,True,Aprobado,Reprobado
15.0,83.0,1,0,True,7.0,83.0,0,Yes,1.0,2,1,2.0,False,66,False,True,True,False,False,False,True,False,False,True,False,True,False,Aprobado,Aprobado
24.0,74.0,0,0,True,9.0,54.0,1,Yes,1.0,0,1,3.0,False,63,False,True,True,False,False,True,False,False,False,True,False,True,False,Reprobado,Reprobado
33.0,86.0,0,1,True,7.0,80.0,1,Yes,0.0,0,2,3.0,False,72,False,True,True,False,False,False,True,False,False,True,False,True,False,Aprobado,Aprobado
14.0,61.0,1,1,True,7.0,93.0,0,Yes,3.0,1,2,2.0,False,62,False,True,False,True,False,True,False,False,True,False,True,False,False,Reprobado,Aprobado
18.0,63.0,2,2,False,8.0,82.0,1,Yes,1.0,2,1,1.0,False,64,True,False,False,True,False,True,False,False,False,True,True,False,False,Reprobado,Aprobado
21.0,64.0,1,0,False,7.0,73.0,2,Yes,2.0,0,1,2.0,True,61,False,True,True,False,True,False,False,True,False,False,True,False,False,Reprobado,Aprobado
25.0,77.0,2,1,True,7.0,98.0,0,Yes,0.0,2,1,2.0,False,70,False,True,False,True,False,True,False,False,False,True,False,False,True,Aprobado,Aprobado
17.0,93.0,1,1,False,6.0,87.0,1,Yes,1.0,0,2,2.0,False,67,True,False,True,False,False,True,False,False,True,False,True,False,False,Aprobado,Aprobado
3.0,96.0,2,2,True,10.0,62.0,1,Yes,3.0,0,1,4.0,False,66,True,False,False,True,False,True,False,True,False,False,False,True,False,Aprobado,Reprobado
28.0,70.0,1,1,True,6.0,69.0,1,Yes,2.0,0,0,4.0,True,66,False,True,False,True,False,True,False,False,False,True,False,False,True,Aprobado,Aprobado
25.0,83.0,0,1,True,8.0,88.0,0,Yes,1.0,1,2,3.0,True,68,False,True,False,True,True,False,False,False,False,True,False,True,False,Aprobado,Aprobado
10.0,91.0,2,2,True,10.0,51.0,1,Yes,0.0,0,1,3.0,False,67,False,True,False,True,False,False,True,False,True,False,False,False,True,Aprobado,Reprobado
16.0,72.0,1,2,False,5.0,53.0,1,Yes,1.0,2,2,3.0,False,65,False,True,False,True,True,False,False,False,False,True,False,False,True,Aprobado,Reprobado
29.0,76.0,1,2,True,8.0,93.0,0,No,0.0,1,2,4.0,False,70,False,True,False,True,True,False,False,False,True,False,False,False,True,Aprobado,Aprobado
29.0,81.0,1,1,True,7.0,52.0,1,No,1.0,2,1,4.0,False,69,False,True,True,False,True,False,False,False,False,True,False,True,False,Aprobado,Reprobado
26.0,65.0,1,1,True,10.0,84.0,1,Yes,1.0,0,2,4.0,False,68,False,True,False,True,False,False,True,False,False,True,False,False,True,Aprobado,Aprobado
19.0,61.0,1,1,False,6.0,66.0,1,Yes,0.0,2,1,1.0,False,61,False,True,False,True,False,True,False,False,False,True,False,True,False,Reprobado,Aprobado
20.0,66.0,1,2,True,6.0,91.0,0,Yes,0.0,1,2,5.0,False,65,False,True,False,True,False,True,False,True,False,False,True,False,False,Aprobado,Aprobado
19.0,85.0,2,2,False,7.0,92.0,1,Yes,3.0,1,1,2.0,False,71,False,True,True,False,True,False,False,False,False,True,False,True,False,Aprobado,Aprobado
27.0,63.0,1,2,False,6.0,98.0,0,Yes,0.0,1,1,3.0,False,66,True,False,True,False,False,True,False,False,False,True,True,False,False,Aprobado,Aprobado
15.0,68.0,1,2,False,6.0,55.0,1,No,0.0,2,1,3.0,False,62,True,False,True,False,False,True,False,False,False,True,False,False,True,Reprobado,Reprobado
15.0,74.0,0,0,False,10.0,71.0,1,Yes,0.0,0,2,2.0,False,61,False,True,False,True,False,False,True,False,False,True,True,False,False,Reprobado,Aprobado
26.0,63.0,2,2,True,7.0,79.0,1,Yes,1.0,0,2,2.0,False,67,False,True,False,True,False,True,False,False,False,True,True,False,False,Aprobado,Aprobado
20.0,68.0,1,2,True,6.0,96.0,1,Yes,0.0,0,2,3.0,False,66,False,True,True,False,False,True,False,False,False,True,False,True,False,Aprobado,Aprobado
28.0,96.0,0,2,False,6.0,63.0,2,No,1.0,2,1,2.0,False,71,False,True,True,False,False,True,False,False,True,False,False,False,True,Aprobado,Reprobado
16.0,61.0,1,2,True,8.0,54.0,2,Yes,0.0,0,2,3.0,False,62,True,False,False,True,True,False,False,False,True,False,False,False,True,Reprobado,Reprobado
20.0,86.0,1,1,True,8.0,60.0,0,Yes,1.0,2,1,3.0,True,67,False,True,False,True,False,False,True,False,False,True,False,True,False,Aprobado,Reprobado
14.0,75.0,1,1,True,6.0,75.0,1,Yes,0.0,0,2,2.0,False,64,False,True,False,True,False,True,False,False,False,True,False,True,False,Reprobado,Aprobado
20.0,87.0,1,0,False,5.0,84.0,1,Yes,2.0,1,1,3.0,False,68,True,False,False,True,False,True,False,False,False,True,False,True,False,Aprobado,Aprobado
11.0,84.0,1,1,True,7.0,85.0,2,Yes,3.0,1,1,4.0,False,67,False,True,True,False,True,False,False,False,True,False,False,True,False,Aprobado,Aprobado
17.0,69.0,1,1,True,7.0,54.0,2,Yes,1.0,2,0,2.0,False,63,False,True,False,True,False,True,False,False,False,True,False,True,False,Reprobado,Reprobado
11.0,94.0,2,2,False,6.0,88.0,1,Yes,2.0,1,1,4.0,False,70,False,True,False,True,False,True,False,False,False,True,False,False,True,Aprobado,Aprobado
24.0,80.0,0,2,True,9.0,83.0,1,Yes,1.0,0,0,1.0,False,67,False,True,False,True,False,True,False,False,False,True,True,False,False,Aprobado,Aprobado
24.0,93.0,1,2,True,8.0,70.0,0,Yes,1.0,1,2,3.0,False,71,True,False,True,False,False,True,False,False,True,False,False,True,False,Aprobado,Aprobado
10.0,76.0,1,0,True,7.0,79.0,0,Yes,3.0,1,1,4.0,False,62,True,False,True,False,False,True,False,True,False,False,False,True,False,Reprobado,Aprobado
28.0,99.0,1,1,True,6.0,88.0,1,Yes,3.0,0,1,4.0,False,75,False,True,True,False,False,True,False,False,False,True,False,False,True,Aprobado,Aprobado
35.0,91.0,0,1,True,10.0,63.0,0,Yes,1.0,1,1,5.0,False,72,False,True,False,True,False,True,False,False,False,True,False,True,False,Aprobado,Reprobado
20.0,99.0,1,0,True,5.0,97.0,0,Yes,4.0,2,1,3.0,False,73,False,True,True,False,True,False,False,False,False,True,False,True,False,Aprobado,Aprobado
16.0,81.0,0,1,False,6.0,57.0,2,Yes,3.0,0,0,3.0,False,64,True,False,False,True,False,True,False,False,False,True,False,False,True,Reprobado,Reprobado
37.0,79.0,1,2,False,6.0,95.0,2,Yes,1.0,2,1,1.0,False,73,False,True,False,True,False,True,False,False,False,True,True,False,False,Aprobado,Aprobado
12.0,90.0,1,0,True,7.0,87.0,0,Yes,2.0,0,2,2.0,False,66,False,True,False,True,False,False,True,True,False,False,False,True,False,Aprobado,Aprobado
20.0,95.0,0,0,False,8.0,83.0,2,Yes,1.0,1,1,3.0,False,69,True,False,True,False,False,True,False,False,False,True,False,False,True,Aprobado,Aprobado
21.0,99.0,1,1,True,5.0,54.0,2,Yes,1.0,0,1,4.0,False,70,False,True,False,True,True,False,False,False,True,False,False,True,False,Aprobado,Reprobado
28.0,73.0,1,2,True,6.0,96.0,1,Yes,1.0,1,1,0.0,False,70,False,True,True,False,False,False,True,False,False,True,True,False,False,Aprobado,Aprobado
22.0,92.0,2,2,False,8.0,65.0,1,Yes,0.0,1,2,2.0,False,71,True,False,False,True,False,True,False,False,True,False,False,False,True,Aprobado,Aprobado
17.0,68.0,0,2,True,6.0,87.0,2,Yes,0.0,0,1,4.0,True,64,True,False,False,True,True,False,False,False,False,True,False,False,True,Reprobado,Aprobado
14.0,82.0,1,2,False,6.0,94.0,0,Yes,7.0,1,2,4.0,False,71,True,False,False,True,False,False,True,False,False,True,True,False,False,Aprobado,Aprobado
18.0,67.0,2,1,True,7.0,62.0,2,Yes,1.0,0,0,2.0,False,63,True,False,False,True,False,True,False,True,False,False,False,False,True,Reprobado,Reprobado
14.0,74.0,2,2,True,6.0,96.0,0,Yes,2.0,0,2,4.0,False,68,False,True,False,True,True,False,False,False,False,True,False,True,False,Aprobado,Aprobado
20.0,97.0,1,1,False,7.0,81.0,1,Yes,3.0,1,2,3.0,True,71,False,True,False,True,True,False,False,False,False,True,False,True,False,Aprobado,Aprobado
17.0,66.0,1,1,True,8.0,83.0,1,Yes,4.0,1,2,5.0,False,65,True,False,False,True,False,True,False,False,True,False,True,False,False,Aprobado,Aprobado
11.0,85.0,2,1,True,7.0,96.0,1,No,1.0,0,1,3.0,False,66,False,True,False,True,False,True,False,False,False,True,False,True,False,Aprobado,Aprobado
28.0,84.0,2,2,True,9.0,76.0,2,Yes,0.0,2,1,3.0,False,72,True,False,False,True,False,True,False,False,False,True,True,False,False,Aprobado,Aprobado
17.0,65.0,2,2,True,8.0,72.0,0,Yes,1.0,0,1,4.0,False,65,False,True,False,True,True,False,False,False,True,False,False,False,True,Aprobado,Aprobado
12.0,73.0,0,1,False,7.0,82.0,1,No,1.0,0,1,3.0,False,60,False,True,False,True,False,True,False,True,False,False,False,False,True,Reprobado,Aprobado
19.0,83.0,0,1,False,7.0,78.0,2,No,2.0,0,2,4.0,False,67,False,True,False,True,False,False,True,False,True,False,False,False,True,Aprobado,Aprobado
20.0,67.0,1,2,False,10.0,53.0,2,Yes,1.0,0,1,2.0,False,65,True,False,False,True,False,False,True,False,False,True,False,False,True,Aprobado,Reprobado
10.0,92.0,2,0,True,6.0,59.0,2,Yes,0.0,0,1,2.0,False,64,False,True,True,False,False,True,False,False,True,False,True,False,False,Reprobado,Reprobado
22.0,99.0,2,2,True,7.0,51.0,1,Yes,2.0,2,2,4.0,True,72,False,True,False,True,False,True,False,False,True,False,True,False,False,Aprobado,Reprobado
14.0,69.0,2,1,False,6.0,55.0,1,Yes,3.0,0,0,2.0,False,62,True,False,False,True,False,True,False,False,True,False,False,False,True,Reprobado,Reprobado
30.0,67.0,1,1,True,8.0,86.0,1,Yes,0.0,0,1,4.0,False,67,False,True,True,False,False,True,False,False,True,False,False,True,False,Aprobado,Aprobado
23.0,78.0,1,1,True,10.0,50.0,1,Yes,1.0,1,1,3.0,True,67,True,False,True,False,False,False,True,False,False,True,False,False,True,Aprobado,Reprobado
18.0,90.0,1,1,False,7.0,65.0,0,Yes,4.0,1,1,3.0,False,69,False,True,True,False,True,False,False,False,False,True,False,False,True,Aprobado,Aprobado
16.0,71.0,2,2,True,7.0,72.0,0,Yes,1.0,1,0,4.0,False,65,True,False,True,False,True,False,False,False,True,False,False,True,False,Aprobado,Aprobado
19.0,61.0,1,2,False,7.0,97.0,0,Yes,0.0,1,2,3.0,True,62,False,True,False,True,True,False,False,True,False,False,True,False,False,Reprobado,Aprobado
24.0,82.0,2,1,True,5.0,66.0,1,Yes,0.0,1,1,3.0,False,69,True,False,False,True,False,False,True,False,False,True,False,True,False,Aprobado,Aprobado
20.0,98.0,1,2,False,7.0,89.0,1,Yes,1.0,2,1,3.0,False,72,False,True,True,False,True,False,False,True,False,False,False,False,True,Aprobado,Aprobado
19.0,76.0,0,2,True,10.0,70.0,0,Yes,1.0,0,1,3.0,False,63,False,True,True,False,True,False,False,True,False,False,True,False,False,Reprobado,Aprobado
20.0,77.0,2,1,False,8.0,55.0,0,Yes,1.0,1,1,3.0,False,64,False,True,True,False,True,False,False,True,False,False,True,False,False,Reprobado,Reprobado
16.0,99.0,0,1,True,9.0,55.0,1,Yes,1.0,2,1,3.0,True,67,False,True,True,False,True,False,False,True,False,False,False,True,False,Aprobado,Reprobado
18.0,88.0,1,1,False,9.0,72.0,2,Yes,2.0,2,2,4.0,False,70,False,True,False,True,False,False,True,False,True,False,False,True,False,Aprobado,Aprobado
7.0,89.0,2,0,True,6.0,53.0,1,Yes,3.0,0,2,2.0,False,64,True,False,False,True,False,True,False,False,True,False,False,True,False,Reprobado,Reprobado
26.0,83.0,1,1,False,10.0,79.0,1,Yes,1.0,2,1,2.0,False,69,False,True,True,False,False,True,False,False,True,False,False,True,False,Aprobado,Aprobado
22.0,99.0,2,2,False,4.0,75.0,0,Yes,2.0,1,1,4.0,False,72,True,False,True,False,False,True,False,False,False,True,True,False,False,Aprobado,Aprobado
15.0,88.0,1,1,True,7.0,85.0,1,Yes,4.0,1,1,2.0,False,69,True,False,True,False,False,False,True,False,False,True,True,False,False,Aprobado,Aprobado
31.0,96.0,2,1,True,4.0,59.0,1,Yes,3.0,0,1,5.0,False,75,True,False,True,False,False,True,False,False,False,True,False,True,False,Aprobado,Reprobado
21.0,88.0,0,1,False,4.0,80.0,0,Yes,1.0,1,1,2.0,True,67,False,True,False,True,False,False,True,False,False,True,False,False,True,Aprobado,Aprobado
14.0,89.0,1,1,True,8.0,59.0,2,Yes,1.0,0,1,3.0,False,67,True,False,False,True,True,False,False,False,False,True,False,True,False,Aprobado,Reprobado
25.0,72.0,1,1,False,6.0,86.0,2,Yes,0.0,1,1,2.0,False,66,False,True,True,False,False,True,False,True,False,False,False,True,False,Aprobado,Aprobado
22.0,72.0,1,0,True,9.0,65.0,2,Yes,0.0,1,1,3.0,False,64,False,True,False,True,False,True,False,False,True,False,False,True,False,Reprobado,Aprobado
22.0,91.0,1,0,False,4.0,81.0,1,Yes,2.0,0,2,3.0,False,68,True,False,False,True,False,True,False,False,False,True,True,False,False,Aprobado,Aprobado
17.0,72.0,2,1,True,7.0,94.0,2,Yes,1.0,0,1,5.0,False,66,False,True,False,True,False,True,False,False,True,False,False,True,False,Aprobado,Aprobado
23.0,83.0,2,1,False,5.0,74.0,1,Yes,3.0,0,1,2.0,False,69,False,True,False,True,False,False,True,False,False,True,True,False,False,Aprobado,Aprobado
18.0,70.0,2,0,True,7.0,60.0,1,Yes,1.0,1,2,3.0,False,65,False,True,False,True,True,False,False,False,False,True,False,False,True,Aprobado,Reprobado
23.0,93.0,1,0,True,9.0,94.0,2,Yes,2.0,1,0,3.0,False,70,True,False,True,False,False,True,False,False,True,False,True,False,False,Aprobado,Aprobado
9.0,64.0,1,0,True,10.0,68.0,0,Yes,0.0,1,1,3.0,False,57,True,False,False,True,False,True,False,False,False,True,True,False,False,Reprobado,Aprobado
17.0,93.0,1,1,False,8.0,87.0,0,Yes,2.0,2,2,3.0,False,69,True,False,False,True,True,False,False,False,True,False,True,False,False,Aprobado,Aprobado
30.0,84.0,2,0,True,5.0,66.0,0,Yes,0.0,1,0,2.0,False,70,False,True,True,False,False,False,True,False,False,True,False,False,True,Aprobado,Aprobado
15.0,67.0,0,1,True,5.0,65.0,1,Yes,4.0,1,1,2.0,False,63,True,False,False,True,True,False,False,False,False,True,True,False,False,Reprobado,Aprobado
16.0,82.0,1,1,False,7.0,82.0,1,Yes,1.0,1,0,3.0,False,66,False,True,True,False,False,False,True,False,True,False,False,True,False,Aprobado,Aprobado
17.0,71.0,1,1,True,6.0,58.0,1,Yes,3.0,1,1,3.0,True,64,True,False,False,True,False,True,False,False,False,True,False,False,True,Reprobado,Reprobado
13.0,73.0,1,2,False,8.0,93.0,1,Yes,0.0,2,2,3.0,False,65,False,True,True,False,False,False,True,False,False,True,False,True,False,Aprobado,Aprobado
7.0,74.0,2,1,False,10.0,69.0,2,Yes,1.0,2,1,4.0,False,64,False,True,False,True,False,True,False,False,False,True,False,False,True,Reprobado,Aprobado
19.0,63.0,1,0,True,6.0,51.0,2,Yes,2.0,1,1,4.0,False,62,False,True,False,True,False,True,False,False,False,True,False,True,False,Reprobado,Reprobado
21.0,99.0,2,1,True,6.0,65.0,0,Yes,1.0,1,1,2.0,False,71,True,False,True,False,True,False,False,True,False,False,False,False,True,Aprobado,Aprobado
20.0,61.0,1,2,False,5.0,89.0,1,Yes,1.0,1,1,2.0,False,64,False,True,True,False,False,False,True,True,False,False,False,True,False,Reprobado,Aprobado
19.0,86.0,2,2,True,7.0,93.0,2,Yes,1.0,1,2,2.0,False,72,False,True,False,True,False,True,False,False,False,True,False,True,False,Aprobado,Aprobado
20.0,75.0,1,1,False,7.0,78.0,1,Yes,0.0,0,1,2.0,False,64,False,True,True,False,True,False,False,False,False,True,True,False,False,Reprobado,Aprobado
26.0,86.0,1,0,True,7.0,65.0,1,Yes,2.0,2,2,4.0,False,71,True,False,False,True,False,False,True,False,True,False,False,True,False,Aprobado,Aprobado
19.0,74.0,1,1,True,8.0,76.0,2,Yes,5.0,1,2,4.0,True,68,False,True,True,False,True,False,False,False,False,True,False,True,False,Aprobado,Aprobado
17.0,87.0,1,1,True,8.0,92.0,1,No,3.0,2,0,2.0,False,68,False,True,False,True,True,False,False,False,False,True,True,False,False,Aprobado,Aprobado
18.0,89.0,1,1,False,7.0,66.0,1,Yes,2.0,1,1,3.0,False,68,False,True,False,True,True,False,False,False,True,False,False,False,True,Aprobado,Aprobado
23.0,88.0,1,1,False,7.0,69.0,1,Yes,3.0,0,2,3.0,False,69,False,True,False,True,False,True,False,False,False,True,True,False,False,Aprobado,Aprobado
28.0,65.0,0,1,True,7.0,77.0,2,Yes,1.0,0,2,3.0,False,67,False,True,False,True,True,False,False,False,False,True,False,False,True,Aprobado,Aprobado
16.0,86.0,1,0,False,7.0,94.0,0,Yes,0.0,0,1,4.0,False,66,True,False,False,True,False,True,False,False,False,True,False,False,True,Aprobado,Aprobado
21.0,71.0,1,1,True,6.0,79.0,1,Yes,1.0,0,1,4.0,False,65,True,False,False,True,False,False,True,True,False,False,False,True,False,Aprobado,Aprobado
22.0,61.0,1,2,False,5.0,60.0,2,Yes,0.0,2,0,2.0,False,63,True,False,False,True,False,True,False,False,True,False,False,True,False,Reprobado,Reprobado
14.0,77.0,2,0,False,7.0,54.0,1,Yes,1.0,1,2,2.0,False,62,False,True,False,True,False,True,False,False,True,False,True,False,False,Reprobado,Reprobado
20.0,77.0,2,2,False,6.0,55.0,1,Yes,1.0,2,0,1.0,False,67,True,False,False,True,True,False,False,False,False,True,False,True,False,Aprobado,Reprobado
11.0,79.0,1,1,True,8.0,98.0,1,Yes,2.0,0,1,4.0,False,65,False,True,True,False,False,True,False,False,False,True,False,True,False,Aprobado,Aprobado
9.0,88.0,1,1,True,7.0,91.0,1,Yes,1.0,0,1,3.0,False,66,False,True,True,False,True,False,False,False,False,True,True,False,False,Aprobado,Aprobado
22.0,72.0,0,2,False,7.0,88.0,1,No,2.0,1,1,4.0,False,66,False,True,True,False,False,True,False,False,False,True,False,False,True,Aprobado,Aprobado
18.0,73.0,1,1,True,8.0,75.0,1,Yes,0.0,2,1,1.0,True,64,False,True,True,False,True,False,False,False,False,True,False,True,False,Reprobado,Aprobado
21.0,62.0,2,1,True,5.0,84.0,1,Yes,5.0,0,1,4.0,False,67,False,True,True,False,False,True,False,False,False,True,False,False,True,Aprobado,Aprobado
20.0,87.0,1,1,False,10.0,56.0,1,Yes,2.0,1,1,2.0,False,67,False,True,True,False,True,False,False,False,True,False,False,True,False,Aprobado,Reprobado
14.0,83.0,0,0,False,4.0,81.0,0,Yes,1.0,0,1,4.0,True,61,False,True,False,True,False,True,False,False,True,False,True,False,False,Reprobado,Aprobado
20.0,74.0,1,1,True,9.0,91.0,1,Yes,1.0,0,1,5.0,False,66,False,True,False,True,False,True,False,False,False,True,False,True,False,Aprobado,Aprobado
13.0,88.0,2,1,True,7.0,53.0,1,Yes,2.0,1,1,4.0,False,66,True,False,False,True,True,False,False,False,True,False,True,False,False,Aprobado,Reprobado
28.0,81.0,1,0,True,6.0,65.0,1,Yes,1.0,0,1,2.0,False,67,False,True,False,True,False,True,False,False,True,False,False,False,True,Aprobado,Aprobado
12.0,79.0,2,1,False,5.0,56.0,2,Yes,1.0,0,0,5.0,False,64,False,True,True,False,False,True,False,False,False,True,False,False,True,Reprobado,Reprobado
19.0,80.0,2,0,False,6.0,63.0,0,Yes,1.0,0,1,3.0,False,64,False,True,False,True,False,True,False,False,False,True,False,True,False,Reprobado,Reprobado
14.0,85.0,0,1,False,7.0,89.0,1,Yes,2.0,1,2,2.0,False,67,False,True,False,True,True,False,False,False,True,False,False,False,True,Aprobado,Aprobado
23.0,86.0,0,2,False,7.0,67.0,0,Yes,2.0,1,2,3.0,True,68,True,False,True,False,True,False,False,False,False,True,False,True,False,Aprobado,Aprobado
18.0,72.0,1,0,False,9.0,84.0,1,Yes,2.0,1,1,4.0,False,64,False,True,False,True,False,True,False,False,False,True,False,True,False,Reprobado,Aprobado
17.0,66.0,1,1,True,7.0,89.0,1,Yes,0.0,1,1,3.0,False,63,True,False,False,True,True,False,False,False,False,True,True,False,False,Reprobado,Aprobado
25.0,66.0,1,2,True,7.0,91.0,1,Yes,2.0,0,2,3.0,False,68,False,True,False,True,True,False,False,False,False,True,False,True,False,Aprobado,Aprobado
20.0,86.0,0,0,False,8.0,94.0,0,Yes,2.0,0,1,2.0,False,64,True,False,True,False,False,True,False,True,False,False,True,False,False,Reprobado,Aprobado
23.0,95.0,0,1,True,7.0,80.0,2,Yes,2.0,0,1,4.0,False,70,False,True,True,False,False,True,False,False,True,False,False,True,False,Aprobado,Aprobado
14.0,76.0,0,1,False,7.0,64.0,1,Yes,3.0,1,1,3.0,False,64,True,False,False,True,True,False,False,False,False,True,False,False,True,Reprobado,Reprobado
12.0,67.0,2,1,False,7.0,58.0,1,Yes,0.0,2,1,2.0,True,59,False,True,False,True,False,True,False,True,False,False,False,True,False,Reprobado,Reprobado
21.0,90.0,2,1,True,8.0,75.0,1,Yes,4.0,0,2,2.0,False,71,False,True,False,True,False,True,False,False,True,False,False,True,False,Aprobado,Aprobado
18.0,93.0,0,1,True,6.0,55.0,1,Yes,3.0,0,1,5.0,False,67,False,True,False,True,False,True,False,False,True,False,True,False,False,Aprobado,Reprobado
24.0,95.0,1,0,True,6.0,96.0,2,Yes,3.0,0,1,3.0,False,73,True,False,True,False,False,False,True,False,False,True,False,True,False,Aprobado,Aprobado
20.0,84.0,0,0,False,8.0,72.0,1,Yes,3.0,2,1,3.0,False,66,False,True,False,True,False,True,False,False,False,True,False,True,False,Aprobado,Aprobado
21.0,94.0,2,2,False,5.0,94.0,1,Yes,2.0,0,2,2.0,False,73,True,False,False,True,True,False,False,False,False,True,False,True,False,Aprobado,Aprobado
10.0,61.0,2,1,True,7.0,85.0,2,Yes,1.0,1,1,4.0,False,62,False,True,True,False,False,True,False,False,False,True,False,True,False,Reprobado,Aprobado
31.0,64.0,1,2,False,6.0,93.0,1,Yes,1.0,0,2,3.0,False,69,False,True,True,False,False,True,False,False,False,True,False,True,False,Aprobado,Aprobado
19.0,64.0,1,2,False,8.0,94.0,1,Yes,3.0,1,2,3.0,True,66,True,False,True,False,False,False,True,False,False,True,False,True,False,Aprobado,Aprobado
24.0,89.0,1,0,True,9.0,53.0,1,Yes,1.0,0,2,3.0,False,68,True,False,False,True,False,True,False,False,False,True,False,True,False,Aprobado,Reprobado
15.0,63.0,1,1,True,6.0,86.0,0,Yes,4.0,2,1,5.0,False,65,False,True,False,True,False,True,False,False,False,True,False,False,True,Aprobado,Aprobado
22.0,80.0,1,1,True,8.0,61.0,2,Yes,1.0,0,1,2.0,False,67,False,True,False,True,True,False,False,False,True,False,False,False,True,Aprobado,Reprobado
12.0,79.0,1,1,True,7.0,99.0,0,Yes,2.0,1,1,2.0,True,64,False,True,True,False,False,True,False,False,False,True,True,False,False,Reprobado,Aprobado
23.0,72.0,2,2,True,6.0,89.0,1,No,0.0,1,2,3.0,False,67,True,False,False,True,False,True,False,False,True,False,True,False,False,Aprobado,Aprobado
18.0,95.0,0,0,True,7.0,50.0,0,Yes,3.0,1,1,3.0,False,66,True,False,True,False,False,True,False,False,True,False,False,True,False,Aprobado,Reprobado
20.0,67.0,2,1,False,9.0,96.0,2,Yes,1.0,2,2,3.0,False,68,False,True,True,False,False,True,False,False,False,True,False,False,True,Aprobado,Aprobado
24.0,74.0,1,1,True,7.0,65.0,0,Yes,3.0,1,2,2.0,False,68,False,True,False,True,True,False,False,False,False,True,False,True,False,Aprobado,Aprobado
13.0,91.0,1,0,True,9.0,71.0,0,Yes,1.0,0,1,2.0,False,64,False,True,False,True,True,False,False,True,False,False,False,False,True,Reprobado,Aprobado
16.0,61.0,2,1,True,7.0,81.0,0,Yes,2.0,1,1,1.0,False,63,False,True,True,False,False,True,False,False,False,True,False,True,False,Reprobado,Aprobado
23.0,87.0,2,1,False,5.0,96.0,1,Yes,2.0,1,1,3.0,False,72,False,True,True,False,True,False,False,False,True,False,False,False,True,Aprobado,Aprobado
33.0,93.0,2,1,False,7.0,96.0,1,Yes,1.0,0,2,1.0,False,75,False,True,True,False,False,False,True,False,True,False,False,False,True,Aprobado,Aprobado
19.0,97.0,2,1,False,5.0,78.0,0,Yes,2.0,0,1,3.0,False,71,False,True,False,True,False,True,False,False,False,True,False,False,True,Aprobado,Aprobado
24.0,95.0,2,1,False,7.0,66.0,0,Yes,2.0,2,2,3.0,False,71,False,True,False,True,False,True,False,False,False,True,True,False,False,Aprobado,Aprobado
19.0,73.0,1,1,True,6.0,64.0,0,Yes,4.0,1,1,5.0,True,66,False,True,True,False,True,False,False,False,False,True,False,False,True,Aprobado,Reprobado
32.0,83.0,2,1,True,10.0,68.0,1,No,3.0,0,1,4.0,False,71,True,False,True,False,False,True,False,False,True,False,False,False,True,Aprobado,Aprobado
10.0,63.0,2,1,False,9.0,59.0,0,Yes,0.0,1,2,5.0,False,61,False,True,False,True,False,False,True,False,True,False,False,False,True,Reprobado,Reprobado
21.0,70.0,1,1,True,7.0,83.0,1,Yes,1.0,1,1,3.0,False,65,False,True,False,True,False,True,False,True,False,False,False,True,False,Aprobado,Aprobado
10.0,64.0,1,0,False,9.0,76.0,0,Yes,1.0,0,1,1.0,False,58,True,False,True,False,False,True,False,False,False,True,False,False,True,Reprobado,Aprobado
5.0,73.0,2,0,True,6.0,89.0,2,Yes,1.0,1,1,2.0,False,62,False,True,False,True,False,True,False,False,False,True,False,True,False,Reprobado,Aprobado
22.0,95.0,2,0,False,5.0,55.0,1,Yes,2.0,2,2,0.0,True,69,False,True,True,False,True,False,False,False,False,True,False,True,False,Aprobado,Reprobado
21.0,74.0,1,0,True,8.0,70.0,1,Yes,1.0,1,1,3.0,False,65,False,True,False,True,False,False,True,True,False,False,False,True,False,Aprobado,Aprobado
18.0,82.0,2,1,True,8.0,62.0,2,Yes,3.0,0,1,4.0,False,69,True,False,True,False,False,True,False,False,False,True,False,True,False,Aprobado,Reprobado
19.0,77.0,2,1,True,6.0,77.0,2,Yes,1.0,0,2,3.0,False,68,True,False,True,False,True,False,False,False,False,True,False,True,False,Aprobado,Aprobado
39.0,78.0,1,1,False,6.0,73.0,1,Yes,0.0,0,1,2.0,False,70,False,True,False,True,True,False,False,True,False,False,False,False,True,Aprobado,Aprobado
18.0,99.0,2,1,True,8.0,72.0,1,Yes,4.0,0,1,4.0,False,72,False,True,True,False,False,True,False,False,False,True,False,True,False,Aprobado,Aprobado
23.0,72.0,0,1,True,4.0,66.0,0,No,3.0,0,1,4.0,False,66,True,False,True,False,False,False,True,False,False,True,False,False,True,Aprobado,Aprobado
16.0,85.0,0,2,True,8.0,86.0,0,Yes,2.0,2,1,4.0,False,68,True,False,True,False,False,True,False,False,False,True,False,True,False,Aprobado,Aprobado
22.0,77.0,1,1,True,7.0,74.0,2,Yes,2.0,0,0,4.0,False,67,True,False,False,True,True,False,False,False,False,True,True,False,False,Aprobado,Aprobado
19.0,62.0,2,0,True,8.0,60.0,1,Yes,1.0,0,1,2.0,False,61,False,True,True,False,True,False,False,True,False,False,False,False,True,Reprobado,Reprobado
18.0,80.0,0,0,True,8.0,77.0,1,Yes,1.0,0,2,2.0,False,64,False,True,True,False,True,False,False,False,False,True,True,False,False,Reprobado,Aprobado
31.0,93.0,2,1,False,6.0,80.0,1,Yes,3.0,1,1,2.0,False,74,False,True,False,True,False,True,False,False,False,True,False,True,False,Aprobado,Aprobado
27.0,64.0,1,1,False,5.0,51.0,2,Yes,1.0,0,2,3.0,False,64,False,True,True,False,False,True,False,False,False,True,True,False,False,Reprobado,Reprobado
21.0,63.0,2,0,True,9.0,60.0,1,Yes,2.0,1,1,2.0,False,64,False,True,False,True,False,False,True,False,False,True,True,False,False,Reprobado,Reprobado
6.0,66.0,2,1,True,7.0,62.0,0,Yes,2.0,0,1,4.0,False,61,False,True,False,True,False,False,True,False,False,True,False,True,False,Reprobado,Reprobado
18.0,91.0,2,2,True,7.0,62.0,1,Yes,3.0,0,1,3.0,False,71,True,False,False,True,False,True,False,False,False,True,False,False,True,Aprobado,Reprobado
36.0,89.0,2,0,True,8.0,62.0,0,Yes,2.0,0,2,3.0,False,72,True,False,False,True,True,False,False,False,True,False,True,False,False,Aprobado,Reprobado
19.0,83.0,2,2,False,6.0,64.0,1,Yes,0.0,1,1,5.0,False,68,True,False,True,False,False,False,True,False,False,True,True,False,False,Aprobado,Reprobado
27.0,79.0,0,2,True,8.0,63.0,2,Yes,2.0,0,1,5.0,False,69,False,True,True,False,True,False,False,False,True,False,True,False,False,Aprobado,Reprobado
29.0,96.0,1,2,False,8.0,94.0,2,No,2.0,0,2,4.0,False,74,False,True,False,True,False,True,False,False,False,True,True,False,False,Aprobado,Aprobado
21.0,91.0,1,2,True,9.0,66.0,0,Yes,3.0,0,1,4.0,False,70,False,True,True,False,True,False,False,False,True,False,False,True,False,Aprobado,Aprobado
15.0,92.0,2,0,True,9.0,67.0,0,Yes,1.0,2,2,2.0,False,69,False,True,False,True,False,False,True,False,False,True,False,False,True,Aprobado,Aprobado
5.0,93.0,0,0,False,7.0,63.0,1,Yes,2.0,1,2,3.0,False,64,False,True,False,True,False,False,True,False,False,True,False,True,False,Reprobado,Reprobado
24.0,86.0,0,0,True,8.0,98.0,1,Yes,2.0,2,1,5.0,False,71,False,True,False,True,False,False,True,True,False,False,False,False,True,Aprobado,Aprobado
15.0,78.0,2,0,True,7.0,77.0,0,Yes,0.0,2,1,3.0,False,65,False,True,False,True,True,False,False,False,False,True,False,True,False,Aprobado,Aprobado
21.0,95.0,2,1,True,7.0,81.0,1,Yes,0.0,1,1,3.0,False,71,False,True,False,True,False,True,False,False,False,True,False,True,False,Aprobado,Aprobado
13.0,97.0,2,2,True,5.0,87.0,0,Yes,1.0,1,2,2.0,False,71,False,True,True,False,False,False,True,False,False,True,False,True,False,Aprobado,Aprobado
18.0,61.0,0,1,True,7.0,67.0,1,Yes,5.0,2,2,2.0,False,66,False,True,False,True,False,False,True,False,False,True,False,False,True,Aprobado,Aprobado
20.0,62.0,1,1,False,4.0,98.0,2,Yes,1.0,2,0,4.0,False,64,False,True,False,True,False,True,False,False,False,True,True,False,False,Reprobado,Aprobado
22.0,98.0,1,1,False,7.0,58.0,1,Yes,0.0,1,1,3.0,False,70,True,False,False,True,False,True,False,False,False,True,False,True,False,Aprobado,Reprobado
13.0,71.0,0,0,False,9.0,73.0,0,Yes,1.0,2,2,3.0,False,61,True,False,False,True,False,True,False,False,True,False,False,True,False,Reprobado,Aprobado
27.0,95.0,1,1,True,8.0,57.0,2,Yes,1.0,1,0,3.0,False,71,True,False,True,False,False,True,False,False,True,False,False,False,True,Aprobado,Reprobado
16.0,76.0,1,1,False,7.0,90.0,1,Yes,0.0,0,1,3.0,False,65,False,True,False,True,False,False,True,False,True,False,False,True,False,Aprobado,Aprobado
10.0,65.0,0,2,False,7.0,55.0,1,Yes,0.0,0,2,3.0,False,59,False,True,True,False,False,True,False,False,False,True,False,True,False,Reprobado,Reprobado
19.0,63.0,1,1,True,6.0,78.0,0,Yes,3.0,1,1,2.0,True,63,False,True,False,True,True,False,False,False,False,True,False,True,False,Reprobado,Aprobado
20.0,66.0,1,1,True,6.0,55.0,0,Yes,1.0,2,2,3.0,False,64,False,True,True,False,False,False,True,False,True,False,True,False,False,Reprobado,Reprobado
21.0,70.0,0,0,False,8.0,73.0,0,Yes,0.0,2,1,4.0,False,63,False,True,False,True,True,False,False,False,False,True,False,True,False,Reprobado,Aprobado
28.0,80.0,2,2,False,5.0,64.0,1,Yes,1.0,0,1,2.0,False,70,True,False,True,False,False,False,True,False,True,False,False,True,False,Aprobado,Reprobado
19.0,88.0,2,1,True,5.0,95.0,1,Yes,1.0,1,2,3.0,False,70,False,True,False,True,False,True,False,False,False,True,False,True,False,Aprobado,Aprobado
19.0,99.0,2,2,True,8.0,53.0,1,Yes,1.0,1,1,4.0,False,72,True,False,False,True,True,False,False,False,False,True,False,True,False,Aprobado,Reprobado
13.0,78.0,1,2,False,7.0,82.0,2,Yes,0.0,0,2,2.0,False,65,False,True,True,False,True,False,False,False,True,False,False,True,False,Aprobado,Aprobado
25.0,81.0,2,1,True,7.0,85.0,2,Yes,3.0,1,1,1.0,False,71,False,True,True,False,False,False,True,False,True,False,True,False,False,Aprobado,Aprobado
21.0,81.0,2,1,True,7.0,94.0,1,Yes,3.0,1,1,1.0,False,70,False,True,False,True,False,False,True,False,True,False,False,True,False,Aprobado,Aprobado
17.0,82.0,1,0,False,10.0,94.0,1,Yes,1.0,2,2,3.0,False,66,True,False,True,False,False,True,False,False,True,False,False,True,False,Aprobado,Aprobado
9.0,81.0,1,1,True,7.0,99.0,1,Yes,2.0,0,1,3.0,False,64,False,True,True,False,False,True,False,False,True,False,False,True,False,Reprobado,Aprobado
29.0,60.0,0,2,False,7.0,63.0,1,Yes,0.0,0,1,4.0,False,64,False,True,False,True,False,False,True,False,False,True,True,False,False,Reprobado,Reprobado
13.0,60.0,2,0,False,10.0,64.0,0,Yes,1.0,1,1,4.0,False,59,False,True,False,True,True,False,False,True,False,False,False,True,False,Reprobado,Reprobado
16.0,64.0,1,2,True,7.0,70.0,1,Yes,5.0,0,0,4.0,False,65,False,True,False,True,False,True,False,False,True,False,False,False,True,Aprobado,Aprobado
22.0,64.0,2,1,True,10.0,77.0,1,Yes,1.0,0,2,3.0,False,66,False,True,False,True,False,True,False,False,True,False,False,False,True,Aprobado,Aprobado
13.0,88.0,1,1,True,4.0,68.0,2,Yes,1.0,2,1,2.0,False,67,False,True,True,False,False,True,False,False,False,True,False,False,True,Aprobado,Aprobado
11.0,68.0,2,1,True,5.0,87.0,1,Yes,1.0,0,1,4.0,True,62,False,True,False,True,False,True,False,True,False,False,False,False,True,Reprobado,Aprobado
7.0,96.0,2,0,False,6.0,50.0,1,Yes,1.0,2,1,3.0,False,65,True,False,False,True,True,False,False,False,False,True,True,False,False,Aprobado,Reprobado
24.0,97.0,2,1,True,8.0,51.0,1,Yes,3.0,0,1,2.0,False,73,False,True,True,False,False,False,True,False,False,True,False,True,False,Aprobado,Reprobado
17.0,99.0,1,1,False,10.0,86.0,0,Yes,1.0,1,1,2.0,False,70,True,False,False,True,True,False,False,False,False,True,False,False,True,Aprobado,Aprobado
38.0,98.0,0,1,False,6.0,94.0,1,Yes,2.0,0,0,4.0,False,75,False,True,True,False,False,False,True,False,False,True,True,False,False,Aprobado,Aprobado
14.0,71.0,2,2,True,8.0,89.0,1,Yes,0.0,1,1,3.0,False,66,False,True,True,False,False,False,True,False,False,True,False,True,False,Aprobado,Aprobado
14.0,80.0,2,1,False,10.0,56.0,0,Yes,1.0,0,1,3.0,False,65,False,True,True,False,False,False,True,False,True,False,False,False,True,Aprobado,Reprobado
17.0,67.0,1,1,False,9.0,97.0,1,Yes,1.0,1,0,3.0,False,64,False,True,True,False,False,False,True,False,True,False,False,True,False,Reprobado,Aprobado
21.0,92.0,2,0,False,6.0,76.0,0,Yes,2.0,0,1,5.0,False,70,False,True,False,True,True,False,False,False,False,True,False,False,True,Aprobado,Aprobado
17.0,96.0,1,2,True,8.0,87.0,1,Yes,0.0,1,1,5.0,False,71,True,False,False,True,False,True,False,False,True,False,False,False,True,Aprobado,Aprobado
24.0,94.0,0,1,False,8.0,60.0,0,Yes,0.0,1,1,3.0,False,68,False,True,False,True,False,True,False,False,False,True,False,True,False,Aprobado,Reprobado
14.0,77.0,1,1,True,6.0,77.0,0,Yes,1.0,0,2,2.0,False,64,True,False,False,True,True,False,False,False,False,True,False,True,False,Reprobado,Aprobado
12.0,90.0,2,2,False,8.0,67.0,0,Yes,2.0,0,0,3.0,False,67,False,True,True,False,False,True,False,False,False,True,False,True,False,Aprobado,Aprobado
9.0,64.0,1,2,True,6.0,99.0,1,Yes,6.0,0,2,6.0,True,65,False,True,False,True,False,True,False,False,True,False,False,False,True,Aprobado,Aprobado
7.0,62.0,2,1,True,7.0,74.0,1,Yes,3.0,1,1,3.0,False,62,False,True,True,False,False,False,True,False,False,True,False,True,False,Reprobado,Aprobado
17.0,90.0,0,2,True,5.0,88.0,0,Yes,1.0,1,1,1.0,False,68,False,True,True,False,True,False,False,False,False,True,True,False,False,Aprobado,Aprobado
18.0,77.0,2,1,True,4.0,80.0,1,Yes,1.0,1,0,2.0,False,66,True,False,False,True,True,False,False,False,False,True,True,False,False,Aprobado,Aprobado
16.0,100.0,2,2,True,7.0,55.0,2,Yes,1.0,0,1,2.0,True,69,False,True,False,True,True,False,False,False,True,False,True,False,False,Aprobado,Reprobado
27.0,64.0,1,1,True,7.0,77.0,2,Yes,3.0,2,1,4.0,False,68,False,True,False,True,False,True,False,False,True,False,False,True,False,Aprobado,Aprobado
27.0,94.0,1,0,False,5.0,77.0,1,Yes,0.0,1,2,2.0,False,71,False,True,True,False,True,False,False,False,False,True,False,False,True,Aprobado,Aprobado
18.0,79.0,1,2,True,8.0,86.0,1,Yes,3.0,0,0,4.0,False,68,False,True,True,False,True,False,False,False,False,True,False,True,False,Aprobado,Aprobado
9.0,93.0,2,0,True,7.0,66.0,1,Yes,0.0,0,0,2.0,False,64,True,False,False,True,True,False,False,False,True,False,False,True,False,Reprobado,Aprobado
17.0,93.0,0,1,False,8.0,93.0,0,Yes,0.0,0,1,3.0,False,66,False,True,False,True,True,False,False,False,True,False,True,False,False,Aprobado,Aprobado
16.0,97.0,1,0,True,8.0,81.0,2,Yes,0.0,2,2,2.0,False,70,True,False,False,True,False,True,False,False,False,True,False,False,True,Aprobado,Aprobado
16.0,72.0,0,1,False,9.0,52.0,1,Yes,1.0,1,2,1.0,True,60,False,True,True,False,True,False,False,False,True,False,True,False,False,Reprobado,Reprobado
16.0,98.0,1,1,True,8.0,85.0,0,Yes,0.0,0,2,2.0,False,69,False,True,False,True,True,False,False,True,False,False,False,False,True,Aprobado,Aprobado
16.0,66.0,1,1,True,7.0,95.0,0,Yes,1.0,1,1,4.0,False,65,False,True,False,True,True,False,False,False,False,True,False,False,True,Aprobado,Aprobado
18.0,63.0,2,2,True,7.0,84.0,1,Yes,1.0,1,2,2.0,False,66,False,True,True,False,False,True,False,False,False,True,False,True,False,Aprobado,Aprobado
16.0,77.0,1,0,False,10.0,69.0,1,Yes,1.0,1,1,3.0,False,64,True,False,True,False,False,True,False,False,False,True,False,True,False,Reprobado,Aprobado
21.0,93.0,1,2,False,8.0,80.0,1,Yes,0.0,2,2,1.0,False,71,False,True,True,False,True,False,False,False,True,False,False,False,True,Aprobado,Aprobado
22.0,79.0,2,0,False,7.0,59.0,1,Yes,0.0,1,1,3.0,False,66,False,True,False,True,True,False,False,False,False,True,False,False,True,Aprobado,Reprobado
15.0,93.0,1,0,True,7.0,80.0,0,Yes,0.0,0,1,3.0,False,66,False,True,True,False,False,True,False,False,False,True,False,False,True,Aprobado,Aprobado
28.0,89.0,1,1,False,6.0,75.0,1,Yes,1.0,0,0,3.0,False,68,True,False,False,True,False,True,False,False,True,False,True,False,False,Aprobado,Aprobado
14.0,68.0,2,2,False,5.0,51.0,2,Yes,1.0,2,1,5.0,True,63,False,True,False,True,False,True,False,False,True,False,False,True,False,Reprobado,Reprobado
10.0,98.0,1,0,True,10.0,66.0,0,Yes,1.0,0,2,2.0,False,66,False,True,True,False,True,False,False,False,False,True,True,False,False,Aprobado,Aprobado
22.0,62.0,0,1,False,8.0,60.0,0,No,0.0,1,2,2.0,False,61,False,True,False,True,True,False,False,False,False,True,False,False,True,Reprobado,Reprobado
15.0,96.0,1,0,False,5.0,70.0,2,Yes,4.0,0,2,3.0,False,70,True,False,False,True,True,False,False,False,False,True,False,False,True,Aprobado,Aprobado
22.0,72.0,1,2,True,7.0,62.0,0,Yes,5.0,2,1,2.0,False,68,True,False,True,False,True,False,False,False,True,False,False,True,False,Aprobado,Reprobado
6.0,80.0,1,1,True,9.0,92.0,0,Yes,5.0,0,1,2.0,False,65,False,True,False,True,False,False,True,False,True,False,False,True,False,Aprobado,Aprobado
28.0,77.0,2,1,False,6.0,85.0,2,Yes,0.0,0,1,1.0,False,69,False,True,True,False,False,False,True,False,False,True,True,False,False,Aprobado,Aprobado
24.0,67.0,1,2,True,6.0,87.0,0,Yes,0.0,1,1,4.0,False,67,False,True,False,True,True,False,False,False,False,True,False,False,True,Aprobado,Aprobado
11.0,74.0,2,1,False,8.0,68.0,0,Yes,0.0,1,1,3.0,False,62,False,True,False,True,False,True,False,False,True,False,False,False,True,Reprobado,Aprobado
11.0,68.0,0,2,True,8.0,50.0,0,Yes,2.0,0,2,4.0,False,61,True,False,True,False,False,True,False,False,False,True,False,False,True,Reprobado,Reprobado
30.0,68.0,2,2,True,6.0,61.0,2,Yes,1.0,1,1,3.0,False,70,False,True,True,False,False,False,True,False,False,True,False,False,True,Aprobado,Reprobado
16.0,67.0,2,1,True,6.0,88.0,1,Yes,0.0,2,0,3.0,False,65,False,True,False,True,True,False,False,False,False,True,False,True,False,Aprobado,Aprobado
15.0,80.0,2,1,False,8.0,80.0,1,Yes,1.0,0,1,4.0,False,65,False,True,True,False,False,True,False,False,True,False,False,True,False,Aprobado,Aprobado
6.0,92.0,1,1,True,5.0,77.0,1,Yes,1.0,0,2,4.0,False,66,False,True,False,True,False,True,False,False,False,True,False,False,True,Aprobado,Aprobado
18.0,83.0,1,2,True,6.0,64.0,0,No,1.0,1,2,3.0,False,66,True,False,True,False,False,True,False,False,False,True,True,False,False,Aprobado,Reprobado
19.0,96.0,1,1,True,7.0,54.0,2,Yes,1.0,0,1,3.0,False,69,False,True,False,True,True,False,False,False,False,True,False,True,False,Aprobado,Reprobado
24.0,85.0,2,2,False,8.0,89.0,1,Yes,1.0,0,1,3.0,False,70,False,True,True,False,False,True,False,False,True,False,False,True,False,Aprobado,Aprobado
12.0,88.0,2,1,False,6.0,52.0,0,No,1.0,1,2,1.0,False,63,False,True,False,True,False,True,False,False,False,True,True,False,False,Reprobado,Reprobado
11.0,87.0,0,1,False,8.0,53.0,2,Yes,1.0,1,1,3.0,False,64,False,True,True,False,False,True,False,False,False,True,False,False,True,Reprobado,Reprobado
23.0,78.0,2,0,False,9.0,65.0,2,Yes,1.0,0,2,2.0,True,65,False,True,True,False,True,False,False,True,False,False,False,True,False,Aprobado,Aprobado
26.0,88.0,2,1,True,6.0,79.0,1,Yes,1.0,0,2,4.0,False,71,False,True,False,True,False,True,False,True,False,False,False,True,False,Aprobado,Aprobado
11.0,63.0,1,1,True,10.0,100.0,2,Yes,0.0,1,1,3.0,False,61,False,True,True,False,False,True,False,True,False,False,False,True,False,Reprobado,Aprobado
26.0,94.0,0,0,True,9.0,55.0,0,Yes,2.0,2,1,3.0,False,69,False,True,False,True,False,True,False,False,False,True,False,True,False,Aprobado,Reprobado
20.0,91.0,2,1,False,7.0,74.0,1,Yes,1.0,1,1,4.0,False,69,False,True,False,True,False,True,False,False,True,False,False,True,False,Aprobado,Aprobado
27.0,70.0,1,1,False,7.0,80.0,0,Yes,1.0,0,1,3.0,False,66,False,True,True,False,False,True,False,False,False,True,False,True,False,Aprobado,Aprobado
20.0,91.0,2,1,False,6.0,91.0,1,Yes,3.0,2,2,2.0,False,72,False,True,False,True,False,True,False,False,False,True,False,True,False,Aprobado,Aprobado
5.0,61.0,2,1,False,9.0,84.0,2,Yes,1.0,1,1,3.0,False,60,False,True,False,True,True,False,False,False,False,True,False,True,False,Reprobado,Aprobado
19.0,69.0,0,0,False,7.0,90.0,1,Yes,0.0,0,1,1.0,False,62,False,True,False,True,True,False,False,False,False,True,False,True,False,Reprobado,Aprobado
26.0,63.0,1,1,True,5.0,76.0,1,Yes,3.0,1,2,5.0,True,66,False,True,True,False,False,True,False,False,False,True,False,True,False,Aprobado,Aprobado
15.0,91.0,1,2,True,4.0,72.0,0,Yes,1.0,2,2,2.0,False,69,True,False,False,True,False,True,False,False,False,True,False,True,False,Aprobado,Aprobado
18.0,90.0,2,1,False,7.0,81.0,1,Yes,2.0,1,0,3.0,False,69,False,True,False,True,False,False,True,False,True,False,True,False,False,Aprobado,Aprobado
19.0,93.0,1,2,False,7.0,95.0,0,Yes,3.0,1,1,3.0,False,71,True,False,True,False,False,True,False,False,False,True,True,False,False,Aprobado,Aprobado
3.0,60.0,1,0,True,6.0,78.0,0,Yes,1.0,0,1,1.0,False,57,False,True,True,False,False,False,True,False,False,True,False,False,True,Reprobado,Aprobado
30.0,80.0,2,2,False,5.0,80.0,1,Yes,0.0,0,1,4.0,False,72,True,False,True,False,False,False,True,False,False,True,False,False,True,Aprobado,Aprobado
15.0,88.0,0,1,True,4.0,67.0,1,Yes,1.0,1,2,4.0,False,66,True,False,True,False,False,True,False,True,False,False,False,False,True,Aprobado,Aprobado
23.0,66.0,1,1,True,6.0,80.0,1,Yes,1.0,1,1,3.0,False,66,False,True,True,False,True,False,False,False,False,True,False,False,True,Aprobado,Aprobado
19.0,86.0,1,1,False,6.0,81.0,1,Yes,3.0,1,2,3.0,False,70,False,True,False,True,True,False,False,False,False,True,False,True,False,Aprobado,Aprobado
28.0,63.0,1,1,False,8.0,88.0,1,Yes,2.0,0,2,2.0,False,67,False,True,False,True,False,True,False,False,False,True,False,False,True,Aprobado,Aprobado
22.0,67.0,1,1,True,7.0,79.0,1,Yes,1.0,1,0,3.0,False,65,True,False,True,False,True,False,False,False,True,False,False,True,False,Aprobado,Aprobado
19.0,79.0,1,1,True,9.0,60.0,0,Yes,1.0,0,1,3.0,True,63,False,True,True,False,False,True,False,False,False,True,False,True,False,Reprobado,Reprobado
15.0,86.0,2,0,False,8.0,79.0,1,Yes,3.0,0,1,3.0,False,68,False,True,True,False,True,False,False,False,False,True,False,False,True,Aprobado,Aprobado
25.0,66.0,0,1,True,8.0,65.0,1,Yes,0.0,1,1,3.0,True,63,False,True,False,True,False,True,False,False,False,True,False,False,True,Reprobado,Aprobado
9.0,67.0,1,2,True,8.0,54.0,1,Yes,3.0,1,2,5.0,False,63,True,False,False,True,True,False,False,False,True,False,False,False,True,Reprobado,Reprobado
24.0,68.0,1,1,True,5.0,91.0,2,Yes,1.0,2,1,4.0,False,68,False,True,True,False,True,False,False,False,False,True,True,False,False,Aprobado,Aprobado
13.0,70.0,1,1,True,6.0,53.0,1,Yes,2.0,0,1,0.0,True,60,False,True,True,False,True,False,False,False,True,False,True,False,False,Reprobado,Reprobado
28.0,69.0,1,1,False,10.0,82.0,2,Yes,0.0,1,1,2.0,False,67,True,False,True,False,False,True,False,False,False,True,False,True,False,Aprobado,Aprobado
21.0,76.0,0,0,True,4.0,99.0,2,Yes,0.0,0,0,3.0,False,65,False,True,False,True,True,False,False,True,False,False,False,False,True,Aprobado,Aprobado
24.0,86.0,2,0,True,7.0,54.0,1,Yes,0.0,0,2,2.0,False,68,False,True,False,True,True,False,False,False,False,True,False,True,False,Aprobado,Reprobado
20.0,78.0,1,0,False,8.0,61.0,1,Yes,0.0,1,1,2.0,True,62,False,True,True,False,False,True,False,False,True,False,False,True,False,Reprobado,Reprobado
9.0,91.0,1,0,False,4.0,88.0,0,Yes,2.0,1,1,4.0,True,65,False,True,True,False,False,False,True,False,False,True,False,True,False,Aprobado,Aprobado
15.0,89.0,1,1,True,6.0,55.0,2,Yes,1.0,0,1,3.0,False,66,True,False,False,True,False,True,False,False,False,True,False,False,True,Aprobado,Reprobado
24.0,65.0,1,1,True,10.0,92.0,0,Yes,3.0,1,2,4.0,False,67,False,True,False,True,False,True,False,False,False,True,False,True,False,Aprobado,Aprobado
21.0,62.0,0,2,True,7.0,50.0,0,No,1.0,2,1,2.0,False,60,False,True,True,False,False,True,False,False,True,False,True,False,False,Reprobado,Reprobado
27.0,95.0,0,2,True,6.0,94.0,2,Yes,2.0,1,1,4.0,False,74,False,True,True,False,False,False,True,True,False,False,False,True,False,Aprobado,Aprobado
22.0,63.0,0,0,True,7.0,53.0,1,Yes,1.0,2,1,4.0,False,62,False,True,False,True,False,True,False,False,False,True,False,True,False,Reprobado,Reprobado
14.0,66.0,0,1,True,6.0,96.0,0,Yes,0.0,2,1,3.0,False,61,False,True,False,True,True,False,False,False,True,False,True,False,False,Reprobado,Aprobado
15.0,61.0,1,1,False,10.0,93.0,2,Yes,0.0,1,2,4.0,False,63,False,True,False,True,False,True,False,False,False,True,False,True,False,Reprobado,Aprobado
21.0,85.0,1,0,False,6.0,77.0,1,Yes,2.0,0,1,3.0,False,66,False,True,False,True,True,False,False,True,False,False,False,True,False,Aprobado,Aprobado
6.0,83.0,1,1,False,6.0,89.0,1,Yes,1.0,0,1,4.0,False,65,False,True,True,False,False,False,True,False,False,True,False,False,True,Aprobado,Aprobado
30.0,99.0,0,1,False,5.0,54.0,1,Yes,0.0,1,1,3.0,False,72,True,False,False,True,False,False,True,False,False,True,False,False,True,Aprobado,Reprobado
23.0,95.0,2,1,False,7.0,57.0,1,Yes,1.0,0,1,2.0,False,70,True,False,True,False,False,True,False,False,False,True,False,True,False,Aprobado,Reprobado
27.0,76.0,2,2,True,7.0,68.0,1,Yes,1.0,1,1,3.0,False,71,False,True,True,False,False,False,True,False,True,False,False,True,False,Aprobado,Aprobado
11.0,75.0,2,2,True,9.0,77.0,1,No,1.0,2,2,2.0,True,64,True,False,False,True,True,False,False,False,True,False,False,True,False,Reprobado,Aprobado
27.0,72.0,1,2,False,5.0,93.0,0,Yes,1.0,2,1,2.0,False,70,False,True,False,True,True,False,False,False,False,True,False,False,True,Aprobado,Aprobado
33.0,66.0,1,1,False,8.0,77.0,1,Yes,2.0,1,0,3.0,False,68,False,True,False,True,False,True,False,False,False,True,False,True,False,Aprobado,Aprobado
12.0,66.0,0,2,True,7.0,83.0,1,No,1.0,1,1,3.0,False,61,False,True,False,True,False,True,False,False,False,True,False,True,False,Reprobado,Aprobado
25.0,65.0,2,1,True,4.0,84.0,2,Yes,1.0,2,1,2.0,False,68,False,True,False,True,False,True,False,False,False,True,False,False,True,Aprobado,Aprobado
20.0,65.0,0,1,False,6.0,94.0,1,Yes,1.0,0,2,2.0,False,64,False,True,True,False,False,False,True,False,False,True,False,False,True,Reprobado,Aprobado
11.0,70.0,1,2,True,6.0,89.0,0,Yes,2.0,1,1,4.0,False,64,False,True,True,False,False,True,False,False,False,True,False,False,True,Reprobado,Aprobado
23.0,72.0,1,2,True,10.0,99.0,1,Yes,2.0,1,2,4.0,False,71,True,False,True,False,False,False,True,False,False,True,False,True,False,Aprobado,Aprobado
25.0,98.0,1,2,True,8.0,51.0,1,Yes,0.0,1,1,2.0,False,72,True,False,True,False,True,False,False,False,True,False,False,False,True,Aprobado,Reprobado
16.0,83.0,1,1,True,7.0,60.0,1,Yes,0.0,2,1,1.0,False,66,False,True,True,False,True,False,False,False,True,False,False,False,True,Aprobado,Reprobado
27.0,100.0,0,1,True,4.0,97.0,0,Yes,4.0,0,2,3.0,False,74,False,True,True,False,False,True,False,False,False,True,False,False,True,Aprobado,Aprobado
10.0,75.0,1,1,True,4.0,90.0,1,Yes,3.0,1,2,3.0,True,65,False,True,False,True,False,False,True,False,True,False,False,False,True,Aprobado,Aprobado
11.0,78.0,2,2,False,8.0,63.0,0,Yes,1.0,0,1,3.0,False,64,False,True,True,False,False,True,False,False,False,True,False,True,False,Reprobado,Reprobado
21.0,73.0,2,1,True,8.0,99.0,1,Yes,1.0,1,2,4.0,False,69,False,True,False,True,True,False,False,False,True,False,False,False,True,Aprobado,Aprobado
20.0,67.0,1,1,False,6.0,93.0,0,No,1.0,0,1,3.0,True,62,False,True,False,True,True,False,False,False,False,True,True,False,False,Reprobado,Aprobado
16.0,66.0,1,1,True,7.0,53.0,2,Yes,2.0,1,1,2.0,False,62,False,True,False,True,False,False,True,False,True,False,True,False,False,Reprobado,Reprobado
25.0,98.0,0,0,True,7.0,91.0,1,Yes,2.0,0,0,3.0,False,72,False,True,True,False,False,False,True,False,False,True,False,False,True,Aprobado,Aprobado
23.0,99.0,1,2,False,7.0,89.0,2,Yes,1.0,1,1,3.0,False,73,False,True,True,False,False,True,False,False,False,True,False,True,False,Aprobado,Aprobado
25.0,62.0,1,0,False,6.0,61.0,2,Yes,1.0,1,1,4.0,False,64,False,True,True,False,False,False,True,False,True,False,False,False,True,Reprobado,Reprobado
19.0,66.0,1,1,False,8.0,83.0,1,Yes,2.0,1,2,3.0,False,65,False,True,True,False,False,True,False,False,False,True,False,True,False,Aprobado,Aprobado
24.0,77.0,2,2,True,9.0,99.0,1,Yes,1.0,0,1,1.0,False,70,False,True,False,True,False,True,False,False,False,True,False,False,True,Aprobado,Aprobado
17.0,67.0,1,1,True,6.0,84.0,2,Yes,1.0,2,2,3.0,False,66,False,True,True,False,False,False,True,False,True,False,False,True,False,Aprobado,Aprobado
32.0,75.0,0,2,False,5.0,91.0,0,Yes,1.0,2,1,2.0,False,70,False,True,True,False,True,False,False,False,True,False,False,False,True,Aprobado,Aprobado
15.0,65.0,1,2,True,6.0,55.0,0,Yes,2.0,1,1,3.0,False,63,True,False,True,False,False,True,False,False,False,True,False,False,True,Reprobado,Reprobado
33.0,78.0,0,0,False,7.0,86.0,1,Yes,1.0,0,2,4.0,False,69,False,True,False,True,False,True,False,False,False,True,False,False,True,Aprobado,Aprobado
20.0,71.0,2,1,True,8.0,60.0,0,Yes,0.0,1,1,2.0,False,64,False,True,False,True,False,True,False,False,False,True,False,True,False,Reprobado,Reprobado
12.0,74.0,0,1,False,8.0,54.0,1,Yes,2.0,1,1,5.0,False,63,True,False,True,False,False,False,True,False,True,False,False,False,True,Reprobado,Reprobado
28.0,64.0,1,1,False,8.0,78.0,0,Yes,2.0,1,1,3.0,False,66,True,False,False,True,False,False,True,False,False,True,True,False,False,Aprobado,Aprobado
21.0,77.0,1,1,True,8.0,88.0,0,Yes,2.0,2,1,1.0,False,68,True,False,True,False,True,False,False,False,True,False,False,False,True,Aprobado,Aprobado
25.0,99.0,1,1,True,7.0,77.0,1,Yes,0.0,2,2,3.0,False,97,False,True,False,True,False,True,False,False,False,True,False,True,False,Aprobado,Aprobado
27.0,73.0,0,0,False,9.0,97.0,1,Yes,2.0,1,2,1.0,False,67,False,True,True,False,False,True,False,False,False,True,False,True,False,Aprobado,Aprobado
22.0,95.0,1,1,False,7.0,85.0,1,Yes,0.0,1,1,4.0,False,71,True,False,False,True,True,False,False,False,False,True,False,False,True,Aprobado,Aprobado
16.0,94.0,0,0,True,8.0,56.0,0,Yes,2.0,0,2,2.0,False,66,False,True,True,False,True,False,False,False,False,True,False,False,True,Aprobado,Reprobado
26.0,98.0,1,0,True,7.0,97.0,1,Yes,2.0,0,1,2.0,True,72,False,True,False,True,False,False,True,False,True,False,False,True,False,Aprobado,Aprobado
20.0,92.0,2,1,True,7.0,58.0,0,Yes,2.0,0,0,4.0,False,70,False,True,True,False,False,False,True,False,False,True,False,True,False,Aprobado,Reprobado
24.0,86.0,1,1,True,7.0,88.0,1,Yes,1.0,0,1,3.0,False,69,False,True,False,True,False,True,False,True,False,False,False,True,False,Aprobado,Aprobado
7.0,94.0,1,0,True,9.0,57.0,2,Yes,2.0,1,1,3.0,False,66,False,True,True,False,False,False,True,False,False,True,True,False,False,Aprobado,Reprobado
23.0,63.0,2,2,False,7.0,100.0,0,Yes,2.0,1,2,3.0,False,69,True,False,True,False,False,False,True,False,False,True,False,False,True,Aprobado,Aprobado
16.0,79.0,1,1,True,6.0,67.0,0,No,2.0,1,2,3.0,False,65,True,False,False,True,True,False,False,False,False,True,False,False,True,Aprobado,Aprobado
30.0,100.0,2,2,False,6.0,75.0,1,Yes,0.0,0,1,4.0,False,75,False,True,True,False,True,False,False,False,True,False,False,True,False,Aprobado,Aprobado
24.0,91.0,0,1,False,8.0,73.0,1,Yes,2.0,0,2,2.0,False,70,True,False,False,True,False,False,True,False,True,False,False,False,True,Aprobado,Aprobado
21.0,98.0,2,0,True,6.0,55.0,0,Yes,1.0,1,1,3.0,False,70,False,True,False,True,False,True,False,False,False,True,False,False,True,Aprobado,Reprobado
23.0,91.0,1,2,True,7.0,75.0,0,Yes,2.0,0,2,2.0,False,69,False,True,False,True,False,True,False,True,False,False,True,False,False,Aprobado,Aprobado
14.0,95.0,2,1,False,7.0,57.0,1,Yes,2.0,0,0,2.0,False,68,False,True,True,False,True,False,False,False,False,True,False,True,False,Aprobado,Reprobado
30.0,88.0,0,1,True,6.0,90.0,2,Yes,4.0,2,1,2.0,False,73,True,False,False,True,True,False,False,False,True,False,True,False,False,Aprobado,Aprobado
32.0,90.0,1,1,True,5.0,98.0,2,Yes,0.0,1,2,3.0,False,74,False,True,False,True,True,False,False,False,True,False,False,True,False,Aprobado,Aprobado
22.0,81.0,0,0,False,5.0,90.0,1,Yes,0.0,2,1,2.0,False,66,False,True,True,False,True,False,False,False,True,False,False,False,True,Aprobado,Aprobado
30.0,97.0,2,1,True,6.0,72.0,2,Yes,1.0,0,2,2.0,False,74,False,True,True,False,False,True,False,True,False,False,False,False,True,Aprobado,Aprobado
17.0,93.0,1,0,True,5.0,50.0,0,Yes,3.0,2,1,2.0,False,67,False,True,False,True,False,True,False,False,True,False,False,False,True,Aprobado,Reprobado
15.0,94.0,2,1,True,8.0,52.0,0,Yes,1.0,1,1,2.0,False,67,True,False,True,False,True,False,False,True,False,False,False,False,True,Aprobado,Reprobado
20.0,87.0,1,2,False,10.0,75.0,0,Yes,3.0,1,1,2.0,False,70,True,False,True,False,True,False,False,False,False,True,False,True,False,Aprobado,Aprobado
23.0,72.0,0,2,True,6.0,84.0,1,Yes,1.0,2,2,2.0,False,67,False,True,False,True,False,True,False,False,False,True,False,True,False,Aprobado,Aprobado
18.0,61.0,1,0,True,6.0,91.0,2,Yes,3.0,1,2,3.0,False,80,False,True,True,False,True,False,False,False,True,False,False,False,True,Aprobado,Aprobado
23.0,97.0,1,2,True,6.0,80.0,0,Yes,1.0,0,0,2.0,False,70,False,True,False,True,True,False,False,False,True,False,True,False,False,Aprobado,Aprobado
22.0,83.0,2,1,False,8.0,99.0,0,Yes,4.0,2,2,4.0,True,71,False,True,True,False,False,True,False,False,False,True,True,False,False,Aprobado,Aprobado
14.0,72.0,1,0,False,8.0,75.0,2,Yes,4.0,2,1,2.0,True,64,True,False,False,True,True,False,False,False,False,True,False,False,True,Reprobado,Aprobado
23.0,66.0,2,2,True,7.0,80.0,1,Yes,1.0,1,1,3.0,False,68,False,True,True,False,True,False,False,False,True,False,False,False,True,Aprobado,Aprobado
25.0,93.0,1,1,False,5.0,62.0,1,Yes,0.0,0,1,3.0,False,68,False,True,False,True,False,True,False,True,False,False,False,True,False,Aprobado,Reprobado
21.0,93.0,1,1,True,6.0,67.0,1,No,1.0,2,1,3.0,False,69,False,True,True,False,False,True,False,False,False,True,False,False,True,Aprobado,Aprobado
27.0,93.0,2,0,True,7.0,84.0,0,Yes,1.0,1,1,2.0,False,72,True,False,False,True,False,False,True,False,False,True,False,True,False,Aprobado,Aprobado
13.0,86.0,1,1,False,7.0,80.0,1,Yes,0.0,0,1,5.0,False,65,True,False,False,True,True,False,False,False,False,True,True,False,False,Aprobado,Aprobado
23.0,75.0,0,0,True,7.0,68.0,1,Yes,1.0,2,0,4.0,True,64,True,False,False,True,False,True,False,False,False,True,False,True,False,Reprobado,Aprobado
13.0,72.0,1,2,False,8.0,56.0,0,Yes,1.0,0,2,4.0,False,64,False,True,True,False,False,False,True,False,True,False,False,False,True,Reprobado,Reprobado
13.0,60.0,0,1,False,5.0,67.0,2,Yes,1.0,0,1,4.0,True,58,False,True,False,True,False,True,False,True,False,False,False,False,True,Reprobado,Aprobado
16.0,93.0,2,1,True,7.0,52.0,0,Yes,2.0,1,2,3.0,False,69,False,True,False,True,False,True,False,False,False,True,False,True,False,Aprobado,Reprobado
14.0,63.0,2,0,False,7.0,79.0,1,Yes,1.0,0,1,3.0,False,61,False,True,False,True,False,True,False,False,False,True,False,True,False,Reprobado,Aprobado
17.0,85.0,2,2,True,6.0,66.0,1,Yes,0.0,1,2,2.0,False,68,False,True,True,False,True,False,False,False,True,False,False,True,False,Aprobado,Aprobado
19.0,80.0,2,1,True,6.0,69.0,0,Yes,1.0,0,0,4.0,True,66,True,False,False,True,True,False,False,False,False,True,False,True,False,Aprobado,Aprobado
25.0,81.0,1,1,False,8.0,79.0,0,Yes,1.0,1,1,4.0,False,68,False,True,True,False,True,False,False,False,False,True,False,True,False,Aprobado,Aprobado
18.0,97.0,0,2,False,5.0,79.0,0,Yes,2.0,0,2,3.0,False,70,False,True,False,True,True,False,False,False,True,False,False,False,True,Aprobado,Aprobado
10.0,61.0,2,0,True,10.0,79.0,1,Yes,4.0,2,2,2.0,True,62,False,True,False,True,True,False,False,False,True,False,False,False,True,Reprobado,Aprobado
27.0,91.0,1,1,False,8.0,75.0,0,Yes,2.0,1,2,3.0,False,71,True,False,False,True,False,True,False,False,False,True,False,True,False,Aprobado,Aprobado
15.0,62.0,1,1,False,7.0,74.0,2,Yes,0.0,0,2,3.0,False,61,False,True,True,False,False,False,True,False,True,False,True,False,False,Reprobado,Aprobado
20.0,62.0,2,1,True,7.0,91.0,0,Yes,1.0,1,0,3.0,False,64,False,True,False,True,True,False,False,False,False,True,True,False,False,Reprobado,Aprobado
23.0,77.0,1,0,False,8.0,73.0,1,Yes,1.0,0,0,2.0,False,65,False,True,False,True,True,False,False,False,False,True,False,False,True,Aprobado,Aprobado
21.0,63.0,0,1,True,6.0,77.0,0,Yes,3.0,1,2,1.0,False,63,False,True,False,True,False,True,False,False,False,True,True,False,False,Reprobado,Aprobado
27.0,92.0,2,1,True,6.0,99.0,0,Yes,4.0,0,0,3.0,False,74,True,False,True,False,False,True,False,False,False,True,False,False,True,Aprobado,Aprobado
23.0,81.0,1,2,False,9.0,59.0,0,Yes,2.0,1,2,2.0,False,68,False,True,False,True,True,False,False,False,False,True,False,True,False,Aprobado,Reprobado
15.0,61.0,2,1,True,6.0,86.0,2,Yes,2.0,2,2,3.0,False,65,False,True,True,False,False,True,False,False,False,True,False,True,False,Aprobado,Aprobado
33.0,62.0,1,1,False,7.0,74.0,0,Yes,2.0,1,1,2.0,False,66,False,True,False,True,True,False,False,False,True,False,False,True,False,Aprobado,Aprobado
21.0,85.0,1,2,True,6.0,92.0,1,Yes,1.0,1,2,2.0,True,69,False,True,False,True,False,True,False,False,True,False,False,True,False,Aprobado,Aprobado
19.0,92.0,0,1,True,7.0,70.0,0,Yes,2.0,2,1,2.0,False,69,True,False,False,True,True,False,False,False,False,True,False,False,True,Aprobado,Aprobado
26.0,78.0,2,1,False,8.0,65.0,1,Yes,3.0,1,1,3.0,False,70,False,True,True,False,True,False,False,False,False,True,False,False,True,Aprobado,Aprobado
21.0,82.0,1,1,True,10.0,60.0,2,Yes,3.0,2,2,4.0,False,70,False,True,True,False,False,True,False,False,False,True,False,False,True,Aprobado,Reprobado
22.0,92.0,1,1,True,6.0,94.0,1,Yes,1.0,1,1,3.0,False,71,False,True,False,True,False,True,False,False,False,True,False,False,True,Aprobado,Aprobado
35.0,84.0,1,1,False,5.0,86.0,1,Yes,1.0,1,1,3.0,False,72,False,True,True,False,False,True,False,False,False,True,False,True,False,Aprobado,Aprobado
18.0,69.0,1,0,False,7.0,54.0,1,Yes,1.0,0,2,4.0,False,61,False,True,False,True,False,True,False,False,True,False,False,True,False,Reprobado,Reprobado
18.0,85.0,1,2,True,6.0,86.0,2,No,1.0,1,1,3.0,False,68,True,False,True,False,False,True,False,False,False,True,False,True,False,Aprobado,Aprobado
21.0,85.0,1,0,True,7.0,52.0,1,Yes,3.0,0,1,3.0,False,66,True,False,False,True,False,True,False,False,False,True,False,True,False,Aprobado,Reprobado
26.0,89.0,1,1,True,8.0,59.0,0,Yes,1.0,0,2,4.0,False,70,False,True,False,True,False,True,False,False,False,True,False,True,False,Aprobado,Reprobado
11.0,85.0,1,0,False,10.0,80.0,0,No,0.0,0,2,3.0,False,63,False,True,True,False,True,False,False,False,False,True,False,False,True,Reprobado,Aprobado
8.0,99.0,1,2,True,6.0,73.0,1,Yes,1.0,1,1,3.0,False,68,False,True,True,False,False,True,False,True,False,False,False,False,True,Aprobado,Aprobado
16.0,68.0,0,1,True,4.0,92.0,1,No,1.0,1,1,4.0,False,62,False,True,False,True,True,False,False,False,False,True,True,False,False,Reprobado,Aprobado
10.0,98.0,1,2,False,7.0,80.0,0,Yes,3.0,1,1,3.0,False,69,True,False,False,True,True,False,False,False,False,True,False,True,False,Aprobado,Aprobado
17.0,82.0,1,1,True,8.0,98.0,1,Yes,3.0,1,2,4.0,False,69,False,True,False,True,False,True,False,False,True,False,False,False,True,Aprobado,Aprobado
23.0,87.0,1,0,True,6.0,93.0,1,Yes,1.0,2,2,4.0,False,72,True,False,True,False,False,False,True,False,False,True,False,False,True,Aprobado,Aprobado
15.0,64.0,2,1,True,7.0,67.0,1,Yes,2.0,0,2,3.0,False,64,False,True,False,True,False,True,False,False,False,True,False,False,True,Reprobado,Aprobado
11.0,75.0,0,1,False,7.0,92.0,1,No,2.0,0,2,4.0,False,63,False,True,True,False,True,False,False,False,True,False,False,False,True,Reprobado,Aprobado
20.0,91.0,1,1,True,7.0,93.0,2,Yes,1.0,0,1,3.0,False,70,False,True,False,True,False,False,True,False,True,False,True,False,False,Aprobado,Aprobado
25.0,88.0,0,1,True,8.0,98.0,0,No,1.0,0,0,4.0,False,69,True,False,False,True,False,False,True,False,False,True,False,True,False,Aprobado,Aprobado
10.0,62.0,2,2,False,7.0,51.0,1,Yes,1.0,1,2,2.0,False,61,True,False,False,True,False,True,False,False,False,True,False,False,True,Reprobado,Reprobado
25.0,82.0,2,2,False,8.0,94.0,0,Yes,2.0,0,1,3.0,False,70,False,True,False,True,False,True,False,False,True,False,False,True,False,Aprobado,Aprobado
25.0,64.0,1,1,True,4.0,53.0,0,Yes,1.0,1,1,2.0,False,64,False,True,False,True,True,False,False,False,False,True,False,True,False,Reprobado,Reprobado
26.0,100.0,2,2,True,6.0,76.0,2,Yes,0.0,1,2,4.0,False,76,False,True,False,True,False,False,True,False,False,True,True,False,False,Aprobado,Aprobado
27.0,96.0,1,1,True,6.0,71.0,1,Yes,2.0,1,1,2.0,False,73,False,True,True,False,True,False,False,False,False,True,False,True,False,Aprobado,Aprobado
33.0,61.0,0,0,True,5.0,96.0,1,Yes,2.0,1,1,3.0,False,67,False,True,False,True,False,True,False,False,False,True,True,False,False,Aprobado,Aprobado
18.0,94.0,1,1,True,7.0,70.0,1,No,2.0,1,2,3.0,False,69,False,True,True,False,True,False,False,False,False,True,True,False,False,Aprobado,Aprobado
21.0,97.0,1,1,True,6.0,80.0,0,Yes,2.0,1,1,4.0,False,72,True,False,False,True,True,False,False,False,False,True,False,False,True,Aprobado,Aprobado
18.0,74.0,1,1,False,6.0,85.0,1,Yes,4.0,1,1,3.0,False,66,True,False,True,False,True,False,False,False,True,False,True,False,False,Aprobado,Aprobado
20.0,89.0,1,1,True,8.0,51.0,1,Yes,3.0,1,2,3.0,False,70,False,True,True,False,False,False,True,False,False,True,False,False,True,Aprobado,Reprobado
29.0,78.0,1,2,True,7.0,80.0,1,Yes,2.0,1,1,4.0,False,73,False,True,True,False,False,False,True,False,False,True,False,False,True,Aprobado,Aprobado
12.0,86.0,2,1,True,5.0,76.0,0,No,2.0,2,1,3.0,False,68,False,True,True,False,False,False,True,False,False,True,False,False,True,Aprobado,Aprobado
15.0,74.0,1,2,False,6.0,80.0,1,Yes,2.0,2,1,3.0,False,66,False,True,False,True,False,False,True,False,True,False,True,False,False,Aprobado,Aprobado
28.0,73.0,0,1,True,8.0,54.0,1,Yes,4.0,1,1,1.0,False,67,True,False,True,False,False,True,False,False,False,True,False,True,False,Aprobado,Reprobado
26.0,77.0,1,0,False,7.0,53.0,2,No,3.0,1,2,3.0,False,67,True,False,True,False,False,True,False,False,False,True,False,False,True,Aprobado,Reprobado
18.0,66.0,1,2,True,9.0,59.0,1,No,0.0,0,1,3.0,False,62,True,False,False,True,False,True,False,False,False,True,False,False,True,Reprobado,Reprobado
25.0,93.0,0,1,False,8.0,93.0,1,Yes,2.0,1,1,3.0,False,72,False,True,False,True,True,False,False,False,False,True,False,False,True,Aprobado,Aprobado
22.0,74.0,0,2,True,6.0,68.0,1,Yes,0.0,1,0,4.0,False,65,False,True,False,True,False,True,False,True,False,False,False,False,True,Aprobado,Aprobado
29.0,76.0,1,0,True,9.0,72.0,1,Yes,1.0,2,1,3.0,False,69,False,True,False,True,False,True,False,False,False,True,False,False,True,Aprobado,Aprobado
20.0,96.0,1,2,False,9.0,70.0,1,Yes,2.0,0,0,2.0,True,69,False,True,False,True,False,True,False,False,False,True,False,False,True,Aprobado,Aprobado
26.0,80.0,2,1,True,4.0,86.0,1,No,0.0,0,1,4.0,False,69,False,True,False,True,True,False,False,False,True,False,False,False,True,Aprobado,Aprobado
36.0,82.0,0,0,True,7.0,63.0,1,Yes,0.0,1,1,3.0,False,69,True,False,False,True,False,True,False,False,False,True,False,False,True,Aprobado,Reprobado
24.0,98.0,0,1,True,6.0,53.0,1,Yes,1.0,1,0,2.0,False,69,False,True,True,False,False,True,False,False,False,True,False,True,False,Aprobado,Reprobado
20.0,95.0,1,2,True,7.0,69.0,0,Yes,0.0,1,2,3.0,False,70,False,True,False,True,False,True,False,False,False,True,False,True,False,Aprobado,Aprobado
24.0,67.0,2,0,False,6.0,86.0,1,Yes,6.0,0,1,3.0,True,67,True,False,True,False,False,False,True,False,True,False,False,False,True,Aprobado,Aprobado
18.0,79.0,1,2,True,6.0,96.0,1,Yes,3.0,1,0,3.0,True,69,False,True,False,True,False,False,True,False,False,True,False,False,True,Aprobado,Aprobado
34.0,99.0,1,1,True,8.0,53.0,1,Yes,0.0,1,2,5.0,False,75,False,True,False,True,True,False,False,False,False,True,False,True,False,Aprobado,Reprobado
21.0,75.0,0,1,True,5.0,91.0,1,Yes,2.0,0,0,3.0,False,66,False,True,False,True,False,True,False,False,False,True,False,True,False,Aprobado,Aprobado
18.0,75.0,1,0,True,7.0,53.0,1,Yes,0.0,2,2,2.0,False,63,False,True,False,True,False,True,False,False,False,True,False,True,False,Reprobado,Reprobado
15.0,68.0,1,1,True,5.0,67.0,1,Yes,3.0,1,2,4.0,False,64,True,False,False,True,False,False,True,False,True,False,True,False,False,Reprobado,Aprobado
27.0,65.0,1,1,True,9.0,51.0,1,Yes,2.0,2,1,2.0,False,66,True,False,True,False,False,False,True,False,True,False,False,False,True,Aprobado,Reprobado
25.0,90.0,1,1,True,7.0,96.0,1,Yes,1.0,1,1,4.0,False,72,False,True,False,True,True,False,False,False,True,False,False,False,True,Aprobado,Aprobado
17.0,91.0,1,2,False,8.0,85.0,2,Yes,3.0,1,2,4.0,False,71,False,True,True,False,True,False,False,False,True,False,False,True,False,Aprobado,Aprobado
23.0,99.0,0,1,True,7.0,68.0,1,Yes,0.0,2,2,2.0,False,70,True,False,False,True,False,True,False,True,False,False,False,False,True,Aprobado,Aprobado
11.0,91.0,2,1,False,7.0,69.0,1,Yes,2.0,0,1,2.0,False,67,True,False,False,True,True,False,False,False,False,True,False,False,True,Aprobado,Aprobado
21.0,70.0,1,0,False,7.0,82.0,2,Yes,0.0,2,2,3.0,False,65,False,True,True,False,False,True,False,False,False,True,False,False,True,Aprobado,Aprobado
23.0,62.0,2,2,True,9.0,54.0,0,Yes,3.0,0,1,4.0,False,65,True,False,False,True,False,True,False,False,False,True,False,True,False,Aprobado,Reprobado
30.0,99.0,1,1,True,6.0,57.0,1,Yes,0.0,0,1,4.0,False,73,False,True,False,True,False,False,True,False,False,True,False,True,False,Aprobado,Reprobado
15.0,74.0,1,1,True,4.0,92.0,0,Yes,1.0,1,1,3.0,False,66,True,False,False,True,False,False,True,False,False,True,False,False,True,Aprobado,Aprobado
12.0,72.0,0,1,True,6.0,60.0,2,Yes,0.0,0,1,4.0,False,62,False,True,False,True,False,False,True,False,False,True,False,True,False,Reprobado,Reprobado
15.0,96.0,1,2,False,5.0,86.0,1,Yes,2.0,2,1,2.0,False,71,True,False,False,True,False,True,False,False,False,True,False,False,True,Aprobado,Aprobado
12.0,83.0,1,2,False,8.0,61.0,1,Yes,3.0,2,1,5.0,True,66,False,True,False,True,False,True,False,False,False,True,False,True,False,Aprobado,Reprobado
28.0,69.0,2,2,True,7.0,54.0,0,No,1.0,0,1,2.0,False,65,False,True,False,True,True,False,False,True,False,False,False,True,False,Aprobado,Reprobado
29.0,96.0,1,2,True,8.0,95.0,1,Yes,0.0,2,1,2.0,False,75,True,False,True,False,False,True,False,False,False,True,False,False,True,Aprobado,Aprobado
22.0,100.0,2,1,False,7.0,95.0,1,Yes,2.0,0,1,4.0,False,74,False,True,False,True,True,False,False,False,False,True,False,False,True,Aprobado,Aprobado
27.0,63.0,1,0,True,7.0,80.0,2,Yes,1.0,1,2,3.0,False,65,True,False,False,True,False,True,False,False,True,False,False,True,False,Aprobado,Aprobado
21.0,94.0,1,1,False,7.0,73.0,0,Yes,2.0,0,1,3.0,False,71,True,False,True,False,False,False,True,False,False,True,False,False,True,Aprobado,Aprobado
19.0,76.0,2,0,True,9.0,78.0,0,Yes,1.0,0,1,1.0,False,65,False,True,True,False,False,False,True,False,False,True,True,False,False,Aprobado,Aprobado
18.0,81.0,1,0,True,7.0,70.0,2,Yes,0.0,0,1,2.0,False,65,True,False,False,True,True,False,False,False,False,True,False,True,False,Aprobado,Aprobado
18.0,97.0,1,0,False,9.0,88.0,1,Yes,0.0,0,1,4.0,False,67,False,True,True,False,False,True,False,False,True,False,False,True,False,Aprobado,Aprobado
11.0,99.0,1,0,True,9.0,88.0,1,Yes,2.0,0,1,2.0,False,67,False,True,False,True,False,True,False,False,True,False,False,True,False,Aprobado,Aprobado
22.0,70.0,1,1,False,7.0,91.0,1,Yes,2.0,1,1,1.0,False,66,False,True,False,True,False,True,False,False,False,True,False,False,True,Aprobado,Aprobado
20.0,69.0,2,1,True,7.0,76.0,2,Yes,1.0,1,1,3.0,False,67,False,True,True,False,False,True,False,False,False,True,False,False,True,Aprobado,Aprobado
24.0,63.0,1,1,False,6.0,90.0,1,No,2.0,0,1,5.0,False,66,True,False,True,False,False,False,True,False,False,True,False,True,False,Aprobado,Aprobado
21.0,82.0,0,2,False,9.0,58.0,1,Yes,0.0,1,1,2.0,False,65,False,True,False,True,False,True,False,False,False,True,True,False,False,Aprobado,Reprobado
19.0,61.0,2,1,True,6.0,52.0,0,No,1.0,0,1,3.0,False,59,False,True,True,False,False,True,False,True,False,False,False,True,False,Reprobado,Reprobado
15.0,76.0,2,2,True,6.0,82.0,1,Yes,4.0,0,2,4.0,False,69,True,False,True,False,False,True,False,False,True,False,False,False,True,Aprobado,Aprobado
20.0,63.0,1,1,False,7.0,55.0,2,Yes,2.0,0,2,3.0,False,63,False,True,False,True,False,True,False,False,False,True,True,False,False,Reprobado,Reprobado
24.0,76.0,0,1,False,5.0,78.0,2,Yes,1.0,1,1,4.0,True,65,True,False,False,True,False,True,False,False,True,False,False,True,False,Aprobado,Aprobado
13.0,62.0,1,0,False,6.0,86.0,2,Yes,2.0,0,1,4.0,False,61,False,True,False,True,False,True,False,False,False,True,False,True,False,Reprobado,Aprobado
21.0,93.0,0,1,False,9.0,70.0,1,Yes,0.0,1,2,1.0,False,68,False,True,True,False,False,False,True,True,False,False,False,True,False,Aprobado,Aprobado
21.0,68.0,1,2,True,8.0,52.0,1,Yes,3.0,0,1,2.0,False,65,False,True,False,True,True,False,False,False,True,False,False,True,False,Aprobado,Reprobado
16.0,73.0,0,0,False,6.0,94.0,1,No,1.0,0,1,2.0,False,61,True,False,True,False,True,False,False,False,False,True,True,False,False,Reprobado,Aprobado
16.0,95.0,1,2,True,8.0,52.0,1,Yes,0.0,0,1,3.0,False,69,True,False,False,True,False,False,True,False,True,False,False,False,True,Aprobado,Reprobado
21.0,90.0,0,1,True,10.0,95.0,2,Yes,2.0,2,2,4.0,False,72,True,False,False,True,True,False,False,False,False,True,False,True,False,Aprobado,Aprobado
13.0,69.0,1,0,True,7.0,53.0,2,No,2.0,1,1,3.0,True,59,True,False,True,False,False,True,False,False,False,True,True,False,False,Reprobado,Reprobado
22.0,63.0,1,1,False,9.0,87.0,0,Yes,0.0,2,2,2.0,False,63,False,True,True,False,True,False,False,False,True,False,True,False,False,Reprobado,Aprobado
15.0,89.0,1,1,True,8.0,96.0,2,Yes,3.0,0,2,3.0,False,69,False,True,False,True,False,True,False,False,False,True,True,False,False,Aprobado,Aprobado
26.0,76.0,0,0,False,7.0,95.0,2,Yes,1.0,0,2,1.0,False,67,False,True,False,True,False,False,True,False,False,True,False,True,False,Aprobado,Aprobado
34.0,91.0,0,1,False,7.0,95.0,1,No,1.0,1,1,3.0,True,70,False,True,False,True,True,False,False,False,True,False,True,False,False,Aprobado,Aprobado
15.0,78.0,1,2,False,8.0,94.0,2,Yes,0.0,0,1,4.0,False,67,True,False,False,True,False,False,True,False,True,False,False,False,True,Aprobado,Aprobado
23.0,74.0,1,1,True,6.0,76.0,1,No,1.0,0,1,2.0,False,66,False,True,False,True,True,False,False,False,False,True,False,False,True,Aprobado,Aprobado
16.0,78.0,1,1,True,4.0,78.0,1,Yes,5.0,2,1,3.0,False,68,False,True,True,False,False,True,False,False,False,True,False,False,True,Aprobado,Aprobado
26.0,90.0,0,2,True,6.0,81.0,1,Yes,1.0,0,1,3.0,False,71,True,False,False,True,False,False,True,False,False,True,False,True,False,Aprobado,Aprobado
12.0,96.0,2,1,False,4.0,95.0,1,Yes,3.0,1,1,0.0,True,69,True,False,False,True,False,True,False,False,False,True,False,True,False,Aprobado,Aprobado
23.0,62.0,2,1,True,6.0,92.0,0,Yes,0.0,2,1,2.0,False,65,False,True,False,True,False,True,False,False,True,False,False,True,False,Aprobado,Aprobado
15.0,81.0,1,1,False,4.0,89.0,2,Yes,0.0,0,1,3.0,False,66,True,False,True,False,False,False,True,False,False,True,True,False,False,Aprobado,Aprobado
19.0,61.0,1,2,True,8.0,84.0,2,Yes,2.0,1,2,4.0,False,66,False,True,False,True,False,True,False,False,False,True,False,False,True,Aprobado,Aprobado
14.0,79.0,2,1,False,5.0,81.0,2,Yes,3.0,2,1,3.0,False,67,False,True,True,False,False,True,False,False,False,True,True,False,False,Aprobado,Aprobado
25.0,95.0,2,1,True,8.0,96.0,0,Yes,1.0,1,1,4.0,False,74,False,True,False,True,False,False,True,False,False,True,False,True,False,Aprobado,Aprobado
15.0,74.0,2,2,False,8.0,60.0,0,Yes,3.0,0,1,5.0,False,66,False,True,False,True,False,True,False,False,True,False,False,False,True,Aprobado,Reprobado
23.0,97.0,1,2,True,8.0,60.0,1,Yes,1.0,1,2,3.0,False,72,False,True,False,True,True,False,False,False,False,True,False,True,False,Aprobado,Reprobado
18.0,85.0,2,0,True,4.0,99.0,2,Yes,0.0,0,1,4.0,False,69,True,False,False,True,True,False,False,False,False,True,False,True,False,Aprobado,Aprobado
19.0,97.0,0,2,False,9.0,78.0,1,Yes,0.0,1,1,4.0,False,68,True,False,True,False,False,True,False,False,True,False,True,False,False,Aprobado,Aprobado
21.0,90.0,1,2,True,8.0,74.0,1,Yes,4.0,0,1,3.0,False,71,True,False,False,True,False,True,False,False,False,True,False,True,False,Aprobado,Aprobado
15.0,64.0,1,1,False,8.0,93.0,1,Yes,0.0,0,1,2.0,False,61,False,True,True,False,False,True,False,False,False,True,True,False,False,Reprobado,Aprobado
21.0,69.0,1,1,True,10.0,92.0,0,Yes,2.0,0,1,3.0,False,65,True,False,False,True,False,True,False,False,False,True,False,True,False,Aprobado,Aprobado
29.0,76.0,1,2,True,8.0,59.0,1,Yes,4.0,0,2,2.0,False,71,False,True,False,True,False,False,True,False,False,True,False,True,False,Aprobado,Reprobado
15.0,67.0,0,1,True,5.0,59.0,0,Yes,0.0,0,1,3.0,False,59,True,False,False,True,False,True,False,False,False,True,False,True,False,Reprobado,Reprobado
27.0,80.0,2,1,False,8.0,90.0,0,Yes,1.0,1,2,3.0,False,71,False,True,True,False,False,False,True,False,False,True,False,True,False,Aprobado,Aprobado
29.0,79.0,1,2,False,5.0,89.0,1,Yes,0.0,2,2,3.0,False,72,False,True,True,False,False,False,True,False,False,True,False,True,False,Aprobado,Aprobado
15.0,98.0,2,2,True,7.0,61.0,1,Yes,1.0,0,2,3.0,False,71,True,False,True,False,True,False,False,False,True,False,False,False,True,Aprobado,Reprobado
11.0,77.0,0,0,True,6.0,92.0,0,Yes,0.0,0,1,5.0,False,61,False,True,False,True,False,True,False,False,False,True,False,True,False,Reprobado,Aprobado
22.0,91.0,1,1,False,7.0,74.0,1,Yes,1.0,1,1,2.0,True,67,True,False,True,False,True,False,False,False,True,False,True,False,False,Aprobado,Aprobado
17.0,98.0,1,1,False,5.0,73.0,0,Yes,0.0,0,2,2.0,False,67,False,True,False,True,True,False,False,False,True,False,True,False,False,Aprobado,Aprobado
31.0,95.0,1,1,False,5.0,99.0,1,Yes,1.0,1,1,4.0,False,74,True,False,True,False,False,True,False,False,False,True,False,True,False,Aprobado,Aprobado
20.0,68.0,2,2,False,6.0,76.0,0,Yes,2.0,1,1,3.0,False,66,False,True,True,False,False,True,False,False,False,True,False,True,False,Aprobado,Aprobado
15.0,80.0,1,1,True,7.0,57.0,0,Yes,1.0,0,1,4.0,False,63,True,False,False,True,False,True,False,False,False,True,True,False,False,Reprobado,Reprobado
13.0,74.0,1,1,False,6.0,64.0,0,Yes,4.0,2,2,3.0,True,63,True,False,False,True,False,True,False,False,False,True,False,True,False,Reprobado,Reprobado
27.0,76.0,2,2,False,9.0,67.0,1,Yes,1.0,0,1,4.0,False,68,False,True,True,False,False,True,False,True,False,False,False,False,True,Aprobado,Aprobado
17.0,74.0,1,0,True,8.0,98.0,0,Yes,1.0,2,2,3.0,False,65,False,True,True,False,False,True,False,False,False,True,False,True,False,Aprobado,Aprobado
20.0,93.0,1,0,False,8.0,63.0,1,Yes,0.0,0,2,3.0,False,66,False,True,False,True,False,True,False,False,True,False,True,False,False,Aprobado,Reprobado
26.0,78.0,1,1,False,6.0,72.0,1,Yes,1.0,0,1,3.0,False,67,True,False,True,False,False,True,False,False,True,False,False,True,False,Aprobado,Aprobado
17.0,81.0,1,1,False,5.0,87.0,2,Yes,0.0,0,2,2.0,False,67,True,False,True,False,True,False,False,False,False,True,False,True,False,Aprobado,Aprobado
20.0,99.0,1,0,True,7.0,64.0,2,Yes,0.0,1,1,4.0,False,70,False,True,False,True,False,True,False,False,False,True,False,False,True,Aprobado,Reprobado
20.0,62.0,0,1,True,10.0,85.0,2,Yes,5.0,0,1,4.0,False,65,True,False,False,True,False,True,False,False,False,True,False,True,False,Aprobado,Aprobado
24.0,80.0,1,1,True,7.0,60.0,1,Yes,1.0,2,2,3.0,False,68,False,True,True,False,False,True,False,False,True,False,False,False,True,Aprobado,Reprobado
24.0,91.0,1,2,True,9.0,62.0,0,Yes,3.0,0,1,4.0,False,70,False,True,False,True,True,False,False,False,True,False,True,False,False,Aprobado,Reprobado
19.0,66.0,2,0,False,9.0,99.0,1,Yes,1.0,1,1,3.0,False,66,False,True,False,True,True,False,False,False,False,True,False,False,True,Aprobado,Aprobado
20.0,84.0,2,1,True,8.0,68.0,1,Yes,0.0,0,1,4.0,False,69,True,False,False,True,False,False,True,False,False,True,False,False,True,Aprobado,Aprobado
18.0,70.0,1,1,False,7.0,86.0,1,Yes,1.0,2,1,2.0,False,65,False,True,True,False,False,True,False,False,False,True,False,False,True,Aprobado,Aprobado
11.0,95.0,1,1,True,6.0,92.0,1,No,2.0,1,0,3.0,False,68,False,True,True,False,False,False,True,False,True,False,False,True,False,Aprobado,Aprobado
22.0,73.0,0,1,True,7.0,67.0,1,Yes,3.0,2,1,2.0,False,65,True,False,False,True,False,True,False,True,False,False,False,False,True,Aprobado,Aprobado
31.0,73.0,1,2,True,6.0,68.0,2,Yes,1.0,1,1,3.0,False,70,False,True,True,False,False,True,False,False,False,True,False,False,True,Aprobado,Aprobado
15.0,84.0,0,0,True,7.0,89.0,2,Yes,1.0,0,2,3.0,False,65,False,True,True,False,False,True,False,False,False,True,False,True,False,Aprobado,Aprobado
15.0,67.0,2,1,True,5.0,80.0,2,Yes,3.0,1,2,4.0,False,67,False,True,False,True,True,False,False,False,False,True,False,True,False,Aprobado,Aprobado
15.0,71.0,2,0,False,6.0,68.0,0,No,5.0,0,1,4.0,False,64,False,True,True,False,True,False,False,False,False,True,False,False,True,Reprobado,Aprobado
24.0,77.0,1,1,False,8.0,87.0,2,Yes,2.0,0,1,1.0,True,68,False,True,True,False,False,False,True,False,True,False,False,False,True,Aprobado,Aprobado
23.0,74.0,1,2,True,6.0,93.0,1,Yes,4.0,2,1,3.0,False,70,True,False,True,False,False,True,False,False,False,True,False,True,False,Aprobado,Aprobado
19.0,81.0,0,2,True,6.0,62.0,1,No,1.0,1,0,3.0,False,64,False,True,True,False,False,True,False,False,True,False,True,False,False,Reprobado,Reprobado
14.0,84.0,2,1,False,6.0,51.0,0,Yes,4.0,2,1,3.0,False,67,False,True,False,True,False,True,False,False,False,True,False,True,False,Aprobado,Reprobado
21.0,83.0,2,2,False,7.0,64.0,1,Yes,2.0,1,0,2.0,False,68,True,False,False,True,False,True,False,False,False,True,False,True,False,Aprobado,Reprobado
11.0,86.0,1,1,True,4.0,84.0,1,Yes,5.0,0,2,4.0,True,67,False,True,False,True,False,True,False,False,False,True,False,True,False,Aprobado,Aprobado
21.0,72.0,1,0,True,6.0,96.0,0,Yes,4.0,2,1,2.0,True,66,False,True,True,False,True,False,False,False,True,False,False,False,True,Aprobado,Aprobado
25.0,65.0,1,2,True,8.0,93.0,0,No,2.0,1,1,3.0,False,66,False,True,True,False,True,False,False,False,True,False,True,False,False,Aprobado,Aprobado
12.0,90.0,1,0,True,7.0,61.0,1,Yes,2.0,0,2,2.0,False,66,True,False,False,True,False,True,False,False,False,True,False,False,True,Aprobado,Reprobado
11.0,94.0,0,0,True,8.0,94.0,1,Yes,2.0,0,1,2.0,False,67,False,True,False,True,True,False,False,False,False,True,False,False,True,Aprobado,Aprobado
29.0,70.0,1,1,True,4.0,91.0,0,Yes,2.0,0,1,3.0,False,69,False,True,False,True,True,False,False,False,False,True,False,False,True,Aprobado,Aprobado
16.0,76.0,0,1,False,6.0,87.0,1,Yes,3.0,0,1,4.0,False,65,True,False,True,False,True,False,False,False,False,True,False,True,False,Aprobado,Aprobado
27.0,80.0,0,0,True,7.0,84.0,0,Yes,4.0,0,1,3.0,False,68,False,True,False,True,True,False,False,False,True,False,False,False,True,Aprobado,Aprobado
19.0,81.0,0,2,False,8.0,90.0,1,Yes,2.0,0,1,3.0,False,67,True,False,True,False,False,True,False,False,False,True,False,True,False,Aprobado,Aprobado
19.0,86.0,1,1,True,9.0,93.0,0,Yes,1.0,0,2,3.0,False,69,False,True,False,True,True,False,False,False,False,True,False,False,True,Aprobado,Aprobado
23.0,62.0,1,1,False,8.0,91.0,2,No,3.0,2,0,3.0,False,64,False,True,False,True,False,True,False,False,True,False,False,True,False,Reprobado,Aprobado
15.0,89.0,1,1,False,6.0,56.0,0,Yes,2.0,1,1,4.0,False,67,False,True,False,True,True,False,False,False,False,True,False,False,True,Aprobado,Reprobado
21.0,62.0,2,1,False,6.0,86.0,1,Yes,2.0,1,2,4.0,False,67,True,False,True,False,False,True,False,False,False,True,False,False,True,Aprobado,Aprobado
18.0,79.0,1,2,False,9.0,92.0,0,Yes,1.0,0,1,3.0,False,67,True,False,False,True,True,False,False,False,False,True,False,True,False,Aprobado,Aprobado
12.0,93.0,1,2,False,6.0,59.0,1,Yes,2.0,0,1,3.0,False,67,True,False,True,False,False,True,False,False,True,False,False,False,True,Aprobado,Reprobado
22.0,78.0,1,2,True,5.0,61.0,0,Yes,2.0,0,1,4.0,False,68,False,True,False,True,True,False,False,False,False,True,False,True,False,Aprobado,Reprobado
18.0,66.0,1,1,True,7.0,89.0,2,Yes,4.0,0,1,3.0,True,65,False,True,False,True,False,True,False,False,False,True,False,False,True,Aprobado,Aprobado
19.0,99.0,0,2,False,9.0,67.0,0,Yes,3.0,2,1,1.0,False,70,False,True,False,True,True,False,False,False,True,False,False,True,False,Aprobado,Aprobado
13.0,96.0,1,1,False,6.0,70.0,1,Yes,1.0,0,2,3.0,False,68,False,True,True,False,True,False,False,False,False,True,False,True,False,Aprobado,Aprobado
30.0,91.0,2,0,True,6.0,69.0,1,Yes,2.0,1,2,4.0,False,72,False,True,True,False,False,True,False,False,True,False,True,False,False,Aprobado,Aprobado
25.0,76.0,1,2,False,6.0,61.0,1,Yes,1.0,1,1,3.0,False,67,False,True,False,True,False,False,True,True,False,False,False,True,False,Aprobado,Reprobado
26.0,67.0,2,0,True,8.0,97.0,1,Yes,2.0,1,1,0.0,False,66,False,True,True,False,False,True,False,False,True,False,False,True,False,Aprobado,Aprobado
18.0,98.0,0,0,True,7.0,90.0,0,Yes,0.0,2,2,1.0,False,68,True,False,False,True,False,True,False,False,True,False,False,False,True,Aprobado,Aprobado
10.0,81.0,1,2,False,8.0,63.0,1,Yes,1.0,0,0,2.0,False,64,False,True,False,True,False,True,False,False,False,True,False,True,False,Reprobado,Reprobado
32.0,94.0,1,2,True,9.0,55.0,2,Yes,4.0,1,1,2.0,True,75,True,False,False,True,False,True,False,False,False,True,False,False,True,Aprobado,Reprobado
20.0,74.0,2,0,True,5.0,69.0,2,Yes,1.0,1,1,4.0,False,66,False,True,True,False,True,False,False,False,True,False,False,False,True,Aprobado,Aprobado
16.0,73.0,2,2,True,6.0,71.0,1,Yes,0.0,0,1,4.0,False,67,False,True,False,True,False,False,True,False,False,True,False,False,True,Aprobado,Aprobado
23.0,99.0,2,2,False,6.0,50.0,1,No,1.0,2,1,5.0,True,71,True,False,False,True,False,True,False,False,False,True,False,True,False,Aprobado,Reprobado
27.0,81.0,0,2,False,7.0,94.0,0,Yes,0.0,0,1,4.0,False,68,False,True,False,True,True,False,False,False,True,False,False,True,False,Aprobado,Aprobado
20.0,66.0,1,1,True,8.0,93.0,1,Yes,2.0,0,2,3.0,False,65,False,True,False,True,False,True,False,False,False,True,False,True,False,Aprobado,Aprobado
28.0,69.0,0,2,True,6.0,93.0,0,Yes,0.0,2,0,3.0,False,67,False,True,False,True,True,False,False,False,False,True,True,False,False,Aprobado,Aprobado
26.0,79.0,0,2,True,6.0,90.0,0,No,0.0,2,1,2.0,True,66,True,False,False,True,True,False,False,False,True,False,True,False,False,Aprobado,Aprobado
14.0,62.0,0,1,False,8.0,87.0,1,Yes,1.0,1,1,1.0,False,60,False,True,False,True,False,True,False,False,True,False,False,False,True,Reprobado,Aprobado
16.0,79.0,1,1,False,8.0,82.0,0,Yes,2.0,0,1,3.0,True,64,True,False,True,False,False,False,True,False,True,False,False,True,False,Reprobado,Aprobado
26.0,77.0,1,1,True,7.0,98.0,0,Yes,0.0,2,1,1.0,False,69,False,True,False,True,False,False,True,False,False,True,False,True,False,Aprobado,Aprobado
4.0,91.0,1,1,False,4.0,86.0,0,Yes,3.0,0,1,4.0,True,64,True,False,False,True,True,False,False,False,True,False,False,True,False,Reprobado,Aprobado
19.0,74.0,1,2,False,9.0,82.0,2,Yes,2.0,0,1,3.0,False,66,True,False,False,True,False,True,False,False,True,False,False,True,False,Aprobado,Aprobado
11.0,99.0,2,1,True,7.0,89.0,2,Yes,3.0,0,1,3.0,False,72,False,True,False,True,True,False,False,False,False,True,False,False,True,Aprobado,Aprobado
17.0,67.0,0,0,True,7.0,62.0,1,Yes,0.0,0,1,4.0,False,60,False,True,True,False,False,True,False,False,True,False,False,False,True,Reprobado,Reprobado
18.0,84.0,0,2,True,6.0,98.0,0,Yes,3.0,1,1,3.0,False,69,False,True,False,True,False,True,False,False,False,True,False,False,True,Aprobado,Aprobado
18.0,64.0,1,1,True,6.0,51.0,1,Yes,2.0,0,1,1.0,False,62,False,True,True,False,False,True,False,False,False,True,False,False,True,Reprobado,Reprobado
17.0,89.0,1,1,True,6.0,82.0,1,Yes,3.0,1,1,3.0,False,70,True,False,True,False,True,False,False,False,False,True,False,False,True,Aprobado,Aprobado
13.0,100.0,0,0,True,4.0,54.0,0,Yes,3.0,0,0,2.0,False,65,False,True,True,False,False,True,False,False,False,True,False,False,True,Aprobado,Reprobado
34.0,93.0,2,1,True,6.0,93.0,2,Yes,2.0,0,2,4.0,False,77,False,True,False,True,False,True,False,False,False,True,False,True,False,Aprobado,Aprobado
31.0,82.0,1,2,True,5.0,98.0,1,Yes,0.0,0,0,3.0,False,71,False,True,False,True,False,True,False,False,False,True,False,True,False,Aprobado,Aprobado
13.0,79.0,1,2,False,7.0,70.0,2,Yes,4.0,0,1,3.0,True,66,False,True,True,False,False,True,False,False,False,True,False,False,True,Aprobado,Aprobado
29.0,93.0,1,1,False,5.0,93.0,1,Yes,2.0,0,1,3.0,False,74,False,True,True,False,False,False,True,False,False,True,False,False,True,Aprobado,Aprobado
18.0,97.0,1,2,False,8.0,67.0,1,Yes,1.0,1,2,3.0,False,70,False,True,False,True,False,True,False,False,False,True,False,True,False,Aprobado,Aprobado
21.0,100.0,1,1,False,5.0,58.0,1,Yes,2.0,1,1,2.0,False,69,True,False,False,True,False,True,False,False,True,False,False,True,False,Aprobado,Reprobado
20.0,76.0,1,1,False,9.0,64.0,0,Yes,2.0,0,1,2.0,False,64,False,True,False,True,True,False,False,False,True,False,True,False,False,Reprobado,Reprobado
16.0,100.0,1,1,True,8.0,65.0,2,Yes,1.0,2,1,2.0,True,69,False,True,True,False,True,False,False,False,True,False,False,False,True,Aprobado,Aprobado
26.0,66.0,2,2,True,5.0,82.0,1,Yes,1.0,0,1,3.0,False,68,False,True,True,False,False,True,False,False,False,True,False,True,False,Aprobado,Aprobado
21.0,70.0,1,0,True,7.0,90.0,1,No,1.0,0,1,4.0,False,63,False,True,False,True,False,True,False,False,True,False,False,True,False,Reprobado,Aprobado
17.0,64.0,1,1,True,6.0,60.0,1,Yes,1.0,1,1,2.0,True,61,True,False,False,True,False,True,False,False,False,True,False,False,True,Reprobado,Reprobado
12.0,71.0,1,1,False,8.0,54.0,1,Yes,0.0,0,0,5.0,False,61,False,True,False,True,True,False,False,False,False,True,False,False,True,Reprobado,Reprobado
15.0,91.0,1,0,True,10.0,61.0,1,Yes,0.0,0,2,4.0,False,65,False,True,False,True,False,True,False,False,True,False,False,True,False,Aprobado,Reprobado
10.0,94.0,1,2,False,9.0,65.0,1,Yes,3.0,0,0,2.0,False,65,True,False,True,False,False,True,False,False,True,False,True,False,False,Aprobado,Aprobado
20.0,91.0,2,1,True,6.0,64.0,2,Yes,0.0,2,1,3.0,True,69,True,False,True,False,False,True,False,False,True,False,False,False,True,Aprobado,Reprobado
13.0,85.0,2,2,True,7.0,61.0,2,Yes,3.0,1,2,2.0,False,69,False,True,True,False,False,True,False,False,True,False,False,False,True,Aprobado,Reprobado
18.0,81.0,0,1,False,9.0,73.0,1,Yes,1.0,2,1,2.0,False,65,False,True,False,True,False,True,False,False,False,True,True,False,False,Aprobado,Aprobado
28.0,88.0,0,2,True,8.0,93.0,1,Yes,3.0,0,1,1.0,False,72,False,True,True,False,False,False,True,False,True,False,True,False,False,Aprobado,Aprobado
27.0,76.0,2,2,True,9.0,55.0,1,Yes,3.0,0,1,0.0,False,69,True,False,True,False,False,True,False,False,True,False,False,True,False,Aprobado,Reprobado
20.0,94.0,2,1,True,8.0,93.0,0,Yes,1.0,1,1,3.0,False,71,False,True,True,False,True,False,False,False,True,False,False,True,False,Aprobado,Aprobado
19.0,87.0,1,1,True,7.0,75.0,1,Yes,2.0,0,0,3.0,False,67,False,True,True,False,False,True,False,False,True,False,True,False,False,Aprobado,Aprobado
31.0,88.0,1,2,False,7.0,83.0,1,Yes,0.0,0,1,2.0,False,72,True,False,False,True,False,True,False,False,False,True,False,True,False,Aprobado,Aprobado
23.0,81.0,2,2,False,5.0,91.0,0,Yes,0.0,2,2,3.0,True,70,False,True,True,False,False,True,False,False,False,True,False,False,True,Aprobado,Aprobado
18.0,95.0,0,1,True,6.0,65.0,2,Yes,1.0,0,2,3.0,False,68,False,True,True,False,False,True,False,False,False,True,True,False,False,Aprobado,Aprobado
11.0,70.0,1,1,False,6.0,98.0,1,Yes,3.0,2,1,4.0,False,66,True,False,True,False,False,False,True,False,False,True,False,True,False,Aprobado,Aprobado
22.0,75.0,1,2,False,6.0,54.0,0,Yes,4.0,0,2,4.0,False,68,False,True,False,True,False,True,False,False,False,True,False,False,True,Aprobado,Reprobado
25.0,91.0,2,0,True,7.0,76.0,0,Yes,1.0,0,2,3.0,False,71,True,False,True,False,True,False,False,False,False,True,False,False,True,Aprobado,Aprobado
16.0,80.0,0,1,True,7.0,63.0,2,Yes,2.0,0,1,3.0,False,63,True,False,False,True,False,True,False,True,False,False,False,True,False,Reprobado,Reprobado
22.0,96.0,1,2,False,7.0,70.0,1,No,2.0,1,1,4.0,False,70,True,False,False,True,True,False,False,False,True,False,True,False,False,Aprobado,Aprobado
18.0,74.0,1,2,False,8.0,72.0,2,Yes,1.0,0,2,2.0,False,65,False,True,False,True,True,False,False,False,True,False,True,False,False,Aprobado,Aprobado
19.0,75.0,2,2,True,6.0,96.0,1,Yes,2.0,1,1,4.0,False,70,False,True,True,False,False,True,False,False,False,True,False,False,True,Aprobado,Aprobado
5.0,96.0,1,0,True,8.0,72.0,0,Yes,3.0,1,1,5.0,False,65,False,True,False,True,False,True,False,False,False,True,True,False,False,Aprobado,Aprobado
19.0,79.0,2,2,True,9.0,85.0,1,Yes,0.0,1,1,2.0,False,68,False,True,False,True,False,True,False,False,True,False,False,False,True,Aprobado,Aprobado
26.0,81.0,2,1,True,8.0,98.0,0,Yes,1.0,1,0,2.0,True,69,True,False,True,False,False,True,False,False,False,True,False,True,False,Aprobado,Aprobado
16.0,73.0,1,1,True,6.0,75.0,2,Yes,3.0,1,1,3.0,False,66,False,True,True,False,False,True,False,False,True,False,False,False,True,Aprobado,Aprobado
20.0,71.0,0,1,False,8.0,70.0,1,Yes,0.0,1,2,3.0,False,62,True,False,True,False,False,True,False,True,False,False,False,True,False,Reprobado,Aprobado
15.0,86.0,1,2,False,8.0,99.0,2,Yes,2.0,1,1,5.0,False,70,False,True,False,True,False,True,False,False,False,True,False,True,False,Aprobado,Aprobado
22.0,65.0,2,0,False,8.0,91.0,1,Yes,2.0,2,1,2.0,False,65,False,True,True,False,True,False,False,False,True,False,True,False,False,Aprobado,Aprobado
19.0,95.0,0,2,True,9.0,97.0,0,Yes,0.0,1,1,2.0,False,71,False,True,False,True,False,False,True,False,False,True,False,True,False,Aprobado,Aprobado
14.0,91.0,1,2,True,8.0,70.0,1,Yes,2.0,0,1,0.0,False,68,True,False,False,True,False,False,True,False,True,False,False,True,False,Aprobado,Aprobado
28.0,68.0,0,0,True,9.0,85.0,1,Yes,0.0,1,1,3.0,False,65,False,True,False,True,False,False,True,False,False,True,True,False,False,Aprobado,Aprobado
26.0,88.0,0,2,True,7.0,62.0,2,No,1.0,2,2,2.0,False,70,True,False,True,False,False,True,False,False,False,True,False,False,True,Aprobado,Reprobado
16.0,84.0,1,2,True,6.0,93.0,1,Yes,0.0,2,1,3.0,False,69,False,True,False,True,False,True,False,False,True,False,False,False,True,Aprobado,Aprobado
23.0,67.0,1,0,True,9.0,97.0,1,Yes,1.0,1,1,3.0,False,66,True,False,False,True,True,False,False,False,True,False,False,False,True,Aprobado,Aprobado
23.0,71.0,1,1,True,6.0,63.0,0,Yes,1.0,0,2,5.0,False,66,False,True,False,True,False,True,False,False,True,False,False,False,True,Aprobado,Reprobado
24.0,76.0,2,1,False,10.0,55.0,0,Yes,2.0,0,1,4.0,False,67,False,True,False,True,False,True,False,False,False,True,False,False,True,Aprobado,Reprobado
10.0,88.0,0,1,False,9.0,60.0,1,Yes,1.0,0,1,3.0,False,63,False,True,True,False,False,True,False,False,True,False,False,False,True,Reprobado,Reprobado
26.0,86.0,0,2,True,7.0,82.0,1,Yes,2.0,0,1,3.0,False,70,True,False,True,False,False,True,False,False,True,False,False,False,True,Aprobado,Aprobado
17.0,81.0,2,1,False,9.0,64.0,1,Yes,0.0,2,1,3.0,True,65,False,True,False,True,False,True,False,True,False,False,False,False,True,Aprobado,Reprobado
18.0,91.0,1,2,False,8.0,82.0,1,Yes,3.0,1,1,2.0,False,70,True,False,False,True,False,True,False,False,True,False,False,False,True,Aprobado,Aprobado
36.0,90.0,1,2,True,5.0,68.0,0,Yes,1.0,0,2,2.0,False,74,False,True,False,True,False,True,False,False,True,False,False,False,True,Aprobado,Aprobado
22.0,85.0,2,1,True,6.0,96.0,1,Yes,0.0,0,1,3.0,False,69,False,True,True,False,False,True,False,False,True,False,False,True,False,Aprobado,Aprobado
18.0,91.0,2,1,False,7.0,73.0,0,Yes,0.0,0,1,4.0,False,68,False,True,False,True,True,False,False,False,False,True,True,False,False,Aprobado,Aprobado
7.0,73.0,1,1,True,7.0,75.0,1,Yes,1.0,2,2,3.0,False,64,True,False,False,True,True,False,False,False,False,True,False,False,True,Reprobado,Aprobado
28.0,95.0,2,1,False,9.0,67.0,0,Yes,2.0,1,1,3.0,False,73,False,True,False,True,False,True,False,False,False,True,False,True,False,Aprobado,Aprobado
12.0,85.0,1,1,True,7.0,54.0,1,Yes,4.0,0,2,3.0,False,66,False,True,False,True,True,False,False,False,True,False,False,False,True,Aprobado,Reprobado
14.0,93.0,1,0,True,5.0,75.0,0,Yes,0.0,1,2,3.0,False,65,False,True,False,True,False,True,False,False,True,False,True,False,False,Aprobado,Aprobado
18.0,82.0,2,0,True,6.0,89.0,2,Yes,0.0,1,1,1.0,True,66,True,False,False,True,True,False,False,False,True,False,False,False,True,Aprobado,Aprobado
28.0,69.0,1,0,False,8.0,98.0,1,Yes,0.0,1,1,5.0,False,67,False,True,False,True,False,True,False,False,False,True,False,False,True,Aprobado,Aprobado
25.0,82.0,1,2,False,4.0,54.0,1,Yes,0.0,1,1,3.0,False,67,False,True,False,True,False,True,False,False,False,True,False,True,False,Aprobado,Reprobado
19.0,75.0,1,1,True,5.0,90.0,2,Yes,0.0,1,1,3.0,False,66,True,False,True,False,False,False,True,False,False,True,True,False,False,Aprobado,Aprobado
22.0,88.0,1,0,True,6.0,63.0,0,Yes,3.0,0,1,3.0,False,69,False,True,False,True,False,False,True,False,False,True,False,False,True,Aprobado,Reprobado
16.0,79.0,1,1,True,8.0,91.0,1,Yes,4.0,2,1,1.0,False,69,True,False,False,True,False,False,True,False,False,True,False,False,True,Aprobado,Aprobado
21.0,93.0,1,0,False,7.0,67.0,2,Yes,2.0,0,1,3.0,False,68,False,True,True,False,True,False,False,True,False,False,False,True,False,Aprobado,Aprobado
20.0,87.0,0,0,False,8.0,56.0,1,No,1.0,2,1,1.0,False,64,False,True,True,False,True,False,False,False,False,True,True,False,False,Reprobado,Reprobado
26.0,87.0,1,1,True,7.0,81.0,1,Yes,1.0,2,1,2.0,False,70,False,True,False,True,False,True,False,False,False,True,True,False,False,Aprobado,Aprobado
26.0,69.0,1,1,False,7.0,95.0,1,Yes,1.0,0,1,4.0,False,67,False,True,True,False,False,False,True,False,False,True,True,False,False,Aprobado,Aprobado
23.0,99.0,0,0,False,6.0,59.0,1,Yes,1.0,1,1,3.0,False,68,False,True,False,True,False,True,False,True,False,False,False,False,True,Aprobado,Reprobado
18.0,94.0,1,1,True,8.0,51.0,1,Yes,0.0,2,1,3.0,True,67,False,True,True,False,True,False,False,False,True,False,False,False,True,Aprobado,Reprobado
24.0,92.0,2,1,True,5.0,94.0,0,Yes,1.0,1,1,2.0,False,73,False,True,True,False,False,False,True,False,False,True,False,True,False,Aprobado,Aprobado
19.0,73.0,1,1,True,7.0,85.0,1,Yes,1.0,1,1,3.0,False,65,False,True,False,True,False,True,False,True,False,False,False,True,False,Aprobado,Aprobado
14.0,81.0,1,2,False,9.0,90.0,1,Yes,3.0,2,2,3.0,False,69,False,True,False,True,False,False,True,False,False,True,False,True,False,Aprobado,Aprobado
18.0,65.0,1,1,True,6.0,53.0,1,Yes,1.0,1,1,3.0,True,63,True,False,False,True,False,False,True,False,False,True,False,False,True,Reprobado,Reprobado
21.0,82.0,1,1,False,5.0,95.0,1,Yes,3.0,0,0,4.0,False,68,False,True,True,False,False,True,False,False,False,True,False,False,True,Aprobado,Aprobado
25.0,66.0,1,2,False,4.0,71.0,2,Yes,0.0,1,1,3.0,True,64,False,True,True,False,False,True,False,False,False,True,True,False,False,Reprobado,Aprobado
19.0,82.0,0,2,False,8.0,95.0,1,Yes,2.0,0,2,4.0,True,68,False,True,True,False,False,False,True,False,True,False,False,True,False,Aprobado,Aprobado
13.0,86.0,1,2,True,8.0,53.0,1,Yes,2.0,0,2,4.0,False,66,False,True,False,True,False,True,False,True,False,False,False,False,True,Aprobado,Reprobado
20.0,76.0,1,1,False,6.0,94.0,0,Yes,2.0,0,2,3.0,True,65,False,True,False,True,False,True,False,False,True,False,False,True,False,Aprobado,Aprobado
21.0,80.0,1,1,True,5.0,84.0,0,Yes,4.0,0,1,2.0,False,69,True,False,True,False,False,False,True,False,False,True,False,True,False,Aprobado,Aprobado
21.0,95.0,0,1,False,7.0,78.0,2,Yes,2.0,0,2,2.0,True,69,False,True,False,True,False,True,False,False,False,True,False,True,False,Aprobado,Aprobado
26.0,64.0,0,2,True,9.0,53.0,1,No,2.0,0,2,4.0,False,64,False,True,False,True,True,False,False,False,False,True,True,False,False,Reprobado,Reprobado
26.0,92.0,2,2,False,5.0,84.0,2,Yes,0.0,1,2,2.0,False,74,False,True,False,True,False,False,True,False,False,True,False,True,False,Aprobado,Aprobado
16.0,67.0,2,1,False,9.0,80.0,1,Yes,1.0,0,2,3.0,False,64,False,True,True,False,False,True,False,False,False,True,False,True,False,Reprobado,Aprobado
16.0,61.0,1,0,False,4.0,86.0,1,Yes,3.0,1,2,4.0,False,63,False,True,True,False,False,True,False,False,False,True,False,False,True,Reprobado,Aprobado
14.0,67.0,2,1,True,5.0,86.0,1,No,0.0,2,1,4.0,False,64,False,True,True,False,True,False,False,False,True,False,False,False,True,Reprobado,Aprobado
24.0,91.0,1,1,True,7.0,72.0,1,Yes,3.0,1,2,3.0,False,71,False,True,False,True,False,True,False,False,True,False,False,True,False,Aprobado,Aprobado
29.0,76.0,0,2,True,8.0,60.0,1,Yes,2.0,1,1,3.0,False,68,False,True,True,False,False,True,False,False,False,True,True,False,False,Aprobado,Reprobado
18.0,95.0,1,1,True,9.0,96.0,0,Yes,4.0,1,1,4.0,False,72,False,True,True,False,True,False,False,False,False,True,True,False,False,Aprobado,Aprobado
19.0,81.0,1,0,True,8.0,96.0,2,Yes,1.0,0,1,4.0,False,67,True,False,False,True,False,False,True,False,False,True,True,False,False,Aprobado,Aprobado
29.0,61.0,1,2,False,9.0,61.0,1,Yes,0.0,0,1,3.0,False,64,True,False,False,True,False,True,False,False,False,True,True,False,False,Reprobado,Reprobado
23.0,89.0,1,0,False,7.0,82.0,1,Yes,2.0,2,2,1.0,False,70,False,True,False,True,True,False,False,False,False,True,False,False,True,Aprobado,Aprobado
23.0,64.0,2,1,True,6.0,60.0,0,Yes,2.0,1,1,3.0,False,65,False,True,True,False,True,False,False,False,False,True,True,False,False,Aprobado,Reprobado
13.0,92.0,2,1,False,9.0,93.0,2,Yes,2.0,2,1,2.0,False,69,False,True,False,True,True,False,False,False,True,False,True,False,False,Aprobado,Aprobado
24.0,67.0,2,1,False,9.0,55.0,2,Yes,2.0,0,0,2.0,False,65,False,True,False,True,True,False,False,False,True,False,False,False,True,Aprobado,Reprobado
14.0,74.0,2,1,False,8.0,100.0,1,Yes,1.0,0,1,3.0,False,66,False,True,False,True,True,False,False,False,False,True,False,True,False,Aprobado,Aprobado
13.0,90.0,2,1,False,8.0,81.0,1,Yes,0.0,1,1,3.0,False,67,False,True,True,False,False,True,False,False,True,False,False,False,True,Aprobado,Aprobado
18.0,98.0,1,0,False,9.0,51.0,1,Yes,1.0,2,1,4.0,False,68,False,True,False,True,True,False,False,False,False,True,False,True,False,Aprobado,Reprobado
16.0,75.0,1,1,True,8.0,94.0,1,Yes,0.0,1,1,3.0,False,65,True,False,False,True,False,True,False,False,True,False,False,False,True,Aprobado,Aprobado
19.0,93.0,1,1,False,7.0,84.0,2,No,0.0,1,0,2.0,False,68,False,True,False,True,True,False,False,False,False,True,False,True,False,Aprobado,Aprobado
11.0,68.0,1,2,True,8.0,85.0,2,No,2.0,1,1,2.0,False,63,False,True,False,True,True,False,False,False,False,True,True,False,False,Reprobado,Aprobado
26.0,92.0,1,1,False,8.0,64.0,1,Yes,1.0,1,1,5.0,False,71,True,False,False,True,False,True,False,False,False,True,False,False,True,Aprobado,Reprobado
27.0,86.0,2,1,False,8.0,67.0,1,Yes,1.0,0,1,4.0,False,71,False,True,False,True,True,False,False,False,False,True,False,False,True,Aprobado,Aprobado
8.0,68.0,2,1,True,7.0,96.0,1,Yes,2.0,0,2,3.0,False,65,False,True,True,False,False,False,True,False,False,True,False,False,True,Aprobado,Aprobado
26.0,72.0,1,0,False,8.0,82.0,1,Yes,2.0,1,0,2.0,False,65,False,True,True,False,False,False,True,True,False,False,True,False,False,Aprobado,Aprobado
15.0,65.0,1,0,True,8.0,51.0,1,Yes,1.0,2,1,3.0,False,61,False,True,True,False,False,True,False,False,True,False,False,False,True,Reprobado,Reprobado
25.0,75.0,2,2,True,7.0,66.0,0,Yes,0.0,0,2,4.0,False,68,False,True,False,True,False,True,False,False,False,True,True,False,False,Aprobado,Aprobado
20.0,68.0,0,1,True,6.0,80.0,0,Yes,4.0,0,1,4.0,False,65,True,False,True,False,True,False,False,False,False,True,False,True,False,Aprobado,Aprobado
20.0,86.0,0,1,False,9.0,57.0,1,Yes,0.0,1,2,4.0,False,66,False,True,False,True,False,True,False,False,True,False,False,False,True,Aprobado,Reprobado
19.0,100.0,2,0,True,5.0,55.0,0,Yes,2.0,0,1,4.0,False,69,False,True,False,True,False,True,False,False,True,False,False,False,True,Aprobado,Reprobado
27.0,60.0,2,2,False,6.0,53.0,0,Yes,3.0,0,0,2.0,False,65,True,False,True,False,False,True,False,False,True,False,False,False,True,Aprobado,Reprobado
13.0,82.0,1,2,False,7.0,82.0,1,Yes,1.0,0,0,3.0,False,65,False,True,True,False,False,True,False,False,False,True,False,False,True,Aprobado,Aprobado
24.0,83.0,2,1,False,4.0,66.0,2,Yes,2.0,1,2,4.0,True,70,True,False,False,True,False,False,True,False,True,False,False,False,True,Aprobado,Aprobado
27.0,97.0,1,1,False,9.0,69.0,1,Yes,1.0,0,1,2.0,False,70,True,False,True,False,False,True,False,False,True,False,False,True,False,Aprobado,Aprobado
24.0,80.0,1,1,True,7.0,53.0,1,Yes,2.0,0,1,4.0,True,67,False,True,True,False,False,True,False,False,False,True,False,False,True,Aprobado,Reprobado
34.0,82.0,1,2,True,9.0,87.0,2,Yes,3.0,0,1,4.0,False,75,False,True,True,False,False,True,False,False,False,True,False,False,True,Aprobado,Aprobado
17.0,79.0,0,0,True,10.0,88.0,0,Yes,3.0,1,2,3.0,False,65,True,False,True,False,False,True,False,False,True,False,False,True,False,Aprobado,Aprobado
26.0,71.0,1,1,True,7.0,91.0,1,No,2.0,0,1,3.0,False,66,True,False,True,False,False,True,False,False,True,False,False,True,False,Aprobado,Aprobado
19.0,62.0,2,1,True,9.0,83.0,2,Yes,2.0,1,1,3.0,False,67,False,True,False,True,True,False,False,False,False,True,False,False,True,Aprobado,Aprobado
27.0,76.0,0,1,True,5.0,89.0,0,Yes,0.0,0,1,4.0,False,67,True,False,False,True,False,False,True,True,False,False,False,False,True,Aprobado,Aprobado
20.0,62.0,0,1,False,8.0,79.0,2,Yes,2.0,0,1,1.0,False,62,False,True,True,False,False,True,False,False,False,True,False,False,True,Reprobado,Aprobado
18.0,82.0,1,1,True,6.0,75.0,1,Yes,0.0,0,1,4.0,False,66,True,False,False,True,True,False,False,False,False,True,True,False,False,Aprobado,Aprobado
28.0,72.0,0,2,False,8.0,63.0,0,Yes,1.0,0,2,2.0,False,66,False,True,False,True,False,True,False,False,False,True,False,True,False,Aprobado,Reprobado
17.0,81.0,2,0,True,8.0,53.0,2,Yes,0.0,1,1,2.0,False,64,False,True,False,True,False,True,False,True,False,False,False,True,False,Reprobado,Reprobado
12.0,65.0,0,1,False,7.0,65.0,1,Yes,2.0,1,1,2.0,False,60,False,True,False,True,False,True,False,False,False,True,False,True,False,Reprobado,Aprobado
17.0,97.0,1,1,True,8.0,84.0,1,No,3.0,0,0,3.0,False,70,True,False,True,False,False,False,True,False,False,True,False,True,False,Aprobado,Aprobado
24.0,96.0,1,1,False,8.0,96.0,1,Yes,2.0,0,0,3.0,False,72,False,True,True,False,True,False,False,False,False,True,False,False,True,Aprobado,Aprobado
28.0,68.0,2,1,True,7.0,63.0,1,Yes,0.0,0,2,2.0,False,67,False,True,False,True,True,False,False,False,False,True,True,False,False,Aprobado,Reprobado
21.0,74.0,1,2,True,10.0,83.0,0,Yes,1.0,2,1,3.0,False,67,False,True,True,False,False,True,False,False,True,False,False,True,False,Aprobado,Aprobado
28.0,85.0,1,1,True,7.0,74.0,1,Yes,1.0,1,2,3.0,False,72,False,True,True,False,False,False,True,False,False,True,False,False,True,Aprobado,Aprobado
12.0,64.0,2,2,True,9.0,81.0,1,No,1.0,2,2,3.0,False,63,False,True,False,True,False,True,False,False,True,False,False,True,False,Reprobado,Aprobado
17.0,74.0,0,1,False,9.0,50.0,1,Yes,0.0,0,2,2.0,False,60,False,True,True,False,False,True,False,True,False,False,True,False,False,Reprobado,Reprobado
18.0,70.0,1,1,True,4.0,56.0,1,Yes,1.0,2,2,4.0,False,65,False,True,False,True,False,True,False,False,False,True,False,True,False,Aprobado,Reprobado
19.0,97.0,2,1,True,9.0,61.0,2,Yes,2.0,1,2,1.0,False,72,False,True,False,True,False,False,True,False,True,False,False,True,False,Aprobado,Reprobado
21.0,94.0,1,2,False,9.0,95.0,0,Yes,0.0,1,2,3.0,False,70,True,False,False,True,False,True,False,False,False,True,True,False,False,Aprobado,Aprobado
24.0,83.0,2,1,True,7.0,52.0,2,Yes,1.0,1,2,4.0,False,71,False,True,True,False,True,False,False,False,False,True,False,False,True,Aprobado,Reprobado
17.0,81.0,0,1,True,8.0,78.0,0,Yes,1.0,0,2,4.0,False,66,True,False,False,True,True,False,False,False,True,False,False,False,True,Aprobado,Aprobado
21.0,97.0,0,1,True,8.0,96.0,2,Yes,2.0,0,2,4.0,False,72,False,True,True,False,True,False,False,False,True,False,False,False,True,Aprobado,Aprobado
20.0,97.0,0,1,True,9.0,83.0,2,Yes,3.0,1,2,3.0,False,73,False,True,True,False,False,False,True,False,False,True,False,False,True,Aprobado,Aprobado
14.0,99.0,2,1,True,6.0,74.0,1,Yes,2.0,1,1,3.0,False,71,False,True,False,True,True,False,False,False,False,True,False,True,False,Aprobado,Aprobado
19.0,65.0,2,0,False,9.0,69.0,1,Yes,4.0,0,2,2.0,False,64,False,True,False,True,True,False,False,True,False,False,False,True,False,Reprobado,Aprobado
19.0,66.0,1,2,True,5.0,81.0,1,Yes,1.0,2,1,3.0,False,66,True,False,False,True,True,False,False,False,True,False,False,False,True,Aprobado,Aprobado
19.0,87.0,1,1,False,4.0,74.0,2,Yes,1.0,2,1,3.0,False,69,False,True,False,True,True,False,False,False,False,True,False,False,True,Aprobado,Aprobado
20.0,82.0,0,1,False,8.0,85.0,0,Yes,1.0,1,2,3.0,True,66,True,False,True,False,False,False,True,False,False,True,False,True,False,Aprobado,Aprobado
20.0,61.0,1,2,False,9.0,81.0,1,Yes,0.0,2,2,2.0,True,63,False,True,False,True,False,True,False,False,False,True,False,True,False,Reprobado,Aprobado
17.0,62.0,1,1,True,7.0,78.0,1,Yes,0.0,1,2,3.0,False,62,False,True,False,True,False,True,False,False,False,True,True,False,False,Reprobado,Aprobado
28.0,96.0,2,0,True,4.0,98.0,2,Yes,1.0,2,2,3.0,False,98,False,True,False,True,False,True,False,False,False,True,False,False,True,Aprobado,Aprobado
13.0,95.0,2,2,True,5.0,92.0,0,Yes,1.0,1,1,2.0,False,71,True,False,True,False,True,False,False,False,False,True,False,False,True,Aprobado,Aprobado
16.0,74.0,2,1,False,8.0,80.0,1,Yes,0.0,0,1,4.0,False,66,False,True,True,False,False,False,True,False,False,True,False,False,True,Aprobado,Aprobado
37.0,96.0,1,1,False,7.0,77.0,1,Yes,2.0,1,1,3.0,False,75,False,True,True,False,False,True,False,False,True,False,False,False,True,Aprobado,Aprobado
14.0,84.0,2,1,True,9.0,86.0,2,Yes,1.0,0,1,4.0,False,68,True,False,True,False,False,True,False,False,False,True,False,False,True,Aprobado,Aprobado
12.0,92.0,2,1,False,7.0,90.0,1,Yes,2.0,1,2,5.0,False,69,False,True,False,True,False,True,False,False,False,True,True,False,False,Aprobado,Aprobado
24.0,77.0,1,0,True,6.0,65.0,2,Yes,2.0,1,2,3.0,False,68,True,False,False,True,False,True,False,False,False,True,False,False,True,Aprobado,Aprobado
8.0,65.0,1,1,False,7.0,83.0,0,Yes,3.0,1,1,4.0,False,60,False,True,True,False,False,True,False,False,False,True,True,False,False,Reprobado,Aprobado
19.0,77.0,1,0,False,9.0,57.0,0,Yes,4.0,1,1,3.0,True,64,False,True,True,False,False,True,False,False,False,True,False,True,False,Reprobado,Reprobado
33.0,78.0,1,1,False,9.0,72.0,1,Yes,4.0,1,1,3.0,False,71,False,True,False,True,False,True,False,False,True,False,False,False,True,Aprobado,Aprobado
11.0,82.0,2,2,False,7.0,97.0,0,Yes,2.0,2,1,3.0,False,69,False,True,False,True,True,False,False,False,False,True,False,False,True,Aprobado,Aprobado
8.0,64.0,1,1,True,7.0,66.0,1,Yes,1.0,0,1,3.0,False,60,True,False,False,True,True,False,False,False,False,True,False,False,True,Reprobado,Aprobado
11.0,100.0,2,2,True,8.0,58.0,2,Yes,1.0,0,1,3.0,False,70,True,False,True,False,True,False,False,False,False,True,False,False,True,Aprobado,Reprobado
25.0,70.0,0,1,True,6.0,57.0,1,Yes,4.0,1,1,3.0,False,66,True,False,False,True,False,True,False,False,False,True,False,True,False,Aprobado,Reprobado
27.0,68.0,2,1,False,8.0,70.0,2,Yes,0.0,1,1,3.0,False,68,True,False,False,True,False,False,True,False,False,True,False,False,True,Aprobado,Aprobado
17.0,81.0,2,0,False,7.0,61.0,1,Yes,2.0,2,1,2.0,False,67,False,True,True,False,True,False,False,False,False,True,False,False,True,Aprobado,Reprobado
24.0,81.0,1,1,True,7.0,71.0,2,Yes,1.0,1,2,3.0,False,70,False,True,False,True,True,False,False,False,False,True,False,True,False,Aprobado,Aprobado
28.0,78.0,2,1,True,7.0,86.0,0,Yes,0.0,0,2,2.0,False,69,False,True,False,True,True,False,False,False,True,False,False,True,False,Aprobado,Aprobado
31.0,91.0,1,2,True,7.0,94.0,2,Yes,2.0,2,2,3.0,False,75,False,True,False,True,False,True,False,True,False,False,True,False,False,Aprobado,Aprobado
19.0,81.0,1,0,True,10.0,56.0,0,Yes,1.0,1,2,3.0,False,65,False,True,False,True,False,True,False,False,False,True,False,False,True,Aprobado,Reprobado
6.0,84.0,1,1,True,6.0,88.0,1,Yes,1.0,0,1,5.0,False,65,True,False,False,True,False,False,True,False,True,False,False,False,True,Aprobado,Aprobado
15.0,89.0,1,0,False,6.0,55.0,1,Yes,1.0,1,1,4.0,False,66,False,True,False,True,False,False,True,False,True,False,False,False,True,Aprobado,Reprobado
17.0,61.0,2,1,True,9.0,69.0,2,Yes,1.0,1,2,3.0,False,64,False,True,False,True,False,True,False,True,False,False,False,False,True,Reprobado,Aprobado
18.0,83.0,0,1,False,8.0,100.0,1,Yes,1.0,0,2,2.0,False,66,True,False,True,False,False,True,False,False,False,True,True,False,False,Aprobado,Aprobado
19.0,95.0,1,2,True,8.0,53.0,1,Yes,3.0,0,1,1.0,False,70,False,True,True,False,False,True,False,False,True,False,False,False,True,Aprobado,Reprobado
27.0,61.0,2,0,False,5.0,51.0,2,Yes,1.0,0,1,1.0,False,63,True,False,False,True,True,False,False,True,False,False,False,False,True,Reprobado,Reprobado
28.0,76.0,0,0,False,7.0,67.0,2,Yes,1.0,2,0,4.0,False,66,False,True,False,True,True,False,False,False,False,True,True,False,False,Aprobado,Aprobado
19.0,97.0,0,1,True,8.0,98.0,0,Yes,1.0,1,1,3.0,False,71,False,True,True,False,True,False,False,False,False,True,False,False,True,Aprobado,Aprobado
27.0,74.0,1,2,False,6.0,51.0,2,Yes,2.0,1,1,4.0,False,68,True,False,False,True,False,True,False,True,False,False,False,False,True,Aprobado,Reprobado
22.0,78.0,1,1,True,8.0,61.0,1,Yes,2.0,2,1,5.0,False,68,False,True,False,True,False,True,False,False,True,False,False,False,True,Aprobado,Reprobado
20.0,99.0,0,1,False,7.0,80.0,2,Yes,0.0,1,2,3.0,False,71,False,True,False,True,False,False,True,False,False,True,True,False,False,Aprobado,Aprobado
25.0,68.0,0,1,False,6.0,62.0,0,Yes,1.0,0,2,4.0,False,63,True,False,True,False,True,False,False,False,True,False,True,False,False,Reprobado,Reprobado
20.0,63.0,0,0,False,9.0,53.0,0,Yes,1.0,1,1,4.0,False,60,False,True,False,True,False,True,False,False,False,True,False,False,True,Reprobado,Reprobado
32.0,94.0,1,2,True,9.0,53.0,1,Yes,1.0,1,1,3.0,False,73,False,True,True,False,False,True,False,False,False,True,False,True,False,Aprobado,Reprobado
11.0,95.0,1,1,True,7.0,78.0,0,Yes,4.0,1,1,4.0,False,68,True,False,True,False,False,True,False,False,False,True,True,False,False,Aprobado,Aprobado
17.0,79.0,2,2,True,8.0,78.0,1,Yes,2.0,2,1,5.0,False,70,False,True,True,False,False,True,False,False,False,True,False,False,True,Aprobado,Aprobado
19.0,81.0,1,1,True,9.0,85.0,1,Yes,1.0,0,1,1.0,False,66,False,True,False,True,False,True,False,False,True,False,False,True,False,Aprobado,Aprobado
23.0,93.0,2,1,False,6.0,57.0,1,Yes,1.0,2,1,2.0,False,72,False,True,True,False,False,False,True,False,False,True,False,False,True,Aprobado,Reprobado
28.0,90.0,2,0,True,8.0,75.0,1,Yes,1.0,0,2,3.0,True,70,False,True,False,True,False,True,False,False,True,False,False,True,False,Aprobado,Aprobado
20.0,71.0,2,2,True,6.0,80.0,1,Yes,2.0,2,0,3.0,False,68,False,True,False,True,False,True,False,False,False,True,False,False,True,Aprobado,Aprobado
11.0,61.0,1,1,True,5.0,61.0,1,Yes,3.0,1,2,0.0,True,60,False,True,False,True,False,False,True,False,False,True,False,True,False,Reprobado,Reprobado
25.0,79.0,2,1,False,6.0,77.0,0,No,2.0,0,2,3.0,False,68,False,True,False,True,False,True,False,False,False,True,False,True,False,Aprobado,Aprobado
25.0,94.0,2,2,False,5.0,85.0,2,Yes,1.0,1,1,2.0,False,74,False,True,True,False,True,False,False,False,False,True,False,True,False,Aprobado,Aprobado
8.0,96.0,1,1,True,8.0,100.0,2,Yes,1.0,2,1,4.0,False,68,False,True,False,True,False,True,False,False,True,False,True,False,False,Aprobado,Aprobado
20.0,98.0,0,1,True,6.0,80.0,0,Yes,4.0,1,1,4.0,False,72,False,True,False,True,True,False,False,False,False,True,False,False,True,Aprobado,Aprobado
10.0,95.0,1,2,True,5.0,93.0,2,Yes,0.0,0,2,3.0,False,69,False,True,False,True,False,True,False,False,True,False,False,False,True,Aprobado,Aprobado
16.0,83.0,0,1,True,8.0,92.0,0,Yes,2.0,2,2,4.0,False,98,False,True,True,False,False,False,True,False,False,True,False,False,True,Aprobado,Aprobado
15.0,78.0,1,2,False,8.0,97.0,1,Yes,1.0,1,1,4.0,False,68,False,True,False,True,False,False,True,False,False,True,False,True,False,Aprobado,Aprobado
25.0,91.0,1,0,False,7.0,86.0,1,Yes,0.0,1,1,5.0,False,70,False,True,True,False,False,True,False,False,False,True,False,True,False,Aprobado,Aprobado
21.0,90.0,1,1,False,8.0,61.0,1,Yes,1.0,2,1,4.0,False,69,False,True,True,False,False,False,True,False,True,False,False,False,True,Aprobado,Reprobado
12.0,82.0,2,0,False,6.0,65.0,0,Yes,3.0,1,1,3.0,False,64,True,False,True,False,False,True,False,False,False,True,True,False,False,Reprobado,Aprobado
25.0,63.0,1,0,False,6.0,89.0,2,Yes,1.0,1,2,4.0,False,65,True,False,False,True,False,True,False,False,True,False,False,True,False,Aprobado,Aprobado
11.0,97.0,1,1,False,8.0,76.0,2,Yes,2.0,1,2,2.0,False,69,False,True,True,False,False,True,False,False,True,False,False,False,True,Aprobado,Aprobado
22.0,78.0,1,0,False,9.0,63.0,2,Yes,2.0,1,2,4.0,False,67,False,True,False,True,False,True,False,False,False,True,False,True,False,Aprobado,Reprobado
15.0,75.0,1,2,False,6.0,83.0,0,Yes,1.0,2,1,2.0,False,65,True,False,True,False,False,True,False,False,False,True,True,False,False,Aprobado,Aprobado
18.0,85.0,1,2,True,6.0,95.0,2,Yes,2.0,0,0,4.0,False,70,True,False,True,False,True,False,False,False,False,True,False,False,True,Aprobado,Aprobado
23.0,87.0,2,0,False,8.0,68.0,1,Yes,0.0,2,2,3.0,False,68,True,False,False,True,True,False,False,True,False,False,False,True,False,Aprobado,Aprobado
23.0,68.0,1,1,True,8.0,80.0,1,Yes,1.0,1,0,1.0,False,65,False,True,True,False,False,True,False,False,False,True,False,True,False,Aprobado,Aprobado
28.0,93.0,1,1,False,7.0,79.0,2,Yes,0.0,1,1,4.0,False,74,False,True,False,True,False,False,True,False,False,True,False,False,True,Aprobado,Aprobado
20.0,72.0,1,1,True,9.0,56.0,1,Yes,4.0,2,1,2.0,False,65,False,True,False,True,False,True,False,False,False,True,True,False,False,Aprobado,Reprobado
22.0,67.0,2,2,True,10.0,55.0,1,Yes,1.0,0,1,2.0,False,65,False,True,False,True,False,True,False,False,True,False,False,False,True,Aprobado,Reprobado
17.0,76.0,2,1,True,8.0,94.0,1,Yes,3.0,1,1,4.0,False,68,False,True,True,False,False,True,False,False,True,False,False,True,False,Aprobado,Aprobado
21.0,89.0,1,1,False,6.0,97.0,1,No,1.0,0,1,3.0,False,68,True,False,True,False,False,False,True,True,False,False,True,False,False,Aprobado,Aprobado
23.0,99.0,1,1,False,8.0,95.0,2,Yes,5.0,1,1,4.0,False,74,False,True,True,False,False,True,False,False,True,False,False,True,False,Aprobado,Aprobado
19.0,92.0,2,1,False,6.0,70.0,2,Yes,2.0,1,1,3.0,False,71,True,False,True,False,False,True,False,False,False,True,True,False,False,Aprobado,Aprobado
9.0,98.0,2,1,True,9.0,64.0,1,Yes,1.0,0,1,3.0,False,67,True,False,False,True,False,True,False,False,False,True,True,False,False,Aprobado,Reprobado
22.0,66.0,1,1,True,6.0,97.0,0,Yes,0.0,2,0,3.0,False,64,False,True,True,False,False,True,False,False,True,False,False,True,False,Reprobado,Aprobado
22.0,63.0,0,0,True,7.0,94.0,1,Yes,0.0,1,1,3.0,True,61,False,True,False,True,False,True,False,True,False,False,True,False,False,Reprobado,Aprobado
16.0,82.0,1,1,False,6.0,91.0,1,Yes,0.0,0,1,3.0,False,66,False,True,True,False,False,True,False,False,False,True,False,False,True,Aprobado,Aprobado
12.0,72.0,1,1,False,7.0,67.0,0,Yes,0.0,0,1,2.0,False,61,False,True,True,False,False,True,False,False,False,True,False,False,True,Reprobado,Aprobado
29.0,93.0,1,2,False,7.0,82.0,1,Yes,5.0,0,1,3.0,False,73,False,True,False,True,False,True,False,False,True,False,True,False,False,Aprobado,Aprobado
23.0,87.0,0,1,False,8.0,88.0,2,Yes,2.0,1,2,3.0,False,70,False,True,False,True,False,True,False,False,False,True,False,True,False,Aprobado,Aprobado
19.0,99.0,0,1,False,7.0,79.0,1,Yes,2.0,0,1,2.0,False,70,True,False,False,True,False,False,True,False,False,True,False,True,False,Aprobado,Aprobado
13.0,70.0,1,0,True,7.0,80.0,2,Yes,1.0,2,1,4.0,False,63,False,True,True,False,True,False,False,True,False,False,False,False,True,Reprobado,Aprobado
15.0,79.0,2,1,True,6.0,88.0,1,Yes,3.0,2,1,3.0,False,69,False,True,False,True,False,False,True,False,True,False,False,True,False,Aprobado,Aprobado
28.0,80.0,2,2,False,7.0,88.0,1,Yes,2.0,2,1,2.0,False,72,False,True,False,True,False,True,False,False,False,True,True,False,False,Aprobado,Aprobado
21.0,70.0,1,2,True,5.0,62.0,1,Yes,2.0,0,2,2.0,False,66,False,True,True,False,False,True,False,False,False,True,False,True,False,Aprobado,Reprobado
17.0,84.0,2,2,False,9.0,70.0,1,Yes,1.0,2,1,4.0,False,68,False,True,False,True,False,True,False,False,False,True,True,False,False,Aprobado,Aprobado
23.0,78.0,1,2,False,7.0,89.0,1,Yes,1.0,1,0,3.0,False,67,False,True,False,True,False,True,False,True,False,False,False,True,False,Aprobado,Aprobado
15.0,78.0,1,2,True,9.0,63.0,1,No,2.0,1,1,3.0,False,65,True,False,True,False,False,False,True,True,False,False,False,False,True,Aprobado,Reprobado
29.0,75.0,0,1,True,7.0,96.0,0,Yes,2.0,0,1,3.0,False,68,False,True,False,True,False,True,False,False,True,False,False,False,True,Aprobado,Aprobado
28.0,61.0,2,1,True,4.0,92.0,0,Yes,1.0,1,2,4.0,False,68,True,False,True,False,True,False,False,False,False,True,False,True,False,Aprobado,Aprobado
17.0,81.0,2,1,False,6.0,95.0,2,Yes,2.0,1,1,3.0,False,69,True,False,False,True,False,True,False,False,False,True,False,False,True,Aprobado,Aprobado
16.0,73.0,2,2,True,7.0,65.0,0,Yes,1.0,1,1,4.0,False,66,True,False,False,True,True,False,False,False,True,False,False,False,True,Aprobado,Aprobado
4.0,60.0,1,1,True,7.0,55.0,1,Yes,2.0,0,1,2.0,False,58,True,False,False,True,False,False,True,False,False,True,False,True,False,Reprobado,Reprobado
11.0,72.0,2,0,False,8.0,55.0,2,Yes,0.0,1,0,3.0,True,60,False,True,False,True,True,False,False,False,False,True,False,True,False,Reprobado,Reprobado
12.0,71.0,2,2,True,7.0,78.0,2,Yes,3.0,0,1,4.0,False,67,False,True,True,False,True,False,False,False,True,False,False,False,True,Aprobado,Aprobado
21.0,76.0,1,1,True,6.0,65.0,0,Yes,2.0,0,2,2.0,False,65,False,True,True,False,False,True,False,False,False,True,True,False,False,Aprobado,Aprobado
18.0,65.0,2,1,True,6.0,63.0,2,Yes,1.0,0,1,2.0,False,62,False,True,False,True,False,True,False,True,False,False,True,False,False,Reprobado,Reprobado
12.0,80.0,1,2,True,6.0,61.0,1,Yes,0.0,2,2,2.0,False,65,True,False,False,True,False,True,False,False,False,True,False,True,False,Aprobado,Reprobado
18.0,88.0,2,2,False,8.0,78.0,1,Yes,0.0,1,1,2.0,False,69,False,True,False,True,True,False,False,False,True,False,False,True,False,Aprobado,Aprobado
23.0,85.0,0,2,False,8.0,77.0,1,Yes,0.0,2,1,4.0,False,70,False,True,False,True,True,False,False,False,False,True,False,False,True,Aprobado,Aprobado
23.0,92.0,0,2,True,6.0,71.0,2,Yes,2.0,0,1,2.0,False,70,False,True,False,True,False,True,False,False,True,False,False,False,True,Aprobado,Aprobado
9.0,78.0,2,1,False,9.0,57.0,0,Yes,1.0,0,2,5.0,False,63,False,True,True,False,False,True,False,False,True,False,False,False,True,Reprobado,Reprobado
19.0,81.0,0,1,True,8.0,96.0,2,Yes,0.0,1,2,4.0,False,69,False,True,False,True,False,False,True,False,False,True,False,True,False,Aprobado,Aprobado
12.0,92.0,0,1,False,6.0,71.0,0,Yes,0.0,1,2,4.0,False,64,True,False,False,True,False,True,False,False,False,True,True,False,False,Reprobado,Aprobado
25.0,77.0,1,2,False,7.0,56.0,1,Yes,1.0,0,1,3.0,False,69,False,True,False,True,False,False,True,False,False,True,False,False,True,Aprobado,Reprobado
25.0,88.0,2,1,True,8.0,52.0,0,Yes,1.0,1,1,2.0,False,70,False,True,False,True,False,True,False,False,False,True,False,False,True,Aprobado,Reprobado
15.0,77.0,1,1,True,5.0,58.0,1,Yes,1.0,0,1,3.0,False,64,False,True,True,False,True,False,False,False,True,False,False,False,True,Reprobado,Reprobado
15.0,77.0,2,1,True,5.0,65.0,0,No,2.0,0,1,4.0,True,65,False,True,False,True,False,False,True,False,False,True,False,False,True,Aprobado,Aprobado
17.0,90.0,2,1,False,8.0,82.0,1,Yes,0.0,1,2,4.0,False,70,False,True,False,True,True,False,False,False,False,True,False,True,False,Aprobado,Aprobado
6.0,67.0,1,0,True,6.0,99.0,0,Yes,0.0,1,1,2.0,False,60,True,False,False,True,True,False,False,False,False,True,False,True,False,Reprobado,Aprobado
22.0,74.0,1,2,True,9.0,64.0,2,Yes,3.0,1,1,3.0,False,68,False,True,True,False,False,True,False,False,False,True,False,True,False,Aprobado,Reprobado
18.0,69.0,0,0,True,10.0,89.0,0,Yes,2.0,0,2,1.0,True,61,False,True,False,True,False,True,False,False,True,False,False,True,False,Reprobado,Aprobado
26.0,74.0,1,0,True,8.0,96.0,1,Yes,2.0,1,2,3.0,False,68,True,False,True,False,False,True,False,False,False,True,False,True,False,Aprobado,Aprobado
13.0,69.0,1,0,False,8.0,70.0,1,Yes,1.0,2,2,3.0,False,61,True,False,False,True,False,True,False,False,True,False,False,True,False,Reprobado,Aprobado
16.0,83.0,0,1,False,5.0,63.0,0,Yes,2.0,2,1,3.0,True,64,True,False,True,False,False,True,False,False,True,False,False,False,True,Reprobado,Reprobado
11.0,92.0,1,1,False,5.0,75.0,1,Yes,2.0,1,1,3.0,False,66,False,True,True,False,False,True,False,False,False,True,True,False,False,Aprobado,Aprobado
14.0,91.0,1,1,True,7.0,95.0,1,Yes,2.0,2,2,2.0,False,70,False,True,False,True,False,True,False,False,True,False,False,False,True,Aprobado,Aprobado
13.0,75.0,2,2,True,5.0,51.0,1,Yes,3.0,1,1,3.0,False,65,True,False,True,False,False,True,False,False,False,True,True,False,False,Aprobado,Reprobado
26.0,100.0,1,2,True,7.0,74.0,2,Yes,1.0,1,1,2.0,False,74,False,True,True,False,False,True,False,False,False,True,False,True,False,Aprobado,Aprobado
16.0,84.0,2,2,False,6.0,88.0,0,Yes,1.0,1,1,1.0,True,66,True,False,False,True,False,True,False,False,False,True,True,False,False,Aprobado,Aprobado
21.0,76.0,0,1,True,7.0,80.0,2,Yes,3.0,0,1,2.0,True,65,False,True,False,True,True,False,False,False,False,True,True,False,False,Aprobado,Aprobado
18.0,93.0,0,2,False,7.0,75.0,2,Yes,1.0,2,1,1.0,False,69,True,False,True,False,True,False,False,False,True,False,False,False,True,Aprobado,Aprobado
12.0,89.0,1,2,True,8.0,78.0,0,Yes,4.0,0,1,5.0,False,69,False,True,True,False,False,False,True,False,False,True,False,True,False,Aprobado,Aprobado
19.0,90.0,0,2,False,7.0,81.0,1,Yes,2.0,1,1,2.0,False,69,True,False,True,False,False,True,False,False,False,True,False,False,True,Aprobado,Aprobado
24.0,68.0,2,0,False,6.0,84.0,1,Yes,1.0,0,2,4.0,False,66,False,True,True,False,False,True,False,False,False,True,False,False,True,Aprobado,Aprobado
13.0,79.0,1,0,False,5.0,68.0,1,No,2.0,2,1,3.0,False,63,True,False,True,False,False,True,False,False,False,True,False,False,True,Reprobado,Aprobado
25.0,94.0,1,0,True,7.0,76.0,1,Yes,1.0,0,2,2.0,True,69,True,False,True,False,False,True,False,False,True,False,False,True,False,Aprobado,Aprobado
15.0,80.0,1,2,True,4.0,64.0,1,Yes,1.0,1,1,1.0,False,65,False,True,False,True,False,True,False,False,False,True,False,True,False,Aprobado,Reprobado
17.0,87.0,1,1,False,9.0,99.0,1,Yes,1.0,1,0,3.0,False,67,True,False,False,True,False,True,False,False,True,False,False,True,False,Aprobado,Aprobado
23.0,84.0,1,1,False,8.0,59.0,0,Yes,1.0,0,2,4.0,True,66,False,True,True,False,False,False,True,True,False,False,False,False,True,Aprobado,Reprobado
16.0,94.0,0,1,True,8.0,58.0,1,Yes,2.0,0,1,3.0,True,67,False,True,False,True,True,False,False,False,False,True,False,False,True,Aprobado,Reprobado
20.0,71.0,0,2,True,6.0,63.0,2,Yes,1.0,0,1,2.0,False,65,False,True,False,True,True,False,False,False,True,False,False,False,True,Aprobado,Reprobado
18.0,83.0,1,2,False,8.0,96.0,0,Yes,0.0,1,2,4.0,True,69,False,True,True,False,False,False,True,False,False,True,False,False,True,Aprobado,Aprobado
21.0,65.0,0,2,False,6.0,83.0,1,Yes,3.0,0,2,5.0,False,65,False,True,False,True,False,True,False,False,False,True,False,True,False,Aprobado,Aprobado
6.0,88.0,2,2,True,7.0,73.0,1,Yes,3.0,0,1,3.0,False,67,True,False,False,True,True,False,False,False,False,True,False,True,False,Aprobado,Aprobado
9.0,89.0,1,1,True,6.0,96.0,1,Yes,0.0,2,0,4.0,False,66,False,True,False,True,False,True,False,False,False,True,True,False,False,Aprobado,Aprobado
24.0,62.0,0,1,False,7.0,95.0,1,Yes,1.0,2,0,3.0,False,64,False,True,True,False,True,False,False,True,False,False,False,False,True,Reprobado,Aprobado
26.0,87.0,1,2,False,5.0,70.0,0,Yes,1.0,0,1,2.0,False,70,True,False,True,False,False,True,False,False,False,True,False,False,True,Aprobado,Aprobado
15.0,77.0,1,2,True,7.0,78.0,1,Yes,0.0,0,2,3.0,False,65,False,True,False,True,False,True,False,False,True,False,False,True,False,Aprobado,Aprobado
19.0,65.0,0,1,True,5.0,95.0,1,Yes,2.0,1,2,4.0,False,65,True,False,False,True,True,False,False,False,False,True,False,True,False,Aprobado,Aprobado
22.0,77.0,0,0,False,10.0,66.0,1,Yes,2.0,0,1,3.0,False,64,False,True,False,True,True,False,False,False,True,False,False,False,True,Reprobado,Aprobado
24.0,68.0,1,0,True,7.0,70.0,0,Yes,1.0,0,0,3.0,False,64,False,True,False,True,True,False,False,False,False,True,False,True,False,Reprobado,Aprobado
8.0,77.0,1,0,True,7.0,90.0,0,Yes,1.0,1,1,0.0,False,61,False,True,False,True,False,True,False,False,True,False,False,True,False,Reprobado,Aprobado
15.0,75.0,2,1,False,8.0,85.0,1,Yes,1.0,0,2,3.0,False,65,False,True,False,True,False,True,False,False,False,True,False,True,False,Aprobado,Aprobado
18.0,90.0,2,1,True,5.0,52.0,0,Yes,5.0,1,1,3.0,True,68,True,False,False,True,False,True,False,False,True,False,False,False,True,Aprobado,Reprobado
24.0,91.0,0,2,True,6.0,56.0,1,Yes,1.0,0,2,2.0,False,70,False,True,False,True,True,False,False,False,True,False,False,False,True,Aprobado,Reprobado
35.0,84.0,0,1,True,8.0,92.0,2,Yes,6.0,0,2,4.0,False,74,False,True,False,True,False,True,False,False,True,False,True,False,False,Aprobado,Aprobado
19.0,61.0,1,1,False,7.0,51.0,0,Yes,1.0,0,2,1.0,False,60,False,True,True,False,False,True,False,False,False,True,False,True,False,Reprobado,Reprobado
12.0,97.0,2,0,True,6.0,96.0,1,Yes,2.0,0,2,2.0,False,71,False,True,True,False,False,False,True,False,False,True,False,False,True,Aprobado,Aprobado
22.0,87.0,2,2,True,8.0,64.0,1,No,2.0,1,2,3.0,False,70,False,True,True,False,False,True,False,False,True,False,True,False,False,Aprobado,Reprobado
28.0,61.0,0,1,True,7.0,80.0,0,Yes,2.0,1,1,4.0,False,67,False,True,True,False,False,False,True,False,False,True,False,False,True,Aprobado,Aprobado
21.0,93.0,1,1,True,8.0,78.0,1,No,0.0,0,1,3.0,False,68,True,False,False,True,False,True,False,False,False,True,False,True,False,Aprobado,Aprobado
15.0,68.0,2,1,False,8.0,70.0,1,Yes,3.0,1,2,3.0,False,64,False,True,True,False,False,True,False,False,False,True,True,False,False,Reprobado,Aprobado
26.0,83.0,2,0,False,6.0,52.0,1,Yes,0.0,0,2,3.0,False,67,False,True,False,True,False,True,False,False,False,True,True,False,False,Aprobado,Reprobado
24.0,79.0,0,0,False,7.0,60.0,0,Yes,0.0,0,2,3.0,False,65,False,True,True,False,False,False,True,False,False,True,False,True,False,Aprobado,Reprobado
14.0,77.0,1,1,True,4.0,81.0,0,Yes,3.0,1,1,3.0,False,66,True,False,True,False,True,False,False,False,False,True,False,True,False,Aprobado,Aprobado
22.0,96.0,1,1,True,6.0,72.0,0,Yes,1.0,2,1,4.0,False,72,False,True,True,False,True,False,False,False,False,True,False,False,True,Aprobado,Aprobado
26.0,77.0,0,1,True,7.0,71.0,2,Yes,3.0,2,1,3.0,False,69,False,True,True,False,False,True,False,False,False,True,False,True,False,Aprobado,Aprobado
27.0,63.0,1,1,True,8.0,55.0,0,Yes,1.0,1,1,3.0,False,65,True,False,True,False,False,False,True,False,False,True,False,True,False,Aprobado,Reprobado
20.0,98.0,0,2,True,8.0,67.0,1,Yes,0.0,2,1,3.0,False,71,False,True,True,False,False,True,False,False,False,True,False,False,True,Aprobado,Aprobado
18.0,97.0,2,2,True,6.0,76.0,1,Yes,0.0,1,2,5.0,False,72,False,True,False,True,False,True,False,False,True,False,False,True,False,Aprobado,Aprobado
27.0,87.0,2,1,False,6.0,54.0,1,Yes,0.0,1,1,2.0,False,70,True,False,True,False,False,True,False,False,False,True,False,False,True,Aprobado,Reprobado
13.0,79.0,2,1,False,9.0,53.0,1,No,1.0,1,1,2.0,False,63,True,False,False,True,True,False,False,False,True,False,False,False,True,Reprobado,Reprobado
23.0,64.0,1,1,False,7.0,75.0,1,Yes,2.0,1,2,2.0,False,66,False,True,True,False,False,True,False,False,False,True,False,False,True,Aprobado,Aprobado
12.0,92.0,0,0,True,7.0,78.0,2,Yes,3.0,1,2,2.0,False,67,False,True,False,True,True,False,False,False,False,True,True,False,False,Aprobado,Aprobado
26.0,63.0,1,2,False,8.0,63.0,0,Yes,1.0,2,2,3.0,False,67,False,True,False,True,False,False,True,False,False,True,False,True,False,Aprobado,Reprobado
18.0,63.0,1,1,True,7.0,66.0,0,Yes,2.0,1,1,2.0,False,62,True,False,True,False,True,False,False,False,False,True,True,False,False,Reprobado,Aprobado
28.0,81.0,1,2,True,7.0,90.0,2,Yes,3.0,1,1,3.0,False,72,True,False,False,True,False,True,False,False,True,False,True,False,False,Aprobado,Aprobado
23.0,66.0,1,2,True,7.0,93.0,2,Yes,1.0,2,2,1.0,False,69,False,True,True,False,False,True,False,False,False,True,False,False,True,Aprobado,Aprobado
13.0,60.0,1,1,True,6.0,66.0,1,Yes,1.0,1,2,5.0,True,61,False,True,False,True,True,False,False,False,True,False,False,False,True,Reprobado,Aprobado
29.0,77.0,1,0,True,7.0,68.0,2,Yes,1.0,1,1,3.0,False,67,False,True,True,False,False,True,False,True,False,False,False,False,True,Aprobado,Aprobado
29.0,65.0,0,1,True,4.0,92.0,1,No,0.0,1,1,4.0,False,66,True,False,True,False,False,True,False,False,False,True,False,False,True,Aprobado,Aprobado
25.0,66.0,1,1,True,6.0,99.0,1,Yes,2.0,1,1,3.0,False,68,False,True,True,False,True,False,False,False,False,True,False,False,True,Aprobado,Aprobado
15.0,63.0,1,2,False,8.0,66.0,2,Yes,1.0,0,1,4.0,False,62,True,False,False,True,True,False,False,False,False,True,True,False,False,Reprobado,Aprobado
18.0,68.0,2,0,True,8.0,89.0,1,Yes,0.0,1,0,3.0,False,63,False,True,False,True,True,False,False,True,False,False,True,False,False,Reprobado,Aprobado
21.0,89.0,1,1,True,9.0,74.0,2,Yes,3.0,0,1,4.0,False,70,True,False,True,False,False,True,False,False,True,False,False,False,True,Aprobado,Aprobado
16.0,92.0,0,2,True,8.0,63.0,1,Yes,2.0,0,1,4.0,False,68,False,True,False,True,True,False,False,False,True,False,False,True,False,Aprobado,Reprobado
30.0,78.0,1,2,True,8.0,84.0,1,Yes,1.0,2,0,1.0,False,71,True,False,False,True,True,False,False,False,False,True,True,False,False,Aprobado,Aprobado
21.0,80.0,2,0,False,7.0,73.0,1,Yes,0.0,1,0,2.0,False,65,True,False,True,False,False,True,False,False,True,False,False,True,False,Aprobado,Aprobado
4.0,61.0,0,2,True,6.0,63.0,1,Yes,4.0,1,1,3.0,False,59,False,True,False,True,False,True,False,False,True,False,False,True,False,Reprobado,Reprobado
22.0,63.0,2,0,True,8.0,55.0,1,Yes,2.0,1,1,4.0,False,64,True,False,False,True,False,True,False,False,False,True,False,True,False,Reprobado,Reprobado
18.0,70.0,1,2,False,7.0,93.0,1,Yes,0.0,1,2,3.0,False,67,False,True,False,True,True,False,False,False,False,True,False,False,True,Aprobado,Aprobado
20.0,82.0,1,1,False,6.0,94.0,1,Yes,3.0,0,1,2.0,False,68,True,False,False,True,False,True,False,False,False,True,False,False,True,Aprobado,Aprobado
18.0,90.0,2,2,True,6.0,54.0,0,Yes,1.0,1,2,3.0,False,95,False,True,True,False,False,True,False,False,False,True,True,False,False,Aprobado,Reprobado
25.0,84.0,1,1,True,7.0,83.0,2,Yes,1.0,0,1,3.0,False,70,False,True,False,True,False,True,False,False,True,False,False,False,True,Aprobado,Aprobado
27.0,76.0,1,1,False,9.0,58.0,1,Yes,1.0,1,1,3.0,False,68,False,True,True,False,True,False,False,False,False,True,False,False,True,Aprobado,Reprobado
22.0,65.0,0,1,False,7.0,82.0,1,Yes,2.0,1,2,4.0,True,65,False,True,False,True,True,False,False,False,False,True,False,False,True,Aprobado,Aprobado
18.0,91.0,0,1,False,7.0,95.0,1,Yes,2.0,0,2,2.0,False,70,False,True,False,True,False,False,True,False,False,True,False,False,True,Aprobado,Aprobado
20.0,75.0,1,1,False,8.0,63.0,1,Yes,4.0,1,0,3.0,False,67,False,True,False,True,False,False,True,False,False,True,False,True,False,Aprobado,Reprobado
20.0,89.0,1,2,False,8.0,67.0,1,Yes,2.0,0,2,2.0,True,69,False,True,False,True,True,False,False,False,False,True,False,True,False,Aprobado,Aprobado
15.0,81.0,1,2,True,7.0,90.0,2,Yes,1.0,0,1,2.0,False,68,True,False,True,False,False,False,True,True,False,False,False,False,True,Aprobado,Aprobado
23.0,90.0,2,2,False,7.0,87.0,2,Yes,1.0,0,1,2.0,False,72,False,True,True,False,False,True,False,False,False,True,False,True,False,Aprobado,Aprobado
23.0,96.0,1,2,False,6.0,70.0,1,Yes,1.0,1,1,2.0,False,71,False,True,False,True,False,True,False,False,False,True,False,True,False,Aprobado,Aprobado
29.0,97.0,1,2,True,9.0,92.0,1,Yes,2.0,0,1,4.0,False,75,False,True,True,False,False,True,False,False,True,False,False,False,True,Aprobado,Aprobado
28.0,81.0,1,2,False,6.0,96.0,1,Yes,0.0,1,1,2.0,False,70,False,True,False,True,False,True,False,False,False,True,False,True,False,Aprobado,Aprobado
16.0,80.0,1,1,False,9.0,73.0,1,Yes,2.0,1,1,4.0,False,66,True,False,False,True,True,False,False,False,False,True,True,False,False,Aprobado,Aprobado
25.0,71.0,1,2,True,7.0,52.0,2,Yes,3.0,0,1,3.0,False,67,True,False,False,True,False,True,False,False,False,True,False,True,False,Aprobado,Reprobado
14.0,97.0,1,1,True,7.0,75.0,2,Yes,1.0,1,1,4.0,False,70,False,True,True,False,True,False,False,False,False,True,False,False,True,Aprobado,Aprobado
24.0,78.0,2,2,True,8.0,87.0,1,Yes,2.0,1,1,3.0,False,71,False,True,False,True,False,True,False,False,False,True,False,True,False,Aprobado,Aprobado
17.0,65.0,1,1,False,6.0,61.0,1,Yes,5.0,0,1,4.0,False,64,False,True,True,False,False,True,False,False,False,True,False,False,True,Reprobado,Reprobado
14.0,77.0,1,1,False,8.0,55.0,2,Yes,2.0,2,2,4.0,False,65,True,False,False,True,False,True,False,False,False,True,False,True,False,Aprobado,Reprobado
22.0,65.0,1,1,True,7.0,64.0,2,Yes,1.0,1,2,2.0,False,64,True,False,False,True,False,True,False,False,True,False,True,False,False,Reprobado,Reprobado
4.0,80.0,0,1,True,8.0,51.0,1,Yes,4.0,1,2,5.0,False,62,False,True,False,True,False,True,False,False,False,True,True,False,False,Reprobado,Reprobado
9.0,82.0,2,0,True,6.0,86.0,1,Yes,2.0,0,2,2.0,False,64,True,False,True,False,True,False,False,True,False,False,True,False,False,Reprobado,Aprobado
19.0,74.0,1,2,True,6.0,57.0,2,Yes,1.0,1,1,2.0,False,66,True,False,True,False,False,True,False,False,False,True,False,False,True,Aprobado,Reprobado
20.0,63.0,1,1,True,4.0,86.0,0,Yes,0.0,2,1,3.0,False,64,False,True,False,True,True,False,False,False,False,True,False,True,False,Reprobado,Aprobado
18.0,98.0,2,1,True,6.0,62.0,0,Yes,3.0,1,2,3.0,False,71,False,True,True,False,False,True,False,True,False,False,False,False,True,Aprobado,Reprobado
11.0,91.0,2,0,True,6.0,100.0,0,Yes,4.0,0,1,2.0,False,68,False,True,False,True,False,False,True,False,False,True,True,False,False,Aprobado,Aprobado
15.0,94.0,1,1,True,6.0,77.0,0,Yes,3.0,2,2,4.0,False,70,True,False,True,False,True,False,False,False,False,True,False,True,False,Aprobado,Aprobado
22.0,75.0,2,1,False,7.0,52.0,2,Yes,0.0,0,1,3.0,False,66,True,False,True,False,True,False,False,False,False,True,False,True,False,Aprobado,Reprobado
23.0,90.0,1,1,False,7.0,89.0,0,Yes,2.0,2,1,4.0,False,71,False,True,True,False,True,False,False,False,True,False,False,False,True,Aprobado,Aprobado
20.0,79.0,1,1,True,8.0,71.0,1,Yes,1.0,1,2,3.0,False,68,False,True,True,False,True,False,False,False,False,True,False,True,False,Aprobado,Aprobado
27.0,68.0,0,0,True,8.0,80.0,2,Yes,3.0,1,1,4.0,True,66,False,True,False,True,False,True,False,False,False,True,False,False,True,Aprobado,Aprobado
22.0,65.0,0,1,False,8.0,98.0,2,Yes,4.0,1,1,3.0,False,66,True,False,True,False,False,True,False,False,False,True,False,True,False,Aprobado,Aprobado
16.0,74.0,0,2,False,8.0,76.0,1,Yes,5.0,0,1,3.0,False,65,False,True,False,True,True,False,False,False,True,False,True,False,False,Aprobado,Aprobado
18.0,66.0,1,1,True,7.0,90.0,1,Yes,0.0,1,1,4.0,False,64,False,True,False,True,False,False,True,False,False,True,True,False,False,Reprobado,Aprobado
12.0,100.0,0,1,True,7.0,65.0,1,Yes,1.0,0,1,2.0,False,67,True,False,False,True,False,True,False,False,False,True,False,False,True,Aprobado,Aprobado
19.0,62.0,1,1,True,8.0,86.0,0,Yes,1.0,2,1,3.0,False,65,False,True,False,True,True,False,False,False,False,True,False,False,True,Aprobado,Aprobado
27.0,78.0,1,1,True,8.0,55.0,0,Yes,3.0,2,1,2.0,False,69,False,True,False,True,False,False,True,False,True,False,False,True,False,Aprobado,Reprobado
24.0,78.0,2,1,True,5.0,95.0,0,Yes,1.0,0,1,2.0,False,69,True,False,False,True,True,False,False,False,False,True,False,False,True,Aprobado,Aprobado
28.0,72.0,0,1,True,7.0,60.0,1,Yes,4.0,2,1,3.0,False,69,False,True,False,True,False,False,True,False,False,True,False,True,False,Aprobado,Reprobado
18.0,83.0,1,2,False,4.0,65.0,0,Yes,3.0,0,1,4.0,False,68,False,True,False,True,True,False,False,False,True,False,False,False,True,Aprobado,Aprobado
28.0,66.0,1,0,True,4.0,98.0,1,Yes,0.0,1,2,3.0,False,67,False,True,True,False,False,True,False,False,False,True,False,False,True,Aprobado,Aprobado
19.0,91.0,1,0,False,6.0,58.0,2,Yes,2.0,0,2,3.0,False,68,False,True,False,True,True,False,False,False,True,False,False,False,True,Aprobado,Reprobado
29.0,73.0,0,0,True,7.0,63.0,1,Yes,1.0,0,1,4.0,False,65,False,True,True,False,False,False,True,True,False,False,True,False,False,Aprobado,Reprobado
20.0,84.0,2,1,True,6.0,79.0,1,Yes,3.0,1,1,3.0,False,69,False,True,False,True,True,False,False,False,True,False,True,False,False,Aprobado,Aprobado
24.0,89.0,1,0,False,4.0,99.0,2,Yes,1.0,2,2,3.0,False,73,True,False,False,True,False,False,True,False,False,True,False,False,True,Aprobado,Aprobado
29.0,96.0,2,1,False,8.0,85.0,0,Yes,3.0,2,1,3.0,False,76,False,True,False,True,False,False,True,False,False,True,False,True,False,Aprobado,Aprobado
19.0,93.0,1,2,True,6.0,56.0,1,Yes,0.0,0,2,3.0,False,69,True,False,False,True,True,False,False,False,False,True,True,False,False,Aprobado,Reprobado
21.0,84.0,2,0,True,8.0,87.0,0,Yes,2.0,2,1,1.0,False,69,False,True,True,False,False,False,True,True,False,False,False,False,True,Aprobado,Aprobado
28.0,76.0,1,1,True,6.0,71.0,1,Yes,3.0,0,1,2.0,False,68,True,False,True,False,False,True,False,True,False,False,False,False,True,Aprobado,Aprobado
19.0,80.0,2,2,True,6.0,100.0,1,Yes,1.0,1,1,3.0,False,70,False,True,False,True,False,True,False,False,False,True,False,False,True,Aprobado,Aprobado
12.0,91.0,1,0,True,8.0,81.0,0,Yes,0.0,0,0,4.0,False,64,False,True,False,True,False,True,False,False,True,False,False,False,True,Reprobado,Aprobado
33.0,95.0,0,0,True,6.0,77.0,0,Yes,2.0,2,2,3.0,False,73,True,False,True,False,False,True,False,False,True,False,False,False,True,Aprobado,Aprobado
17.0,64.0,1,1,True,7.0,78.0,2,Yes,1.0,1,1,3.0,False,64,False,True,False,True,False,True,False,False,False,True,False,False,True,Reprobado,Aprobado
21.0,75.0,1,0,True,7.0,82.0,1,Yes,1.0,1,1,4.0,False,65,False,True,False,True,False,True,False,False,False,True,True,False,False,Aprobado,Aprobado
27.0,91.0,0,2,False,5.0,87.0,1,No,0.0,1,1,3.0,False,69,False,True,True,False,False,True,False,False,False,True,True,False,False,Aprobado,Aprobado
16.0,77.0,1,0,True,8.0,54.0,1,No,0.0,1,1,3.0,False,62,False,True,False,True,False,False,True,False,False,True,True,False,False,Reprobado,Reprobado
14.0,73.0,2,1,True,6.0,57.0,2,Yes,2.0,1,1,4.0,False,64,False,True,True,False,False,True,False,False,True,False,False,True,False,Reprobado,Reprobado
22.0,76.0,0,2,False,5.0,65.0,0,Yes,0.0,1,2,3.0,False,64,False,True,True,False,False,True,False,True,False,False,False,True,False,Reprobado,Aprobado
9.0,84.0,1,1,False,6.0,74.0,1,Yes,5.0,2,1,2.0,False,67,False,True,False,True,False,True,False,False,False,True,False,True,False,Aprobado,Aprobado
18.0,100.0,1,0,True,8.0,66.0,2,No,3.0,0,1,3.0,False,69,False,True,False,True,True,False,False,False,False,True,True,False,False,Aprobado,Aprobado
21.0,80.0,1,0,True,5.0,61.0,1,Yes,2.0,2,1,3.0,False,67,False,True,False,True,False,True,False,False,False,True,False,False,True,Aprobado,Reprobado
18.0,68.0,0,2,False,8.0,96.0,1,Yes,1.0,2,1,3.0,False,65,False,True,False,True,False,True,False,False,True,False,False,True,False,Aprobado,Aprobado
11.0,67.0,1,2,False,8.0,52.0,2,Yes,3.0,2,2,3.0,False,63,False,True,True,False,True,False,False,False,True,False,True,False,False,Reprobado,Reprobado
30.0,62.0,0,0,True,7.0,97.0,1,Yes,0.0,2,1,5.0,False,66,True,False,True,False,True,False,False,False,False,True,False,True,False,Aprobado,Aprobado
21.0,82.0,1,2,False,7.0,95.0,2,Yes,1.0,2,1,3.0,False,70,False,True,False,True,False,True,False,False,False,True,True,False,False,Aprobado,Aprobado
29.0,82.0,1,2,False,7.0,84.0,0,Yes,1.0,0,1,2.0,False,70,True,False,False,True,False,True,False,False,False,True,False,False,True,Aprobado,Aprobado
18.0,68.0,2,2,True,8.0,52.0,2,Yes,0.0,2,2,3.0,False,67,False,True,False,True,True,False,False,False,False,True,False,False,True,Aprobado,Reprobado
15.0,88.0,0,1,True,6.0,61.0,1,Yes,0.0,2,1,4.0,True,65,False,True,False,True,False,False,True,True,False,False,False,True,False,Aprobado,Reprobado
22.0,90.0,0,2,False,5.0,99.0,1,Yes,1.0,0,0,2.0,False,70,True,False,True,False,True,False,False,False,False,True,False,False,True,Aprobado,Aprobado
19.0,70.0,1,1,True,7.0,95.0,2,No,0.0,1,2,3.0,False,66,True,False,True,False,True,False,False,False,False,True,False,False,True,Aprobado,Aprobado
13.0,74.0,1,2,True,8.0,98.0,2,Yes,1.0,2,2,2.0,False,66,False,True,False,True,False,True,False,False,False,True,True,False,False,Aprobado,Aprobado
29.0,100.0,1,0,True,8.0,100.0,0,Yes,0.0,0,1,5.0,True,72,True,False,False,True,False,True,False,False,False,True,False,True,False,Aprobado,Aprobado
16.0,75.0,2,0,True,10.0,53.0,2,Yes,0.0,0,0,4.0,False,64,False,True,True,False,True,False,False,False,False,True,False,False,True,Reprobado,Reprobado
9.0,90.0,2,2,True,7.0,79.0,0,Yes,4.0,2,2,4.0,False,70,False,True,False,True,False,True,False,False,False,True,False,False,True,Aprobado,Aprobado
28.0,78.0,1,2,False,7.0,92.0,0,Yes,1.0,1,2,3.0,False,71,False,True,True,False,False,False,True,False,True,False,False,False,True,Aprobado,Aprobado
17.0,92.0,1,1,False,7.0,66.0,0,Yes,2.0,0,1,3.0,False,66,False,True,False,True,False,True,False,False,False,True,True,False,False,Aprobado,Aprobado
16.0,91.0,2,1,True,6.0,72.0,2,Yes,0.0,2,2,2.0,False,70,False,True,True,False,False,False,True,False,False,True,True,False,False,Aprobado,Aprobado
9.0,87.0,0,1,True,6.0,64.0,1,Yes,1.0,2,1,2.0,False,64,False,True,True,False,False,True,False,False,False,True,False,True,False,Reprobado,Reprobado
30.0,94.0,1,0,False,5.0,52.0,0,No,3.0,2,1,2.0,False,70,True,False,True,False,False,False,True,False,True,False,False,True,False,Aprobado,Reprobado
12.0,98.0,1,0,True,4.0,54.0,1,Yes,2.0,1,2,3.0,False,67,True,False,True,False,False,True,False,False,False,True,False,True,False,Aprobado,Reprobado
20.0,83.0,1,0,False,6.0,51.0,0,Yes,2.0,1,1,4.0,False,65,False,True,True,False,False,True,False,False,True,False,False,True,False,Aprobado,Reprobado
25.0,69.0,2,1,False,7.0,76.0,1,Yes,1.0,2,1,2.0,False,68,False,True,True,False,False,True,False,False,False,True,False,False,True,Aprobado,Aprobado
23.0,76.0,2,1,False,8.0,81.0,1,Yes,3.0,0,2,2.0,False,69,False,True,True,False,False,True,False,False,False,True,False,False,True,Aprobado,Aprobado
20.0,90.0,1,0,True,6.0,65.0,0,Yes,3.0,0,1,2.0,False,68,False,True,True,False,False,False,True,False,False,True,True,False,False,Aprobado,Aprobado
10.0,86.0,2,2,True,6.0,91.0,2,Yes,2.0,0,1,3.0,False,68,True,False,True,False,False,True,False,True,False,False,False,False,True,Aprobado,Aprobado
15.0,67.0,1,0,True,9.0,94.0,1,Yes,0.0,1,1,4.0,False,64,False,True,False,True,False,False,True,False,False,True,False,False,True,Reprobado,Aprobado
1.0,88.0,1,2,True,3.0,69.0,2,Yes,3.0,1,1,2.0,False,92,True,False,False,True,True,False,False,False,False,True,True,False,False,Aprobado,Aprobado
25.0,69.0,2,2,False,8.0,90.0,0,No,0.0,1,1,3.0,False,93,False,True,True,False,False,False,True,False,False,True,True,False,False,Aprobado,Aprobado
17.0,93.0,1,1,False,7.0,70.0,0,Yes,2.0,1,1,3.0,False,96,True,False,True,False,False,True,False,False,False,True,False,True,False,Aprobado,Aprobado
5.0,62.0,1,0,False,6.0,66.0,1,Yes,1.0,0,1,3.0,False,54,False,True,False,True,False,True,False,False,False,True,True,False,False,Reprobado,Aprobado
4.0,65.0,0,2,False,7.0,69.0,1,Yes,1.0,0,1,2.0,False,54,True,False,False,True,True,False,False,True,False,False,True,False,False,Reprobado,Aprobado
9.0,58.0,2,0,True,8.0,68.0,2,Yes,0.0,0,1,2.0,True,57,False,True,False,True,True,False,False,False,True,False,True,False,False,Reprobado,Aprobado
12.0,67.0,0,0,False,8.0,68.0,0,Yes,1.0,0,1,4.0,False,55,False,True,True,False,False,True,False,True,False,False,False,True,False,Reprobado,Aprobado
9.0,64.0,1,0,True,9.0,66.0,0,Yes,0.0,1,1,3.0,False,57,True,False,False,True,False,True,False,False,False,True,True,False,False,Reprobado,Aprobado
2.0,61.0,1,0,True,7.0,77.0,0,Yes,1.0,0,1,1.0,False,54,False,True,True,False,False,False,True,False,False,True,False,False,True,Reprobado,Aprobado
4.0,68.0,2,0,False,9.0,93.0,0,No,2.0,1,2,3.0,False,58,True,False,True,False,False,True,False,False,True,False,True,False,False,Reprobado,Aprobado
4.0,60.0,0,2,True,7.0,71.0,2,Yes,0.0,0,0,1.0,False,58,False,True,False,True,False,True,False,False,False,True,False,False,True,Reprobado,Aprobado
13.0,61.0,1,1,False,5.0,82.0,0,No,0.0,0,1,0.0,False,58,False,True,True,False,False,True,False,False,False,True,False,True,False,Reprobado,Aprobado
3.0,62.0,1,1,False,6.0,78.0,2,Yes,3.0,2,1,2.0,False,58,False,True,True,False,False,True,False,False,False,True,False,True,False,Reprobado,Aprobado
3.0,67.0,1,1,False,6.0,73.0,0,Yes,1.0,0,1,2.0,False,58,True,False,False,True,True,False,False,False,True,False,False,False,True,Reprobado,Aprobado
12.0,61.0,1,0,False,6.0,52.0,0,Yes,2.0,0,1,2.0,False,58,False,True,True,False,False,True,False,False,True,False,False,False,True,Reprobado,Reprobado
11.0,64.0,1,0,True,7.0,67.0,2,No,1.0,1,1,2.0,True,58,False,True,False,True,True,False,False,False,False,True,False,True,False,Reprobado,Aprobado
9.0,61.0,0,2,True,7.0,53.0,1,Yes,0.0,1,1,2.0,True,58,False,True,False,True,False,True,False,True,False,False,False,False,True,Reprobado,Reprobado
3.0,79.0,0,1,True,7.0,65.0,0,Yes,0.0,1,1,3.0,False,58,False,True,True,False,True,False,False,True,False,False,True,False,False,Reprobado,Aprobado
13.0,64.0,1,2,False,6.0,57.0,0,Yes,1.0,0,0,3.0,True,58,False,True,True,False,False,True,False,True,False,False,False,True,False,Reprobado,Reprobado
11.0,63.0,1,2,True,9.0,52.0,2,Yes,0.0,0,0,3.0,True,58,False,True,False,True,True,False,False,False,True,False,True,False,False,Reprobado,Reprobado
3.0,60.0,1,1,True,5.0,76.0,2,No,1.0,1,2,4.0,False,58,True,False,True,False,False,True,False,False,True,False,False,True,False,Reprobado,Aprobado
6.0,73.0,1,1,False,8.0,93.0,0,Yes,1.0,0,1,2.0,True,58,True,False,True,False,False,True,False,True,False,False,False,True,False,Reprobado,Aprobado
15.0,60.0,2,1,False,7.0,63.0,0,Yes,0.0,2,1,1.0,True,58,False,True,True,False,False,True,False,True,False,False,False,False,True,Reprobado,Reprobado
11.0,69.0,0,1,True,8.0,65.0,0,Yes,0.0,0,2,2.0,False,58,False,True,False,True,True,False,False,False,True,False,True,False,False,Reprobado,Aprobado
10.0,64.0,1,0,False,9.0,76.0,0,Yes,1.0,0,1,2.0,False,58,True,False,True,False,False,True,False,False,False,True,False,False,True,Reprobado,Aprobado
13.0,60.0,0,1,False,5.0,67.0,2,Yes,1.0,0,1,4.0,True,58,False,True,False,True,False,True,False,True,False,False,False,True,False,Reprobado,Aprobado
4.0,60.0,1,1,True,7.0,55.0,1,Yes,2.0,0,2,2.0,False,58,False,True,False,True,False,True,False,False,False,True,False,True,False,Reprobado,Reprobado
