Hours_Studied,Attendance,Parental_Involvement,Access_to_Resources,Extra,Sleep_Hours,Previous_Scores,Motivation_Level,Internet_Access,Tutoring_Sessions,Family_Income,Teacher_Quality,School_Type,Peer_Influence,Physical_Activity,Learning_Disabilities,Parental_Education_Level,Distance_from_Home,Gender,Exam_Score
23.0,84.0,Low,High,No,7.0,73.0,Low,Yes,0.0,Low,Medium,Public,Positive,3.0,No,High School,Near,Male,67
19.0,64.0,Low,Medium,No,8.0,59.0,Low,Yes,2.0,Medium,Medium,Public,Negative,4.0,No,College,Moderate,Female,61
24.0,98.0,Medium,Medium,Yes,7.0,91.0,Medium,Yes,2.0,Medium,Medium,Public,Neutral,4.0,No,Postgraduate,Near,Male,74
29.0,89.0,Low,Medium,Yes,8.0,98.0,Medium,Yes,1.0,Medium,Medium,Public,Negative,4.0,No,High School,Moderate,Male,71
19.0,92.0,Medium,Medium,Yes,6.0,65.0,Medium,Yes,3.0,Medium,High,Public,Neutral,4.0,No,College,Near,Female,70
19.0,88.0,Medium,Medium,Yes,8.0,89.0,Medium,Yes,3.0,Medium,Medium,Public,Positive,3.0,No,Postgraduate,Near,Male,71
29.0,84.0,Medium,Low,Yes,7.0,68.0,Low,Yes,1.0,Low,Medium,Private,Neutral,2.0,No,High School,Moderate,Male,67
25.0,78.0,Low,High,Yes,6.0,50.0,Medium,Yes,1.0,High,High,Public,Negative,2.0,No,High School,Far,Male,66
17.0,94.0,Medium,High,No,6.0,80.0,High,Yes,0.0,Medium,Low,Private,Neutral,1.0,No,College,Near,Male,69
23.0,98.0,Medium,Medium,Yes,8.0,71.0,Medium,Yes,0.0,High,High,Public,Positive,5.0,No,High School,Moderate,Male,72
17.0,80.0,Low,High,No,8.0,88.0,Medium,No,4.0,Medium,High,Private,Neutral,4.0,No,College,Moderate,Male,68
17.0,97.0,Medium,High,Yes,6.0,87.0,Low,Yes,2.0,Low,High,Private,Neutral,2.0,No,High School,Near,Male,71
21.0,83.0,Medium,Medium,Yes,8.0,97.0,Low,Yes,2.0,Medium,Medium,Public,Positive,4.0,No,High School,Near,Male,70
9.0,82.0,Medium,Medium,Yes,8.0,72.0,Medium,Yes,2.0,Medium,Medium,Private,Positive,3.0,No,Postgraduate,Near,Male,66
10.0,78.0,Medium,High,Yes,8.0,74.0,Medium,Yes,1.0,Low,Medium,Private,Neutral,4.0,No,Postgraduate,Near,Male,65
17.0,68.0,Medium,Medium,No,8.0,70.0,Medium,Yes,2.0,Medium,Medium,Private,Positive,4.0,No,High School,Near,Female,64
14.0,60.0,Medium,Low,Yes,10.0,65.0,Low,Yes,0.0,High,Medium,Private,Positive,3.0,No,College,Near,Male,60
22.0,70.0,Low,Medium,Yes,6.0,82.0,Medium,Yes,1.0,Low,High,Public,Neutral,3.0,No,High School,Near,Female,65
15.0,80.0,Medium,Medium,Yes,9.0,91.0,Low,Yes,3.0,Low,Medium,Public,Positive,2.0,No,College,Moderate,Female,67
12.0,75.0,Medium,High,Yes,7.0,58.0,Medium,Yes,3.0,Medium,Medium,Private,Positive,4.0,No,College,Near,Male,66
29.0,78.0,Medium,Medium,No,5.0,99.0,High,Yes,0.0,High,Medium,Public,Negative,1.0,No,High School,Moderate,Female,69
19.0,99.0,Medium,High,No,6.0,84.0,Medium,Yes,1.0,Medium,High,Public,Neutral,3.0,No,High School,Near,Male,72
20.0,74.0,Medium,High,No,8.0,89.0,Low,Yes,1.0,Medium,Medium,Public,Negative,2.0,No,College,Moderate,Female,66
11.0,78.0,High,Medium,Yes,8.0,100.0,High,Yes,1.0,Low,Medium,Public,Neutral,3.0,No,High School,Moderate,Male,66
17.0,65.0,Low,High,Yes,5.0,75.0,Medium,Yes,2.0,Low,Medium,Public,Positive,3.0,No,High School,Near,Female,63
21.0,62.0,High,Low,Yes,6.0,54.0,High,Yes,0.0,High,High,Public,Positive,3.0,No,Postgraduate,Far,Male,64
13.0,91.0,Low,Medium,No,6.0,90.0,Medium,Yes,1.0,High,Medium,Public,Negative,2.0,Yes,High School,Moderate,Female,65
22.0,83.0,High,High,Yes,6.0,94.0,Medium,Yes,0.0,High,Medium,Public,Neutral,2.0,No,College,Moderate,Male,71
16.0,90.0,Medium,Medium,No,4.0,58.0,Medium,Yes,1.0,Low,Medium,Public,Neutral,3.0,No,High School,Moderate,Female,66
18.0,66.0,High,High,No,4.0,51.0,Low,Yes,2.0,Low,Medium,Private,Neutral,2.0,No,College,Near,Male,64
16.0,83.0,Low,Medium,No,6.0,57.0,Medium,Yes,0.0,High,Low,Public,Positive,4.0,Yes,High School,Near,Female,63
31.0,70.0,Medium,High,Yes,7.0,66.0,Medium,Yes,1.0,High,Medium,Public,Negative,3.0,No,College,Near,Male,69
20.0,69.0,Medium,Medium,Yes,8.0,96.0,Medium,Yes,2.0,Medium,High,Public,Positive,3.0,No,High School,Near,Male,67
14.0,60.0,High,Medium,No,5.0,50.0,Medium,Yes,2.0,Medium,Medium,Public,Neutral,3.0,No,College,,Female,61
25.0,65.0,High,Medium,No,5.0,90.0,Medium,Yes,2.0,Medium,Medium,Public,Positive,3.0,No,College,Moderate,Female,68
13.0,72.0,Low,Medium,No,6.0,93.0,Low,Yes,1.0,Low,Medium,Public,Negative,3.0,No,High School,Near,Male,61
21.0,65.0,Medium,Low,Yes,7.0,91.0,Low,Yes,2.0,Medium,High,Public,Positive,3.0,No,High School,Far,Female,64
8.0,99.0,Medium,Medium,No,9.0,54.0,Low,Yes,2.0,Low,Medium,Public,Neutral,5.0,No,Postgraduate,Near,Female,67
12.0,72.0,Low,Medium,Yes,8.0,84.0,Medium,Yes,1.0,Low,Medium,Public,Positive,5.0,No,High School,Near,Female,63
21.0,65.0,Low,Medium,Yes,6.0,98.0,Low,Yes,1.0,Medium,High,Public,Negative,4.0,No,High School,Near,Male,64
24.0,68.0,High,Medium,No,8.0,56.0,Low,Yes,3.0,High,High,Public,Neutral,1.0,No,College,Near,Male,67
21.0,84.0,Medium,Medium,Yes,6.0,52.0,Low,Yes,1.0,Medium,High,Public,Neutral,2.0,Yes,College,Far,Female,65
19.0,63.0,Low,High,No,7.0,94.0,Medium,Yes,1.0,Medium,Medium,Private,Positive,3.0,No,High School,Moderate,Male,64
18.0,94.0,Medium,High,Yes,7.0,82.0,Medium,Yes,3.0,Medium,Medium,Private,Negative,2.0,Yes,College,Near,Male,70
11.0,98.0,Medium,Medium,Yes,9.0,82.0,Low,Yes,1.0,Medium,Medium,Private,Positive,3.0,No,Postgraduate,Far,Male,68
16.0,70.0,Medium,Medium,Yes,8.0,98.0,Medium,Yes,2.0,Medium,Medium,Public,Positive,3.0,No,High School,Moderate,Male,65
17.0,78.0,Medium,Medium,Yes,6.0,88.0,Medium,Yes,1.0,Medium,High,Private,Positive,3.0,No,College,Near,Female,68
26.0,61.0,Medium,Low,Yes,6.0,70.0,Medium,Yes,2.0,Low,Medium,Public,Positive,3.0,No,High School,Moderate,Female,64
22.0,86.0,Low,Medium,Yes,7.0,72.0,Low,Yes,3.0,Low,High,Public,Positive,2.0,No,High School,Moderate,Male,68
9.0,77.0,Medium,Medium,No,5.0,57.0,Medium,Yes,2.0,Medium,High,Public,Neutral,3.0,No,High School,Near,Male,63
22.0,71.0,Low,Medium,Yes,7.0,65.0,Low,Yes,1.0,Medium,Low,Public,Positive,4.0,No,College,Moderate,Male,64
18.0,68.0,High,Medium,No,7.0,72.0,Medium,Yes,0.0,Medium,Medium,Public,Neutral,3.0,No,College,Near,Male,64
16.0,86.0,Low,Medium,Yes,8.0,63.0,Medium,Yes,2.0,Medium,Medium,Public,Positive,4.0,No,High School,Near,Male,67
24.0,77.0,High,Low,No,8.0,96.0,Medium,Yes,0.0,Medium,Medium,Public,Neutral,3.0,No,High School,Near,Female,67
26.0,67.0,Medium,High,Yes,7.0,51.0,Low,Yes,2.0,High,High,Private,Neutral,4.0,Yes,Postgraduate,Far,Female,66
26.0,88.0,Medium,High,Yes,5.0,79.0,Medium,Yes,1.0,Low,High,Private,Positive,4.0,No,College,Moderate,Male,72
15.0,83.0,Medium,High,No,5.0,89.0,Low,No,1.0,Medium,High,Public,Neutral,2.0,Yes,High School,Near,Female,65
18.0,94.0,Medium,Medium,Yes,6.0,87.0,High,Yes,1.0,Medium,Medium,Public,Positive,4.0,No,High School,Near,Male,71
22.0,65.0,High,Low,No,8.0,82.0,Medium,Yes,2.0,Medium,High,Public,Positive,1.0,No,Postgraduate,Near,Female,66
26.0,91.0,Medium,Low,Yes,8.0,71.0,Medium,Yes,0.0,Low,Medium,Private,Neutral,3.0,No,High School,Moderate,Male,68
17.0,87.0,Medium,Medium,No,7.0,96.0,Medium,Yes,1.0,High,Medium,Public,Negative,5.0,No,Postgraduate,Near,Female,70
19.0,65.0,Medium,Medium,Yes,10.0,66.0,Low,Yes,0.0,Low,Medium,Public,Positive,3.0,No,High School,Moderate,Male,62
13.0,88.0,Low,High,Yes,9.0,88.0,High,Yes,2.0,Low,High,Private,Negative,4.0,No,Postgraduate,Far,Male,68
13.0,78.0,Medium,High,Yes,9.0,96.0,High,Yes,2.0,Low,Medium,Public,Neutral,3.0,No,College,Moderate,Male,67
25.0,98.0,Low,High,Yes,8.0,56.0,Medium,No,0.0,Medium,High,Private,Neutral,3.0,No,Postgraduate,Near,Male,71
28.0,66.0,Medium,High,Yes,8.0,97.0,Medium,Yes,0.0,Medium,Medium,Public,Neutral,2.0,No,High School,Near,Male,68
20.0,86.0,Medium,Medium,Yes,8.0,89.0,Medium,Yes,1.0,Low,Medium,Public,Negative,3.0,No,Postgraduate,Near,Male,69
26.0,75.0,Low,High,Yes,4.0,81.0,High,Yes,3.0,Medium,High,Private,Positive,2.0,No,High School,Moderate,Male,70
22.0,98.0,Medium,High,No,5.0,69.0,Low,No,1.0,Low,High,Public,Negative,4.0,No,High School,Moderate,Female,69
16.0,73.0,Medium,Medium,No,7.0,95.0,Medium,Yes,1.0,Low,Medium,Public,Negative,4.0,No,College,Near,Male,65
22.0,98.0,Medium,Low,Yes,7.0,52.0,Medium,No,3.0,Medium,Medium,Public,Positive,3.0,No,College,Near,Female,70
29.0,96.0,Medium,Low,Yes,7.0,72.0,Medium,Yes,1.0,Low,Medium,Public,Positive,3.0,No,High School,Moderate,Male,71
20.0,71.0,Medium,Medium,Yes,7.0,88.0,Medium,Yes,1.0,Low,Low,Public,Neutral,4.0,No,College,Near,Female,65
29.0,92.0,Low,Medium,No,4.0,91.0,Medium,Yes,2.0,Medium,Medium,Public,Negative,1.0,No,Postgraduate,Near,Female,72
4.0,100.0,High,High,Yes,8.0,60.0,High,Yes,0.0,Medium,High,Private,Positive,4.0,No,College,Moderate,Male,69
25.0,70.0,Medium,Medium,No,7.0,52.0,Medium,Yes,1.0,Medium,Medium,Public,Positive,3.0,No,Postgraduate,Near,Female,66
21.0,77.0,Low,Medium,Yes,7.0,90.0,Medium,Yes,4.0,Medium,Medium,Private,Neutral,3.0,No,Postgraduate,Moderate,Male,68
18.0,81.0,High,Low,Yes,8.0,71.0,Medium,Yes,0.0,Medium,Medium,Public,Neutral,3.0,No,High School,Moderate,Female,65
21.0,72.0,Medium,Medium,Yes,5.0,57.0,Medium,Yes,1.0,High,Medium,Public,Neutral,5.0,Yes,College,Moderate,Male,64
8.0,61.0,Medium,Medium,Yes,7.0,54.0,Medium,Yes,1.0,High,Medium,Public,Positive,3.0,No,College,Near,Male,60
19.0,69.0,Medium,High,Yes,7.0,82.0,High,Yes,1.0,Low,Medium,Public,Negative,2.0,No,High School,Near,Male,65
22.0,71.0,High,Medium,No,6.0,79.0,High,Yes,1.0,Low,Low,Public,Positive,3.0,No,High School,Near,Male,66
29.0,78.0,High,High,Yes,4.0,93.0,Low,Yes,5.0,Medium,High,Public,Neutral,3.0,No,College,Near,Male,74
17.0,67.0,Medium,Medium,Yes,5.0,52.0,High,Yes,2.0,Medium,Medium,Private,Negative,3.0,No,High School,Far,Female,62
15.0,95.0,Medium,Medium,No,7.0,93.0,Medium,Yes,2.0,Low,Medium,Public,Positive,4.0,No,College,Moderate,Male,70
17.0,88.0,Medium,High,Yes,7.0,94.0,Low,Yes,0.0,Medium,Medium,Public,Neutral,3.0,No,High School,Near,Male,69
25.0,63.0,Medium,High,Yes,7.0,72.0,Medium,Yes,3.0,Medium,High,Private,Negative,4.0,No,College,Far,Male,67
22.0,86.0,Low,Low,No,6.0,54.0,Medium,Yes,2.0,Medium,Medium,Public,Neutral,0.0,No,High School,Moderate,Male,64
17.0,86.0,Medium,High,No,5.0,97.0,High,Yes,3.0,High,Medium,Public,Neutral,3.0,No,College,Near,Male,71
23.0,98.0,Medium,Low,Yes,7.0,54.0,Low,Yes,0.0,Medium,Medium,Public,Negative,3.0,No,College,Near,Female,68
21.0,60.0,High,Medium,No,7.0,80.0,Medium,Yes,0.0,Medium,High,Public,Neutral,4.0,Yes,College,Near,Male,64
26.0,70.0,Medium,Low,Yes,8.0,75.0,Medium,Yes,1.0,Medium,Low,Private,Neutral,4.0,Yes,High School,Far,Female,63
16.0,97.0,Medium,Medium,Yes,6.0,92.0,Low,Yes,0.0,High,Medium,Private,Positive,4.0,No,College,Near,Male,71
18.0,97.0,High,Medium,Yes,4.0,75.0,Low,Yes,0.0,Low,Medium,Public,Positive,3.0,No,High School,Moderate,Male,69
18.0,89.0,High,Medium,Yes,4.0,73.0,Medium,Yes,3.0,High,Medium,Private,Positive,2.0,No,College,Near,Female,100
11.0,91.0,Medium,Medium,No,6.0,94.0,Medium,Yes,3.0,Medium,Medium,Public,Neutral,3.0,No,College,Moderate,Male,68
22.0,64.0,Low,Medium,No,7.0,98.0,Low,No,1.0,Medium,Medium,Public,Negative,3.0,No,High School,Near,Male,62
22.0,81.0,Medium,Medium,Yes,7.0,77.0,Low,Yes,2.0,Medium,Medium,Public,Positive,3.0,No,Postgraduate,Far,Female,68
20.0,69.0,High,High,Yes,6.0,73.0,Medium,Yes,2.0,Low,Medium,Private,Positive,3.0,No,High School,Far,Male,66
19.0,67.0,Low,Medium,No,5.0,92.0,High,Yes,0.0,Medium,Medium,Public,Positive,3.0,No,College,Near,Male,64
12.0,92.0,Medium,Medium,No,4.0,92.0,High,Yes,2.0,Medium,High,Public,Neutral,3.0,Yes,High School,Moderate,Male,67
17.0,65.0,Medium,High,Yes,8.0,66.0,Medium,Yes,1.0,High,High,Public,Neutral,4.0,Yes,Postgraduate,Moderate,Female,65
18.0,79.0,Medium,Medium,Yes,7.0,79.0,Medium,Yes,0.0,Low,High,Private,Neutral,3.0,No,College,Far,Male,65
15.0,98.0,High,Medium,No,6.0,58.0,High,Yes,0.0,Low,High,Public,Positive,3.0,No,College,Near,Male,69
19.0,67.0,Medium,Medium,No,5.0,82.0,High,Yes,1.0,Low,Low,Private,Negative,3.0,No,High School,Near,Male,63
22.0,99.0,Medium,Low,Yes,6.0,92.0,Low,Yes,3.0,Medium,Medium,Public,Negative,4.0,No,Postgraduate,Moderate,Male,72
31.0,100.0,Medium,Medium,No,7.0,59.0,Medium,Yes,2.0,High,High,Public,Positive,5.0,No,Postgraduate,Moderate,Male,76
21.0,82.0,Medium,High,Yes,7.0,66.0,High,Yes,3.0,Low,Medium,Public,Positive,3.0,Yes,College,Near,Female,69
22.0,67.0,Medium,Medium,Yes,7.0,72.0,High,Yes,3.0,Low,High,Public,Positive,2.0,No,Postgraduate,Moderate,Female,67
20.0,73.0,High,Medium,Yes,9.0,92.0,Medium,Yes,2.0,Medium,High,Public,Positive,3.0,No,College,Near,Male,69
8.0,77.0,High,Medium,Yes,6.0,87.0,Medium,Yes,0.0,Low,Medium,Public,Neutral,2.0,No,High School,Moderate,Male,63
20.0,72.0,Medium,Medium,No,9.0,66.0,Medium,Yes,3.0,Low,High,Private,Positive,3.0,No,Postgraduate,Near,Male,67
20.0,71.0,Low,High,Yes,7.0,62.0,High,Yes,2.0,Medium,Medium,Public,Negative,5.0,No,College,Near,Male,66
35.0,99.0,High,High,Yes,7.0,85.0,Low,Yes,2.0,Medium,High,Private,Neutral,2.0,No,Postgraduate,Near,Female,79
19.0,66.0,Medium,Medium,No,8.0,74.0,Medium,Yes,1.0,High,Medium,Public,Neutral,3.0,No,High School,Near,Female,64
22.0,89.0,High,High,Yes,6.0,80.0,Medium,Yes,1.0,High,High,Public,Positive,3.0,No,High School,Near,Female,73
20.0,60.0,Low,High,No,7.0,82.0,High,Yes,2.0,Low,High,Public,Positive,4.0,Yes,High School,Near,Male,63
13.0,84.0,Medium,Medium,No,5.0,78.0,Medium,Yes,1.0,Low,High,Public,Positive,2.0,No,High School,Near,Male,65
27.0,97.0,Low,High,Yes,8.0,81.0,Medium,Yes,0.0,High,Medium,Public,Positive,5.0,No,High School,Near,Female,73
25.0,72.0,High,High,Yes,8.0,94.0,Low,Yes,2.0,Low,Medium,Private,Positive,4.0,No,College,Moderate,Female,70
25.0,67.0,High,Medium,No,9.0,93.0,High,Yes,2.0,Low,High,Public,Positive,3.0,Yes,High School,Near,Female,68
15.0,86.0,Medium,Medium,Yes,7.0,57.0,Medium,Yes,1.0,Medium,Medium,Public,Negative,3.0,No,College,Near,Male,65
28.0,89.0,Low,High,Yes,9.0,79.0,High,Yes,0.0,Low,Medium,Private,Positive,1.0,No,College,Moderate,Female,71
12.0,88.0,Low,Medium,No,6.0,72.0,Low,Yes,2.0,Medium,Medium,Public,Positive,2.0,No,College,Far,Male,64
24.0,73.0,Medium,High,Yes,8.0,64.0,Medium,Yes,4.0,High,Medium,Private,Neutral,3.0,Yes,College,Moderate,Male,68
33.0,70.0,Medium,Medium,Yes,6.0,82.0,Low,Yes,1.0,Low,High,Public,Neutral,4.0,No,College,Near,Male,69
14.0,98.0,Medium,Medium,No,7.0,76.0,Medium,Yes,0.0,Medium,High,Private,Positive,4.0,No,College,Moderate,Female,69
17.0,97.0,Medium,Medium,No,8.0,89.0,Medium,Yes,1.0,Low,,Public,Neutral,4.0,No,High School,Far,Male,69
21.0,78.0,Medium,Medium,Yes,10.0,55.0,Medium,Yes,1.0,High,Low,Private,Positive,2.0,No,College,Near,Male,67
17.0,94.0,Low,Medium,Yes,8.0,65.0,Low,Yes,4.0,Medium,Medium,Public,Neutral,6.0,No,High School,Far,Female,68
11.0,78.0,Medium,High,Yes,8.0,51.0,Medium,Yes,2.0,Low,Medium,Public,Neutral,3.0,No,Postgraduate,Near,Male,64
20.0,77.0,Medium,Medium,No,6.0,87.0,Low,Yes,0.0,Low,High,Public,Positive,4.0,No,High School,Near,Female,66
14.0,66.0,High,Low,No,7.0,96.0,Medium,Yes,3.0,Low,High,Public,Negative,3.0,No,High School,Near,Male,63
23.0,77.0,Medium,Medium,Yes,7.0,79.0,Medium,Yes,0.0,Low,High,Public,Neutral,2.0,No,High School,Moderate,Male,66
14.0,81.0,Medium,Medium,No,9.0,81.0,Medium,Yes,1.0,Low,High,Private,Negative,3.0,No,Postgraduate,Near,Female,66
29.0,61.0,Medium,High,Yes,7.0,52.0,Low,Yes,3.0,Low,Medium,Private,Positive,3.0,No,College,Near,Female,67
15.0,78.0,High,High,No,9.0,75.0,Low,Yes,1.0,Low,Medium,Public,Negative,1.0,No,High School,Near,Male,65
18.0,91.0,Low,Medium,Yes,5.0,76.0,Medium,Yes,1.0,Medium,Medium,Public,Neutral,3.0,No,High School,Near,Female,68
25.0,87.0,Medium,Low,No,9.0,52.0,High,Yes,1.0,Low,High,Private,Positive,2.0,No,High School,Near,Male,68
13.0,85.0,High,Medium,No,6.0,89.0,Medium,Yes,0.0,High,Medium,Private,Neutral,1.0,Yes,High School,Near,Male,65
21.0,96.0,Medium,Medium,No,8.0,64.0,High,Yes,2.0,Medium,High,Public,Neutral,0.0,No,College,Near,Male,71
28.0,61.0,Medium,High,No,6.0,86.0,High,Yes,1.0,Low,Medium,Private,Negative,3.0,Yes,Postgraduate,Far,Male,65
10.0,82.0,Medium,Low,No,8.0,70.0,Medium,Yes,3.0,Low,High,Public,Positive,1.0,Yes,Postgraduate,Near,Female,64
21.0,91.0,High,Medium,No,6.0,100.0,Medium,Yes,0.0,High,Medium,Private,Neutral,2.0,No,Postgraduate,Near,Female,72
22.0,82.0,Medium,Medium,No,9.0,61.0,Medium,Yes,2.0,Low,Medium,Public,Negative,2.0,Yes,High School,Near,Female,65
25.0,73.0,Medium,High,No,8.0,53.0,High,No,0.0,Low,High,Private,Negative,5.0,No,Postgraduate,Near,Female,66
13.0,65.0,Low,High,No,6.0,99.0,Medium,Yes,0.0,Low,Medium,Private,Negative,4.0,No,High School,Near,Male,61
12.0,96.0,Low,High,Yes,8.0,62.0,Medium,Yes,2.0,Medium,High,Public,Negative,3.0,No,College,Near,Female,68
23.0,79.0,High,High,Yes,8.0,82.0,Low,Yes,3.0,Medium,Medium,Public,Negative,3.0,Yes,Postgraduate,Moderate,Female,69
22.0,95.0,Medium,High,Yes,6.0,69.0,Medium,Yes,1.0,Low,Medium,Public,Positive,3.0,No,College,Near,Female,72
22.0,83.0,Medium,High,Yes,5.0,82.0,Medium,Yes,2.0,Low,High,Public,Positive,3.0,No,Postgraduate,Near,Female,71
22.0,87.0,High,High,No,5.0,80.0,Low,Yes,2.0,Low,High,Public,Negative,3.0,No,High School,Near,Female,70
16.0,92.0,Medium,High,Yes,5.0,85.0,Low,Yes,1.0,Low,Medium,Public,Neutral,2.0,No,High School,Moderate,Male,68
21.0,86.0,Low,Medium,Yes,5.0,51.0,Medium,Yes,2.0,Low,High,Public,Positive,2.0,No,High School,Moderate,Female,67
22.0,76.0,Medium,Medium,Yes,8.0,92.0,Medium,Yes,1.0,Low,High,Public,Neutral,4.0,No,High School,Near,Female,68
16.0,81.0,Medium,Medium,Yes,8.0,74.0,Medium,Yes,3.0,Medium,Medium,Public,Positive,2.0,No,Postgraduate,Near,Female,68
31.0,92.0,Medium,Medium,Yes,4.0,76.0,Medium,Yes,2.0,Medium,High,Public,Positive,4.0,Yes,High School,Far,Male,72
23.0,75.0,Low,High,No,6.0,71.0,Low,Yes,0.0,Medium,Medium,Public,Neutral,2.0,No,College,Near,Male,65
13.0,76.0,Medium,High,No,5.0,99.0,Low,Yes,2.0,Medium,Medium,Private,Positive,4.0,No,High School,Near,Female,66
24.0,64.0,Medium,Medium,Yes,8.0,90.0,High,Yes,0.0,Low,High,Public,Negative,3.0,No,High School,Near,Male,65
14.0,97.0,Medium,Medium,Yes,6.0,66.0,Medium,Yes,2.0,Medium,Medium,Public,Negative,3.0,Yes,College,Near,Female,67
25.0,64.0,Medium,High,No,5.0,89.0,Low,Yes,2.0,Medium,Medium,Public,Neutral,4.0,No,College,Far,Male,66
27.0,86.0,Medium,Medium,No,7.0,72.0,Low,Yes,1.0,Medium,High,Public,Positive,4.0,No,High School,Far,Male,69
15.0,77.0,Medium,Medium,Yes,8.0,94.0,Low,Yes,0.0,High,High,Public,Positive,3.0,No,College,Moderate,Male,66
26.0,76.0,Medium,High,Yes,6.0,52.0,Medium,Yes,4.0,High,Low,Public,Neutral,3.0,No,High School,Near,Male,69
22.0,87.0,High,Low,Yes,7.0,68.0,Medium,No,0.0,Low,Medium,Public,Neutral,2.0,No,High School,Near,Male,67
25.0,63.0,High,Medium,Yes,6.0,71.0,Medium,Yes,1.0,Medium,Low,Private,Positive,3.0,No,High School,Near,Male,66
31.0,84.0,Medium,Medium,Yes,9.0,87.0,Medium,Yes,2.0,Low,Medium,Private,Neutral,3.0,No,College,Far,Male,71
19.0,91.0,High,Low,No,6.0,59.0,Medium,Yes,5.0,Medium,High,Public,Neutral,4.0,No,College,Moderate,Male,70
15.0,93.0,High,Medium,No,6.0,64.0,Medium,Yes,2.0,Medium,High,Public,Positive,4.0,No,Postgraduate,Near,Male,71
15.0,67.0,Medium,Medium,Yes,7.0,86.0,High,Yes,1.0,High,Medium,Private,Positive,3.0,No,Postgraduate,Near,Male,66
15.0,96.0,Medium,Medium,No,7.0,54.0,High,No,3.0,Medium,High,Public,Negative,2.0,No,High School,Near,Male,67
20.0,86.0,High,Low,No,8.0,60.0,Medium,Yes,1.0,Medium,Medium,Public,Neutral,4.0,Yes,College,Far,Female,66
22.0,95.0,Medium,High,No,9.0,88.0,Low,Yes,0.0,Low,High,Public,Positive,2.0,No,Postgraduate,Near,Male,72
22.0,79.0,Medium,Medium,No,9.0,94.0,Medium,Yes,1.0,Medium,Medium,Public,Positive,3.0,No,High School,Near,Male,68
25.0,82.0,Medium,Medium,No,6.0,86.0,Medium,No,3.0,Low,High,Public,Positive,3.0,No,High School,Near,Female,69
20.0,97.0,Medium,Medium,Yes,7.0,76.0,Low,Yes,2.0,Low,Low,Private,Positive,3.0,No,Postgraduate,Near,Male,71
29.0,96.0,Medium,Medium,Yes,9.0,55.0,Low,No,0.0,Medium,Medium,Public,Neutral,2.0,No,Postgraduate,Far,Female,70
18.0,78.0,Medium,Medium,No,9.0,91.0,High,Yes,2.0,High,Low,Public,Neutral,4.0,No,College,Far,Female,67
36.0,71.0,Medium,Medium,Yes,6.0,56.0,Medium,Yes,2.0,High,Medium,Public,Positive,2.0,No,High School,Far,Male,69
24.0,76.0,Low,High,No,8.0,69.0,Low,Yes,2.0,Medium,Medium,Public,Neutral,1.0,No,High School,Moderate,Male,65
15.0,76.0,High,High,No,8.0,53.0,Medium,Yes,1.0,Low,Medium,Public,Neutral,4.0,No,College,Near,Male,65
14.0,71.0,Medium,Medium,Yes,8.0,85.0,Low,Yes,2.0,Medium,High,Public,Neutral,4.0,No,High School,Near,Male,64
23.0,71.0,Low,Low,Yes,9.0,75.0,Low,Yes,1.0,Low,Medium,Public,Negative,2.0,No,College,Near,Male,63
19.0,94.0,Low,Medium,Yes,5.0,95.0,Medium,Yes,3.0,Low,Low,Public,Positive,2.0,No,High School,Moderate,Male,69
24.0,63.0,Medium,Low,Yes,6.0,57.0,Medium,Yes,1.0,Low,High,Private,Neutral,5.0,No,College,Near,Female,64
23.0,87.0,High,High,Yes,8.0,91.0,High,Yes,0.0,High,Medium,Private,Positive,3.0,No,High School,Moderate,Male,72
20.0,67.0,Low,Medium,Yes,7.0,76.0,Medium,Yes,0.0,Medium,Medium,Public,Neutral,4.0,No,High School,Near,Male,63
15.0,74.0,Low,High,Yes,4.0,68.0,Low,Yes,3.0,Low,Medium,Public,Positive,3.0,No,High School,Near,Female,64
11.0,62.0,Medium,High,Yes,5.0,82.0,Medium,Yes,3.0,High,Medium,Private,Neutral,4.0,No,College,Moderate,Male,64
17.0,71.0,Medium,Medium,Yes,8.0,90.0,Medium,Yes,5.0,Medium,Medium,Public,Positive,1.0,No,Postgraduate,Far,Male,67
25.0,91.0,Medium,Medium,No,8.0,72.0,Low,Yes,2.0,Medium,High,Public,Positive,0.0,No,Postgraduate,Near,Male,71
21.0,95.0,Medium,Medium,No,5.0,62.0,High,Yes,1.0,Medium,Low,Public,Positive,4.0,No,High School,Near,Male,70
13.0,69.0,Medium,Low,Yes,9.0,96.0,Low,Yes,0.0,High,Medium,Private,Neutral,4.0,No,High School,Far,Female,61
21.0,79.0,Medium,High,Yes,7.0,66.0,Low,Yes,2.0,Low,Medium,Public,Negative,4.0,No,College,Moderate,Male,67
22.0,79.0,High,Medium,No,5.0,100.0,Medium,Yes,4.0,High,High,Public,Negative,3.0,No,College,Near,Male,72
15.0,95.0,Low,Low,Yes,6.0,88.0,Low,Yes,1.0,Low,Medium,Public,Negative,5.0,No,High School,Near,Male,66
21.0,91.0,Medium,High,Yes,5.0,84.0,Medium,Yes,1.0,High,Low,Public,Neutral,2.0,No,High School,Near,Male,70
20.0,81.0,High,Medium,Yes,6.0,51.0,High,No,3.0,Medium,Medium,Public,Neutral,4.0,Yes,High School,Near,Male,67
13.0,87.0,High,Low,Yes,4.0,72.0,Medium,Yes,2.0,Medium,High,Public,Neutral,3.0,No,High School,Moderate,Female,67
22.0,94.0,Low,Medium,Yes,7.0,75.0,High,Yes,2.0,High,Medium,Public,Neutral,2.0,No,College,Near,Female,71
23.0,60.0,High,Medium,Yes,8.0,69.0,Medium,Yes,1.0,Low,Medium,Private,Positive,4.0,No,College,Near,Male,66
26.0,76.0,Medium,Medium,Yes,5.0,57.0,Medium,Yes,1.0,Medium,Medium,Public,Positive,4.0,No,High School,Near,Male,68
26.0,96.0,Medium,Medium,Yes,7.0,68.0,Medium,Yes,3.0,High,Medium,Private,Positive,3.0,No,College,Near,Female,74
12.0,90.0,Medium,Low,Yes,6.0,54.0,Medium,No,1.0,High,Medium,Public,Neutral,3.0,No,High School,Near,Male,64
14.0,82.0,Medium,Medium,No,8.0,65.0,Medium,Yes,1.0,Low,Medium,Private,Positive,3.0,No,College,Near,Male,65
23.0,81.0,Low,Medium,Yes,4.0,54.0,Medium,Yes,1.0,Low,Medium,Public,Neutral,3.0,No,College,Near,Male,66
23.0,74.0,Medium,High,Yes,8.0,88.0,Low,Yes,0.0,Medium,High,Public,Negative,3.0,Yes,High School,Near,Male,66
23.0,81.0,Medium,Low,No,4.0,84.0,Medium,Yes,2.0,Medium,Medium,Public,Positive,5.0,No,High School,Near,Male,68
43.0,86.0,High,Medium,Yes,7.0,97.0,Medium,Yes,2.0,Medium,High,Public,Positive,1.0,No,High School,Near,Female,78
23.0,77.0,Medium,High,Yes,6.0,69.0,Low,Yes,1.0,Medium,Medium,Private,Positive,2.0,No,High School,Moderate,Female,67
27.0,89.0,Medium,High,Yes,6.0,89.0,Medium,Yes,3.0,Medium,Medium,Private,Positive,3.0,No,High School,Near,Male,74
26.0,94.0,Medium,High,No,5.0,79.0,High,Yes,1.0,Low,High,Public,Positive,2.0,No,Postgraduate,Near,Male,74
24.0,66.0,Medium,Low,No,9.0,82.0,Low,Yes,1.0,Medium,Medium,Public,Neutral,2.0,Yes,High School,Near,Female,62
18.0,78.0,High,Medium,Yes,5.0,77.0,Medium,No,2.0,Medium,Medium,Public,Neutral,4.0,No,High School,Far,Male,66
25.0,76.0,Medium,Medium,Yes,5.0,89.0,High,Yes,3.0,Medium,High,Public,Neutral,3.0,No,High School,Far,Female,69
15.0,87.0,Medium,High,Yes,10.0,52.0,Medium,Yes,2.0,Low,High,Private,Positive,3.0,No,College,Near,Male,68
19.0,70.0,Medium,Low,No,7.0,54.0,High,Yes,0.0,Medium,Medium,Public,Positive,2.0,Yes,High School,Moderate,Male,89
17.0,86.0,High,Low,No,5.0,55.0,Low,No,2.0,High,Medium,Private,Neutral,4.0,No,College,Near,Male,66
20.0,95.0,Low,Medium,Yes,7.0,64.0,Low,No,2.0,Medium,High,Public,Neutral,3.0,No,High School,Near,Female,68
34.0,77.0,Medium,Low,Yes,7.0,80.0,Low,Yes,0.0,Medium,Medium,Public,Positive,3.0,No,High School,Near,Male,69
9.0,96.0,Medium,Medium,Yes,4.0,82.0,High,No,0.0,Low,Medium,Public,Positive,4.0,No,College,Near,Male,67
24.0,100.0,High,High,Yes,6.0,86.0,Low,Yes,2.0,Medium,Medium,Private,Positive,5.0,No,High School,Near,Male,75
10.0,64.0,Medium,High,No,7.0,64.0,High,Yes,0.0,Medium,Medium,Public,Positive,4.0,Yes,High School,Moderate,Female,60
17.0,69.0,High,Medium,Yes,9.0,83.0,Medium,Yes,2.0,Medium,High,Private,Positive,4.0,Yes,College,Moderate,Female,66
27.0,98.0,Low,High,Yes,7.0,56.0,Low,Yes,1.0,High,Medium,Private,Positive,3.0,No,College,Near,Female,73
20.0,98.0,Medium,Low,No,7.0,50.0,Low,Yes,1.0,Medium,High,Private,Neutral,2.0,No,High School,Near,Female,68
14.0,64.0,Medium,Medium,Yes,6.0,85.0,Medium,Yes,0.0,Medium,Medium,Public,Neutral,3.0,No,High School,Near,Male,62
16.0,61.0,Medium,Medium,No,9.0,86.0,Low,Yes,2.0,Low,High,Public,Positive,2.0,No,High School,Near,Male,62
24.0,66.0,High,Low,Yes,8.0,81.0,High,Yes,1.0,Medium,Medium,Public,Neutral,4.0,No,High School,Far,Male,65
16.0,100.0,High,Low,Yes,8.0,63.0,High,Yes,2.0,Low,Medium,Public,Negative,3.0,No,High School,Moderate,Male,69
21.0,67.0,Medium,Medium,No,7.0,96.0,Low,Yes,3.0,Low,Medium,Public,Neutral,2.0,No,High School,Far,Female,64
20.0,80.0,Medium,High,No,5.0,94.0,Medium,Yes,0.0,Low,Low,Private,Positive,4.0,Yes,Postgraduate,Moderate,Female,67
16.0,94.0,High,High,Yes,9.0,76.0,Medium,Yes,0.0,Low,High,Public,Neutral,2.0,No,High School,Near,Male,70
33.0,61.0,Medium,Medium,No,7.0,99.0,High,Yes,2.0,Medium,High,Public,Neutral,3.0,No,College,Near,Female,70
24.0,84.0,High,Low,No,7.0,65.0,Low,Yes,3.0,Medium,High,Public,Positive,3.0,No,High School,Near,Female,69
8.0,71.0,High,Low,No,8.0,75.0,Medium,Yes,0.0,Medium,High,Public,Positive,3.0,No,High School,Near,Male,61
21.0,94.0,Medium,Medium,No,7.0,96.0,Low,Yes,0.0,Medium,Medium,Private,Neutral,2.0,Yes,Postgraduate,Moderate,Male,69
16.0,71.0,High,Medium,Yes,5.0,73.0,Medium,Yes,1.0,Medium,Medium,Public,Neutral,0.0,Yes,High School,Near,Male,63
25.0,87.0,Medium,Low,Yes,7.0,74.0,Low,Yes,0.0,Medium,High,Public,Neutral,4.0,Yes,High School,Near,Male,67
15.0,87.0,Low,Medium,No,4.0,54.0,Medium,Yes,1.0,Medium,Medium,Public,Neutral,6.0,No,,Moderate,Male,65
19.0,69.0,Medium,Medium,Yes,7.0,61.0,High,Yes,3.0,High,High,Public,Neutral,4.0,No,High School,Moderate,Male,66
23.0,61.0,Low,Medium,No,9.0,58.0,Medium,Yes,4.0,Medium,Medium,Public,Neutral,2.0,No,High School,Near,Male,63
25.0,76.0,Medium,High,Yes,4.0,78.0,Medium,Yes,2.0,Medium,Medium,Private,Negative,3.0,No,High School,Moderate,Female,68
13.0,72.0,High,High,No,7.0,66.0,Medium,Yes,0.0,Low,High,Public,Neutral,4.0,No,Postgraduate,Near,Male,65
18.0,92.0,Low,Medium,Yes,8.0,54.0,Medium,Yes,1.0,Medium,Medium,Public,Positive,3.0,No,High School,Near,Male,67
17.0,92.0,Low,Low,Yes,8.0,75.0,Medium,Yes,2.0,Medium,High,Public,Neutral,3.0,No,Postgraduate,Near,Female,68
16.0,78.0,Medium,High,No,6.0,83.0,Medium,Yes,0.0,Low,Low,Public,Neutral,3.0,Yes,College,Near,Male,64
31.0,84.0,Medium,Medium,No,5.0,87.0,High,Yes,0.0,Medium,Medium,Private,Positive,3.0,No,College,Moderate,Male,71
22.0,84.0,Medium,Medium,Yes,6.0,92.0,Low,Yes,0.0,Medium,Medium,Public,Neutral,5.0,No,High School,Near,Female,69
12.0,93.0,Medium,Medium,Yes,9.0,74.0,Low,Yes,1.0,Medium,Medium,Public,Neutral,3.0,No,Postgraduate,Moderate,Male,67
26.0,77.0,Low,Medium,No,4.0,70.0,Low,Yes,2.0,High,Low,Public,Neutral,3.0,Yes,College,Moderate,Female,65
33.0,71.0,Low,Medium,No,5.0,84.0,Medium,Yes,1.0,Medium,Medium,Public,Positive,2.0,No,High School,Near,Male,68
26.0,71.0,High,Medium,Yes,6.0,51.0,Low,No,1.0,High,Medium,Private,Positive,3.0,No,Postgraduate,Moderate,Male,67
11.0,81.0,Medium,Medium,Yes,6.0,82.0,High,Yes,3.0,Medium,High,Public,Neutral,4.0,No,High School,Near,Male,67
17.0,78.0,Medium,High,Yes,7.0,70.0,Medium,No,2.0,Low,High,Public,Positive,3.0,No,High School,Near,Male,66
28.0,78.0,High,Medium,No,9.0,73.0,High,Yes,2.0,Medium,Medium,Public,Neutral,4.0,No,College,Moderate,Female,70
16.0,64.0,High,Low,Yes,5.0,65.0,Medium,Yes,3.0,Medium,High,Private,Positive,4.0,No,Postgraduate,Moderate,Female,65
23.0,89.0,Low,Low,Yes,7.0,56.0,Low,Yes,4.0,Medium,Low,Private,Positive,4.0,No,Postgraduate,Near,Female,69
25.0,69.0,Medium,Medium,Yes,7.0,70.0,Low,No,1.0,High,High,Public,Positive,4.0,No,High School,Far,Female,65
14.0,68.0,High,Medium,No,6.0,65.0,Medium,Yes,1.0,High,Medium,Public,Neutral,3.0,Yes,College,Near,Male,63
20.0,77.0,Medium,Medium,No,5.0,98.0,Low,Yes,2.0,Low,High,Private,Neutral,2.0,No,Postgraduate,Far,Female,67
1.0,69.0,High,Medium,Yes,6.0,97.0,Medium,Yes,1.0,Low,Medium,Public,Positive,3.0,No,High School,Near,Female,61
14.0,83.0,Medium,Low,Yes,6.0,82.0,Medium,Yes,0.0,Medium,Medium,Public,Positive,2.0,No,High School,Near,Female,65
18.0,75.0,Low,High,Yes,8.0,95.0,Medium,Yes,1.0,Low,Low,Public,Neutral,2.0,No,College,Near,Female,66
13.0,78.0,Medium,High,Yes,8.0,88.0,High,Yes,0.0,High,Low,Public,Neutral,3.0,No,College,Near,Male,66
30.0,81.0,Medium,Low,Yes,5.0,67.0,Medium,Yes,1.0,High,High,Public,Negative,1.0,No,High School,Near,Male,69
11.0,68.0,Medium,Medium,No,6.0,80.0,Medium,Yes,2.0,Medium,Medium,Public,Positive,3.0,No,College,Moderate,Female,63
17.0,66.0,Low,High,No,6.0,61.0,Medium,Yes,1.0,High,Medium,Public,Positive,6.0,No,Postgraduate,Near,Male,65
21.0,95.0,Low,Low,No,10.0,84.0,Low,Yes,0.0,High,Medium,Public,Neutral,4.0,Yes,High School,Near,Male,67
29.0,77.0,High,High,Yes,7.0,52.0,Medium,Yes,2.0,High,Medium,Public,Negative,3.0,Yes,High School,Near,Female,69
11.0,76.0,Low,Medium,Yes,5.0,92.0,Medium,Yes,4.0,Medium,Low,Public,Negative,2.0,No,Postgraduate,Near,Male,65
27.0,61.0,Medium,Medium,No,6.0,79.0,Medium,Yes,1.0,Low,Medium,Public,Positive,3.0,No,High School,Moderate,Male,65
20.0,80.0,High,Low,Yes,6.0,53.0,Medium,Yes,0.0,Low,Medium,Public,Neutral,2.0,No,College,Moderate,Male,65
14.0,82.0,Medium,High,Yes,8.0,94.0,Low,Yes,2.0,Low,High,Public,Negative,5.0,No,College,Far,Female,67
23.0,82.0,Low,Medium,Yes,8.0,94.0,Medium,Yes,1.0,Medium,Medium,Public,Negative,2.0,Yes,High School,,Male,66
21.0,88.0,Medium,High,No,7.0,93.0,Medium,Yes,4.0,Low,Medium,Public,Positive,3.0,No,High School,Near,Female,72
16.0,67.0,Medium,High,No,7.0,89.0,High,Yes,3.0,Low,Medium,Public,Positive,3.0,No,College,Near,Male,66
20.0,70.0,Medium,Medium,Yes,7.0,84.0,Low,No,2.0,Medium,High,Private,Neutral,4.0,No,College,Far,Male,65
18.0,92.0,High,Medium,Yes,7.0,70.0,Medium,Yes,1.0,Low,Medium,Public,Neutral,3.0,No,High School,Moderate,Male,69
21.0,98.0,Medium,Low,No,4.0,57.0,Medium,Yes,2.0,High,Low,Public,Neutral,2.0,No,High School,Near,Female,68
24.0,65.0,Medium,Low,No,7.0,64.0,Low,Yes,1.0,High,Medium,Public,Neutral,1.0,No,Postgraduate,Near,Male,64
30.0,80.0,Low,High,No,6.0,67.0,Medium,Yes,3.0,Medium,Medium,Public,Negative,4.0,No,College,Moderate,Female,69
13.0,69.0,Medium,Low,Yes,5.0,68.0,Low,Yes,0.0,High,Medium,Public,Positive,1.0,Yes,High School,Moderate,Female,59
33.0,62.0,High,Medium,Yes,10.0,78.0,Medium,Yes,0.0,Medium,Medium,Private,Positive,3.0,No,High School,Moderate,Female,68
8.0,73.0,Medium,Medium,No,7.0,60.0,Medium,No,0.0,High,Medium,Private,Neutral,3.0,No,High School,Near,Female,60
19.0,66.0,Medium,High,No,7.0,59.0,Medium,Yes,1.0,High,Medium,Public,Negative,3.0,No,High School,Far,Male,62
24.0,88.0,Low,Medium,Yes,6.0,86.0,Low,Yes,0.0,Low,Low,Public,Negative,3.0,No,College,Near,Male,67
22.0,81.0,Low,High,Yes,8.0,50.0,High,Yes,4.0,Medium,Medium,Private,Positive,5.0,No,High School,Far,Female,68
16.0,66.0,Medium,High,Yes,5.0,57.0,High,Yes,3.0,Medium,Medium,Public,Positive,3.0,No,High School,Moderate,Female,64
19.0,60.0,Medium,High,Yes,7.0,72.0,High,Yes,3.0,Low,High,Public,Positive,3.0,No,High School,Moderate,Female,65
17.0,92.0,Low,Low,Yes,6.0,57.0,Medium,Yes,2.0,Medium,Medium,Private,Positive,2.0,Yes,High School,Moderate,Female,65
16.0,67.0,High,Medium,No,8.0,98.0,Medium,Yes,0.0,Low,Low,Public,Neutral,3.0,No,High School,Near,Female,63
25.0,84.0,Medium,Low,Yes,6.0,84.0,Low,Yes,2.0,Medium,High,Public,Positive,3.0,No,High School,Near,Male,70
22.0,73.0,Low,Medium,Yes,9.0,72.0,Low,Yes,3.0,Medium,Medium,Public,Positive,3.0,No,High School,Near,Female,66
16.0,83.0,Medium,High,Yes,7.0,56.0,Low,Yes,4.0,High,Medium,Public,Positive,3.0,No,High School,Near,Female,68
25.0,73.0,Low,Low,No,8.0,69.0,Medium,Yes,3.0,Medium,Medium,Private,Positive,3.0,No,High School,Near,Female,66
22.0,63.0,Low,Low,No,8.0,83.0,Medium,Yes,3.0,Medium,Medium,Private,Negative,1.0,No,College,Near,Male,63
25.0,69.0,High,Medium,Yes,9.0,98.0,Medium,Yes,1.0,Low,Medium,Public,Negative,3.0,Yes,College,Moderate,Female,66
24.0,68.0,Medium,Medium,Yes,6.0,74.0,Medium,Yes,1.0,Medium,Medium,Public,Neutral,3.0,No,High School,Near,Female,65
15.0,77.0,Medium,Medium,Yes,8.0,85.0,High,Yes,1.0,Low,Medium,Public,Positive,2.0,No,Postgraduate,Moderate,Male,66
17.0,86.0,High,Low,Yes,4.0,60.0,High,Yes,2.0,High,Low,Private,Positive,3.0,Yes,College,Moderate,Female,67
24.0,71.0,Medium,Medium,Yes,7.0,81.0,Medium,Yes,0.0,Low,Medium,Private,Positive,3.0,No,High School,Near,Male,66
24.0,60.0,Low,Medium,No,6.0,62.0,High,Yes,4.0,Low,High,Public,Negative,3.0,No,High School,Near,Female,63
20.0,81.0,Medium,Medium,Yes,5.0,60.0,Low,Yes,3.0,Medium,Medium,Public,Positive,4.0,Yes,High School,Near,Male,66
21.0,84.0,Medium,Medium,No,6.0,75.0,Low,No,1.0,High,Medium,Public,Positive,3.0,No,College,Moderate,Male,67
28.0,99.0,Medium,Medium,Yes,6.0,61.0,Medium,No,1.0,Low,Medium,Public,Positive,3.0,No,High School,Near,Male,71
16.0,84.0,Medium,High,Yes,7.0,86.0,Medium,Yes,1.0,Low,Medium,Private,Neutral,2.0,No,High School,Near,Female,67
23.0,79.0,Medium,High,Yes,6.0,97.0,Medium,Yes,1.0,High,Low,Public,Neutral,4.0,No,High School,Moderate,Male,69
19.0,83.0,Medium,Medium,Yes,7.0,70.0,Medium,Yes,2.0,Low,Medium,Public,Negative,4.0,Yes,Postgraduate,Near,Female,67
19.0,97.0,High,Medium,Yes,6.0,66.0,High,Yes,2.0,Medium,Medium,Private,Positive,2.0,No,College,Moderate,Female,72
27.0,93.0,High,Low,No,6.0,59.0,High,Yes,2.0,Low,Medium,Private,Negative,4.0,No,High School,Near,Female,70
25.0,73.0,Medium,High,Yes,7.0,70.0,Low,Yes,0.0,Low,Medium,Private,Neutral,4.0,No,Postgraduate,Moderate,Male,67
25.0,69.0,Low,High,Yes,7.0,78.0,Medium,Yes,0.0,Low,High,Public,Negative,3.0,No,High School,Far,Female,64
28.0,71.0,Medium,Medium,No,8.0,69.0,High,Yes,1.0,Medium,High,Private,Neutral,1.0,No,College,Moderate,Female,67
20.0,80.0,Low,High,No,8.0,81.0,Medium,Yes,3.0,Medium,Medium,Private,Negative,4.0,No,Postgraduate,Near,Male,69
24.0,90.0,Low,Low,No,7.0,83.0,Medium,Yes,0.0,Low,Medium,Private,Positive,3.0,No,College,,Male,68
18.0,80.0,Medium,Medium,No,8.0,55.0,Low,Yes,2.0,Low,Low,Public,Neutral,3.0,No,High School,Moderate,Male,63
22.0,63.0,Medium,High,Yes,7.0,85.0,Medium,Yes,4.0,High,High,Public,Negative,3.0,No,College,Near,Female,68
19.0,89.0,High,Medium,Yes,7.0,95.0,Medium,Yes,0.0,Medium,Medium,Public,Positive,3.0,No,High School,Near,Male,70
21.0,92.0,Medium,Low,Yes,8.0,51.0,Low,Yes,0.0,Medium,Medium,Public,Neutral,2.0,No,College,Moderate,Male,66
24.0,72.0,High,High,No,6.0,78.0,High,Yes,0.0,Low,High,Public,Negative,6.0,No,High School,Near,Female,68
15.0,87.0,High,Low,Yes,4.0,80.0,High,Yes,0.0,Low,Medium,Private,Positive,3.0,No,College,Near,Male,67
33.0,77.0,Low,High,Yes,5.0,85.0,Medium,Yes,0.0,Low,Medium,Private,Neutral,5.0,No,High School,Far,Female,69
14.0,96.0,Medium,Low,Yes,9.0,69.0,High,Yes,0.0,Medium,Medium,Private,Negative,3.0,Yes,College,Near,Female,66
13.0,94.0,Medium,Medium,Yes,7.0,91.0,Low,Yes,3.0,Low,Medium,Public,Neutral,3.0,No,High School,Near,Male,68
27.0,81.0,Medium,Medium,Yes,7.0,77.0,Medium,Yes,2.0,Medium,Low,Public,Neutral,2.0,Yes,Postgraduate,Moderate,Female,69
25.0,88.0,Medium,Medium,Yes,7.0,70.0,Low,Yes,1.0,Medium,Medium,Private,Positive,3.0,No,Postgraduate,Moderate,Male,70
24.0,95.0,Medium,High,Yes,8.0,86.0,High,Yes,1.0,Medium,High,Private,Neutral,3.0,No,College,Near,Male,74
24.0,80.0,Medium,High,Yes,7.0,96.0,High,Yes,0.0,Low,High,Public,Positive,0.0,No,College,Moderate,Female,70
20.0,73.0,Medium,Medium,Yes,7.0,91.0,Low,Yes,1.0,Medium,High,Public,Neutral,2.0,No,Postgraduate,Moderate,Male,66
15.0,90.0,High,Medium,Yes,8.0,97.0,Medium,Yes,1.0,Low,High,Private,Negative,3.0,No,College,Near,Female,69
20.0,69.0,Medium,High,No,6.0,63.0,Low,Yes,0.0,Low,Medium,Public,Negative,3.0,No,Postgraduate,Near,Male,64
16.0,76.0,Low,High,Yes,8.0,56.0,Medium,No,1.0,Low,Medium,Public,Positive,1.0,No,High School,Near,Male,62
26.0,95.0,Low,High,No,7.0,77.0,Medium,Yes,0.0,Medium,Medium,Public,Neutral,3.0,No,High School,Moderate,Female,70
19.0,89.0,High,Medium,Yes,7.0,52.0,Medium,Yes,2.0,Medium,Medium,Public,Negative,4.0,No,High School,Moderate,Male,68
15.0,76.0,Medium,Medium,Yes,6.0,84.0,Low,Yes,0.0,Medium,High,Public,Neutral,3.0,No,College,Near,Female,65
18.0,69.0,High,High,No,7.0,62.0,Low,Yes,3.0,Medium,Medium,Public,Positive,3.0,No,High School,Moderate,Male,65
22.0,74.0,High,High,Yes,6.0,73.0,Low,Yes,3.0,High,High,Public,Positive,4.0,No,Postgraduate,Moderate,Female,71
17.0,71.0,High,Medium,Yes,9.0,83.0,Low,Yes,2.0,Medium,Medium,Public,Neutral,5.0,No,High School,Near,Male,66
15.0,67.0,Medium,Medium,No,4.0,74.0,Medium,Yes,0.0,Low,Medium,Public,Negative,3.0,No,College,Moderate,Male,61
21.0,90.0,Low,Medium,Yes,8.0,62.0,Low,Yes,2.0,Medium,High,Public,Negative,5.0,Yes,High School,Near,Male,67
21.0,70.0,Low,High,Yes,4.0,94.0,Medium,Yes,0.0,Low,High,Private,Neutral,2.0,No,College,Far,Male,65
17.0,78.0,Medium,High,No,8.0,88.0,Medium,Yes,0.0,Low,Medium,Public,Negative,3.0,No,High School,Near,Female,65
17.0,75.0,Medium,High,Yes,6.0,80.0,Medium,No,1.0,Low,Medium,Private,Positive,5.0,No,High School,Moderate,Male,65
21.0,99.0,Medium,Medium,No,8.0,85.0,High,Yes,4.0,Medium,Medium,Public,Positive,4.0,No,High School,Moderate,Male,73
11.0,76.0,Medium,Medium,Yes,7.0,71.0,Medium,No,1.0,Medium,Low,Public,Neutral,2.0,No,College,Near,Male,62
12.0,63.0,Medium,High,Yes,5.0,69.0,Low,Yes,0.0,Medium,High,Public,Negative,2.0,No,College,Moderate,Female,60
16.0,64.0,Low,Medium,Yes,9.0,58.0,Low,Yes,1.0,Medium,Medium,Public,Positive,3.0,No,College,Moderate,Female,61
19.0,84.0,Low,Medium,Yes,8.0,90.0,High,Yes,2.0,Low,Medium,Private,Neutral,3.0,No,Postgraduate,Far,Male,67
22.0,84.0,High,Medium,No,8.0,69.0,Medium,No,3.0,Medium,High,Private,Neutral,4.0,No,College,Near,Male,70
29.0,77.0,Low,High,No,6.0,85.0,Medium,Yes,1.0,Medium,Medium,Public,Positive,1.0,No,College,Near,Male,69
25.0,77.0,Medium,Low,Yes,8.0,65.0,High,No,0.0,Medium,Medium,Public,Positive,5.0,No,College,Far,Female,66
19.0,62.0,Medium,Medium,No,5.0,90.0,Low,Yes,2.0,Low,High,Public,Positive,3.0,No,College,Moderate,Male,64
20.0,81.0,High,Medium,Yes,4.0,55.0,Medium,Yes,1.0,High,Medium,Private,Positive,2.0,No,Postgraduate,Moderate,Male,68
14.0,80.0,High,Medium,Yes,5.0,81.0,Medium,Yes,1.0,Low,Medium,Public,Positive,4.0,No,Postgraduate,Far,Female,67
20.0,66.0,Medium,Medium,No,6.0,90.0,High,Yes,0.0,Medium,Medium,Public,Neutral,1.0,No,College,Near,Female,64
18.0,64.0,Medium,Medium,Yes,6.0,83.0,High,Yes,2.0,Low,Medium,Public,Positive,2.0,No,College,Near,Male,65
22.0,65.0,Low,High,Yes,6.0,85.0,Medium,Yes,2.0,High,Medium,Public,Positive,3.0,Yes,Postgraduate,Near,Female,66
15.0,64.0,Medium,Medium,Yes,6.0,76.0,High,Yes,2.0,Medium,Medium,Private,Positive,4.0,Yes,High School,,Female,63
23.0,84.0,High,Medium,Yes,6.0,78.0,Low,Yes,2.0,Low,Low,Public,Negative,2.0,No,High School,Moderate,Female,68
29.0,68.0,Medium,High,Yes,4.0,53.0,Medium,Yes,1.0,Medium,Medium,Private,Negative,4.0,No,High School,Far,Male,66
19.0,70.0,Medium,Medium,No,7.0,63.0,Low,No,3.0,Low,Low,Public,Neutral,5.0,No,High School,Near,Male,63
22.0,67.0,Low,Medium,No,7.0,86.0,Low,Yes,1.0,Low,Medium,Public,Positive,3.0,No,High School,Moderate,Female,63
24.0,98.0,High,Medium,Yes,6.0,97.0,Medium,Yes,1.0,Medium,Medium,Public,Positive,4.0,No,College,Far,Male,74
18.0,94.0,Medium,High,Yes,9.0,77.0,Low,Yes,1.0,Medium,High,Public,Positive,2.0,No,College,Moderate,Male,70
21.0,69.0,High,High,Yes,7.0,86.0,Medium,Yes,2.0,Low,Medium,Private,Neutral,3.0,No,High School,Near,Male,68
20.0,73.0,Medium,Medium,Yes,7.0,84.0,Medium,Yes,0.0,Medium,Medium,Public,Neutral,4.0,No,Postgraduate,Moderate,Female,66
21.0,68.0,Medium,Low,No,8.0,100.0,Low,Yes,0.0,Medium,Medium,Public,Positive,4.0,No,High School,Far,Male,63
15.0,80.0,Low,High,No,5.0,90.0,Medium,Yes,4.0,Low,Medium,Public,Positive,3.0,No,College,Far,Female,67
20.0,61.0,Medium,Medium,No,7.0,81.0,Medium,Yes,1.0,Medium,Low,Public,Neutral,3.0,No,High School,Moderate,Male,62
23.0,87.0,High,High,No,8.0,56.0,Medium,Yes,1.0,Medium,High,Public,Positive,3.0,No,Postgraduate,Moderate,Male,71
29.0,81.0,High,Medium,No,7.0,68.0,Medium,Yes,2.0,Medium,Medium,Public,Neutral,4.0,No,Postgraduate,Near,Male,72
26.0,96.0,Medium,Medium,Yes,5.0,63.0,Medium,No,1.0,High,Medium,Private,Positive,2.0,No,Postgraduate,Near,Male,72
33.0,67.0,Medium,Medium,Yes,6.0,93.0,High,Yes,0.0,Low,High,Public,Neutral,3.0,No,High School,Far,Female,68
15.0,92.0,Medium,Low,Yes,7.0,72.0,Low,Yes,1.0,Medium,Medium,Public,Negative,5.0,No,High School,Near,Female,66
25.0,92.0,Medium,Medium,No,4.0,77.0,Medium,Yes,0.0,Low,Medium,Public,Positive,3.0,No,High School,Near,Male,70
21.0,65.0,Medium,Low,Yes,5.0,98.0,High,No,2.0,Low,Medium,Private,Positive,4.0,No,Postgraduate,Near,Male,66
33.0,76.0,Medium,Medium,Yes,10.0,92.0,Low,Yes,1.0,High,Medium,Private,Positive,3.0,No,Postgraduate,Near,Female,72
15.0,67.0,High,Medium,Yes,8.0,89.0,Low,Yes,0.0,High,High,Public,Neutral,4.0,No,High School,Moderate,Female,64
15.0,70.0,High,Medium,No,9.0,57.0,Medium,Yes,1.0,Medium,Medium,Private,Negative,3.0,No,High School,,Female,63
16.0,71.0,Medium,Medium,No,8.0,51.0,Medium,Yes,0.0,Low,Medium,Public,Negative,2.0,No,Postgraduate,Far,Female,61
7.0,82.0,High,High,Yes,8.0,56.0,Medium,Yes,0.0,Low,Medium,Private,Negative,2.0,No,High School,Far,Male,62
17.0,76.0,Medium,High,No,7.0,87.0,High,Yes,1.0,Medium,High,Public,Positive,4.0,No,High School,Near,Female,68
15.0,98.0,Low,Medium,Yes,8.0,71.0,Low,Yes,1.0,Medium,Medium,Public,Positive,3.0,No,High School,Near,Male,68
21.0,65.0,Low,Medium,No,9.0,56.0,High,Yes,1.0,Medium,Medium,Public,Positive,5.0,No,High School,Moderate,Male,63
22.0,99.0,Medium,Low,Yes,8.0,87.0,Low,Yes,1.0,Medium,Medium,Private,Neutral,4.0,No,High School,Moderate,Female,70
31.0,69.0,High,Low,Yes,7.0,60.0,Medium,Yes,1.0,Low,Medium,Public,Neutral,3.0,No,Postgraduate,Near,Female,68
26.0,91.0,High,Medium,Yes,7.0,79.0,Medium,Yes,1.0,Low,Medium,Private,Neutral,5.0,No,High School,Near,Female,72
17.0,74.0,Medium,Medium,Yes,8.0,87.0,Medium,Yes,4.0,Low,Low,Public,Positive,3.0,No,College,Near,Male,67
15.0,66.0,Low,High,No,6.0,80.0,Medium,No,1.0,Low,Medium,Private,Neutral,1.0,No,College,Near,Male,61
23.0,94.0,Low,Medium,No,8.0,100.0,Medium,No,0.0,Low,Medium,Public,Neutral,3.0,No,Postgraduate,Near,Male,69
12.0,72.0,Medium,Low,Yes,6.0,72.0,High,Yes,2.0,Low,High,Private,Negative,2.0,No,High School,Moderate,Female,61
31.0,86.0,High,High,Yes,6.0,66.0,Medium,Yes,3.0,Medium,Medium,Public,Positive,3.0,No,College,Moderate,Male,75
27.0,83.0,High,Low,No,5.0,60.0,Medium,Yes,0.0,High,Low,Public,Neutral,2.0,No,College,Moderate,Female,68
17.0,79.0,Medium,Low,Yes,6.0,75.0,Low,Yes,1.0,Medium,High,Public,Neutral,4.0,No,High School,Near,Male,65
10.0,80.0,High,Medium,Yes,6.0,93.0,High,Yes,4.0,Medium,,Public,Negative,3.0,No,College,Moderate,Female,67
28.0,89.0,Medium,High,Yes,10.0,97.0,High,Yes,3.0,Medium,Low,Public,Negative,6.0,No,High School,Near,Female,75
19.0,64.0,Low,Medium,No,6.0,99.0,Medium,Yes,1.0,Medium,Medium,Public,Positive,3.0,No,College,Near,Male,64
27.0,87.0,Medium,Medium,No,8.0,77.0,Medium,Yes,1.0,Low,High,Public,Neutral,4.0,No,High School,Moderate,Male,70
10.0,96.0,High,High,No,6.0,80.0,Medium,No,0.0,Medium,Medium,Public,Neutral,4.0,No,High School,Moderate,Female,67
16.0,62.0,Medium,Medium,Yes,7.0,79.0,Low,Yes,2.0,Medium,Medium,Public,Neutral,3.0,No,High School,Near,Male,63
20.0,66.0,High,High,No,7.0,73.0,Medium,Yes,1.0,Medium,Medium,Public,Negative,4.0,No,College,,Female,65
20.0,89.0,Medium,Medium,Yes,4.0,58.0,Medium,Yes,1.0,Medium,Medium,Public,Positive,3.0,No,High School,Far,Female,67
17.0,77.0,Low,High,Yes,5.0,53.0,Medium,Yes,2.0,High,Medium,Public,Neutral,3.0,No,College,Near,Male,86
24.0,76.0,Low,High,No,6.0,72.0,High,Yes,3.0,Medium,High,Public,Neutral,3.0,Yes,High School,Moderate,Female,67
14.0,65.0,High,Medium,No,5.0,59.0,Low,Yes,1.0,High,Medium,Public,Positive,4.0,No,Postgraduate,Far,Male,63
19.0,80.0,Medium,Medium,No,7.0,94.0,Medium,Yes,0.0,Medium,Low,Public,Neutral,3.0,No,College,Moderate,Female,66
21.0,65.0,High,High,No,7.0,88.0,Low,Yes,2.0,Low,Medium,Private,Neutral,1.0,No,,Near,Male,65
23.0,79.0,Medium,Medium,No,5.0,81.0,Medium,Yes,1.0,Medium,Medium,Private,Neutral,3.0,No,High School,Near,Female,67
24.0,91.0,Medium,Medium,No,7.0,52.0,Low,Yes,0.0,High,High,Public,Neutral,4.0,No,College,Near,Male,69
13.0,70.0,High,High,No,6.0,81.0,Medium,Yes,2.0,Medium,Low,Public,Positive,2.0,No,Postgraduate,Near,Male,66
11.0,79.0,Medium,Medium,Yes,7.0,81.0,Medium,Yes,1.0,High,Medium,Public,Neutral,2.0,No,High School,Moderate,Male,64
28.0,100.0,High,Low,Yes,6.0,72.0,Medium,Yes,1.0,Low,Medium,Public,Negative,2.0,No,Postgraduate,Near,Female,73
22.0,87.0,Low,Medium,No,8.0,83.0,Low,Yes,1.0,Low,Medium,Public,Neutral,1.0,No,College,Far,Male,66
16.0,94.0,Medium,Medium,No,9.0,93.0,Low,Yes,1.0,Low,Medium,Public,Negative,4.0,No,Postgraduate,Near,Female,68
29.0,77.0,High,Low,Yes,8.0,88.0,Low,Yes,0.0,Medium,High,Public,Positive,4.0,No,College,Moderate,Male,70
21.0,91.0,High,Medium,No,9.0,74.0,Medium,Yes,2.0,Low,Low,Private,Negative,2.0,No,,Near,Female,69
27.0,62.0,Medium,High,Yes,5.0,63.0,Low,Yes,4.0,High,Medium,Public,Negative,4.0,No,High School,Near,Female,67
20.0,65.0,Medium,Low,No,6.0,74.0,Low,Yes,0.0,Medium,Medium,Private,Positive,3.0,No,College,Moderate,Male,62
32.0,68.0,Medium,Low,No,8.0,97.0,High,Yes,1.0,Low,Medium,Public,Positive,2.0,No,High School,Near,Male,68
31.0,76.0,Medium,High,Yes,9.0,91.0,Medium,Yes,1.0,Low,Medium,Private,Neutral,4.0,No,Postgraduate,Near,Male,72
19.0,94.0,Low,Medium,No,8.0,51.0,Medium,Yes,3.0,Medium,Low,Private,Positive,5.0,No,Postgraduate,Near,Male,69
26.0,74.0,Low,Low,No,5.0,89.0,Low,Yes,3.0,High,High,Private,Negative,2.0,No,High School,Near,Male,66
24.0,86.0,High,High,No,6.0,59.0,Medium,Yes,1.0,Low,Medium,Public,Positive,3.0,No,High School,Moderate,Female,70
28.0,88.0,High,Medium,No,8.0,79.0,Medium,Yes,0.0,Medium,Medium,Public,Positive,3.0,No,High School,Far,Male,71
14.0,83.0,Medium,Medium,Yes,7.0,90.0,Medium,Yes,0.0,Low,Low,Public,Negative,3.0,No,College,Near,Female,65
24.0,74.0,High,Medium,Yes,6.0,78.0,Medium,Yes,3.0,Low,High,Public,Positive,3.0,No,College,Near,Female,70
26.0,83.0,Low,Low,No,7.0,70.0,High,No,2.0,Medium,High,Public,Negative,4.0,Yes,High School,Moderate,Male,65
9.0,74.0,Medium,High,No,7.0,66.0,Low,Yes,1.0,High,High,Private,Neutral,3.0,No,High School,Far,Female,62
13.0,63.0,High,Medium,Yes,5.0,65.0,Medium,Yes,2.0,High,Medium,Private,Neutral,2.0,No,High School,Far,Male,62
8.0,100.0,High,Medium,Yes,8.0,92.0,Medium,Yes,1.0,Medium,High,Public,Neutral,3.0,No,Postgraduate,Moderate,Female,70
18.0,65.0,Medium,High,Yes,6.0,91.0,Medium,No,5.0,Low,Medium,Private,Neutral,3.0,No,College,Near,Male,66
24.0,63.0,High,Low,Yes,7.0,91.0,Low,Yes,4.0,Low,Medium,Private,Positive,4.0,No,High School,Near,Female,67
29.0,95.0,Medium,Low,No,9.0,64.0,Medium,Yes,1.0,Medium,High,Public,Positive,3.0,No,High School,Near,Female,72
20.0,72.0,High,Low,Yes,7.0,90.0,Low,Yes,0.0,Low,High,Private,Negative,3.0,No,Postgraduate,Near,Female,66
30.0,86.0,Medium,Low,Yes,8.0,52.0,Medium,Yes,2.0,Medium,Medium,Public,Negative,2.0,Yes,College,Moderate,Female,68
12.0,73.0,High,Medium,No,5.0,60.0,Medium,Yes,1.0,Low,Medium,Public,Negative,4.0,No,High School,Moderate,Male,62
10.0,76.0,Low,Medium,Yes,8.0,76.0,Medium,Yes,2.0,High,High,Private,Positive,3.0,Yes,Postgraduate,Moderate,Male,64
20.0,70.0,Medium,Medium,No,8.0,70.0,Medium,Yes,0.0,Low,Medium,Public,Neutral,5.0,No,Postgraduate,Near,Female,65
22.0,74.0,Medium,Low,Yes,6.0,56.0,Low,Yes,4.0,Medium,High,Public,Negative,3.0,No,Postgraduate,Moderate,Male,66
20.0,76.0,Medium,Low,No,7.0,52.0,Medium,Yes,2.0,Low,High,Private,Neutral,3.0,No,High School,Near,Female,64
8.0,89.0,Medium,High,Yes,7.0,81.0,Low,Yes,4.0,Low,Medium,Public,Neutral,3.0,No,College,Near,Male,67
19.0,80.0,High,Medium,Yes,7.0,66.0,Low,Yes,4.0,Medium,Medium,Public,Negative,4.0,No,College,Near,Female,69
12.0,98.0,High,Medium,Yes,8.0,51.0,Medium,Yes,0.0,Medium,Low,Public,Positive,5.0,No,Postgraduate,Moderate,Male,68
24.0,62.0,Medium,Medium,No,6.0,72.0,High,Yes,2.0,Low,Low,Public,Neutral,4.0,No,High School,Near,Male,64
22.0,80.0,High,Medium,Yes,7.0,65.0,Medium,Yes,2.0,High,Medium,Private,Neutral,2.0,No,High School,Moderate,Female,68
14.0,83.0,Low,Low,Yes,9.0,79.0,Medium,Yes,1.0,Medium,Low,Public,Positive,3.0,No,High School,Near,Male,64
17.0,97.0,Medium,High,No,9.0,96.0,High,Yes,0.0,High,Medium,Public,Negative,1.0,No,Postgraduate,Near,Male,71
14.0,62.0,High,High,Yes,8.0,65.0,Low,Yes,3.0,Low,Medium,Public,Negative,2.0,No,High School,Far,Male,61
20.0,83.0,Low,Medium,No,7.0,100.0,Medium,Yes,4.0,Low,Medium,Public,Negative,3.0,No,College,Near,Male,68
26.0,94.0,High,Medium,Yes,10.0,54.0,Low,Yes,2.0,High,Medium,Public,Neutral,5.0,No,,Near,Male,73
14.0,70.0,High,Medium,Yes,9.0,54.0,Medium,No,3.0,Medium,Medium,Public,Positive,1.0,No,College,Near,Male,64
23.0,95.0,Medium,Medium,Yes,7.0,86.0,Medium,Yes,3.0,Low,Medium,Public,Positive,4.0,Yes,Postgraduate,Far,Male,72
17.0,61.0,Medium,Medium,Yes,7.0,87.0,High,Yes,5.0,Medium,Medium,Public,Neutral,3.0,No,High School,Near,Male,65
15.0,89.0,Medium,Medium,Yes,6.0,71.0,Medium,Yes,1.0,Medium,High,Public,Positive,4.0,No,High School,Near,Female,68
19.0,97.0,High,Low,Yes,8.0,64.0,Medium,Yes,2.0,Low,High,Public,Positive,3.0,No,High School,Near,Male,71
14.0,86.0,Medium,Low,Yes,8.0,90.0,Medium,No,3.0,Medium,,Public,Negative,3.0,Yes,Postgraduate,Near,Male,65
17.0,78.0,Medium,Medium,No,8.0,98.0,Low,Yes,2.0,Medium,Medium,Private,Positive,2.0,No,High School,Near,Male,66
13.0,62.0,Low,High,No,7.0,99.0,Medium,Yes,4.0,Medium,Low,Public,Positive,1.0,No,Postgraduate,Moderate,Female,63
32.0,97.0,Medium,High,No,5.0,82.0,Medium,Yes,1.0,Medium,Medium,Public,Neutral,3.0,No,High School,Moderate,Male,74
20.0,79.0,High,Low,Yes,7.0,87.0,Low,No,2.0,Medium,High,Private,Neutral,4.0,Yes,High School,Near,Female,66
16.0,61.0,Medium,Low,No,8.0,91.0,High,Yes,2.0,Medium,High,Public,Neutral,3.0,No,College,Moderate,Male,63
21.0,88.0,High,Medium,Yes,6.0,90.0,High,Yes,2.0,High,Medium,Private,Neutral,4.0,No,High School,Moderate,Male,72
19.0,79.0,Medium,High,No,7.0,100.0,Low,Yes,1.0,High,High,Public,Positive,2.0,No,College,Far,Female,69
19.0,65.0,Medium,High,Yes,9.0,91.0,Medium,Yes,1.0,Medium,High,Public,Positive,4.0,No,College,Near,Male,67
24.0,69.0,Low,High,No,5.0,83.0,Low,Yes,3.0,Low,Medium,Private,Neutral,3.0,No,High School,Near,Male,66
25.0,63.0,High,Medium,No,7.0,69.0,Medium,Yes,0.0,Low,High,Private,Negative,5.0,No,High School,Moderate,Female,64
17.0,83.0,Low,Medium,No,9.0,80.0,Medium,Yes,4.0,Medium,High,Public,Negative,2.0,No,College,Near,Female,67
17.0,85.0,Medium,Low,No,7.0,94.0,High,Yes,4.0,Low,Medium,Public,Positive,3.0,No,College,Near,Female,69
18.0,80.0,Medium,Low,Yes,6.0,65.0,Medium,Yes,2.0,Low,High,Public,Negative,2.0,No,College,,Female,65
6.0,93.0,Medium,Medium,No,7.0,52.0,High,Yes,0.0,Medium,Medium,Public,Neutral,2.0,No,College,Near,Female,64
11.0,94.0,Medium,Low,Yes,8.0,66.0,High,No,1.0,High,Low,Public,Neutral,4.0,No,High School,Near,Female,65
28.0,85.0,Medium,High,Yes,7.0,98.0,Medium,Yes,2.0,Low,High,Private,Positive,1.0,Yes,High School,Near,Male,72
30.0,61.0,Low,High,Yes,8.0,90.0,Medium,Yes,2.0,Low,High,Public,Negative,2.0,No,High School,Moderate,Female,66
19.0,88.0,Medium,Low,No,7.0,59.0,Medium,Yes,2.0,Low,Medium,Public,Neutral,3.0,No,College,Near,Female,66
23.0,77.0,High,High,Yes,7.0,51.0,Medium,Yes,1.0,Low,Low,Private,Positive,3.0,No,College,Moderate,Male,67
22.0,83.0,Medium,Medium,Yes,8.0,83.0,High,Yes,1.0,High,Medium,Private,Negative,3.0,Yes,Postgraduate,Moderate,Male,69
38.0,86.0,Low,High,Yes,7.0,79.0,Low,Yes,3.0,Low,Medium,Public,Negative,3.0,No,High School,Near,Male,73
27.0,74.0,Medium,High,No,6.0,54.0,Medium,Yes,3.0,Medium,Medium,Public,Neutral,3.0,No,College,Near,Female,69
19.0,97.0,Medium,Low,No,8.0,98.0,Medium,Yes,1.0,Low,Medium,Private,Neutral,4.0,Yes,High School,Near,Male,68
14.0,65.0,Low,Medium,Yes,7.0,81.0,Medium,Yes,1.0,Low,Medium,Public,Positive,3.0,No,High School,Moderate,Female,61
10.0,87.0,Medium,Low,Yes,6.0,83.0,Medium,No,0.0,Low,Medium,Public,Positive,4.0,No,High School,Near,Male,63
21.0,60.0,Medium,High,Yes,8.0,93.0,Low,Yes,0.0,Low,Medium,Public,Positive,2.0,No,High School,Far,Female,63
15.0,97.0,Low,Medium,Yes,9.0,67.0,Medium,Yes,1.0,Low,High,Public,Neutral,2.0,No,College,Near,Male,68
11.0,65.0,Medium,High,No,7.0,78.0,Medium,Yes,2.0,Low,Medium,Public,Neutral,3.0,No,Postgraduate,Near,Female,63
16.0,64.0,High,Medium,Yes,7.0,79.0,Medium,Yes,3.0,Medium,Medium,Private,Positive,4.0,Yes,Postgraduate,Near,Female,66
14.0,73.0,High,Medium,Yes,5.0,98.0,Medium,Yes,2.0,Low,Medium,Public,Negative,4.0,No,High School,Moderate,Female,65
30.0,75.0,High,High,No,7.0,57.0,High,Yes,0.0,Low,Medium,Public,Neutral,1.0,Yes,College,Near,Female,68
25.0,69.0,Medium,Medium,Yes,7.0,88.0,High,Yes,0.0,Low,Medium,Public,Negative,4.0,No,College,Near,Female,66
20.0,83.0,Low,Low,No,7.0,79.0,Low,No,2.0,Medium,Medium,Public,Positive,5.0,No,Postgraduate,Moderate,Male,66
29.0,78.0,High,Medium,No,6.0,92.0,Medium,Yes,2.0,Low,Medium,Private,Negative,4.0,No,High School,Near,Male,70
20.0,61.0,Low,Low,Yes,8.0,92.0,Medium,Yes,0.0,Medium,Medium,Public,Negative,2.0,No,High School,Near,Female,61
15.0,73.0,Medium,Low,Yes,7.0,51.0,Medium,Yes,2.0,Low,High,Private,Negative,3.0,No,High School,Moderate,Male,61
29.0,92.0,Medium,Medium,Yes,10.0,63.0,High,Yes,1.0,Low,High,Private,Negative,4.0,No,High School,Moderate,Male,71
23.0,88.0,Low,Medium,Yes,7.0,59.0,Medium,Yes,1.0,Medium,Medium,Public,Negative,2.0,No,High School,Near,Male,67
14.0,89.0,High,High,Yes,4.0,73.0,Medium,Yes,2.0,Medium,High,Public,Negative,3.0,No,College,Near,Male,70
19.0,88.0,High,Medium,No,5.0,95.0,Medium,Yes,2.0,Low,Medium,Private,Negative,4.0,No,College,Moderate,Male,69
15.0,72.0,High,High,No,8.0,50.0,Medium,Yes,2.0,Medium,Medium,Public,Neutral,4.0,No,High School,Near,Female,65
12.0,64.0,High,Low,Yes,6.0,74.0,High,Yes,0.0,Medium,Medium,Public,Positive,2.0,No,High School,Moderate,Male,61
26.0,71.0,Medium,Low,No,6.0,94.0,Low,Yes,3.0,Low,Medium,Public,Positive,4.0,No,Postgraduate,Near,Male,68
31.0,93.0,High,Low,Yes,5.0,96.0,Medium,Yes,2.0,Low,Medium,Public,Positive,2.0,No,High School,Near,Male,74
12.0,99.0,Medium,Medium,No,6.0,83.0,Low,Yes,1.0,Medium,Medium,Public,Negative,3.0,No,High School,Near,Female,67
23.0,80.0,Medium,Medium,Yes,7.0,91.0,Low,Yes,5.0,High,Medium,Public,Negative,1.0,No,High School,Near,Female,70
16.0,60.0,Low,Medium,Yes,8.0,66.0,Low,Yes,1.0,High,High,Private,Neutral,2.0,Yes,High School,Moderate,Female,59
17.0,66.0,High,High,No,5.0,64.0,Low,Yes,0.0,Medium,High,Private,Neutral,2.0,No,College,Near,Male,64
16.0,73.0,High,Medium,Yes,8.0,52.0,Medium,Yes,2.0,Medium,High,Public,Positive,4.0,No,College,Near,Female,66
15.0,83.0,Low,Low,Yes,5.0,75.0,Medium,Yes,1.0,Medium,Medium,Public,Neutral,3.0,No,High School,Far,Female,63
20.0,63.0,Low,Low,Yes,8.0,73.0,Low,Yes,0.0,High,Medium,Public,Neutral,3.0,No,College,Near,Female,61
15.0,98.0,Low,High,Yes,8.0,69.0,Low,Yes,2.0,Low,Medium,Public,Neutral,4.0,No,High School,Moderate,Female,68
22.0,75.0,Medium,Medium,No,6.0,56.0,Low,Yes,3.0,Medium,Medium,Private,Positive,3.0,No,High School,Far,Male,65
20.0,97.0,Medium,High,No,5.0,62.0,Medium,Yes,1.0,Medium,Medium,Private,Neutral,4.0,No,High School,Far,Male,69
19.0,91.0,High,Low,Yes,8.0,60.0,Medium,Yes,2.0,Low,Medium,Private,Neutral,4.0,No,High School,Moderate,Male,68
15.0,90.0,Medium,Low,Yes,6.0,97.0,Low,Yes,2.0,High,High,Public,Positive,2.0,No,High School,Near,Male,69
17.0,84.0,Medium,Low,Yes,7.0,98.0,High,Yes,1.0,Low,High,Public,Neutral,2.0,No,College,Far,Female,67
25.0,85.0,High,High,No,8.0,50.0,High,Yes,1.0,High,Medium,Public,Neutral,1.0,No,College,Moderate,Female,70
23.0,86.0,Medium,Medium,Yes,8.0,59.0,Low,Yes,1.0,Low,Medium,Public,Neutral,3.0,No,Postgraduate,Moderate,Female,68
14.0,85.0,Medium,Medium,No,6.0,94.0,Low,Yes,0.0,High,Medium,Public,Positive,4.0,No,College,Near,Male,67
21.0,82.0,High,Medium,No,7.0,52.0,Medium,Yes,4.0,Low,Medium,Public,Neutral,3.0,No,High School,Far,Male,67
25.0,99.0,High,Medium,Yes,6.0,97.0,High,Yes,0.0,Medium,Medium,Public,Positive,3.0,No,College,Moderate,Male,75
10.0,89.0,Low,Low,Yes,8.0,69.0,Low,Yes,3.0,Low,Medium,Public,Negative,4.0,No,College,Moderate,Male,63
23.0,91.0,Low,Medium,No,9.0,77.0,High,Yes,1.0,Low,Medium,Public,Positive,5.0,No,High School,Near,Male,70
16.0,95.0,Medium,Low,Yes,6.0,88.0,Low,Yes,2.0,High,High,Public,Positive,4.0,No,High School,Near,Female,70
23.0,69.0,Medium,High,Yes,7.0,62.0,Medium,Yes,1.0,Medium,Medium,Public,Neutral,4.0,Yes,High School,Far,Male,64
15.0,63.0,Medium,Low,No,8.0,55.0,Low,Yes,0.0,Medium,Low,Public,Neutral,3.0,No,College,Near,Female,59
9.0,79.0,Medium,Low,No,7.0,90.0,High,Yes,1.0,High,Low,Public,Neutral,3.0,No,High School,Near,Male,63
10.0,81.0,High,Medium,Yes,8.0,99.0,Medium,No,2.0,Medium,Medium,Public,Positive,4.0,No,Postgraduate,Moderate,Female,67
20.0,93.0,Low,High,Yes,7.0,83.0,Medium,Yes,0.0,Medium,Medium,Private,Negative,2.0,Yes,High School,Near,Male,68
22.0,78.0,Medium,Medium,Yes,5.0,91.0,Low,Yes,0.0,Medium,High,Private,Negative,3.0,No,Postgraduate,Near,Male,68
15.0,83.0,Medium,Medium,No,7.0,97.0,Medium,Yes,2.0,Low,High,Private,Neutral,2.0,No,High School,Near,Female,97
24.0,81.0,Medium,Low,No,9.0,61.0,Medium,Yes,1.0,Low,Low,Public,Positive,4.0,No,College,Near,Female,66
10.0,62.0,Medium,Low,No,7.0,68.0,High,Yes,3.0,Medium,Medium,Public,Neutral,3.0,No,Postgraduate,Near,Male,61
20.0,85.0,High,Medium,No,9.0,61.0,High,Yes,2.0,High,Medium,Public,Positive,3.0,No,College,Near,Male,70
13.0,93.0,Low,Low,Yes,4.0,53.0,High,Yes,1.0,Medium,Low,Public,Positive,1.0,No,Postgraduate,Near,Male,65
16.0,66.0,Low,Medium,Yes,8.0,87.0,High,Yes,3.0,Medium,Medium,Public,Positive,2.0,No,High School,Moderate,Female,64
20.0,84.0,Medium,High,Yes,6.0,57.0,High,Yes,2.0,Medium,Medium,Public,Positive,4.0,No,High School,Far,Female,69
15.0,84.0,Medium,High,No,6.0,55.0,Low,Yes,1.0,Medium,Medium,Private,Negative,2.0,No,High School,Near,Male,64
18.0,67.0,Low,Low,Yes,9.0,68.0,Low,Yes,2.0,Low,High,Private,Negative,2.0,No,Postgraduate,Near,Male,61
26.0,65.0,Low,Medium,No,7.0,53.0,Low,Yes,3.0,High,Medium,Public,Positive,2.0,No,High School,Near,Female,64
17.0,99.0,Medium,High,No,6.0,59.0,Medium,Yes,0.0,Medium,Medium,Public,Neutral,3.0,No,High School,Moderate,Male,68
25.0,76.0,Medium,High,No,8.0,53.0,High,Yes,1.0,High,High,Public,Positive,3.0,Yes,High School,Far,Female,67
13.0,69.0,High,Low,No,4.0,94.0,Medium,Yes,3.0,Low,Low,Public,Positive,3.0,Yes,High School,Near,Male,62
23.0,67.0,Medium,Medium,Yes,9.0,89.0,Medium,Yes,2.0,Low,High,Public,Neutral,2.0,No,High School,Near,Female,66
29.0,87.0,Medium,High,Yes,10.0,93.0,High,Yes,1.0,Low,Medium,Public,Neutral,4.0,No,High School,Moderate,Male,72
5.0,84.0,Medium,Medium,Yes,8.0,93.0,High,Yes,4.0,High,High,Public,Positive,3.0,No,College,Moderate,Male,68
15.0,86.0,Medium,High,Yes,8.0,97.0,Medium,Yes,4.0,High,Medium,Public,Positive,3.0,No,High School,Near,Male,71
23.0,64.0,Medium,Medium,Yes,7.0,59.0,High,Yes,3.0,Medium,Medium,Public,Positive,2.0,No,High School,Moderate,Female,65
19.0,96.0,Medium,Low,Yes,5.0,95.0,Low,No,2.0,Medium,Low,Private,Neutral,3.0,No,High School,Moderate,Female,68
22.0,76.0,Medium,Low,No,9.0,76.0,Medium,Yes,2.0,Low,High,Public,Neutral,5.0,No,High School,Far,Female,65
16.0,73.0,High,Low,Yes,8.0,58.0,Medium,Yes,1.0,Medium,Medium,Public,Neutral,4.0,No,High School,Near,Female,64
21.0,78.0,Medium,Low,No,8.0,83.0,Medium,Yes,2.0,Medium,Medium,Public,Positive,4.0,Yes,High School,Far,Male,65
19.0,76.0,High,High,Yes,8.0,66.0,Low,Yes,0.0,Low,High,Private,Negative,4.0,Yes,High School,Near,Male,65
27.0,95.0,High,Medium,No,7.0,52.0,High,Yes,3.0,Medium,High,Private,Negative,3.0,No,College,Moderate,Female,73
22.0,97.0,Medium,High,Yes,6.0,54.0,Medium,Yes,1.0,Low,High,Public,Positive,3.0,No,Postgraduate,Near,Male,72
22.0,72.0,Low,Medium,Yes,10.0,71.0,Medium,Yes,1.0,Medium,Medium,Private,Negative,1.0,No,College,Near,Male,64
18.0,95.0,Medium,Medium,Yes,7.0,91.0,Low,Yes,0.0,Low,Medium,Public,Positive,4.0,Yes,Postgraduate,Moderate,Male,69
17.0,91.0,Medium,Medium,No,6.0,66.0,High,Yes,1.0,High,Medium,Private,Positive,3.0,No,High School,Near,Male,69
17.0,97.0,Medium,High,Yes,9.0,88.0,Medium,No,0.0,Medium,Medium,Public,Positive,2.0,No,High School,Near,Male,70
22.0,70.0,Low,Medium,No,7.0,53.0,Low,Yes,1.0,Low,Medium,Public,Positive,3.0,No,High School,Near,Female,83
17.0,83.0,High,Medium,No,7.0,70.0,Low,Yes,3.0,Low,Medium,Private,Neutral,5.0,No,Postgraduate,Near,Female,68
22.0,71.0,Low,High,Yes,9.0,56.0,High,Yes,1.0,Low,High,Public,Neutral,3.0,Yes,College,Near,Female,84
32.0,93.0,Medium,Medium,Yes,8.0,93.0,High,Yes,1.0,Medium,High,Public,Negative,3.0,No,Postgraduate,Far,Female,75
25.0,60.0,Low,High,No,8.0,98.0,Medium,Yes,1.0,Medium,Medium,Public,Neutral,5.0,No,Postgraduate,Near,Female,67
18.0,83.0,Medium,High,Yes,5.0,66.0,Medium,Yes,0.0,High,Medium,Private,Positive,4.0,No,Postgraduate,Near,Male,69
27.0,74.0,High,Medium,No,8.0,99.0,High,No,3.0,Medium,Medium,Public,Positive,4.0,No,High School,Near,Male,71
18.0,73.0,Medium,Low,Yes,5.0,88.0,Medium,Yes,1.0,Medium,Medium,Public,Positive,5.0,No,College,Near,Female,66
8.0,86.0,Medium,High,No,6.0,50.0,High,Yes,1.0,Medium,Medium,Public,Positive,2.0,No,College,Near,Male,65
14.0,94.0,High,Medium,No,7.0,74.0,Medium,Yes,1.0,High,Medium,Private,Positive,5.0,No,College,Near,Male,70
9.0,84.0,High,Low,No,7.0,92.0,High,Yes,1.0,Low,High,Public,Negative,4.0,No,Postgraduate,Near,Male,66
18.0,94.0,High,Medium,Yes,8.0,77.0,Medium,Yes,3.0,Medium,High,Public,Positive,4.0,No,Postgraduate,Near,Male,74
20.0,71.0,High,Medium,No,8.0,77.0,Medium,Yes,0.0,High,,Private,Neutral,4.0,No,High School,Moderate,Male,66
30.0,81.0,Medium,High,No,8.0,72.0,Low,Yes,0.0,Low,Medium,Public,Neutral,2.0,No,High School,Moderate,Male,68
22.0,78.0,Medium,High,Yes,5.0,70.0,Medium,Yes,2.0,Low,Medium,Public,Positive,1.0,No,College,Near,Male,68
19.0,60.0,Medium,High,No,10.0,51.0,Medium,Yes,0.0,Medium,Medium,Public,Positive,3.0,Yes,College,Near,Female,62
25.0,82.0,Medium,High,Yes,7.0,81.0,Medium,Yes,2.0,Medium,Medium,Private,Neutral,2.0,No,Postgraduate,Moderate,Male,71
7.0,86.0,Medium,Low,No,9.0,88.0,Medium,Yes,2.0,Low,Medium,Public,Negative,2.0,No,College,Near,Female,63
21.0,84.0,High,High,No,4.0,90.0,Medium,Yes,2.0,Medium,Low,Public,Neutral,3.0,No,High School,Far,Male,69
25.0,89.0,Medium,Medium,Yes,7.0,81.0,High,Yes,3.0,Medium,Medium,Public,Negative,0.0,No,College,Near,Male,71
11.0,83.0,High,Low,Yes,5.0,67.0,Medium,Yes,1.0,Medium,Medium,Public,Positive,2.0,No,Postgraduate,Near,Male,66
27.0,63.0,Medium,High,No,6.0,51.0,Low,Yes,0.0,Low,Medium,Public,Positive,2.0,No,Postgraduate,Moderate,Male,64
22.0,65.0,Medium,Medium,Yes,7.0,95.0,Low,Yes,3.0,Low,Medium,Public,Positive,2.0,No,High School,Moderate,Female,65
18.0,84.0,Medium,High,No,6.0,71.0,Medium,Yes,4.0,Medium,Low,Public,Positive,2.0,No,High School,Near,Female,69
24.0,71.0,Medium,Low,No,9.0,80.0,Medium,Yes,2.0,Medium,High,Private,Positive,3.0,No,High School,Near,Female,66
34.0,63.0,Medium,High,Yes,10.0,60.0,Low,Yes,1.0,Medium,Medium,Public,Negative,4.0,No,High School,Near,Female,67
21.0,77.0,Medium,Low,Yes,6.0,57.0,Medium,Yes,4.0,Low,Medium,Public,Negative,5.0,No,High School,Far,Male,65
21.0,82.0,Low,Low,Yes,6.0,54.0,High,Yes,3.0,Low,Medium,Public,Negative,2.0,No,College,Moderate,Male,65
17.0,73.0,High,Medium,No,5.0,90.0,High,Yes,1.0,Low,Medium,Private,Positive,4.0,No,High School,Near,Male,67
15.0,89.0,Low,Medium,Yes,9.0,82.0,Low,Yes,1.0,Medium,Medium,Public,Neutral,3.0,No,College,Near,Male,66
25.0,86.0,Medium,Medium,Yes,7.0,81.0,Low,Yes,1.0,High,Low,Public,Positive,1.0,No,High School,Near,Male,69
15.0,73.0,Medium,High,No,7.0,96.0,Low,Yes,1.0,Low,Medium,Public,Negative,2.0,No,College,,Male,64
20.0,90.0,Medium,Medium,Yes,7.0,58.0,High,Yes,1.0,High,High,Private,Neutral,4.0,No,High School,Near,Male,70
17.0,86.0,High,Medium,Yes,7.0,59.0,Low,Yes,3.0,Low,Medium,Public,Positive,3.0,No,Postgraduate,Moderate,Male,68
23.0,85.0,High,Low,Yes,6.0,59.0,Low,Yes,1.0,Medium,Medium,Public,Negative,1.0,No,,Near,Male,68
22.0,82.0,High,Medium,Yes,7.0,71.0,Low,Yes,1.0,High,,Private,Positive,3.0,No,High School,Near,Female,69
26.0,60.0,Medium,Medium,Yes,7.0,94.0,High,Yes,3.0,High,Medium,Public,Positive,2.0,No,High School,Moderate,Female,68
17.0,88.0,Medium,Medium,Yes,8.0,94.0,Medium,Yes,5.0,Medium,Medium,Public,Neutral,2.0,Yes,College,Near,Female,70
18.0,75.0,High,Medium,Yes,5.0,80.0,Medium,Yes,2.0,Low,High,Public,Neutral,3.0,No,High School,Near,Female,67
14.0,98.0,High,High,Yes,7.0,83.0,Medium,No,3.0,Low,Medium,Public,Positive,3.0,No,College,Near,Male,72
17.0,93.0,High,Low,No,6.0,95.0,Medium,Yes,1.0,Low,Medium,Public,Neutral,4.0,No,High School,Near,Male,69
22.0,84.0,High,Medium,No,7.0,81.0,Medium,Yes,1.0,Medium,Low,Private,Positive,3.0,No,High School,Moderate,Male,69
25.0,70.0,Low,Medium,Yes,8.0,61.0,Low,No,3.0,Low,Medium,Public,Positive,4.0,No,College,Moderate,Female,64
14.0,68.0,Low,Medium,Yes,6.0,85.0,Medium,Yes,2.0,Medium,Medium,Public,Neutral,3.0,No,High School,Near,Female,63
25.0,74.0,High,High,Yes,9.0,88.0,Medium,Yes,3.0,Medium,High,Public,Neutral,3.0,Yes,High School,Near,Male,70
28.0,79.0,High,Medium,Yes,4.0,82.0,Medium,Yes,0.0,Medium,Medium,Private,Positive,3.0,No,High School,Near,Male,70
22.0,72.0,High,Medium,Yes,9.0,64.0,Low,Yes,1.0,Medium,Medium,Public,Negative,2.0,No,College,Near,Female,66
31.0,81.0,Medium,Medium,No,9.0,70.0,Low,Yes,1.0,Low,Medium,Public,Neutral,4.0,No,Postgraduate,Near,Female,70
15.0,67.0,Medium,High,Yes,6.0,74.0,High,Yes,0.0,High,Medium,Public,Positive,2.0,No,Postgraduate,Near,Female,66
13.0,99.0,Medium,Medium,Yes,6.0,57.0,Medium,Yes,1.0,Low,Medium,Public,Negative,5.0,No,College,Near,Male,68
9.0,64.0,Medium,Medium,No,5.0,73.0,Medium,Yes,1.0,Medium,Medium,Public,Positive,4.0,No,College,Near,Male,61
29.0,97.0,Medium,Medium,No,8.0,58.0,Medium,Yes,1.0,High,Medium,Private,Negative,4.0,No,College,Moderate,Female,72
24.0,97.0,High,Low,No,7.0,75.0,Low,Yes,1.0,Medium,Medium,Public,Negative,2.0,No,High School,Moderate,Female,69
20.0,81.0,Medium,Low,Yes,6.0,53.0,Low,Yes,0.0,Medium,Low,Public,Neutral,4.0,No,,Far,Female,63
22.0,89.0,Medium,High,Yes,5.0,97.0,Medium,Yes,2.0,Medium,Medium,Private,Neutral,5.0,No,High School,Near,Male,72
13.0,77.0,Medium,Medium,Yes,10.0,62.0,Medium,Yes,1.0,High,Medium,Private,Neutral,4.0,No,College,Moderate,Male,65
35.0,85.0,Medium,High,Yes,6.0,73.0,High,Yes,1.0,High,Medium,Public,Negative,5.0,No,High School,Moderate,Female,74
21.0,74.0,Medium,Low,Yes,7.0,52.0,Low,Yes,1.0,High,Medium,Public,Negative,4.0,No,High School,Far,Male,62
21.0,72.0,High,Medium,No,7.0,60.0,Low,Yes,0.0,Low,Medium,Private,Neutral,4.0,No,Postgraduate,Near,Male,65
24.0,83.0,Low,High,No,6.0,85.0,Low,Yes,1.0,Low,High,Public,Neutral,4.0,No,High School,Moderate,Female,68
23.0,80.0,Medium,Low,Yes,6.0,56.0,Medium,Yes,3.0,Medium,Medium,Public,Positive,2.0,Yes,,Near,Male,66
21.0,83.0,High,Medium,Yes,6.0,81.0,Low,Yes,3.0,High,Medium,Public,Negative,4.0,No,Postgraduate,Moderate,Male,71
15.0,71.0,Medium,High,No,8.0,50.0,Low,Yes,1.0,Medium,Medium,Public,Neutral,2.0,Yes,Postgraduate,Near,Female,62
23.0,75.0,Low,High,Yes,6.0,73.0,Low,Yes,1.0,Low,Medium,Public,Positive,2.0,No,High School,Moderate,Female,65
31.0,63.0,Medium,High,No,9.0,86.0,Low,Yes,0.0,High,Medium,Public,Neutral,3.0,No,Postgraduate,Moderate,Male,68
28.0,62.0,Medium,High,No,6.0,96.0,Medium,Yes,4.0,Medium,High,Public,Positive,3.0,No,High School,Near,Male,70
30.0,70.0,Low,Medium,No,8.0,75.0,Medium,Yes,1.0,Medium,,Private,Positive,2.0,No,High School,Near,Female,67
17.0,63.0,Medium,Medium,No,4.0,92.0,Medium,Yes,2.0,Low,Medium,Public,Negative,4.0,No,High School,Near,Female,63
14.0,64.0,High,High,Yes,6.0,90.0,Low,Yes,0.0,Low,High,Private,Negative,2.0,No,High School,Near,Female,63
19.0,93.0,Medium,High,No,6.0,65.0,Medium,Yes,0.0,Medium,High,Public,Neutral,3.0,No,High School,Near,Male,69
20.0,62.0,Low,Medium,Yes,5.0,94.0,High,Yes,3.0,Medium,Medium,Public,Neutral,3.0,No,Postgraduate,Near,Male,66
27.0,86.0,Medium,Medium,Yes,7.0,82.0,Low,Yes,2.0,Low,Medium,Public,Positive,3.0,No,High School,Moderate,Female,70
10.0,71.0,Medium,Medium,Yes,7.0,55.0,High,Yes,2.0,Low,High,Public,Positive,3.0,No,College,Near,Female,63
29.0,95.0,Low,Medium,Yes,4.0,97.0,Medium,Yes,0.0,Medium,Medium,Private,Positive,4.0,Yes,College,Moderate,Female,72
19.0,79.0,High,Medium,Yes,10.0,59.0,Low,Yes,1.0,Medium,Medium,Public,Neutral,3.0,Yes,College,Moderate,Male,65
17.0,72.0,Medium,High,Yes,7.0,74.0,Low,Yes,2.0,High,Medium,Public,Positive,4.0,No,Postgraduate,Far,Male,67
14.0,81.0,Medium,Medium,Yes,7.0,73.0,Low,No,1.0,High,Medium,Private,Positive,3.0,Yes,High School,Moderate,Male,63
10.0,75.0,High,Medium,No,9.0,81.0,Medium,Yes,3.0,Low,High,Public,Negative,5.0,No,High School,Near,Female,65
25.0,83.0,Medium,Medium,Yes,8.0,83.0,Medium,Yes,2.0,Low,Medium,Public,Neutral,1.0,Yes,High School,Moderate,Female,67
20.0,65.0,Medium,Low,Yes,7.0,62.0,High,Yes,0.0,Medium,Medium,Public,Neutral,0.0,Yes,Postgraduate,Near,Male,80
12.0,100.0,Medium,Medium,Yes,4.0,68.0,Medium,Yes,2.0,Low,Medium,Public,Neutral,3.0,No,College,Far,Male,68
12.0,77.0,Medium,Medium,Yes,8.0,57.0,Medium,Yes,2.0,Low,High,Public,Negative,2.0,No,College,Moderate,Male,63
18.0,74.0,Medium,Medium,No,6.0,56.0,Medium,Yes,1.0,Medium,Medium,Private,Positive,3.0,No,College,Moderate,Male,64
30.0,88.0,Medium,Medium,No,9.0,91.0,Medium,Yes,3.0,Medium,Low,Public,Positive,3.0,No,High School,Near,Female,73
18.0,75.0,Medium,Medium,Yes,6.0,88.0,Low,Yes,2.0,Medium,High,Public,Negative,1.0,Yes,Postgraduate,Near,Female,66
11.0,93.0,Medium,Medium,Yes,6.0,72.0,Low,Yes,2.0,Low,Medium,Public,Negative,3.0,No,College,Moderate,Male,66
19.0,78.0,High,High,No,5.0,55.0,Medium,Yes,0.0,Medium,Medium,Public,Neutral,4.0,No,High School,Moderate,Male,66
18.0,89.0,Medium,High,Yes,5.0,72.0,Low,Yes,4.0,Medium,Low,Public,Neutral,2.0,No,High School,Near,Female,69
4.0,64.0,Medium,High,Yes,7.0,65.0,Medium,Yes,1.0,Medium,High,Public,Negative,4.0,No,High School,Far,Male,59
20.0,94.0,Medium,Medium,No,7.0,89.0,Medium,Yes,0.0,Low,Medium,Private,Neutral,1.0,No,High School,Near,Male,68
19.0,89.0,Medium,Medium,No,6.0,55.0,Medium,Yes,1.0,Low,Medium,Private,Neutral,3.0,No,Postgraduate,Moderate,Female,67
24.0,68.0,Medium,Medium,Yes,10.0,73.0,Low,Yes,1.0,Medium,Medium,Public,Neutral,4.0,Yes,High School,Moderate,Female,64
31.0,66.0,Low,High,Yes,8.0,80.0,Low,Yes,0.0,Low,Low,Private,Negative,4.0,No,High School,Near,Female,65
27.0,73.0,Medium,Medium,No,7.0,99.0,Low,Yes,1.0,Low,Medium,Public,Positive,4.0,No,College,Near,Male,68
18.0,99.0,Medium,High,Yes,4.0,54.0,Low,Yes,0.0,Medium,Medium,Public,Positive,3.0,No,Postgraduate,Moderate,Male,70
13.0,70.0,Medium,Medium,No,8.0,56.0,Medium,Yes,2.0,Medium,High,Public,Neutral,0.0,No,High School,Near,Male,62
35.0,78.0,High,Low,Yes,10.0,99.0,Medium,Yes,1.0,Low,Medium,Private,Positive,2.0,No,High School,Near,Male,72
20.0,61.0,Medium,Low,Yes,7.0,70.0,Low,Yes,1.0,Medium,Medium,Private,Positive,4.0,No,High School,Moderate,Female,62
20.0,76.0,High,High,Yes,6.0,87.0,Low,Yes,1.0,Low,Medium,Public,Negative,4.0,No,Postgraduate,Moderate,Male,68
20.0,83.0,High,Medium,No,7.0,89.0,Medium,Yes,3.0,Low,High,Private,Negative,4.0,No,High School,Near,Female,69
21.0,98.0,High,Medium,No,5.0,66.0,Low,Yes,3.0,High,High,Public,Positive,5.0,No,High School,Near,Male,73
19.0,81.0,High,High,No,8.0,61.0,Low,Yes,3.0,Medium,Medium,Private,Negative,5.0,No,Postgraduate,Near,Male,69
17.0,93.0,Medium,Medium,Yes,9.0,64.0,Medium,Yes,1.0,Medium,Medium,Public,Neutral,3.0,No,High School,Moderate,Female,67
17.0,82.0,Medium,Low,No,6.0,88.0,Low,Yes,2.0,Low,Low,Private,Neutral,3.0,No,Postgraduate,Near,Male,65
20.0,62.0,Low,Low,No,6.0,92.0,High,Yes,2.0,Medium,Medium,Public,Positive,3.0,No,Postgraduate,Moderate,Male,63
17.0,73.0,High,Medium,Yes,7.0,85.0,Medium,Yes,2.0,Low,Medium,Public,Positive,2.0,No,High School,Moderate,Male,66
16.0,83.0,Medium,Medium,No,6.0,72.0,Medium,Yes,1.0,Low,High,Public,Positive,2.0,No,College,Near,Male,66
21.0,98.0,Medium,High,No,5.0,63.0,Low,Yes,0.0,Low,High,Public,Neutral,2.0,No,Postgraduate,Near,Male,70
18.0,94.0,Medium,Medium,No,6.0,71.0,Low,Yes,2.0,High,Medium,Public,Neutral,3.0,No,Postgraduate,Far,Male,69
29.0,69.0,Medium,High,No,6.0,96.0,Low,Yes,1.0,High,Medium,Public,Positive,4.0,No,High School,Near,Female,70
4.0,69.0,Medium,Low,No,9.0,93.0,Low,No,2.0,Medium,High,Private,Negative,3.0,No,High School,Moderate,Female,58
27.0,68.0,Medium,Medium,No,9.0,66.0,Medium,Yes,3.0,High,Medium,Private,Positive,3.0,No,High School,Far,Male,67
27.0,97.0,High,High,Yes,9.0,66.0,Low,Yes,1.0,Low,,Public,Positive,3.0,No,High School,Far,Male,73
8.0,94.0,High,Low,No,8.0,89.0,High,Yes,0.0,Medium,Medium,Public,Neutral,2.0,No,High School,Near,Female,66
18.0,91.0,High,High,Yes,7.0,71.0,High,Yes,0.0,Medium,Medium,Public,Neutral,3.0,No,High School,Near,Male,70
18.0,76.0,High,High,No,6.0,79.0,Medium,Yes,1.0,Medium,Medium,Private,Positive,2.0,No,Postgraduate,Far,Female,67
12.0,80.0,Low,Low,No,9.0,71.0,High,Yes,1.0,Low,Low,Private,Positive,3.0,Yes,High School,Moderate,Female,60
15.0,79.0,High,Medium,No,8.0,62.0,Low,Yes,1.0,Low,Low,Public,Positive,3.0,No,College,Near,Male,65
13.0,70.0,Medium,Medium,No,5.0,59.0,Medium,Yes,0.0,Medium,High,Private,Positive,2.0,No,Postgraduate,Near,Female,63
31.0,80.0,High,High,Yes,6.0,57.0,Low,Yes,1.0,Medium,High,Private,Positive,3.0,No,High School,Near,Female,72
26.0,61.0,Low,Medium,Yes,5.0,51.0,High,Yes,0.0,Low,Medium,Private,Neutral,5.0,No,High School,Moderate,Female,62
28.0,65.0,Medium,Medium,Yes,4.0,64.0,Medium,Yes,6.0,Medium,High,Public,Neutral,3.0,No,Postgraduate,Near,Male,70
24.0,95.0,High,Low,Yes,8.0,59.0,Medium,Yes,2.0,Low,High,Public,Negative,1.0,No,College,Moderate,Male,70
13.0,90.0,Medium,Medium,No,5.0,63.0,Medium,Yes,0.0,Low,Medium,Public,Neutral,4.0,No,High School,Moderate,Female,64
17.0,77.0,Medium,Medium,Yes,6.0,54.0,Low,Yes,3.0,Low,Medium,Public,Neutral,4.0,No,High School,Moderate,Male,64
23.0,81.0,Medium,Low,Yes,7.0,67.0,Medium,Yes,0.0,Medium,High,Private,Positive,5.0,No,,Moderate,Female,67
13.0,75.0,Medium,High,Yes,7.0,76.0,High,Yes,1.0,Medium,High,Public,Negative,1.0,No,,Moderate,Male,64
24.0,90.0,Medium,Medium,Yes,6.0,97.0,Low,Yes,1.0,High,High,Public,Positive,4.0,No,High School,Near,Male,72
19.0,91.0,Medium,Low,No,9.0,67.0,Medium,Yes,0.0,Medium,Medium,Private,Negative,3.0,No,College,Near,Female,66
18.0,91.0,Medium,Medium,No,5.0,52.0,Medium,Yes,2.0,Medium,Medium,Public,Negative,4.0,No,High School,Moderate,Female,66
24.0,89.0,Medium,High,Yes,5.0,68.0,Medium,Yes,0.0,Low,High,Public,Positive,2.0,No,Postgraduate,Near,Female,71
23.0,68.0,Low,Low,No,8.0,91.0,Medium,Yes,5.0,Low,Medium,Public,Negative,5.0,No,Postgraduate,Near,Female,66
18.0,74.0,Medium,Low,Yes,6.0,67.0,High,Yes,2.0,Low,High,Public,Neutral,2.0,No,High School,Near,Male,64
27.0,79.0,Medium,Low,No,6.0,65.0,Low,Yes,0.0,Medium,Medium,Private,Negative,2.0,No,College,Near,Male,66
14.0,73.0,Medium,Low,Yes,5.0,96.0,Low,Yes,1.0,Low,Medium,Public,Negative,3.0,No,High School,Moderate,Female,62
24.0,90.0,Medium,Medium,No,8.0,65.0,Medium,Yes,4.0,Low,Medium,Public,Neutral,4.0,No,High School,Moderate,Male,70
24.0,73.0,Medium,Medium,Yes,7.0,99.0,Medium,Yes,3.0,Medium,High,Private,Neutral,3.0,No,High School,Near,Female,69
18.0,66.0,High,Medium,No,7.0,92.0,Medium,Yes,2.0,Low,Medium,Private,Neutral,4.0,No,High School,Moderate,Male,65
22.0,76.0,High,Medium,Yes,6.0,84.0,High,Yes,2.0,Medium,High,Public,Neutral,3.0,No,High School,Near,Male,70
12.0,99.0,High,High,Yes,6.0,80.0,Medium,No,0.0,High,Medium,Public,Positive,3.0,No,High School,Moderate,Male,70
26.0,69.0,Medium,Medium,Yes,7.0,61.0,Medium,Yes,1.0,High,High,Public,Positive,2.0,No,College,Near,Male,67
19.0,84.0,Medium,High,Yes,8.0,87.0,Low,Yes,2.0,Low,High,Public,Positive,3.0,No,High School,Moderate,Female,69
17.0,77.0,Low,Medium,No,9.0,67.0,Low,Yes,0.0,Low,High,Public,Neutral,5.0,Yes,High School,Near,Female,62
26.0,63.0,Medium,High,Yes,9.0,74.0,Medium,Yes,1.0,Low,Medium,Private,Positive,4.0,No,High School,Near,Female,67
16.0,80.0,High,Medium,No,8.0,55.0,High,No,0.0,Low,Medium,Public,Positive,6.0,No,College,Moderate,Male,65
12.0,88.0,Medium,Medium,No,8.0,65.0,Medium,Yes,0.0,Low,Medium,Public,Positive,4.0,No,High School,Near,Male,65
11.0,81.0,Medium,High,Yes,5.0,76.0,Medium,Yes,1.0,Low,,Public,Neutral,3.0,No,Postgraduate,Far,Male,65
24.0,95.0,Medium,Low,Yes,6.0,73.0,Medium,No,3.0,Low,Medium,Public,Positive,2.0,No,High School,Moderate,Male,69
12.0,72.0,Medium,Medium,No,8.0,67.0,Low,Yes,4.0,Medium,Medium,Public,Neutral,4.0,No,High School,Near,Male,63
31.0,63.0,Low,High,Yes,7.0,74.0,Low,Yes,3.0,Medium,Medium,Public,Negative,2.0,No,College,Moderate,Male,66
8.0,97.0,Medium,High,Yes,8.0,87.0,Medium,Yes,0.0,Medium,Medium,Public,Positive,2.0,Yes,High School,Near,Male,67
30.0,75.0,Medium,Medium,No,8.0,73.0,High,Yes,1.0,Medium,Medium,Public,Negative,3.0,No,College,Near,Male,69
21.0,83.0,Medium,Medium,Yes,8.0,75.0,High,Yes,1.0,Low,High,Public,Neutral,2.0,No,High School,Far,Male,67
19.0,92.0,Medium,Medium,Yes,5.0,85.0,Medium,Yes,1.0,Medium,High,Private,Neutral,4.0,No,High School,Near,Male,70
17.0,73.0,High,High,Yes,7.0,92.0,Medium,Yes,2.0,High,Medium,Private,Negative,2.0,No,High School,Moderate,Male,67
22.0,89.0,High,Medium,No,6.0,76.0,Medium,Yes,2.0,Low,Medium,Public,Neutral,4.0,No,High School,Near,Male,70
20.0,65.0,High,High,Yes,6.0,97.0,Medium,Yes,0.0,Low,Low,Private,Negative,3.0,No,High School,Moderate,Female,65
27.0,72.0,Medium,Low,No,4.0,68.0,Medium,No,0.0,Medium,High,Public,Negative,3.0,Yes,College,Near,Male,63
21.0,66.0,Medium,Medium,Yes,7.0,63.0,Medium,Yes,0.0,High,Medium,Public,Neutral,3.0,No,High School,Near,Female,64
21.0,92.0,High,Medium,Yes,4.0,85.0,Low,Yes,1.0,High,Medium,Public,Negative,3.0,No,High School,Far,Male,69
18.0,69.0,Low,Medium,No,8.0,59.0,Low,No,1.0,Low,Medium,Public,Positive,4.0,No,High School,Near,Female,60
20.0,89.0,Low,Medium,Yes,9.0,95.0,Medium,Yes,3.0,Low,Medium,Public,Positive,3.0,No,High School,Moderate,Male,69
22.0,98.0,Medium,Low,Yes,8.0,69.0,Medium,Yes,4.0,High,Medium,Private,Positive,2.0,No,High School,Near,Female,72
10.0,81.0,Medium,Low,Yes,7.0,85.0,Low,Yes,1.0,Low,Medium,Public,Neutral,2.0,No,College,Near,Male,63
12.0,82.0,Low,Medium,No,9.0,79.0,High,Yes,0.0,Low,Medium,Private,Positive,2.0,No,College,Moderate,Female,63
24.0,78.0,High,Low,Yes,7.0,53.0,High,Yes,0.0,Medium,Medium,Public,Neutral,4.0,Yes,,Near,Male,66
21.0,73.0,Medium,Medium,No,6.0,85.0,Medium,Yes,6.0,Medium,High,Public,Neutral,5.0,No,College,Near,Male,70
19.0,79.0,Medium,High,Yes,7.0,90.0,Medium,Yes,1.0,High,Medium,Public,Negative,4.0,No,College,Far,Female,68
20.0,84.0,Medium,Medium,Yes,10.0,99.0,Low,Yes,2.0,Medium,Medium,Private,Positive,3.0,No,High School,Moderate,Male,69
22.0,99.0,Medium,Medium,Yes,5.0,71.0,High,Yes,0.0,Medium,High,Public,Neutral,4.0,No,College,Near,Female,72
17.0,98.0,Low,High,No,5.0,75.0,Low,Yes,1.0,Low,Low,Private,Positive,3.0,Yes,College,Near,Male,67
15.0,94.0,Low,Medium,No,8.0,94.0,Low,Yes,1.0,High,Medium,Public,Positive,4.0,No,High School,Moderate,Male,68
21.0,96.0,Medium,High,No,7.0,63.0,Medium,Yes,1.0,Medium,Medium,Private,Negative,2.0,No,Postgraduate,Far,Female,70
14.0,79.0,High,Medium,Yes,6.0,59.0,Medium,Yes,5.0,Medium,High,Public,Positive,3.0,No,Postgraduate,Far,Male,68
22.0,86.0,Medium,Medium,Yes,5.0,57.0,High,Yes,2.0,Medium,Medium,Public,Positive,3.0,No,College,Moderate,Male,69
10.0,96.0,Medium,Medium,No,4.0,99.0,Medium,Yes,1.0,Medium,Medium,Private,Negative,5.0,No,College,Near,Female,68
26.0,76.0,Medium,Medium,No,5.0,64.0,Low,Yes,0.0,Medium,Medium,Public,Positive,5.0,No,College,Far,Female,66
23.0,98.0,Medium,Medium,No,9.0,88.0,High,Yes,1.0,Low,Medium,Public,Negative,4.0,No,Postgraduate,Moderate,Female,72
22.0,77.0,Medium,Medium,Yes,7.0,72.0,Medium,Yes,2.0,Medium,High,Public,Neutral,3.0,No,High School,Near,Male,67
26.0,84.0,Low,High,No,4.0,62.0,Medium,No,3.0,High,High,Public,Positive,2.0,No,High School,Near,Male,70
30.0,88.0,High,Medium,Yes,9.0,96.0,Medium,Yes,1.0,Medium,High,Private,Neutral,3.0,Yes,High School,Near,Male,73
26.0,98.0,Medium,Low,Yes,9.0,73.0,High,Yes,1.0,High,Low,Public,Neutral,6.0,No,Postgraduate,Moderate,Male,73
9.0,70.0,Medium,Medium,No,9.0,78.0,Low,Yes,1.0,Medium,Low,Public,Neutral,2.0,No,High School,Near,Female,60
12.0,90.0,Medium,High,No,6.0,61.0,Low,Yes,2.0,Medium,High,Public,Neutral,3.0,No,College,Near,Male,67
16.0,81.0,High,Medium,Yes,7.0,66.0,Medium,Yes,3.0,High,High,Private,Positive,4.0,No,High School,Near,Male,69
20.0,71.0,Medium,Low,No,7.0,87.0,High,Yes,1.0,Medium,Medium,Public,Negative,5.0,No,High School,Near,Male,65
23.0,91.0,Low,High,Yes,9.0,67.0,Low,Yes,2.0,Low,Medium,Public,Neutral,4.0,No,,Near,Female,70
16.0,82.0,High,High,Yes,6.0,75.0,Low,Yes,3.0,Medium,,Public,Neutral,3.0,No,College,Moderate,Female,68
21.0,86.0,Medium,Low,No,6.0,56.0,Medium,Yes,1.0,Low,High,Private,Negative,2.0,No,College,Near,Female,66
15.0,73.0,Low,High,Yes,8.0,93.0,Medium,Yes,1.0,Low,High,Public,Positive,4.0,No,College,Far,Male,65
16.0,79.0,Low,Medium,Yes,9.0,87.0,Medium,Yes,1.0,Low,Medium,Public,Neutral,2.0,No,College,Moderate,Female,64
12.0,85.0,High,High,Yes,7.0,88.0,High,Yes,1.0,Low,Medium,Public,Neutral,0.0,No,College,Far,Female,67
14.0,76.0,High,Medium,Yes,8.0,59.0,Low,Yes,3.0,Medium,Medium,Private,Neutral,5.0,No,High School,Moderate,Male,65
12.0,68.0,High,High,Yes,7.0,75.0,Medium,Yes,1.0,Medium,Low,Private,Positive,4.0,No,High School,Near,Male,64
14.0,98.0,High,High,No,7.0,51.0,Medium,Yes,0.0,Medium,Low,Public,Positive,1.0,Yes,High School,Near,Male,67
26.0,80.0,Medium,Low,Yes,6.0,66.0,Medium,Yes,2.0,High,Medium,Public,Neutral,4.0,No,Postgraduate,Near,Male,70
14.0,89.0,Medium,Low,Yes,5.0,67.0,Low,No,3.0,Low,Low,Private,Neutral,3.0,No,High School,Far,Female,63
36.0,76.0,Medium,Medium,No,6.0,96.0,Medium,Yes,1.0,Low,Medium,Private,Neutral,2.0,No,College,Near,Male,71
23.0,74.0,High,Low,No,6.0,100.0,Low,Yes,2.0,High,Low,Private,Positive,3.0,No,High School,Near,Male,68
21.0,76.0,Medium,Medium,No,7.0,81.0,Medium,Yes,0.0,Medium,High,Private,Positive,2.0,No,College,Moderate,Female,67
15.0,76.0,High,High,Yes,9.0,76.0,Medium,Yes,1.0,Medium,High,Public,Neutral,2.0,No,Postgraduate,Far,Female,67
24.0,82.0,Low,Medium,Yes,7.0,72.0,Medium,Yes,0.0,Medium,High,Public,Positive,2.0,No,Postgraduate,Moderate,Female,68
17.0,82.0,High,Medium,No,6.0,51.0,Medium,Yes,1.0,Low,Medium,Public,Positive,3.0,No,Postgraduate,Moderate,Male,66
21.0,80.0,Medium,Medium,Yes,8.0,90.0,Medium,Yes,0.0,Medium,Medium,Public,Negative,4.0,No,College,Near,Male,68
35.0,65.0,High,Medium,Yes,7.0,84.0,High,Yes,0.0,Medium,Medium,Public,Positive,2.0,No,High School,Moderate,Male,70
19.0,80.0,Low,Low,No,8.0,82.0,Medium,Yes,5.0,Low,Low,Public,Positive,3.0,No,College,Near,Male,67
27.0,67.0,Low,Medium,Yes,6.0,90.0,Medium,Yes,2.0,High,High,Private,Neutral,3.0,No,High School,Moderate,Male,67
16.0,65.0,Low,High,No,9.0,96.0,Low,Yes,2.0,Low,Medium,Public,Negative,2.0,No,High School,Near,Male,62
20.0,97.0,Medium,High,No,9.0,69.0,Low,Yes,0.0,Low,Low,Public,Negative,3.0,Yes,High School,Near,Male,67
31.0,84.0,Medium,High,No,7.0,71.0,Low,Yes,4.0,Low,Medium,Public,Negative,4.0,No,High School,Far,Male,70
16.0,86.0,High,High,No,8.0,99.0,Medium,Yes,4.0,Low,High,Private,Neutral,4.0,No,College,Near,Male,72
31.0,76.0,Medium,Medium,Yes,9.0,83.0,Medium,Yes,2.0,High,Medium,Private,Negative,3.0,No,High School,Moderate,Female,70
24.0,96.0,Low,High,No,6.0,93.0,Medium,Yes,2.0,Low,Medium,Public,Neutral,2.0,No,High School,Moderate,Female,94
17.0,86.0,Medium,Medium,No,7.0,61.0,Medium,No,2.0,High,Medium,Public,Positive,3.0,No,High School,Moderate,Male,66
24.0,91.0,Low,Low,Yes,7.0,66.0,High,Yes,2.0,Low,High,Public,Neutral,3.0,No,High School,Near,Male,69
26.0,75.0,High,Medium,No,5.0,70.0,Low,Yes,0.0,High,Low,Private,Neutral,2.0,No,Postgraduate,Near,Male,68
24.0,98.0,High,Low,No,8.0,66.0,High,Yes,2.0,Low,Medium,Public,Positive,1.0,No,High School,Moderate,Male,71
11.0,93.0,High,Medium,No,9.0,94.0,Medium,Yes,4.0,Low,High,Public,Neutral,4.0,No,High School,Moderate,Male,69
16.0,94.0,Medium,Medium,No,7.0,76.0,Low,Yes,2.0,Medium,Medium,Public,Neutral,3.0,Yes,High School,Near,Female,67
19.0,67.0,Low,Medium,Yes,8.0,98.0,Medium,Yes,2.0,Low,Medium,Private,Negative,2.0,No,Postgraduate,Near,Female,64
20.0,71.0,Medium,Medium,Yes,9.0,66.0,Medium,Yes,1.0,Medium,Low,Private,Negative,5.0,Yes,College,Near,Female,63
24.0,71.0,Medium,High,Yes,6.0,52.0,Medium,Yes,2.0,Medium,Medium,Private,Neutral,3.0,No,College,Far,Female,66
21.0,71.0,High,Medium,Yes,8.0,57.0,Low,No,2.0,High,Medium,Public,Positive,1.0,No,Postgraduate,Near,Female,66
12.0,94.0,Low,High,Yes,6.0,61.0,Medium,Yes,3.0,High,High,Public,Neutral,4.0,No,College,Near,Male,69
22.0,61.0,Low,Low,Yes,6.0,82.0,Low,Yes,4.0,Medium,Medium,Public,Positive,4.0,No,High School,Moderate,Female,64
24.0,63.0,High,Medium,No,8.0,59.0,Low,Yes,1.0,Low,Medium,Public,Neutral,3.0,Yes,High School,Near,Male,62
23.0,71.0,Medium,Medium,Yes,7.0,69.0,High,Yes,3.0,Low,Medium,Public,Positive,5.0,Yes,,Far,Female,66
26.0,68.0,Medium,High,Yes,8.0,90.0,Medium,Yes,4.0,Low,High,Private,Neutral,3.0,No,High School,Near,Male,70
25.0,69.0,High,Medium,Yes,7.0,56.0,Medium,Yes,2.0,Low,Medium,Private,Neutral,4.0,No,High School,Near,Male,67
23.0,92.0,Low,Medium,No,8.0,54.0,Medium,Yes,0.0,High,Low,Public,Positive,1.0,No,Postgraduate,Near,Female,68
20.0,83.0,High,Low,No,9.0,77.0,High,Yes,0.0,Low,Medium,Public,Positive,3.0,Yes,,Near,Male,67
10.0,60.0,Medium,Medium,No,9.0,85.0,Medium,Yes,0.0,Medium,High,Public,Positive,4.0,No,Postgraduate,Near,Male,62
23.0,77.0,Low,Medium,Yes,8.0,96.0,Medium,Yes,1.0,High,Medium,Private,Neutral,1.0,Yes,College,Near,Male,67
21.0,76.0,Medium,High,Yes,8.0,83.0,Medium,Yes,0.0,Low,Medium,Public,Positive,5.0,No,High School,Near,Male,68
22.0,65.0,Low,Medium,No,7.0,97.0,Low,Yes,2.0,Medium,High,Private,Neutral,4.0,No,High School,Moderate,Female,64
12.0,87.0,Medium,Low,Yes,7.0,62.0,Medium,No,2.0,Medium,Medium,Public,Neutral,4.0,No,High School,Near,Female,64
14.0,88.0,Medium,Medium,No,8.0,67.0,Medium,Yes,2.0,High,Low,Public,Neutral,3.0,No,Postgraduate,Far,Male,66
26.0,89.0,Medium,Low,Yes,7.0,92.0,Medium,Yes,2.0,Low,High,Public,Positive,2.0,No,Postgraduate,Moderate,Male,72
20.0,89.0,Medium,High,Yes,8.0,91.0,Medium,Yes,2.0,Medium,Medium,Public,Positive,3.0,No,High School,Near,Female,72
24.0,60.0,Medium,High,Yes,9.0,83.0,High,Yes,2.0,Medium,Low,Public,Positive,3.0,Yes,High School,Near,Male,66
20.0,98.0,Low,Medium,No,7.0,75.0,High,Yes,4.0,Medium,Medium,Private,Positive,1.0,No,College,Near,Male,72
20.0,93.0,High,Medium,Yes,4.0,51.0,Low,Yes,1.0,Medium,Medium,Public,Positive,3.0,No,High School,Near,Male,69
26.0,96.0,High,High,Yes,10.0,64.0,Low,Yes,2.0,Medium,Medium,Private,Neutral,3.0,Yes,High School,Near,Female,72
17.0,61.0,Low,Low,Yes,6.0,58.0,Medium,Yes,1.0,Medium,High,Public,Neutral,4.0,No,High School,Near,Male,60
21.0,97.0,Medium,Medium,Yes,7.0,53.0,Medium,Yes,0.0,High,Medium,Public,Neutral,2.0,No,High School,Moderate,Male,69
17.0,92.0,Medium,High,No,8.0,89.0,Medium,Yes,0.0,Low,Low,Public,Positive,3.0,Yes,High School,Near,Male,68
17.0,93.0,Low,Medium,Yes,9.0,57.0,High,Yes,3.0,Low,High,Private,Neutral,2.0,No,College,Near,Male,69
18.0,64.0,Medium,Low,Yes,10.0,68.0,Low,Yes,1.0,Low,Medium,Public,Positive,5.0,No,High School,Near,Male,62
21.0,90.0,Medium,Medium,Yes,6.0,99.0,Low,Yes,2.0,Low,High,Public,Positive,2.0,No,,Moderate,Male,71
17.0,98.0,Medium,High,Yes,9.0,70.0,Low,Yes,1.0,High,Medium,Private,Negative,2.0,No,High School,Near,Male,70
28.0,87.0,Low,Low,Yes,7.0,57.0,Medium,Yes,2.0,Medium,High,Private,Negative,4.0,No,High School,Moderate,Male,68
15.0,83.0,High,Medium,Yes,10.0,84.0,Medium,Yes,1.0,High,High,Public,Negative,2.0,No,College,Near,Male,68
19.0,98.0,Medium,High,No,9.0,90.0,Low,No,1.0,High,Medium,Private,Positive,2.0,No,College,Far,Female,70
17.0,78.0,Medium,High,No,7.0,64.0,Medium,Yes,0.0,Low,Medium,Private,Neutral,3.0,No,High School,Near,Female,65
29.0,84.0,High,Medium,Yes,6.0,90.0,Medium,Yes,0.0,Medium,High,Public,Positive,3.0,No,Postgraduate,Far,Male,73
21.0,79.0,High,Medium,No,4.0,64.0,Low,Yes,0.0,Low,High,Public,Negative,4.0,No,College,Moderate,Male,66
26.0,97.0,Medium,Medium,No,8.0,85.0,Low,No,2.0,High,Low,Public,Neutral,3.0,No,High School,Near,Male,71
11.0,63.0,High,Medium,Yes,9.0,56.0,High,Yes,2.0,Medium,Medium,Public,Neutral,3.0,No,High School,Near,Female,62
22.0,80.0,Medium,Medium,Yes,8.0,71.0,High,Yes,2.0,Low,Medium,Private,Positive,3.0,No,High School,Near,Female,68
25.0,87.0,Medium,High,No,4.0,76.0,Low,Yes,1.0,Low,High,Public,Positive,4.0,No,College,Far,Male,70
20.0,92.0,Medium,Low,No,5.0,86.0,Low,Yes,0.0,Medium,Medium,Public,Neutral,2.0,No,Postgraduate,Moderate,Female,68
26.0,83.0,High,Low,Yes,8.0,83.0,Medium,Yes,2.0,Low,High,Public,Neutral,2.0,No,College,Near,Female,71
17.0,96.0,Medium,Medium,Yes,10.0,93.0,Medium,Yes,2.0,Medium,Low,Public,Negative,4.0,No,High School,Near,Female,70
28.0,98.0,Medium,Medium,Yes,7.0,59.0,Medium,Yes,1.0,Low,Medium,Public,Positive,3.0,No,High School,Near,Male,72
34.0,63.0,Medium,High,Yes,9.0,83.0,Medium,Yes,2.0,Medium,High,Public,Negative,2.0,No,College,Moderate,Male,69
18.0,76.0,Medium,High,No,5.0,56.0,Medium,Yes,1.0,Low,Low,Public,Negative,2.0,No,College,Moderate,Male,63
17.0,61.0,Medium,Medium,No,7.0,74.0,High,Yes,0.0,Medium,Medium,Public,Neutral,2.0,No,Postgraduate,Near,Female,62
29.0,73.0,Medium,Medium,No,7.0,76.0,Medium,Yes,2.0,Low,High,Private,Neutral,3.0,No,High School,Near,Female,68
29.0,81.0,Low,Medium,Yes,9.0,51.0,Low,Yes,2.0,Medium,Medium,Public,Positive,5.0,No,Postgraduate,Near,Male,70
17.0,96.0,Medium,Medium,Yes,6.0,54.0,Medium,Yes,1.0,Medium,Medium,Private,Positive,4.0,No,High School,Near,Male,69
17.0,94.0,Medium,Medium,No,10.0,92.0,Low,Yes,2.0,Low,Medium,Private,Negative,2.0,No,High School,Near,Male,68
18.0,65.0,High,Medium,Yes,7.0,64.0,Medium,Yes,2.0,High,Medium,Public,Positive,1.0,No,High School,Near,Male,65
12.0,64.0,Medium,Low,No,5.0,67.0,Medium,Yes,3.0,Low,Medium,Private,Positive,2.0,Yes,High School,Near,Male,59
14.0,84.0,Medium,Medium,No,5.0,82.0,Medium,Yes,3.0,Low,Medium,Public,Positive,3.0,No,College,Far,Male,66
14.0,81.0,High,Medium,No,6.0,61.0,Low,Yes,0.0,Low,Medium,Public,Positive,4.0,No,High School,Moderate,Male,64
15.0,71.0,Low,Medium,No,8.0,60.0,High,No,5.0,Low,High,Public,Positive,4.0,No,High School,Far,Female,63
20.0,96.0,Medium,Medium,No,6.0,71.0,Medium,Yes,5.0,Low,High,Public,Neutral,3.0,No,College,Near,Male,72
21.0,97.0,Medium,High,Yes,6.0,53.0,Low,Yes,0.0,Low,Medium,Public,Negative,3.0,Yes,High School,Moderate,Male,67
29.0,76.0,Medium,Medium,No,8.0,96.0,Low,Yes,2.0,Low,Medium,Public,Positive,2.0,No,Postgraduate,Moderate,Male,94
14.0,96.0,Medium,High,Yes,4.0,97.0,Low,Yes,2.0,Medium,Medium,Public,Negative,3.0,No,High School,Near,Female,70
26.0,75.0,Low,Medium,No,6.0,72.0,Medium,Yes,0.0,Low,High,Public,Neutral,3.0,No,High School,Near,Male,66
19.0,89.0,Low,Medium,Yes,5.0,60.0,Low,Yes,4.0,Medium,Medium,Public,Positive,2.0,No,Postgraduate,Moderate,Female,69
20.0,79.0,Medium,Low,Yes,6.0,74.0,Low,Yes,2.0,Low,Medium,Public,Positive,2.0,No,High School,Far,Male,64
24.0,65.0,Medium,Medium,No,7.0,55.0,Low,Yes,1.0,Low,High,Private,Positive,3.0,Yes,High School,Near,Female,63
13.0,97.0,High,High,No,7.0,70.0,Medium,Yes,1.0,Low,High,Public,Neutral,4.0,No,Postgraduate,Near,Female,71
22.0,78.0,High,Medium,No,7.0,54.0,Medium,Yes,1.0,Medium,Medium,Public,Negative,3.0,Yes,High School,Moderate,Male,65
21.0,89.0,Low,Medium,Yes,9.0,85.0,Low,Yes,1.0,Medium,Medium,Public,Negative,5.0,No,College,Far,Female,68
23.0,75.0,Medium,Medium,No,7.0,64.0,High,Yes,1.0,Low,Medium,Public,Negative,3.0,Yes,High School,Moderate,Male,64
22.0,61.0,Low,Low,Yes,10.0,76.0,High,Yes,1.0,High,High,Public,Positive,2.0,No,College,Near,Male,64
35.0,64.0,Medium,Medium,Yes,8.0,51.0,Medium,Yes,2.0,Medium,Medium,Public,Negative,5.0,Yes,High School,Near,Male,66
16.0,80.0,High,Medium,No,6.0,76.0,Medium,Yes,1.0,Medium,High,Public,Positive,4.0,No,College,Near,Male,68
17.0,88.0,Medium,Medium,No,10.0,50.0,Medium,Yes,3.0,Low,High,Public,Neutral,5.0,No,College,Moderate,Female,67
16.0,73.0,Low,High,Yes,7.0,96.0,Medium,Yes,1.0,Medium,Medium,Private,Positive,3.0,No,High School,Moderate,Female,66
17.0,88.0,Medium,Medium,Yes,10.0,75.0,Medium,Yes,2.0,Medium,Medium,Public,Neutral,3.0,No,High School,Near,Male,68
16.0,88.0,Low,Medium,No,7.0,55.0,Medium,Yes,3.0,Low,Low,Public,Neutral,3.0,No,Postgraduate,Near,Male,66
27.0,88.0,Medium,Medium,No,7.0,67.0,Medium,Yes,3.0,High,Medium,Public,Neutral,4.0,No,College,Far,Male,71
29.0,80.0,Medium,High,Yes,8.0,52.0,Medium,Yes,4.0,Low,Medium,Public,Positive,4.0,No,High School,Moderate,Female,71
17.0,97.0,Medium,High,No,7.0,77.0,Medium,Yes,0.0,Low,Medium,Private,Negative,4.0,No,College,Far,Male,68
15.0,80.0,High,Low,No,9.0,56.0,High,Yes,3.0,Medium,Medium,Public,Neutral,3.0,Yes,High School,Near,Female,64
23.0,78.0,Medium,Medium,Yes,10.0,74.0,Low,Yes,3.0,Medium,Medium,Public,Negative,4.0,No,High School,Moderate,Male,67
17.0,68.0,High,Medium,Yes,4.0,65.0,High,Yes,0.0,Medium,Medium,Private,Positive,2.0,No,High School,Moderate,Male,64
24.0,72.0,High,Low,Yes,8.0,88.0,High,Yes,3.0,Low,Medium,Public,Positive,2.0,No,High School,Near,Female,68
21.0,62.0,Medium,Low,No,6.0,74.0,High,Yes,0.0,Low,High,Private,Positive,3.0,Yes,Postgraduate,Far,Male,62
11.0,85.0,Medium,Low,Yes,4.0,92.0,Low,Yes,0.0,Medium,High,Public,Neutral,1.0,No,College,Near,Male,64
29.0,70.0,Low,High,No,8.0,97.0,Low,Yes,3.0,Low,High,Public,Positive,3.0,No,Postgraduate,Moderate,Male,70
31.0,72.0,Medium,Medium,No,8.0,98.0,High,Yes,0.0,Low,Medium,Public,Neutral,4.0,No,College,Far,Male,68
16.0,91.0,Medium,Medium,No,8.0,63.0,High,Yes,2.0,Medium,High,Public,Neutral,3.0,No,College,Near,Female,69
18.0,73.0,Low,Medium,Yes,8.0,88.0,Low,Yes,3.0,Low,Medium,Public,Positive,4.0,No,College,Moderate,Male,65
22.0,70.0,Medium,High,Yes,8.0,72.0,Medium,Yes,2.0,High,Medium,Public,Neutral,3.0,No,High School,Near,Male,67
22.0,67.0,High,Medium,No,6.0,71.0,Low,Yes,2.0,Medium,,Public,Positive,2.0,No,College,Moderate,Male,65
24.0,91.0,High,Medium,No,7.0,93.0,Low,Yes,0.0,Medium,Medium,Public,Positive,2.0,No,High School,Moderate,Male,71
32.0,65.0,Medium,Low,Yes,8.0,57.0,Low,Yes,2.0,Low,Medium,Public,Positive,3.0,No,High School,Moderate,Female,65
19.0,78.0,Medium,Medium,Yes,9.0,74.0,Low,Yes,2.0,Low,Medium,Public,Positive,5.0,No,High School,Moderate,Female,66
15.0,80.0,High,Medium,No,7.0,80.0,Medium,Yes,0.0,Low,Low,Public,Neutral,5.0,No,High School,Near,Female,65
12.0,87.0,Medium,Medium,Yes,7.0,53.0,Low,Yes,2.0,Medium,Medium,Private,Neutral,1.0,No,College,Near,Male,65
16.0,85.0,Low,Medium,No,7.0,93.0,High,Yes,1.0,Medium,High,Public,Positive,3.0,No,High School,Near,Male,68
20.0,92.0,Medium,Medium,Yes,5.0,66.0,Medium,Yes,2.0,Medium,Medium,Public,Negative,2.0,Yes,College,Moderate,Male,68
31.0,62.0,High,Medium,No,8.0,83.0,Medium,Yes,0.0,Medium,High,Private,Neutral,2.0,Yes,College,Near,Female,67
17.0,72.0,Low,Medium,Yes,5.0,96.0,High,Yes,3.0,High,Medium,Public,Negative,3.0,No,High School,Moderate,Male,65
21.0,71.0,Medium,Low,No,8.0,86.0,Medium,Yes,2.0,Medium,High,Public,Neutral,2.0,No,College,Near,Male,66
20.0,66.0,Medium,Medium,Yes,7.0,94.0,Low,Yes,0.0,Medium,Low,Public,Neutral,4.0,No,High School,Moderate,Female,63
27.0,72.0,High,High,Yes,5.0,53.0,Medium,Yes,1.0,High,Medium,Private,Neutral,5.0,No,Postgraduate,,Male,70
35.0,72.0,High,High,Yes,5.0,75.0,Medium,Yes,1.0,Low,Medium,Public,Positive,5.0,No,College,Moderate,Male,72
17.0,81.0,Medium,High,No,6.0,78.0,Medium,Yes,2.0,Low,Medium,Private,Positive,2.0,No,High School,Moderate,Male,67
17.0,87.0,High,Low,Yes,6.0,84.0,Medium,Yes,0.0,Medium,Medium,Public,Positive,3.0,No,College,Far,Male,67
26.0,75.0,Low,Medium,Yes,9.0,56.0,Medium,Yes,1.0,Low,Medium,Public,Positive,5.0,No,High School,Moderate,Male,66
24.0,89.0,Low,Medium,No,7.0,83.0,Medium,No,1.0,Low,Low,Public,Neutral,3.0,No,High School,Moderate,Male,66
31.0,73.0,High,Medium,Yes,8.0,57.0,Medium,Yes,2.0,Low,High,Public,Neutral,4.0,No,High School,Far,Male,69
24.0,72.0,Medium,Low,Yes,9.0,53.0,Medium,Yes,0.0,Low,High,Private,Neutral,4.0,Yes,High School,Moderate,Male,62
18.0,82.0,Low,Medium,No,9.0,73.0,Low,Yes,2.0,Low,Medium,Public,Positive,4.0,No,College,Near,Female,66
24.0,61.0,Medium,Medium,No,7.0,80.0,High,Yes,0.0,Low,Medium,Public,Positive,3.0,No,Postgraduate,Moderate,Male,64
27.0,63.0,High,Medium,Yes,6.0,98.0,Medium,Yes,1.0,Low,High,Public,Positive,2.0,No,High School,Moderate,Female,67
25.0,77.0,High,High,No,8.0,85.0,Medium,Yes,2.0,Medium,Medium,Public,Positive,1.0,No,College,Near,Male,71
23.0,98.0,High,Medium,Yes,6.0,80.0,Medium,Yes,1.0,Medium,Medium,Public,Positive,2.0,No,,Moderate,Male,73
26.0,89.0,Medium,Low,Yes,10.0,61.0,Low,Yes,0.0,Medium,High,Public,Neutral,3.0,No,High School,Moderate,Female,68
27.0,64.0,High,Low,Yes,8.0,58.0,Medium,Yes,2.0,High,High,Public,Neutral,1.0,No,Postgraduate,Far,Male,66
28.0,94.0,Medium,High,Yes,7.0,80.0,Medium,Yes,3.0,Low,High,Public,Positive,4.0,No,Postgraduate,Far,Male,75
24.0,89.0,Medium,High,Yes,8.0,61.0,Medium,Yes,1.0,Low,High,Public,Positive,3.0,No,Postgraduate,Near,Female,72
19.0,84.0,High,Low,Yes,7.0,85.0,Medium,Yes,1.0,High,Medium,Private,Neutral,3.0,No,High School,Near,Male,68
21.0,93.0,Medium,Medium,Yes,6.0,56.0,Medium,No,1.0,Low,Medium,Public,Positive,3.0,No,High School,Near,Male,68
27.0,76.0,Low,High,Yes,8.0,67.0,Medium,Yes,1.0,Medium,Medium,Public,Positive,4.0,No,High School,Near,Male,69
15.0,69.0,Medium,Medium,Yes,7.0,89.0,Medium,Yes,1.0,Low,High,Public,Negative,2.0,No,College,Moderate,Female,63
22.0,80.0,Medium,High,Yes,10.0,92.0,Medium,Yes,0.0,Medium,High,Public,Positive,2.0,No,High School,Near,Female,70
18.0,82.0,Low,Medium,Yes,6.0,67.0,Low,Yes,1.0,High,Low,Private,Positive,3.0,No,Postgraduate,Moderate,Male,66
20.0,82.0,Low,Low,Yes,8.0,60.0,Medium,Yes,3.0,Medium,High,Public,Positive,4.0,No,High School,Moderate,Male,66
28.0,83.0,Medium,High,No,6.0,98.0,Medium,Yes,1.0,Low,High,Private,Neutral,2.0,No,Postgraduate,Moderate,Male,72
21.0,98.0,Low,Medium,No,6.0,88.0,Medium,Yes,1.0,Medium,Low,Public,Neutral,3.0,No,Postgraduate,Near,Male,71
20.0,96.0,High,Medium,No,4.0,90.0,Medium,Yes,3.0,Low,Medium,Private,Neutral,2.0,No,College,Near,Male,72
12.0,95.0,Medium,Medium,No,8.0,61.0,High,Yes,4.0,High,High,Private,Neutral,1.0,No,College,Near,Male,69
24.0,92.0,Low,High,Yes,6.0,71.0,Low,Yes,2.0,Low,High,Public,Positive,2.0,No,High School,Near,Male,71
24.0,98.0,Medium,Low,No,9.0,53.0,Medium,Yes,3.0,High,Low,Private,Negative,2.0,No,Postgraduate,Far,Male,69
33.0,64.0,High,Medium,No,8.0,55.0,Medium,Yes,1.0,Medium,High,Public,Neutral,3.0,No,College,Moderate,Female,68
18.0,71.0,Low,Low,Yes,7.0,61.0,Low,Yes,2.0,Low,Medium,Public,Negative,4.0,No,College,Near,Male,61
21.0,80.0,Medium,High,No,5.0,65.0,High,Yes,2.0,Medium,Low,Private,Neutral,1.0,No,Postgraduate,Moderate,Male,68
21.0,94.0,High,Medium,Yes,8.0,100.0,Low,Yes,0.0,Low,Medium,Public,Neutral,3.0,No,Postgraduate,Near,Male,72
29.0,80.0,Medium,Medium,Yes,6.0,71.0,Medium,Yes,0.0,Medium,Medium,Public,Positive,3.0,No,College,Moderate,Female,70
19.0,90.0,High,Medium,Yes,5.0,85.0,High,Yes,0.0,Medium,High,Private,Positive,5.0,No,Postgraduate,Near,Female,73
22.0,66.0,Medium,High,No,8.0,95.0,Low,Yes,3.0,Medium,Medium,Private,Positive,3.0,No,High School,Moderate,Female,67
24.0,70.0,Medium,High,No,5.0,62.0,Medium,Yes,2.0,Low,Medium,Private,Negative,4.0,Yes,College,Near,Male,65
21.0,89.0,Medium,Medium,No,4.0,57.0,Medium,Yes,1.0,High,Medium,Private,Positive,2.0,No,High School,Near,Female,68
17.0,67.0,Low,High,Yes,9.0,62.0,High,Yes,3.0,Medium,Medium,Public,Positive,3.0,No,High School,Near,Male,65
21.0,74.0,High,Medium,No,6.0,94.0,Medium,Yes,1.0,Low,High,Public,Positive,1.0,No,High School,Near,Male,97
26.0,71.0,High,Low,Yes,4.0,83.0,Low,Yes,1.0,Medium,Medium,Public,Negative,3.0,No,College,Moderate,Male,66
14.0,74.0,High,High,Yes,6.0,73.0,High,Yes,2.0,Medium,Medium,Private,Neutral,3.0,No,High School,Near,Female,67
21.0,88.0,High,Medium,No,6.0,91.0,Medium,Yes,2.0,High,Medium,Public,Neutral,1.0,No,High School,Moderate,Female,70
16.0,75.0,High,Medium,Yes,9.0,62.0,Medium,Yes,3.0,Low,Medium,Public,Positive,4.0,No,High School,Moderate,Female,66
27.0,82.0,Medium,High,Yes,5.0,62.0,Low,Yes,1.0,Low,High,Private,Neutral,4.0,No,High School,Moderate,Female,69
11.0,64.0,High,Medium,Yes,5.0,78.0,Low,Yes,2.0,Low,High,Private,Neutral,4.0,No,College,Moderate,Male,62
17.0,92.0,Medium,Low,Yes,8.0,90.0,High,Yes,1.0,High,Low,Public,Negative,3.0,No,High School,Near,Male,68
22.0,75.0,Medium,High,Yes,6.0,63.0,Low,Yes,1.0,Low,Medium,Public,Positive,2.0,No,College,Near,Male,67
29.0,86.0,Medium,Medium,Yes,7.0,61.0,Medium,Yes,0.0,Medium,Medium,Public,Negative,4.0,No,High School,Far,Female,68
20.0,89.0,High,Medium,Yes,6.0,74.0,Medium,Yes,1.0,Low,High,Private,Neutral,2.0,No,High School,Moderate,Male,69
17.0,68.0,Medium,Medium,Yes,10.0,57.0,Medium,Yes,1.0,High,Medium,Private,Positive,1.0,Yes,High School,Moderate,Female,62
31.0,95.0,High,Medium,Yes,5.0,87.0,Medium,Yes,2.0,Low,Medium,Public,Neutral,3.0,No,Postgraduate,Moderate,Male,75
11.0,85.0,Medium,Medium,No,7.0,79.0,Low,Yes,2.0,High,Low,Public,Positive,3.0,No,High School,Near,Male,65
7.0,77.0,High,Medium,No,9.0,76.0,Medium,Yes,2.0,Medium,High,Public,Negative,3.0,No,College,Moderate,Male,63
23.0,67.0,High,Medium,No,6.0,94.0,Low,Yes,1.0,Medium,Medium,Public,Positive,2.0,No,College,Far,Male,66
17.0,98.0,Low,High,No,6.0,87.0,High,No,3.0,Medium,Medium,Private,Positive,5.0,No,College,Near,Female,71
14.0,90.0,High,Medium,Yes,8.0,57.0,Medium,Yes,0.0,Medium,Medium,Public,Positive,3.0,Yes,College,Moderate,Male,66
24.0,68.0,Medium,Medium,No,9.0,71.0,Medium,Yes,2.0,Medium,Medium,Public,Neutral,4.0,No,College,Near,Male,66
21.0,74.0,Medium,High,No,6.0,66.0,Low,Yes,1.0,Medium,High,Private,Negative,4.0,No,High School,Near,Male,66
17.0,92.0,High,High,Yes,9.0,90.0,Medium,Yes,1.0,High,Low,Public,Positive,3.0,No,,Moderate,Male,71
12.0,88.0,Medium,Medium,Yes,7.0,86.0,High,Yes,3.0,Medium,High,Public,Positive,3.0,Yes,High School,Moderate,Male,68
25.0,91.0,Medium,Medium,No,8.0,74.0,High,Yes,1.0,Medium,High,Private,Positive,3.0,No,College,Moderate,Male,71
24.0,78.0,Medium,Medium,Yes,9.0,91.0,Low,Yes,0.0,High,High,Public,Negative,3.0,No,Postgraduate,Far,Female,68
19.0,89.0,Low,Medium,No,8.0,71.0,Medium,Yes,2.0,Low,High,Public,Positive,4.0,No,High School,Near,Male,68
31.0,75.0,Medium,Medium,No,7.0,90.0,Low,Yes,2.0,Medium,High,Public,Neutral,2.0,Yes,High School,Moderate,Male,68
14.0,68.0,Medium,Medium,Yes,6.0,52.0,Medium,Yes,2.0,Low,Medium,Public,Positive,2.0,No,College,Near,Male,62
11.0,85.0,High,Low,Yes,10.0,57.0,High,Yes,0.0,Medium,High,Public,Neutral,5.0,No,High School,Near,Male,65
16.0,99.0,Low,High,No,6.0,88.0,High,Yes,2.0,Low,Low,Public,Neutral,3.0,No,Postgraduate,Near,Male,71
20.0,72.0,Medium,High,Yes,7.0,56.0,Low,Yes,0.0,Low,Medium,Public,Negative,6.0,Yes,College,Moderate,Male,63
21.0,78.0,High,Medium,No,8.0,84.0,Low,Yes,1.0,High,Low,Public,Positive,4.0,No,High School,Near,Male,68
19.0,87.0,High,Low,Yes,8.0,86.0,Low,Yes,1.0,Medium,High,Public,Positive,4.0,No,High School,Moderate,Female,69
22.0,82.0,High,High,No,10.0,83.0,Medium,Yes,1.0,Low,High,Private,Neutral,2.0,Yes,College,Moderate,Male,69
12.0,94.0,Medium,High,Yes,7.0,91.0,Low,Yes,3.0,Medium,Medium,Private,Positive,3.0,No,Postgraduate,Near,Female,71
29.0,90.0,Medium,High,No,7.0,76.0,Medium,Yes,0.0,Low,Medium,Public,Neutral,1.0,No,Postgraduate,Moderate,Female,71
20.0,62.0,Medium,Medium,Yes,9.0,95.0,Low,Yes,0.0,Medium,Medium,Private,Neutral,3.0,Yes,High School,Near,Male,62
27.0,100.0,Low,Low,Yes,7.0,78.0,Low,Yes,2.0,Medium,Medium,Public,Negative,2.0,No,High School,Near,Male,70
22.0,90.0,High,High,No,8.0,75.0,High,Yes,1.0,Low,Low,Private,Neutral,3.0,No,College,Moderate,Male,70
23.0,95.0,Medium,Medium,Yes,7.0,75.0,Medium,Yes,2.0,High,Medium,Public,Positive,2.0,No,College,Near,Male,73
23.0,86.0,Medium,High,Yes,8.0,96.0,Low,Yes,3.0,Medium,Medium,Private,Positive,2.0,No,High School,Moderate,Female,71
23.0,94.0,Medium,Low,Yes,8.0,62.0,Medium,Yes,2.0,Low,Medium,Public,Positive,0.0,No,Postgraduate,Moderate,Female,69
24.0,64.0,Medium,High,Yes,6.0,85.0,High,Yes,0.0,High,Low,Private,Neutral,3.0,Yes,Postgraduate,,Male,66
28.0,74.0,Medium,Low,Yes,4.0,62.0,Medium,Yes,1.0,Low,Medium,Private,Neutral,3.0,No,High School,Moderate,Male,65
21.0,95.0,High,Medium,No,4.0,55.0,Medium,Yes,2.0,Medium,High,Private,Neutral,1.0,No,College,Near,Male,71
24.0,68.0,Medium,Medium,Yes,4.0,98.0,High,Yes,2.0,Medium,High,Public,Negative,2.0,No,High School,Near,Male,68
19.0,63.0,Medium,High,Yes,7.0,56.0,Medium,Yes,2.0,Low,Medium,Private,Positive,3.0,No,High School,Near,Female,64
29.0,92.0,Low,Low,Yes,4.0,84.0,Medium,Yes,2.0,Low,Medium,Public,Negative,3.0,No,Postgraduate,Near,Male,71
16.0,93.0,Low,Medium,No,7.0,71.0,Medium,Yes,0.0,Medium,High,Public,Positive,2.0,No,High School,Near,Male,67
31.0,67.0,Medium,Low,No,7.0,92.0,High,Yes,2.0,Medium,Medium,Public,Negative,3.0,No,High School,Far,Female,66
20.0,94.0,Low,High,Yes,8.0,89.0,Medium,Yes,1.0,Low,Medium,Public,Positive,4.0,No,High School,Near,Male,71
11.0,87.0,Low,Medium,No,8.0,57.0,High,Yes,0.0,Low,Medium,Public,Negative,2.0,No,High School,Moderate,Male,62
21.0,81.0,High,Medium,No,8.0,73.0,Medium,Yes,3.0,Low,Medium,Public,Positive,2.0,Yes,High School,Near,Male,67
16.0,93.0,Medium,Low,Yes,8.0,51.0,Medium,Yes,3.0,Low,Medium,Public,Neutral,2.0,No,College,Near,Male,67
25.0,77.0,Low,Medium,Yes,7.0,71.0,Medium,Yes,0.0,Medium,Medium,Public,Negative,3.0,No,High School,Near,Female,66
16.0,68.0,Low,Medium,Yes,7.0,85.0,High,Yes,1.0,Low,High,Private,Positive,3.0,No,Postgraduate,Moderate,Female,64
17.0,71.0,Low,Medium,Yes,6.0,62.0,Medium,Yes,2.0,Low,Medium,Public,Neutral,3.0,Yes,College,Near,Male,62
9.0,80.0,Medium,High,No,7.0,91.0,Low,Yes,1.0,Medium,Medium,Public,Neutral,3.0,No,College,Near,Female,65
17.0,81.0,Medium,Low,Yes,5.0,53.0,Low,Yes,0.0,Medium,Medium,Public,Neutral,1.0,No,College,Near,Male,63
5.0,92.0,Medium,Medium,Yes,9.0,52.0,Medium,Yes,2.0,High,Medium,Private,Neutral,4.0,Yes,College,Moderate,Female,64
10.0,92.0,Low,High,Yes,6.0,51.0,Low,Yes,1.0,Medium,Medium,Private,Neutral,3.0,No,High School,Near,Female,65
25.0,83.0,Medium,High,No,7.0,64.0,Medium,Yes,0.0,Low,Medium,Public,Neutral,2.0,No,College,Moderate,Male,68
25.0,91.0,Medium,High,Yes,7.0,73.0,Medium,Yes,2.0,Low,Medium,Public,Positive,3.0,No,High School,Near,Female,72
23.0,68.0,Medium,Medium,Yes,9.0,55.0,Medium,Yes,0.0,Low,Medium,Public,Positive,3.0,No,College,Moderate,Male,64
14.0,62.0,High,Medium,No,4.0,100.0,Low,Yes,1.0,Low,Medium,Public,Neutral,3.0,No,High School,Near,Male,62
20.0,95.0,Medium,Low,Yes,7.0,100.0,Low,No,3.0,Low,Medium,Private,Neutral,2.0,No,High School,Near,Female,69
20.0,63.0,Low,Low,Yes,8.0,76.0,Medium,Yes,3.0,Medium,Medium,Public,Neutral,4.0,No,Postgraduate,Near,Female,64
13.0,70.0,High,Medium,No,10.0,78.0,Medium,Yes,1.0,Low,Medium,Public,Negative,2.0,No,High School,Far,Female,61
29.0,88.0,Medium,High,No,7.0,96.0,Low,Yes,2.0,Low,Low,Public,Positive,2.0,No,High School,Near,Female,72
25.0,76.0,Medium,Low,Yes,6.0,88.0,Low,Yes,1.0,Medium,Medium,Private,Negative,3.0,No,College,Far,Male,66
19.0,95.0,High,Low,No,10.0,58.0,Low,Yes,2.0,High,Medium,Public,Positive,3.0,No,High School,Near,Male,69
20.0,72.0,Medium,Medium,No,8.0,90.0,High,No,2.0,Low,Low,Private,Neutral,2.0,No,College,Near,Female,65
21.0,60.0,High,Medium,Yes,9.0,62.0,Medium,Yes,2.0,Low,Medium,Public,Positive,3.0,No,High School,Near,Male,64
8.0,72.0,Low,Medium,Yes,5.0,72.0,Medium,Yes,3.0,High,Low,Private,Positive,4.0,No,High School,Near,Female,62
19.0,83.0,Medium,Medium,No,8.0,77.0,High,Yes,1.0,Low,Medium,Public,Positive,4.0,No,High School,Far,Male,66
16.0,75.0,Low,Low,Yes,5.0,86.0,Medium,Yes,0.0,Low,Medium,Public,Positive,1.0,No,College,Moderate,Female,62
14.0,81.0,Medium,Medium,Yes,5.0,58.0,High,Yes,3.0,Low,High,Public,Negative,4.0,No,Postgraduate,Moderate,Male,66
18.0,95.0,Medium,High,No,8.0,54.0,Medium,Yes,2.0,High,Medium,Public,Neutral,3.0,No,College,Moderate,Female,70
31.0,96.0,Medium,Medium,Yes,8.0,93.0,Low,Yes,3.0,Low,Medium,Public,Positive,3.0,No,High School,Near,Male,75
24.0,71.0,Low,High,Yes,6.0,91.0,Medium,Yes,3.0,High,Medium,Public,Neutral,2.0,No,High School,Far,Female,67
17.0,78.0,Low,Medium,Yes,9.0,76.0,Low,Yes,4.0,Medium,Medium,Public,Positive,2.0,No,College,Near,Male,66
23.0,82.0,Medium,High,No,6.0,83.0,Medium,Yes,2.0,Medium,Medium,Private,Positive,3.0,No,Postgraduate,Moderate,Male,71
28.0,98.0,High,Medium,Yes,7.0,86.0,Medium,Yes,2.0,Medium,High,Private,Neutral,2.0,No,High School,Near,Female,75
26.0,100.0,High,High,No,7.0,74.0,Low,Yes,1.0,Medium,Medium,Public,Neutral,2.0,No,High School,Far,Female,72
20.0,69.0,High,Medium,No,7.0,63.0,Low,Yes,2.0,Low,Medium,Private,Negative,2.0,No,,Moderate,Female,64
16.0,89.0,Medium,Medium,Yes,9.0,74.0,Medium,No,1.0,Low,Medium,Public,Neutral,3.0,No,High School,Far,Male,65
24.0,75.0,Low,Medium,No,5.0,98.0,High,Yes,1.0,Low,Medium,Public,Positive,3.0,No,High School,Near,Male,67
22.0,60.0,Medium,Medium,No,6.0,92.0,Low,Yes,2.0,Low,High,Public,Negative,2.0,No,High School,Near,Male,63
25.0,60.0,Medium,Low,Yes,5.0,73.0,Low,Yes,1.0,Medium,Medium,Public,Negative,2.0,No,High School,Near,Male,62
24.0,78.0,Low,High,Yes,10.0,61.0,High,Yes,2.0,Medium,Medium,Public,Positive,4.0,No,College,Moderate,Female,69
26.0,80.0,Medium,Medium,Yes,7.0,94.0,Medium,Yes,1.0,Low,Medium,Private,Positive,2.0,No,Postgraduate,Moderate,Male,70
17.0,61.0,Low,Medium,Yes,6.0,82.0,High,Yes,0.0,Medium,High,Public,Neutral,4.0,No,Postgraduate,Near,Male,63
28.0,87.0,Medium,Medium,Yes,7.0,70.0,Medium,Yes,2.0,Low,Medium,Public,Neutral,2.0,No,Postgraduate,Near,Male,71
21.0,72.0,Medium,Low,Yes,8.0,56.0,Medium,Yes,0.0,Low,Medium,Public,Neutral,4.0,No,High School,Near,Male,63
32.0,82.0,Low,Medium,Yes,8.0,88.0,Low,Yes,0.0,High,Medium,Public,Positive,2.0,No,College,Moderate,Male,71
16.0,72.0,Medium,Medium,Yes,6.0,66.0,Low,Yes,0.0,Low,Medium,Private,Positive,4.0,No,College,Near,Male,63
30.0,67.0,Medium,High,Yes,6.0,80.0,High,Yes,0.0,Low,Medium,Public,Neutral,4.0,No,,Moderate,Male,68
21.0,76.0,Medium,Low,Yes,5.0,78.0,High,No,0.0,Low,High,Public,Neutral,3.0,No,High School,Near,Male,65
16.0,69.0,High,High,Yes,7.0,85.0,Medium,Yes,0.0,High,High,Private,Negative,3.0,No,High School,Near,Female,66
17.0,81.0,Low,Medium,Yes,9.0,77.0,Medium,Yes,3.0,Low,Medium,Public,Neutral,4.0,No,College,Far,Male,66
18.0,68.0,High,High,No,6.0,82.0,Low,Yes,0.0,Medium,High,Public,Positive,3.0,No,High School,Near,Male,66
23.0,80.0,Low,Low,Yes,8.0,54.0,Medium,Yes,0.0,Medium,High,Private,Positive,2.0,No,,Near,Female,65
23.0,66.0,Medium,High,No,6.0,83.0,Medium,Yes,0.0,High,Medium,Public,Positive,2.0,No,High School,Near,Female,66
17.0,87.0,Medium,Medium,Yes,5.0,60.0,Medium,Yes,4.0,Medium,Medium,Private,Positive,3.0,Yes,High School,Near,Female,67
20.0,90.0,High,Medium,No,8.0,70.0,Medium,Yes,0.0,Medium,Medium,Private,Neutral,3.0,No,High School,Moderate,Female,68
33.0,64.0,Medium,Low,Yes,10.0,76.0,Low,Yes,2.0,High,High,Private,Neutral,3.0,No,High School,Near,Male,68
30.0,79.0,Low,Medium,No,8.0,84.0,Medium,Yes,3.0,Low,Medium,Private,Negative,3.0,No,College,Moderate,Female,69
23.0,63.0,Medium,Low,Yes,6.0,87.0,Low,Yes,1.0,Medium,Medium,Public,Neutral,2.0,No,Postgraduate,Near,Male,64
20.0,84.0,Medium,Medium,No,6.0,85.0,Medium,Yes,0.0,Medium,Medium,Private,Positive,3.0,No,High School,Moderate,Male,67
21.0,71.0,Medium,Medium,Yes,10.0,55.0,Low,Yes,1.0,Medium,Medium,Public,Negative,4.0,No,High School,Moderate,Female,63
24.0,81.0,Low,High,Yes,7.0,69.0,Medium,Yes,3.0,Low,Medium,Public,Negative,3.0,No,College,,Male,67
14.0,81.0,Medium,High,Yes,6.0,64.0,Low,No,2.0,High,High,Public,Neutral,2.0,No,High School,Far,Female,64
18.0,97.0,Low,Medium,No,7.0,70.0,Low,Yes,0.0,High,Medium,Public,Neutral,2.0,Yes,High School,Near,Female,66
10.0,82.0,High,Medium,No,7.0,82.0,Low,Yes,2.0,Low,High,Private,Neutral,4.0,No,High School,Near,Male,65
22.0,83.0,Medium,Medium,Yes,8.0,60.0,Low,No,4.0,Medium,Medium,Public,Neutral,2.0,No,Postgraduate,Moderate,Female,68
24.0,76.0,Low,High,No,9.0,75.0,Low,Yes,0.0,Low,Medium,Private,Positive,5.0,No,High School,Near,Male,66
17.0,98.0,High,High,No,9.0,94.0,Low,Yes,0.0,High,Low,Public,Negative,3.0,No,College,Near,Male,71
29.0,91.0,Medium,High,Yes,7.0,87.0,Medium,No,2.0,Medium,High,Private,Negative,4.0,No,College,Near,Female,74
13.0,71.0,Medium,High,No,7.0,86.0,Low,Yes,2.0,Low,Medium,Public,Positive,3.0,No,Postgraduate,Near,Male,65
11.0,94.0,Low,High,Yes,8.0,92.0,High,Yes,0.0,Medium,Medium,Public,Neutral,4.0,No,High School,Near,Female,68
21.0,77.0,Medium,High,Yes,6.0,70.0,Low,No,2.0,High,Medium,Private,Positive,2.0,No,College,Near,Male,68
26.0,93.0,Medium,Medium,No,8.0,88.0,Medium,Yes,1.0,Medium,High,Public,Neutral,4.0,Yes,College,Near,Male,72
30.0,93.0,High,High,Yes,7.0,53.0,Medium,Yes,3.0,Low,Medium,Private,Negative,2.0,No,Postgraduate,Moderate,Female,74
17.0,68.0,Low,High,No,8.0,53.0,Medium,Yes,0.0,Low,Medium,Public,Neutral,2.0,No,College,Near,Male,61
26.0,88.0,Low,Low,No,10.0,67.0,Low,Yes,0.0,Low,Low,Private,Positive,3.0,No,High School,Far,Male,65
20.0,72.0,High,Low,No,8.0,60.0,Low,Yes,0.0,Low,Medium,Public,Neutral,5.0,No,High School,Near,Male,63
19.0,72.0,High,Medium,Yes,7.0,76.0,Medium,Yes,1.0,Medium,High,Public,Positive,2.0,No,High School,Moderate,Female,66
25.0,72.0,Low,High,Yes,6.0,59.0,Medium,Yes,2.0,Low,Medium,Public,Negative,3.0,No,High School,Near,Male,66
24.0,89.0,High,Medium,Yes,7.0,99.0,Medium,Yes,2.0,Low,High,Private,Neutral,4.0,No,High School,Near,Female,73
11.0,69.0,Medium,Medium,No,5.0,93.0,Medium,Yes,0.0,Medium,High,Public,Negative,4.0,No,College,Near,Male,63
29.0,60.0,High,High,Yes,8.0,99.0,Medium,Yes,0.0,Medium,Medium,Public,Positive,4.0,Yes,High School,,Female,68
28.0,89.0,High,Low,Yes,4.0,90.0,High,Yes,3.0,Low,High,Public,Positive,2.0,Yes,Postgraduate,Moderate,Female,73
16.0,67.0,Low,High,Yes,8.0,98.0,Medium,Yes,0.0,High,Low,Private,Negative,3.0,No,High School,Moderate,Male,63
22.0,64.0,Medium,High,Yes,8.0,68.0,Medium,Yes,2.0,Medium,Medium,Public,Negative,4.0,No,High School,Near,Male,65
23.0,70.0,Low,High,Yes,7.0,75.0,High,Yes,0.0,Low,Medium,Public,Positive,4.0,No,,Near,Female,66
22.0,75.0,Low,Low,Yes,6.0,62.0,Medium,Yes,0.0,High,High,Public,Negative,3.0,No,Postgraduate,Near,Female,65
17.0,79.0,Low,High,Yes,7.0,82.0,Medium,Yes,0.0,Medium,High,Public,Negative,2.0,No,College,Near,Male,66
16.0,62.0,High,Medium,No,4.0,89.0,High,Yes,3.0,Low,Medium,Public,Neutral,3.0,No,College,Near,Female,65
20.0,99.0,Medium,Medium,No,8.0,75.0,Medium,Yes,2.0,Low,High,Private,Negative,2.0,No,Postgraduate,Far,Female,70
27.0,89.0,Medium,Medium,No,7.0,65.0,Medium,Yes,1.0,Medium,Medium,Public,Neutral,3.0,No,High School,Near,Female,70
23.0,73.0,High,Medium,Yes,9.0,75.0,Medium,Yes,0.0,High,High,Private,Positive,3.0,No,High School,Moderate,Female,68
18.0,73.0,Medium,High,No,8.0,53.0,Medium,No,1.0,Low,High,Public,Neutral,3.0,No,Postgraduate,Moderate,Male,64
25.0,78.0,Medium,Medium,No,7.0,86.0,Medium,Yes,1.0,Medium,Medium,Public,Negative,3.0,No,Postgraduate,Moderate,Female,68
3.0,85.0,Low,High,No,8.0,73.0,Low,Yes,2.0,Low,Medium,Private,Neutral,3.0,No,High School,Near,Male,62
27.0,66.0,Medium,Medium,Yes,6.0,95.0,Medium,Yes,1.0,Medium,,Public,Positive,3.0,No,College,Moderate,Male,68
10.0,68.0,Low,Medium,No,6.0,96.0,Low,Yes,1.0,High,Medium,Public,Neutral,3.0,No,College,Moderate,Male,61
18.0,94.0,High,Medium,Yes,7.0,56.0,Low,No,1.0,Low,Medium,Public,Positive,3.0,No,Postgraduate,Near,Male,69
13.0,70.0,Medium,Medium,Yes,7.0,100.0,Medium,Yes,3.0,Low,Medium,Public,Neutral,3.0,No,High School,Near,Male,65
12.0,75.0,Medium,High,Yes,6.0,98.0,Medium,Yes,2.0,Low,Medium,Public,Neutral,2.0,No,College,Far,Male,65
27.0,95.0,Medium,High,No,7.0,81.0,Low,Yes,3.0,Low,Medium,Public,Neutral,2.0,No,High School,Moderate,Male,72
17.0,87.0,Medium,Medium,Yes,7.0,91.0,High,Yes,3.0,Low,High,Public,Positive,3.0,Yes,College,Near,Female,70
22.0,74.0,Medium,High,Yes,10.0,51.0,Medium,No,1.0,Medium,Medium,Private,Negative,4.0,No,High School,Near,Male,65
20.0,87.0,Medium,Medium,No,7.0,99.0,Medium,Yes,3.0,Low,Medium,Public,Negative,3.0,No,High School,Near,Male,69
23.0,61.0,High,Low,Yes,6.0,73.0,Medium,Yes,1.0,Medium,Medium,Public,Positive,3.0,No,College,Near,Male,65
20.0,89.0,Low,Medium,Yes,7.0,95.0,Low,Yes,3.0,Low,Medium,Private,Neutral,2.0,No,High School,Near,Male,69
12.0,79.0,Low,Medium,Yes,9.0,69.0,Medium,Yes,2.0,Low,High,Public,Neutral,3.0,No,Postgraduate,Near,Male,65
26.0,93.0,Medium,High,Yes,9.0,89.0,Medium,Yes,0.0,Low,Medium,Public,Neutral,3.0,No,College,Moderate,Male,72
17.0,98.0,High,Low,Yes,10.0,71.0,Medium,Yes,0.0,Low,High,Private,Positive,3.0,No,Postgraduate,Moderate,Female,70
11.0,97.0,Medium,Medium,Yes,7.0,68.0,Low,Yes,0.0,Low,Medium,Private,Negative,2.0,No,High School,Moderate,Female,64
17.0,96.0,Medium,Low,No,8.0,97.0,Low,Yes,0.0,Medium,Medium,Public,Negative,3.0,No,High School,Near,Female,67
29.0,80.0,Medium,Low,No,5.0,85.0,High,Yes,0.0,High,High,Public,Neutral,2.0,No,High School,Moderate,Male,69
25.0,74.0,Low,Medium,Yes,6.0,92.0,Low,Yes,4.0,Medium,Medium,Private,Positive,3.0,No,Postgraduate,Near,Male,70
18.0,79.0,Medium,Medium,Yes,5.0,77.0,Low,Yes,1.0,Low,High,Public,Neutral,3.0,No,High School,Near,Male,65
18.0,88.0,High,High,Yes,8.0,96.0,Low,Yes,1.0,Low,Medium,Public,Positive,3.0,No,High School,Far,Female,69
18.0,95.0,High,Medium,Yes,7.0,87.0,High,Yes,5.0,Medium,Medium,Public,Neutral,2.0,No,College,Near,Male,74
32.0,68.0,Low,Medium,Yes,7.0,54.0,Medium,Yes,1.0,Low,Medium,Private,Neutral,1.0,No,Postgraduate,Near,Male,66
22.0,97.0,Medium,Medium,Yes,6.0,88.0,High,Yes,1.0,Low,Low,Private,Positive,4.0,No,College,Near,Male,72
23.0,93.0,Medium,Low,Yes,8.0,51.0,High,No,0.0,Low,High,Private,Positive,1.0,No,High School,,Male,67
26.0,99.0,Low,High,Yes,4.0,91.0,High,Yes,2.0,High,Low,Public,Neutral,4.0,No,Postgraduate,Moderate,Female,75
21.0,95.0,Medium,Low,Yes,7.0,67.0,Medium,Yes,3.0,Medium,Medium,Public,Positive,2.0,No,College,Far,Female,70
18.0,71.0,Low,Low,No,7.0,80.0,Medium,Yes,1.0,Medium,Low,Public,Neutral,4.0,No,Postgraduate,Moderate,Female,63
19.0,64.0,Medium,Medium,No,4.0,87.0,High,Yes,2.0,Medium,Medium,Private,Positive,4.0,No,High School,Moderate,Male,65
20.0,64.0,Medium,High,No,8.0,82.0,Medium,Yes,3.0,Medium,Low,Public,Negative,3.0,No,High School,Moderate,Female,64
20.0,72.0,Medium,High,No,7.0,84.0,Low,Yes,2.0,Medium,High,Public,Negative,2.0,No,High School,Moderate,Female,65
24.0,85.0,Medium,Medium,Yes,8.0,95.0,Medium,Yes,2.0,Medium,Medium,Public,Negative,4.0,No,High School,Near,Female,70
20.0,92.0,Medium,Low,No,10.0,69.0,Medium,Yes,0.0,Low,Medium,Public,Positive,2.0,No,Postgraduate,Far,Male,67
24.0,96.0,Medium,Medium,Yes,7.0,77.0,Low,No,0.0,Low,Medium,Public,Negative,2.0,Yes,High School,Near,Female,67
20.0,85.0,Medium,High,No,8.0,59.0,Medium,Yes,1.0,Medium,Medium,Public,Positive,3.0,No,Postgraduate,Far,Female,68
20.0,60.0,Medium,Medium,No,9.0,73.0,High,Yes,4.0,Medium,Medium,Public,Negative,4.0,No,College,Near,Male,65
8.0,67.0,High,Medium,Yes,8.0,58.0,Low,Yes,2.0,Medium,Medium,Public,Positive,1.0,No,Postgraduate,Moderate,Female,61
25.0,64.0,Medium,Low,Yes,6.0,82.0,Low,Yes,2.0,Low,Medium,Public,Negative,3.0,No,High School,Moderate,Female,63
22.0,75.0,Medium,Low,Yes,5.0,66.0,Low,Yes,2.0,Low,Medium,Public,Positive,2.0,No,High School,Far,Male,80
26.0,80.0,Medium,Medium,Yes,8.0,93.0,Medium,Yes,2.0,Low,Low,Public,Neutral,1.0,No,Postgraduate,Moderate,Male,69
3.0,62.0,Medium,Low,No,6.0,67.0,Medium,Yes,1.0,Low,Medium,Public,Negative,3.0,No,High School,Near,Male,55
33.0,74.0,Medium,Medium,No,9.0,64.0,Medium,Yes,2.0,Medium,Medium,Private,Neutral,4.0,No,Postgraduate,Near,Female,70
19.0,67.0,Medium,Medium,Yes,6.0,75.0,High,Yes,1.0,Low,Medium,Public,Neutral,3.0,No,College,Near,Female,65
27.0,86.0,Low,Medium,Yes,7.0,59.0,Low,Yes,1.0,Medium,Medium,Public,Neutral,3.0,No,High School,Near,Male,68
14.0,79.0,Medium,Low,Yes,5.0,60.0,Medium,Yes,3.0,Low,Medium,Public,Negative,5.0,No,High School,Near,Male,64
24.0,80.0,Medium,Medium,No,6.0,89.0,Medium,Yes,1.0,Low,High,Public,Neutral,3.0,No,College,Near,Male,69
14.0,77.0,Low,High,No,6.0,75.0,Medium,Yes,1.0,Medium,High,Public,Neutral,4.0,Yes,High School,Near,Female,89
16.0,98.0,Medium,Low,Yes,6.0,60.0,Medium,Yes,1.0,Medium,Medium,Private,Positive,3.0,No,High School,Far,Male,67
31.0,69.0,Medium,Medium,No,7.0,52.0,Medium,No,2.0,High,Low,Public,Neutral,5.0,No,College,Far,Male,92
19.0,81.0,High,High,No,6.0,73.0,Low,No,1.0,Low,High,Private,Positive,3.0,No,High School,Near,Female,67
21.0,89.0,Low,Medium,Yes,10.0,87.0,Low,Yes,3.0,Medium,Medium,Public,Positive,3.0,No,College,Near,Male,70
25.0,82.0,High,Low,No,8.0,68.0,Medium,Yes,1.0,Low,High,Public,Neutral,3.0,No,College,Near,Male,68
23.0,97.0,Medium,Low,Yes,9.0,62.0,Medium,Yes,0.0,Low,Medium,Private,Positive,2.0,No,Postgraduate,Near,Male,70
21.0,75.0,Medium,Medium,Yes,7.0,70.0,Low,Yes,3.0,Medium,Medium,Public,Positive,4.0,Yes,Postgraduate,Near,Male,67
22.0,79.0,Medium,Medium,Yes,7.0,98.0,High,Yes,0.0,High,Medium,Public,Neutral,3.0,No,High School,Near,Male,69
34.0,64.0,Medium,Medium,No,6.0,71.0,High,Yes,0.0,Low,High,Private,Negative,4.0,No,High School,Near,Female,67
20.0,84.0,High,High,Yes,10.0,63.0,Medium,Yes,0.0,Low,Medium,Private,Positive,4.0,No,High School,Near,Female,69
21.0,72.0,Medium,High,No,7.0,78.0,Low,No,0.0,High,Medium,Public,Neutral,1.0,Yes,High School,Near,Female,63
26.0,66.0,Medium,Medium,No,6.0,91.0,Medium,Yes,3.0,Medium,,Public,Positive,3.0,No,College,Near,Female,69
27.0,82.0,Medium,High,No,6.0,51.0,Low,Yes,1.0,Low,Medium,Public,Negative,3.0,No,High School,Moderate,Male,66
27.0,81.0,Medium,Medium,No,8.0,78.0,Medium,Yes,0.0,Medium,Medium,Public,Positive,3.0,No,High School,Moderate,Male,68
24.0,63.0,Medium,Medium,Yes,9.0,92.0,Medium,Yes,4.0,Medium,Medium,Private,Positive,4.0,No,Postgraduate,Near,Male,69
13.0,88.0,High,Low,Yes,9.0,61.0,Low,Yes,4.0,Medium,Medium,Private,Negative,3.0,No,High School,Near,Female,66
30.0,85.0,Medium,Medium,Yes,6.0,96.0,Low,Yes,1.0,Medium,Medium,Private,Neutral,4.0,No,High School,Near,Female,72
13.0,68.0,Low,Medium,Yes,6.0,79.0,Medium,Yes,1.0,High,Medium,Private,Negative,3.0,No,College,Near,Male,62
22.0,79.0,Medium,Medium,No,9.0,76.0,Medium,Yes,1.0,Low,Medium,Private,Positive,2.0,No,High School,Near,Male,67
15.0,89.0,High,Low,No,10.0,98.0,Low,Yes,0.0,Low,Medium,Private,Positive,2.0,No,College,Near,Male,67
20.0,81.0,High,High,Yes,7.0,56.0,Low,No,1.0,Medium,Medium,Private,Positive,3.0,No,High School,Near,Male,67
22.0,76.0,Medium,Low,No,9.0,87.0,Low,Yes,2.0,Low,High,Public,Neutral,3.0,Yes,College,Near,Female,65
22.0,73.0,High,Low,No,5.0,91.0,Medium,Yes,1.0,Medium,Medium,Public,Positive,3.0,No,Postgraduate,Moderate,Male,67
23.0,84.0,Low,Low,No,6.0,74.0,Medium,No,3.0,Low,Medium,Public,Positive,1.0,No,High School,Near,Female,66
30.0,98.0,Low,Low,Yes,5.0,50.0,High,Yes,0.0,Low,High,Public,Negative,2.0,No,College,Near,Male,70
23.0,87.0,Low,High,No,8.0,76.0,Medium,Yes,2.0,High,Medium,Public,Positive,5.0,Yes,Postgraduate,Near,Female,71
19.0,63.0,Low,High,Yes,7.0,58.0,Medium,Yes,2.0,Low,High,Private,Neutral,3.0,No,Postgraduate,Near,Female,64
26.0,78.0,Low,High,Yes,7.0,78.0,Low,Yes,4.0,Medium,Medium,Private,Neutral,4.0,No,High School,Moderate,Female,69
27.0,96.0,Medium,High,Yes,9.0,87.0,Low,No,0.0,Medium,High,Public,Positive,2.0,No,College,Moderate,Male,72
13.0,64.0,Medium,Low,Yes,6.0,77.0,Medium,Yes,0.0,Low,High,Public,Neutral,4.0,No,High School,Near,Male,60
24.0,100.0,Medium,Low,Yes,7.0,82.0,Low,Yes,1.0,Medium,High,Private,Positive,3.0,No,High School,Moderate,Male,71
24.0,98.0,Medium,Medium,Yes,5.0,55.0,High,Yes,0.0,Medium,Medium,Public,Positive,3.0,No,High School,Moderate,Male,71
18.0,63.0,High,High,No,9.0,55.0,Medium,Yes,2.0,High,High,Private,Positive,2.0,No,Postgraduate,Near,Female,66
28.0,97.0,Medium,Medium,No,9.0,93.0,Low,Yes,3.0,Medium,High,Public,Neutral,3.0,No,High School,Near,Female,74
19.0,75.0,Medium,Medium,No,8.0,52.0,High,Yes,0.0,Low,Medium,Public,Negative,4.0,No,Postgraduate,Moderate,Male,64
21.0,94.0,Medium,Low,Yes,7.0,64.0,Low,Yes,2.0,Medium,Medium,Private,Neutral,2.0,No,High School,Near,Male,68
19.0,77.0,High,Low,No,6.0,97.0,Low,Yes,4.0,Low,Medium,Public,Negative,2.0,No,High School,Near,Male,66
20.0,78.0,Medium,Medium,No,5.0,73.0,Low,Yes,1.0,Low,Medium,Public,Negative,3.0,No,College,Near,Female,65
13.0,85.0,Low,High,Yes,7.0,84.0,Medium,No,0.0,Low,Medium,Public,Neutral,5.0,No,High School,Moderate,Female,64
11.0,91.0,Medium,Low,No,8.0,61.0,Medium,Yes,1.0,High,Medium,Private,Positive,3.0,No,Postgraduate,Far,Male,65
30.0,61.0,High,High,No,10.0,64.0,Low,Yes,4.0,Medium,Medium,Public,Positive,2.0,No,Postgraduate,Moderate,Male,69
15.0,84.0,Medium,High,Yes,6.0,75.0,Medium,Yes,2.0,Medium,Medium,Private,Positive,4.0,Yes,Postgraduate,,Female,68
14.0,67.0,Medium,High,No,7.0,82.0,Low,Yes,1.0,Medium,Medium,Public,Neutral,3.0,No,High School,Far,Female,62
7.0,74.0,Low,High,No,9.0,98.0,High,Yes,3.0,High,Low,Public,Neutral,2.0,No,High School,Moderate,Male,63
16.0,74.0,High,Low,No,9.0,79.0,High,Yes,0.0,High,Medium,Public,Neutral,4.0,No,Postgraduate,Moderate,Female,65
12.0,79.0,Low,High,No,6.0,55.0,Medium,Yes,1.0,Low,High,Private,Neutral,4.0,No,College,Far,Female,62
30.0,73.0,Low,Medium,No,7.0,68.0,Medium,Yes,0.0,Low,High,Public,Positive,2.0,No,Postgraduate,Near,Male,67
26.0,64.0,Low,High,No,6.0,62.0,Low,Yes,1.0,Low,Medium,Private,Positive,5.0,No,High School,Moderate,Male,64
16.0,66.0,Medium,Low,No,6.0,63.0,Low,Yes,2.0,Medium,High,Public,Neutral,3.0,No,College,Moderate,Male,61
34.0,61.0,Low,Medium,No,9.0,75.0,Medium,Yes,1.0,Low,Medium,Public,Neutral,2.0,No,College,Far,Male,65
26.0,79.0,High,Low,No,7.0,66.0,Medium,Yes,1.0,High,Medium,Public,Positive,5.0,Yes,High School,Moderate,Male,67
18.0,98.0,High,Low,No,7.0,64.0,Medium,Yes,0.0,Medium,Medium,Public,Positive,4.0,No,Postgraduate,Moderate,Male,70
5.0,65.0,Medium,High,Yes,7.0,98.0,Low,Yes,1.0,Low,Low,Private,Positive,3.0,No,High School,Far,Male,59
34.0,98.0,Medium,High,No,7.0,79.0,Medium,Yes,1.0,Low,Medium,Private,Neutral,4.0,No,College,Near,Male,75
12.0,89.0,Low,Medium,Yes,7.0,63.0,Medium,Yes,4.0,Low,High,Public,Neutral,2.0,No,College,Near,Male,67
10.0,85.0,Medium,Medium,Yes,6.0,64.0,Low,Yes,1.0,Medium,Medium,Public,Negative,3.0,No,College,Near,Male,64
26.0,86.0,Medium,High,Yes,9.0,91.0,Medium,Yes,3.0,High,Medium,Public,Neutral,3.0,Yes,High School,Near,Female,72
35.0,93.0,Medium,Medium,Yes,6.0,94.0,Medium,Yes,5.0,Medium,Medium,Public,Neutral,2.0,Yes,College,Near,Female,76
28.0,64.0,Medium,High,Yes,6.0,84.0,Low,Yes,2.0,Medium,Medium,Private,Positive,2.0,No,Postgraduate,Near,Male,69
23.0,80.0,Low,Medium,No,7.0,72.0,Low,Yes,0.0,Low,High,Public,Negative,5.0,No,High School,Near,Male,65
24.0,88.0,High,Medium,No,10.0,88.0,Low,Yes,2.0,High,High,Public,Positive,1.0,No,Postgraduate,Far,Female,72
25.0,83.0,Medium,High,Yes,6.0,97.0,Low,Yes,0.0,Low,Low,Public,Neutral,4.0,No,High School,Near,Male,69
25.0,93.0,High,Medium,No,8.0,58.0,Medium,Yes,0.0,High,Medium,Private,Positive,4.0,No,High School,Moderate,Female,71
22.0,63.0,High,Medium,No,7.0,93.0,High,Yes,0.0,Medium,Medium,Private,Neutral,2.0,No,High School,Far,Male,64
21.0,88.0,High,High,Yes,7.0,92.0,High,Yes,2.0,Medium,Medium,Public,Positive,3.0,No,Postgraduate,Near,Female,74
20.0,81.0,Medium,High,Yes,8.0,68.0,Medium,Yes,0.0,Medium,Medium,Public,Neutral,3.0,No,College,Near,Male,68
15.0,75.0,Medium,High,Yes,4.0,65.0,High,Yes,1.0,Low,Low,Private,Positive,4.0,No,Postgraduate,Moderate,Female,66
18.0,74.0,Medium,Medium,No,6.0,78.0,High,Yes,0.0,High,Medium,Public,Positive,2.0,No,High School,Moderate,Female,65
10.0,85.0,High,Medium,Yes,8.0,64.0,Low,Yes,2.0,High,Medium,Public,Neutral,3.0,No,Postgraduate,Near,Female,67
19.0,96.0,Medium,Medium,No,7.0,57.0,High,Yes,0.0,Low,Medium,Public,Positive,3.0,No,High School,Near,Female,69
14.0,80.0,High,Low,Yes,7.0,98.0,High,Yes,2.0,Low,High,Private,Negative,2.0,No,High School,Near,Male,66
13.0,93.0,Medium,High,Yes,8.0,75.0,Medium,Yes,1.0,Medium,Medium,Private,Positive,2.0,No,High School,Near,Male,69
21.0,76.0,Medium,Medium,Yes,6.0,74.0,Medium,Yes,2.0,Medium,Medium,Private,Neutral,3.0,No,High School,Near,Male,67
28.0,64.0,Medium,Medium,Yes,9.0,56.0,Medium,Yes,1.0,Low,Low,Public,Negative,2.0,No,College,Near,Male,64
26.0,62.0,High,High,No,8.0,75.0,Medium,Yes,2.0,Medium,Medium,Public,Neutral,2.0,No,College,Moderate,Male,67
11.0,62.0,Low,High,Yes,7.0,87.0,High,No,3.0,Low,High,Public,Positive,3.0,No,High School,Far,Female,61
14.0,75.0,Medium,Low,Yes,8.0,62.0,Low,Yes,0.0,High,Medium,Public,Negative,2.0,No,High School,Moderate,Female,61
26.0,73.0,Medium,Medium,Yes,9.0,68.0,High,Yes,4.0,Medium,Medium,Public,Neutral,2.0,No,High School,Far,Male,68
14.0,89.0,Low,High,No,6.0,59.0,Low,Yes,2.0,Low,High,Public,Neutral,5.0,No,Postgraduate,Moderate,Male,66
19.0,90.0,Medium,Medium,No,8.0,68.0,Low,Yes,0.0,High,Medium,Public,Negative,4.0,No,High School,Moderate,Male,66
23.0,62.0,Medium,High,No,10.0,93.0,High,Yes,2.0,Low,,Public,Positive,4.0,No,College,Near,Female,68
14.0,69.0,Low,High,No,8.0,62.0,High,Yes,1.0,Medium,High,Private,Neutral,2.0,No,High School,Near,Male,63
21.0,71.0,Medium,Medium,Yes,7.0,51.0,Medium,Yes,3.0,Medium,High,Private,Neutral,3.0,No,Postgraduate,Moderate,Female,66
12.0,82.0,High,Medium,Yes,10.0,77.0,High,Yes,0.0,Medium,Medium,Public,Neutral,4.0,No,College,Far,Female,66
16.0,66.0,High,Medium,Yes,7.0,79.0,High,Yes,0.0,High,High,Private,Neutral,3.0,No,College,Near,Female,66
22.0,65.0,Medium,Medium,Yes,9.0,66.0,High,Yes,2.0,Medium,Medium,Public,Negative,4.0,No,High School,Near,Male,65
10.0,98.0,Medium,Medium,Yes,6.0,82.0,Medium,Yes,2.0,High,Medium,Public,Positive,2.0,No,College,Moderate,Male,69
23.0,92.0,Medium,High,No,9.0,52.0,High,Yes,1.0,High,Medium,Private,Positive,2.0,No,High School,Near,Female,71
20.0,67.0,High,High,No,6.0,67.0,High,Yes,1.0,Medium,High,Public,Positive,2.0,Yes,College,Near,Female,66
23.0,76.0,Medium,Medium,Yes,7.0,57.0,High,Yes,1.0,Medium,Medium,Public,Negative,3.0,No,High School,Moderate,Female,66
21.0,74.0,Medium,High,Yes,6.0,61.0,Low,No,0.0,Low,Medium,Private,Positive,4.0,No,High School,Near,Male,65
28.0,92.0,Low,Medium,No,10.0,69.0,Medium,Yes,4.0,Low,Medium,Public,Neutral,4.0,No,High School,Moderate,Female,71
21.0,80.0,Medium,High,No,7.0,75.0,High,Yes,3.0,Medium,High,Private,Neutral,2.0,No,High School,Far,Male,69
17.0,65.0,Low,Low,Yes,5.0,55.0,Medium,Yes,2.0,Low,Medium,Public,Positive,3.0,No,High School,Near,Female,61
21.0,90.0,High,Medium,Yes,7.0,55.0,High,Yes,1.0,Low,High,Public,Neutral,4.0,No,High School,Near,Female,70
23.0,76.0,Medium,Medium,No,8.0,84.0,High,Yes,2.0,High,Medium,Public,Positive,4.0,No,College,Near,Female,70
20.0,71.0,Medium,Medium,No,7.0,70.0,High,Yes,0.0,High,High,Public,Negative,4.0,No,High School,Near,Female,65
20.0,75.0,Medium,Low,Yes,6.0,59.0,Medium,Yes,2.0,Medium,Medium,Public,Negative,1.0,No,Postgraduate,Moderate,Male,64
16.0,80.0,High,High,Yes,9.0,62.0,Low,Yes,0.0,High,Medium,Public,Neutral,4.0,No,Postgraduate,Near,Female,68
16.0,74.0,Low,Medium,Yes,9.0,86.0,Low,Yes,1.0,Low,Medium,Private,Neutral,2.0,No,High School,Near,Female,63
12.0,70.0,Medium,High,No,5.0,53.0,Medium,Yes,2.0,Low,Medium,Private,Positive,3.0,No,College,Near,Male,63
30.0,76.0,Medium,Medium,Yes,6.0,75.0,Low,Yes,3.0,High,Medium,Public,Positive,3.0,No,College,Near,Female,71
13.0,61.0,High,Low,No,7.0,68.0,Low,No,1.0,Medium,Medium,Public,Neutral,2.0,No,High School,Near,Male,58
16.0,91.0,Medium,Medium,Yes,6.0,91.0,Medium,Yes,1.0,Medium,Medium,Public,Neutral,2.0,No,High School,Moderate,Female,68
16.0,67.0,Medium,High,No,8.0,90.0,High,Yes,1.0,High,Low,Public,Neutral,4.0,No,High School,Near,Male,65
25.0,62.0,Medium,Medium,No,10.0,84.0,Low,Yes,2.0,Low,Medium,Public,Positive,3.0,No,College,Near,Female,65
18.0,86.0,High,Low,Yes,6.0,69.0,Low,Yes,2.0,Medium,High,Public,Positive,2.0,No,High School,Near,Male,68
27.0,91.0,Low,High,Yes,9.0,82.0,Medium,Yes,0.0,Low,Low,Public,Neutral,1.0,No,High School,Far,Male,69
16.0,93.0,Medium,Medium,Yes,5.0,82.0,Low,Yes,5.0,High,Medium,Public,Positive,1.0,No,High School,Near,Male,71
22.0,80.0,Low,Medium,No,8.0,67.0,Low,Yes,2.0,Low,Low,Private,Positive,2.0,No,Postgraduate,Moderate,Male,65
15.0,68.0,Low,Medium,Yes,6.0,94.0,Low,Yes,0.0,Medium,High,Public,Neutral,5.0,No,Postgraduate,Near,Female,64
33.0,89.0,Low,Medium,No,8.0,99.0,Medium,Yes,2.0,High,High,Private,Positive,4.0,No,College,Moderate,Male,75
13.0,88.0,High,Medium,No,4.0,66.0,Low,Yes,1.0,Low,High,Public,Positive,4.0,No,High School,Near,Female,67
22.0,70.0,Medium,High,Yes,5.0,90.0,High,Yes,1.0,Medium,High,Public,Neutral,3.0,No,College,Far,Female,68
24.0,96.0,High,High,No,8.0,75.0,Low,Yes,1.0,Medium,Medium,Public,Positive,1.0,No,College,Moderate,Female,72
22.0,64.0,Medium,Medium,No,6.0,73.0,High,Yes,3.0,Medium,Medium,Public,Positive,4.0,No,Postgraduate,Moderate,Female,67
19.0,99.0,High,Medium,No,7.0,69.0,Medium,Yes,1.0,High,Medium,Public,Positive,3.0,No,High School,Near,Male,72
19.0,94.0,Medium,Low,Yes,10.0,65.0,High,Yes,1.0,Low,High,Public,Negative,3.0,No,Postgraduate,Moderate,Male,69
20.0,88.0,Low,Low,No,7.0,96.0,Low,Yes,0.0,High,High,Public,Positive,3.0,No,Postgraduate,Moderate,Male,68
19.0,98.0,Medium,Medium,Yes,8.0,87.0,Medium,Yes,0.0,Medium,Medium,Private,Negative,6.0,No,High School,Near,Male,70
26.0,89.0,Medium,Medium,No,6.0,72.0,High,Yes,1.0,Low,Medium,Public,Neutral,3.0,Yes,College,Near,Female,69
33.0,68.0,Medium,Low,Yes,5.0,88.0,Medium,Yes,2.0,Low,Medium,Public,Negative,1.0,No,College,Moderate,Male,67
17.0,78.0,Medium,Medium,No,7.0,86.0,Medium,No,0.0,Low,Low,Public,Neutral,3.0,No,College,Near,Female,63
12.0,63.0,Medium,High,No,5.0,63.0,Low,Yes,4.0,Low,Medium,Private,Positive,2.0,No,High School,Moderate,Male,61
19.0,76.0,Medium,High,Yes,6.0,59.0,Medium,Yes,1.0,Medium,Medium,Public,Neutral,3.0,No,High School,Near,Female,66
35.0,90.0,High,Medium,Yes,7.0,92.0,Low,No,0.0,Low,Medium,Private,Neutral,4.0,No,High School,Near,Male,73
15.0,75.0,Medium,High,Yes,7.0,91.0,High,Yes,0.0,Medium,High,Public,Neutral,3.0,No,College,Moderate,Male,67
30.0,73.0,High,Medium,Yes,8.0,100.0,Medium,Yes,2.0,High,High,Public,Neutral,2.0,No,High School,Near,Female,72
30.0,84.0,High,Medium,No,8.0,51.0,Low,Yes,1.0,Low,Medium,Public,Positive,4.0,Yes,Postgraduate,Far,Male,69
17.0,95.0,Low,High,No,5.0,77.0,Medium,Yes,2.0,Medium,Medium,Public,Positive,4.0,No,High School,Moderate,Female,69
23.0,62.0,Low,High,Yes,6.0,85.0,Medium,Yes,1.0,Low,Medium,Public,Negative,3.0,Yes,College,Moderate,Male,63
30.0,75.0,Medium,Medium,Yes,4.0,79.0,Low,Yes,0.0,Medium,Medium,Public,Negative,4.0,No,High School,Moderate,Male,67
18.0,66.0,Medium,Medium,No,6.0,86.0,Medium,Yes,0.0,High,Medium,Public,Positive,2.0,No,High School,Moderate,Female,63
19.0,88.0,Medium,High,Yes,8.0,57.0,Low,No,1.0,Medium,Low,Private,Negative,4.0,No,College,Near,Male,66
17.0,64.0,Medium,Medium,No,9.0,50.0,Medium,Yes,2.0,Low,High,Public,Positive,4.0,No,High School,Moderate,Female,62
14.0,87.0,Medium,Medium,Yes,7.0,55.0,Medium,Yes,2.0,Low,High,Private,Positive,4.0,No,Postgraduate,Near,Male,68
16.0,71.0,Medium,High,No,9.0,69.0,Medium,Yes,1.0,Low,Medium,Public,Neutral,4.0,No,Postgraduate,Near,Female,65
13.0,68.0,Low,Low,Yes,8.0,66.0,Medium,Yes,0.0,Medium,Low,Public,Neutral,4.0,Yes,College,Near,Male,59
20.0,97.0,High,Medium,Yes,7.0,94.0,High,Yes,1.0,Medium,Medium,Public,Negative,1.0,No,College,Moderate,Male,72
15.0,61.0,Medium,High,Yes,6.0,54.0,Medium,Yes,0.0,High,High,Private,Neutral,2.0,No,Postgraduate,Near,Male,63
21.0,78.0,Medium,Medium,No,4.0,72.0,Medium,Yes,1.0,Medium,High,Public,Neutral,4.0,No,Postgraduate,Near,Male,68
11.0,61.0,Medium,Medium,Yes,9.0,98.0,High,Yes,0.0,Medium,High,Public,Negative,2.0,No,High School,Moderate,Male,61
22.0,79.0,Low,Medium,No,7.0,75.0,Low,Yes,1.0,Low,High,Private,Neutral,3.0,No,High School,Near,Female,65
25.0,80.0,Medium,Medium,Yes,9.0,57.0,Low,Yes,2.0,Low,High,Public,Positive,3.0,No,High School,Moderate,Female,68
8.0,73.0,Low,Medium,Yes,6.0,65.0,High,Yes,1.0,Low,Medium,Public,Neutral,4.0,No,College,Moderate,Male,61
22.0,65.0,Low,Low,Yes,10.0,81.0,Medium,Yes,1.0,Low,,Private,Neutral,3.0,No,Postgraduate,Near,Male,63
27.0,75.0,Medium,Medium,Yes,7.0,51.0,High,Yes,1.0,Medium,Low,Public,Negative,2.0,No,Postgraduate,Near,Male,67
13.0,87.0,Low,Medium,Yes,6.0,98.0,Low,Yes,0.0,High,High,Public,Positive,3.0,Yes,Postgraduate,Moderate,Male,66
30.0,91.0,Medium,Medium,Yes,7.0,78.0,High,Yes,3.0,Medium,Medium,Private,Positive,2.0,No,Postgraduate,Near,Male,75
23.0,81.0,Medium,Medium,No,7.0,85.0,Low,Yes,0.0,Medium,Medium,Public,Positive,4.0,No,High School,Near,Male,68
16.0,84.0,Low,Medium,No,7.0,75.0,High,Yes,2.0,Medium,Medium,Public,Negative,3.0,No,High School,Near,Female,65
20.0,68.0,Low,Medium,No,6.0,98.0,High,Yes,0.0,Low,High,Public,Negative,4.0,No,High School,Near,Female,64
23.0,71.0,High,Medium,Yes,4.0,79.0,Medium,No,2.0,Low,Medium,Public,Positive,3.0,No,,Near,Male,67
20.0,66.0,Low,Medium,Yes,6.0,83.0,Medium,Yes,2.0,Low,Medium,Private,Neutral,3.0,No,College,Near,Male,64
23.0,70.0,Medium,High,Yes,9.0,93.0,Medium,Yes,0.0,Low,High,Public,Neutral,2.0,Yes,Postgraduate,Moderate,Female,67
14.0,69.0,Medium,High,Yes,6.0,93.0,Low,No,2.0,Low,Medium,Private,Neutral,0.0,No,High School,Near,Male,63
21.0,81.0,High,Medium,Yes,4.0,51.0,Medium,Yes,0.0,Medium,Medium,Private,Positive,2.0,No,College,Moderate,Female,67
12.0,83.0,High,Low,Yes,5.0,64.0,Medium,Yes,1.0,High,Medium,Private,Negative,2.0,No,Postgraduate,Near,Female,65
19.0,98.0,High,Low,Yes,7.0,62.0,High,Yes,1.0,Low,High,Public,Neutral,2.0,No,High School,Near,Female,70
15.0,68.0,Medium,Medium,Yes,6.0,50.0,High,Yes,2.0,High,Low,Public,Neutral,3.0,No,High School,Moderate,Male,62
16.0,86.0,High,Medium,Yes,7.0,94.0,Medium,Yes,2.0,Low,High,Public,Neutral,3.0,No,High School,Moderate,Female,69
27.0,93.0,Medium,Low,Yes,6.0,66.0,Medium,Yes,2.0,Medium,Medium,Public,Negative,3.0,No,College,Moderate,Female,70
27.0,82.0,Medium,Medium,Yes,9.0,67.0,Low,Yes,1.0,Low,High,Private,Neutral,2.0,No,High School,Moderate,Male,68
24.0,70.0,Medium,High,No,8.0,55.0,Medium,Yes,4.0,Low,High,Public,Positive,4.0,No,Postgraduate,Moderate,Female,68
13.0,71.0,Medium,Medium,Yes,10.0,99.0,Medium,Yes,0.0,Low,Medium,Public,Neutral,3.0,No,Postgraduate,Near,Male,64
18.0,62.0,Low,High,Yes,6.0,91.0,High,No,4.0,Low,Medium,Private,Neutral,1.0,No,High School,Moderate,Male,63
27.0,72.0,Low,Low,Yes,7.0,79.0,Medium,Yes,2.0,High,High,Public,Positive,2.0,No,Postgraduate,Moderate,Female,68
21.0,90.0,High,Low,Yes,9.0,89.0,Low,Yes,1.0,Low,Low,Public,Neutral,2.0,No,High School,Far,Female,67
34.0,62.0,High,Low,No,8.0,89.0,Low,Yes,3.0,Low,Medium,Private,Neutral,4.0,No,College,Moderate,Female,68
22.0,69.0,Medium,High,Yes,6.0,83.0,Medium,Yes,1.0,Low,Medium,Public,Positive,2.0,No,College,Moderate,Female,66
21.0,88.0,Medium,Medium,Yes,8.0,59.0,Low,No,2.0,Medium,Medium,Private,Negative,1.0,No,Postgraduate,Near,Male,67
18.0,91.0,High,Medium,No,8.0,86.0,High,Yes,1.0,Medium,Medium,Public,Neutral,4.0,Yes,High School,Moderate,Male,69
21.0,78.0,High,Medium,Yes,4.0,78.0,Medium,Yes,2.0,High,Medium,Private,Negative,3.0,No,,Far,Male,68
19.0,88.0,Medium,High,No,6.0,86.0,Medium,Yes,4.0,Medium,Medium,Public,Positive,3.0,Yes,College,Moderate,Male,70
24.0,76.0,Medium,Medium,No,7.0,77.0,Medium,Yes,3.0,Medium,Medium,Private,Negative,4.0,No,Postgraduate,Moderate,Female,68
26.0,66.0,Low,Medium,Yes,9.0,98.0,Medium,Yes,2.0,Low,Medium,Public,Neutral,2.0,No,College,Near,Male,66
15.0,76.0,Medium,High,Yes,8.0,81.0,Medium,Yes,2.0,Low,Medium,Private,Neutral,4.0,No,Postgraduate,Moderate,Female,67
12.0,83.0,Medium,Medium,No,6.0,79.0,Medium,Yes,1.0,High,Low,Public,Neutral,4.0,No,High School,Moderate,Female,65
9.0,98.0,Medium,Medium,No,6.0,92.0,Medium,Yes,0.0,Medium,Medium,Public,Neutral,5.0,No,High School,Moderate,Male,67
23.0,63.0,Medium,Medium,No,8.0,69.0,High,Yes,2.0,Medium,Low,Public,Negative,4.0,Yes,High School,Near,Male,63
13.0,80.0,Low,High,Yes,4.0,66.0,High,Yes,2.0,Low,Medium,Public,Negative,2.0,No,High School,Moderate,Female,64
7.0,73.0,High,Medium,Yes,6.0,75.0,Medium,Yes,3.0,Low,Medium,Public,Neutral,3.0,No,College,Near,Female,64
22.0,80.0,Low,Low,No,9.0,79.0,High,Yes,0.0,Medium,Medium,Private,Neutral,3.0,No,College,Moderate,Female,66
35.0,61.0,Medium,High,Yes,7.0,61.0,Low,Yes,2.0,Medium,Medium,Private,Positive,4.0,Yes,High School,Near,Male,68
20.0,73.0,High,Medium,Yes,6.0,84.0,High,Yes,0.0,Medium,Medium,Public,Positive,3.0,No,High School,Moderate,Male,67
25.0,93.0,Medium,High,No,5.0,90.0,Low,Yes,1.0,Medium,Medium,Public,Positive,2.0,No,College,Near,Male,72
20.0,82.0,Medium,Medium,Yes,8.0,79.0,Low,Yes,1.0,Low,Medium,Public,Positive,4.0,No,High School,Near,Male,67
19.0,78.0,Medium,Medium,No,7.0,76.0,High,Yes,2.0,Medium,Low,Public,Neutral,3.0,No,College,Moderate,Female,66
26.0,71.0,High,Low,No,7.0,65.0,Medium,Yes,1.0,Low,Medium,Public,Positive,3.0,No,College,Near,Female,66
18.0,72.0,High,High,Yes,8.0,95.0,Medium,Yes,1.0,Medium,Medium,Public,Negative,4.0,No,High School,Moderate,Male,67
22.0,75.0,Medium,Medium,No,7.0,88.0,Low,Yes,0.0,Low,Medium,Private,Neutral,3.0,No,Postgraduate,Far,Male,65
22.0,93.0,High,Medium,No,7.0,74.0,Low,Yes,2.0,Medium,High,Public,Negative,3.0,No,College,Far,Male,70
16.0,99.0,Low,Medium,Yes,5.0,83.0,Low,Yes,0.0,Low,High,Private,Neutral,4.0,No,Postgraduate,Near,Female,69
26.0,78.0,High,High,Yes,5.0,67.0,Low,Yes,1.0,High,High,Private,Negative,3.0,No,High School,Moderate,Male,69
19.0,76.0,High,Medium,Yes,8.0,53.0,Medium,Yes,1.0,Medium,Medium,Public,Negative,4.0,No,College,Near,Female,66
15.0,94.0,Medium,Low,No,8.0,60.0,Medium,Yes,2.0,Medium,Medium,Public,Neutral,4.0,No,High School,Far,Male,66
23.0,77.0,High,High,Yes,8.0,54.0,Medium,Yes,1.0,Low,Medium,Public,Negative,3.0,No,College,Moderate,Female,67
15.0,82.0,Medium,High,Yes,6.0,75.0,Medium,Yes,1.0,Medium,Low,Public,Positive,3.0,No,High School,Near,Male,67
20.0,69.0,Medium,Medium,Yes,8.0,81.0,High,Yes,2.0,Medium,Medium,Public,Positive,4.0,No,High School,Near,Male,67
20.0,90.0,High,High,Yes,6.0,69.0,Medium,Yes,2.0,High,High,Public,Neutral,3.0,No,High School,Near,Female,72
27.0,81.0,Medium,Low,Yes,9.0,77.0,Low,Yes,1.0,Medium,High,Public,Neutral,4.0,No,College,Moderate,Female,68
23.0,92.0,Medium,Low,Yes,6.0,54.0,High,Yes,3.0,Medium,Medium,Public,Positive,2.0,Yes,Postgraduate,Near,Male,70
20.0,91.0,Medium,Medium,Yes,6.0,88.0,Medium,Yes,1.0,Low,Medium,Public,Positive,4.0,No,High School,Moderate,Male,69
25.0,69.0,High,Low,Yes,7.0,52.0,High,Yes,1.0,Low,Medium,Public,Positive,4.0,No,High School,Moderate,Male,65
28.0,89.0,High,High,No,8.0,82.0,Medium,Yes,0.0,Medium,Medium,Public,Negative,3.0,No,Postgraduate,Far,Male,72
23.0,92.0,Medium,High,No,7.0,72.0,Medium,Yes,0.0,Low,Medium,Public,Neutral,4.0,No,College,Far,Female,69
20.0,74.0,Medium,Medium,Yes,7.0,59.0,Low,Yes,5.0,High,Medium,Public,Positive,4.0,No,High School,Near,Female,68
12.0,67.0,High,High,No,6.0,76.0,High,Yes,1.0,Low,Medium,Public,Negative,2.0,No,High School,Moderate,Male,62
14.0,60.0,Medium,Low,Yes,7.0,89.0,Low,Yes,2.0,Medium,Medium,Public,Neutral,3.0,No,High School,Moderate,Male,60
18.0,78.0,High,Medium,Yes,7.0,71.0,Low,Yes,3.0,Medium,Medium,Public,Neutral,4.0,No,High School,Moderate,Male,67
16.0,74.0,High,High,Yes,6.0,68.0,Low,Yes,2.0,Medium,Medium,Public,Neutral,4.0,No,College,Near,Male,67
19.0,82.0,Medium,High,Yes,7.0,57.0,Medium,Yes,1.0,Medium,Medium,Public,Neutral,3.0,No,High School,Near,Male,67
20.0,68.0,Medium,Medium,Yes,7.0,80.0,Low,Yes,0.0,Low,Medium,Private,Neutral,4.0,No,High School,Near,Female,63
23.0,94.0,Medium,Low,Yes,10.0,91.0,High,Yes,1.0,Medium,Medium,Public,Neutral,3.0,No,High School,Near,Male,71
20.0,70.0,Medium,Medium,Yes,6.0,78.0,High,Yes,0.0,Medium,Medium,Private,Positive,2.0,No,College,Near,Female,66
23.0,69.0,Medium,Medium,Yes,6.0,58.0,High,Yes,0.0,Medium,Medium,Public,Neutral,1.0,No,Postgraduate,Near,Female,65
20.0,79.0,High,Medium,Yes,7.0,83.0,High,Yes,2.0,Medium,Medium,Public,Positive,2.0,No,High School,Moderate,Female,69
8.0,80.0,High,Low,No,6.0,52.0,High,Yes,2.0,Medium,Medium,Public,Positive,1.0,No,High School,Near,Female,63
14.0,69.0,Medium,Medium,Yes,5.0,92.0,High,Yes,3.0,Low,Low,Public,Negative,2.0,No,Postgraduate,Moderate,Female,64
19.0,71.0,High,High,No,5.0,96.0,High,Yes,2.0,Low,Medium,Private,Neutral,0.0,Yes,College,Near,Female,67
13.0,67.0,Medium,Medium,Yes,6.0,80.0,High,Yes,1.0,Low,High,Public,Negative,2.0,No,High School,Moderate,Male,62
24.0,89.0,Medium,Low,Yes,6.0,94.0,Low,Yes,2.0,Medium,Medium,Public,Neutral,2.0,No,High School,Far,Male,68
29.0,91.0,Medium,High,No,5.0,54.0,Low,Yes,2.0,Low,,Public,Neutral,3.0,No,Postgraduate,Moderate,Male,71
27.0,78.0,High,Medium,No,7.0,61.0,Medium,No,1.0,Low,Medium,Public,Negative,3.0,No,High School,Moderate,Female,66
19.0,89.0,Medium,High,Yes,4.0,66.0,Low,Yes,1.0,Low,Medium,Public,Positive,1.0,No,Postgraduate,Near,Female,69
29.0,89.0,Medium,Low,Yes,8.0,89.0,Low,Yes,1.0,Medium,High,Private,Neutral,4.0,No,High School,Moderate,Male,71
21.0,66.0,Medium,Medium,Yes,6.0,74.0,Medium,Yes,2.0,Medium,High,Private,Neutral,4.0,No,High School,Near,Female,66
18.0,99.0,Medium,Medium,No,6.0,67.0,Medium,Yes,5.0,Low,Medium,Public,Positive,3.0,No,Postgraduate,Near,Female,72
16.0,93.0,Medium,Medium,Yes,8.0,58.0,Medium,Yes,1.0,High,High,Public,Positive,4.0,No,College,Near,Female,70
18.0,68.0,Low,Medium,No,8.0,91.0,High,Yes,1.0,Low,High,Private,Neutral,3.0,No,Postgraduate,Near,Female,65
18.0,67.0,High,Medium,No,6.0,51.0,Medium,Yes,0.0,Medium,High,Public,Positive,2.0,No,College,Near,Female,64
21.0,65.0,Medium,Medium,Yes,8.0,67.0,Medium,Yes,1.0,Low,Medium,Public,Positive,2.0,No,College,Moderate,Male,63
21.0,66.0,Medium,Medium,No,9.0,62.0,Low,No,3.0,Medium,Medium,Private,Positive,2.0,No,High School,Near,Male,63
20.0,90.0,Low,Medium,No,5.0,56.0,Medium,No,3.0,Medium,Medium,Public,Positive,2.0,No,High School,Moderate,Male,66
23.0,79.0,High,High,Yes,8.0,59.0,Low,Yes,1.0,Low,High,Public,Negative,4.0,No,College,Moderate,Male,68
27.0,91.0,Medium,High,Yes,5.0,75.0,Low,Yes,1.0,High,High,Public,Neutral,4.0,No,College,Near,Male,74
26.0,90.0,High,High,No,9.0,71.0,Low,Yes,0.0,High,Low,Private,Negative,2.0,No,College,Near,Female,71
11.0,84.0,High,Medium,Yes,6.0,76.0,High,Yes,3.0,Low,High,Public,Negative,3.0,No,High School,Moderate,Female,67
5.0,87.0,High,Low,No,6.0,86.0,Medium,Yes,2.0,Medium,High,Public,Positive,3.0,No,Postgraduate,Near,Female,66
26.0,61.0,High,Medium,Yes,9.0,95.0,Medium,Yes,0.0,Medium,Medium,Private,Negative,6.0,No,College,Near,Male,67
12.0,72.0,Low,High,Yes,8.0,56.0,High,Yes,3.0,Low,Medium,Public,Positive,1.0,Yes,High School,Moderate,Male,62
19.0,86.0,Medium,Low,No,6.0,54.0,Low,Yes,1.0,High,High,Private,Positive,5.0,No,Postgraduate,Near,Male,68
13.0,60.0,Medium,Medium,Yes,7.0,66.0,Medium,Yes,2.0,Low,Medium,Public,Positive,3.0,No,Postgraduate,Near,Male,62
9.0,61.0,High,Medium,Yes,6.0,77.0,Low,No,1.0,High,Medium,Private,Neutral,2.0,No,High School,Near,Male,82
23.0,94.0,High,Medium,No,5.0,55.0,High,Yes,2.0,Medium,Medium,Public,Positive,2.0,Yes,High School,Near,Male,70
25.0,87.0,High,Medium,No,7.0,86.0,Medium,Yes,4.0,Medium,Low,Private,Negative,2.0,No,College,Near,Male,72
17.0,71.0,Low,High,Yes,6.0,78.0,Low,Yes,0.0,Medium,Medium,Public,Positive,4.0,No,College,Near,Female,64
4.0,88.0,Medium,High,No,6.0,87.0,Low,Yes,1.0,Medium,High,Public,Neutral,4.0,No,College,Near,Male,66
17.0,92.0,Medium,Medium,Yes,9.0,68.0,High,Yes,0.0,Medium,Low,Private,Positive,3.0,No,College,Near,Female,68
22.0,72.0,Low,Medium,No,6.0,70.0,Low,Yes,1.0,High,Medium,Public,Neutral,3.0,No,Postgraduate,Far,Male,64
11.0,61.0,Low,Medium,Yes,7.0,90.0,High,Yes,0.0,Medium,High,Public,Neutral,3.0,No,High School,Near,Female,61
21.0,97.0,Medium,Medium,Yes,9.0,63.0,Medium,Yes,0.0,Medium,Medium,Public,Positive,1.0,No,High School,Moderate,Male,69
20.0,74.0,High,High,No,7.0,69.0,Low,Yes,2.0,High,High,Private,Neutral,2.0,No,College,Near,Male,68
23.0,64.0,Medium,Medium,No,6.0,51.0,Medium,Yes,1.0,Medium,Medium,Public,Positive,5.0,No,College,Near,Male,64
21.0,80.0,Medium,High,No,7.0,78.0,Medium,Yes,1.0,Low,High,Private,Negative,4.0,No,High School,Moderate,Female,67
14.0,91.0,Medium,Medium,Yes,8.0,93.0,Medium,Yes,0.0,Medium,Medium,Public,Neutral,3.0,No,High School,Moderate,Male,67
27.0,69.0,Medium,Medium,No,8.0,51.0,Medium,Yes,1.0,High,Medium,Public,Negative,2.0,No,High School,Near,Male,65
19.0,71.0,High,Medium,Yes,10.0,81.0,Medium,Yes,2.0,Medium,High,Public,Positive,3.0,No,High School,Near,Female,68
20.0,70.0,Medium,High,Yes,6.0,92.0,Medium,Yes,2.0,Medium,Low,Public,Positive,3.0,No,High School,Near,Male,67
14.0,100.0,Low,Medium,No,7.0,75.0,Low,Yes,1.0,Low,,Public,Positive,3.0,No,Postgraduate,Moderate,Male,67
17.0,68.0,Medium,High,Yes,5.0,66.0,Medium,Yes,1.0,High,Medium,Public,Negative,4.0,No,High School,Near,Male,64
15.0,83.0,High,High,Yes,8.0,100.0,Medium,Yes,0.0,Medium,Medium,Public,Positive,3.0,No,College,Near,Female,70
19.0,97.0,Medium,High,No,7.0,53.0,Medium,Yes,2.0,Low,Low,Private,Neutral,3.0,No,College,Moderate,Male,69
30.0,66.0,Medium,High,No,7.0,61.0,Low,Yes,0.0,High,High,Private,Positive,2.0,No,High School,Far,Male,66
12.0,99.0,Low,Medium,No,6.0,94.0,Medium,Yes,2.0,Medium,Medium,Public,Neutral,3.0,No,Postgraduate,Moderate,Male,69
10.0,98.0,Low,Medium,Yes,6.0,65.0,Medium,Yes,1.0,Low,High,Private,Positive,2.0,No,High School,Near,Male,66
29.0,95.0,High,Medium,Yes,7.0,91.0,Low,Yes,1.0,Low,Medium,Public,Neutral,3.0,No,High School,Moderate,Female,73
19.0,69.0,Medium,Medium,Yes,6.0,67.0,Medium,No,4.0,High,High,Private,Positive,4.0,No,Postgraduate,Moderate,Male,66
16.0,85.0,Medium,High,Yes,7.0,91.0,High,Yes,0.0,Medium,Medium,Public,Neutral,2.0,No,Postgraduate,Moderate,Male,69
26.0,90.0,Medium,Low,Yes,7.0,84.0,Low,Yes,1.0,Medium,Medium,Public,Positive,3.0,No,High School,Moderate,Male,70
16.0,99.0,High,Medium,Yes,5.0,73.0,High,Yes,1.0,Medium,Medium,Private,Positive,5.0,Yes,College,Far,Male,71
31.0,67.0,Low,High,Yes,5.0,76.0,Medium,Yes,2.0,Medium,High,Public,Positive,4.0,No,College,Near,Male,70
24.0,91.0,High,Low,Yes,6.0,59.0,Medium,Yes,0.0,Low,Medium,Private,Neutral,4.0,No,High School,Near,Male,69
17.0,74.0,Medium,Medium,No,9.0,56.0,Medium,Yes,1.0,Medium,High,Private,Negative,3.0,No,High School,Moderate,Male,63
33.0,67.0,High,Medium,Yes,6.0,86.0,Medium,Yes,4.0,Medium,High,Public,Positive,3.0,Yes,High School,Near,Female,71
16.0,77.0,High,High,No,7.0,92.0,Low,Yes,2.0,Medium,Medium,Public,Negative,2.0,No,College,Near,Male,67
24.0,92.0,Medium,Medium,Yes,5.0,86.0,High,Yes,3.0,Medium,High,Public,Neutral,2.0,No,High School,Near,Female,73
22.0,79.0,Low,High,Yes,6.0,96.0,Medium,Yes,1.0,High,Medium,Public,Neutral,2.0,No,College,Moderate,Male,68
28.0,82.0,Low,Medium,Yes,5.0,95.0,Medium,Yes,0.0,High,Low,Public,Neutral,3.0,No,High School,Near,Male,69
29.0,100.0,High,High,Yes,8.0,89.0,Medium,Yes,2.0,Medium,Medium,Private,Neutral,3.0,No,High School,Moderate,Female,76
20.0,76.0,Low,Medium,Yes,5.0,95.0,Medium,Yes,4.0,Low,High,Public,Positive,3.0,No,High School,Near,Male,68
15.0,85.0,Medium,Medium,No,8.0,58.0,High,Yes,1.0,Low,Medium,Private,Negative,3.0,No,College,Near,Male,65
23.0,75.0,Medium,Medium,Yes,8.0,87.0,Low,Yes,0.0,High,Low,Public,Positive,1.0,No,High School,Near,Female,66
16.0,76.0,Medium,Low,No,7.0,88.0,High,Yes,0.0,Low,Medium,Public,Positive,2.0,No,Postgraduate,Near,Male,65
32.0,88.0,Low,Medium,No,8.0,58.0,Low,Yes,3.0,Low,High,Private,Negative,3.0,No,High School,Moderate,Male,69
21.0,98.0,High,Medium,Yes,10.0,95.0,Medium,Yes,0.0,Medium,Medium,Public,Neutral,1.0,No,High School,,Male,71
18.0,82.0,High,Low,Yes,8.0,50.0,Medium,Yes,1.0,High,Medium,Public,Positive,3.0,No,High School,Moderate,Male,66
21.0,91.0,Medium,High,No,5.0,72.0,Medium,Yes,3.0,Low,Medium,Public,Negative,3.0,Yes,High School,Near,Female,69
12.0,64.0,Medium,Medium,No,9.0,51.0,Low,No,2.0,Low,Medium,Public,Neutral,4.0,No,College,Near,Male,59
14.0,68.0,Medium,High,No,7.0,76.0,Medium,Yes,2.0,High,Medium,Public,Positive,3.0,No,High School,Near,Male,65
27.0,80.0,High,High,No,10.0,71.0,High,Yes,4.0,Low,Low,Public,Neutral,2.0,No,College,Near,Male,72
16.0,61.0,Medium,Low,Yes,6.0,81.0,Medium,Yes,0.0,Medium,Medium,Public,Negative,2.0,No,College,,Male,60
14.0,70.0,Medium,Medium,Yes,9.0,88.0,Low,Yes,0.0,High,Medium,Private,Positive,4.0,No,College,Moderate,Female,64
23.0,81.0,Medium,Medium,No,7.0,88.0,Low,Yes,1.0,Low,Medium,Public,Positive,4.0,No,Postgraduate,Near,Male,69
27.0,61.0,High,High,Yes,10.0,86.0,Medium,Yes,3.0,Medium,High,Private,Positive,3.0,No,High School,Near,Female,70
24.0,71.0,Medium,High,Yes,7.0,55.0,Low,Yes,2.0,High,Medium,Public,Positive,3.0,No,College,Far,Male,67
26.0,81.0,Medium,Medium,No,10.0,71.0,Low,Yes,0.0,Medium,Medium,Private,Positive,5.0,Yes,High School,Near,Female,67
15.0,83.0,Medium,Low,Yes,8.0,91.0,Medium,Yes,0.0,Low,Medium,Private,Neutral,3.0,No,College,Far,Male,64
11.0,97.0,Medium,Medium,Yes,8.0,83.0,Low,Yes,4.0,Medium,High,Private,Negative,2.0,No,High School,Far,Male,68
29.0,86.0,Medium,High,No,10.0,84.0,Low,Yes,1.0,Low,High,Private,Positive,4.0,No,High School,Near,Female,72
18.0,77.0,Medium,High,Yes,6.0,61.0,Medium,Yes,1.0,Low,Medium,Private,Neutral,3.0,No,High School,Near,Female,65
18.0,97.0,Medium,High,No,8.0,66.0,Low,Yes,2.0,Medium,Medium,Public,Neutral,2.0,No,College,Moderate,Male,70
28.0,91.0,High,Medium,No,7.0,98.0,Low,Yes,2.0,Low,Medium,Private,Positive,5.0,No,Postgraduate,Near,Male,75
23.0,68.0,Low,Low,Yes,7.0,92.0,Medium,No,3.0,Low,High,Private,Neutral,4.0,No,High School,Near,Male,65
23.0,65.0,Medium,High,Yes,7.0,58.0,Low,Yes,1.0,Low,Medium,Public,Neutral,3.0,Yes,College,Moderate,Female,63
33.0,87.0,Medium,High,No,8.0,77.0,Low,Yes,0.0,Low,Medium,Private,Positive,3.0,Yes,High School,Near,Male,71
16.0,82.0,Medium,Low,Yes,8.0,75.0,Medium,Yes,2.0,Medium,Medium,Public,Positive,2.0,No,College,Near,Female,66
26.0,92.0,Medium,Low,Yes,6.0,72.0,Medium,Yes,1.0,Low,Medium,Private,Neutral,3.0,No,High School,Moderate,Female,69
20.0,90.0,High,Medium,No,7.0,74.0,Low,No,0.0,High,Low,Private,Positive,3.0,No,Postgraduate,Moderate,Female,68
22.0,85.0,Medium,High,No,4.0,82.0,Medium,Yes,1.0,Medium,High,Public,Positive,2.0,No,Postgraduate,Near,Male,71
29.0,99.0,High,Medium,Yes,8.0,98.0,High,No,5.0,Low,Low,Public,Neutral,2.0,No,Postgraduate,Near,Male,77
23.0,81.0,High,Low,Yes,10.0,94.0,High,Yes,1.0,Medium,High,Public,Neutral,2.0,No,College,Near,Female,70
23.0,65.0,Medium,Medium,No,7.0,94.0,Medium,Yes,1.0,High,Medium,Public,Negative,3.0,No,College,Near,Female,66
26.0,93.0,High,Medium,No,5.0,85.0,Low,Yes,1.0,High,High,Public,Positive,3.0,No,College,Moderate,Female,73
18.0,70.0,Medium,Medium,Yes,8.0,51.0,Medium,Yes,1.0,Low,Medium,Private,Negative,3.0,No,College,Moderate,Male,62
15.0,91.0,Medium,Medium,No,6.0,72.0,Low,Yes,0.0,Medium,Medium,Public,Neutral,2.0,No,High School,Moderate,Female,65
14.0,98.0,High,High,Yes,7.0,76.0,Medium,Yes,0.0,Low,Medium,Public,Neutral,2.0,No,Postgraduate,Near,Male,71
8.0,88.0,Medium,Medium,Yes,8.0,92.0,High,Yes,1.0,Low,Medium,Public,Negative,4.0,No,College,Near,Male,66
32.0,84.0,Low,Medium,Yes,8.0,96.0,Medium,Yes,1.0,Low,Medium,Public,Positive,3.0,No,High School,Near,Female,72
13.0,78.0,Medium,Medium,Yes,9.0,73.0,Medium,Yes,0.0,Medium,High,Private,Negative,4.0,No,High School,Near,Male,64
19.0,75.0,Medium,Medium,No,7.0,65.0,Low,Yes,0.0,Low,Low,Private,Neutral,4.0,No,High School,Near,Female,63
18.0,74.0,Low,Medium,Yes,7.0,67.0,Low,Yes,0.0,Low,Medium,Public,Positive,3.0,No,High School,Near,Male,63
22.0,85.0,High,Medium,No,8.0,79.0,High,Yes,5.0,Medium,High,Public,Neutral,2.0,No,High School,Near,Female,72
25.0,90.0,Medium,Medium,Yes,7.0,64.0,Medium,Yes,2.0,Medium,High,Public,Positive,2.0,No,High School,Moderate,Male,71
25.0,87.0,High,High,Yes,6.0,96.0,Low,No,3.0,Medium,Medium,Public,Positive,2.0,No,High School,Moderate,Female,72
17.0,68.0,Medium,High,Yes,8.0,71.0,Medium,Yes,1.0,Medium,High,Private,Neutral,2.0,No,High School,Near,Male,65
19.0,80.0,Medium,Medium,Yes,5.0,100.0,Medium,Yes,0.0,Medium,Medium,Public,Neutral,3.0,No,High School,Near,Female,67
22.0,92.0,Low,High,Yes,7.0,55.0,Low,Yes,1.0,Low,Medium,Public,Positive,4.0,No,High School,Moderate,Female,68
19.0,79.0,Medium,High,Yes,5.0,59.0,Medium,Yes,2.0,Low,Medium,Private,Neutral,2.0,No,Postgraduate,Far,Male,66
30.0,81.0,Medium,High,No,6.0,76.0,Medium,Yes,0.0,High,Medium,Public,Positive,3.0,No,Postgraduate,Near,Male,72
23.0,91.0,High,Medium,No,6.0,93.0,Medium,Yes,3.0,Low,Low,Public,Neutral,3.0,No,High School,Moderate,Female,71
24.0,86.0,Medium,High,No,6.0,68.0,Low,Yes,3.0,Low,High,Public,Positive,3.0,Yes,College,Moderate,Female,70
24.0,76.0,Medium,Medium,No,9.0,92.0,Medium,Yes,1.0,Medium,Low,Public,Neutral,3.0,No,Postgraduate,Near,Female,68
27.0,96.0,Medium,High,No,9.0,71.0,Low,Yes,0.0,Low,Medium,Private,Positive,4.0,No,College,Near,Female,72
21.0,67.0,Low,Medium,Yes,9.0,93.0,High,Yes,1.0,Low,High,Public,Neutral,3.0,No,College,Near,Male,66
12.0,100.0,Medium,Medium,No,7.0,64.0,Medium,Yes,1.0,Medium,High,Public,Positive,6.0,No,High School,Near,Male,69
22.0,65.0,Low,Medium,Yes,6.0,74.0,High,Yes,2.0,Medium,Medium,Public,Positive,1.0,No,College,Near,Male,65
16.0,61.0,High,High,No,8.0,64.0,Medium,Yes,1.0,Low,High,Public,Positive,3.0,No,High School,Far,Male,62
17.0,96.0,High,High,No,7.0,61.0,Low,Yes,1.0,Low,High,Public,Positive,1.0,No,College,Moderate,Female,69
24.0,70.0,Medium,Medium,Yes,7.0,71.0,Medium,Yes,1.0,Medium,Low,Public,Negative,4.0,No,High School,Near,Male,65
27.0,89.0,Medium,Low,No,4.0,67.0,Medium,Yes,2.0,Low,Low,Private,Neutral,4.0,No,College,Near,Female,69
20.0,92.0,Low,High,Yes,8.0,89.0,Medium,Yes,1.0,Low,Medium,Public,Neutral,3.0,No,High School,Moderate,Female,69
22.0,94.0,High,Medium,Yes,8.0,87.0,Medium,Yes,2.0,Low,,Private,Neutral,5.0,No,College,Near,Female,73
30.0,100.0,High,Medium,Yes,7.0,68.0,Low,Yes,2.0,Medium,Medium,Private,Neutral,2.0,No,Postgraduate,Near,Female,75
21.0,72.0,High,High,Yes,8.0,100.0,Medium,Yes,3.0,Low,High,Private,Positive,3.0,No,College,Far,Male,70
36.0,88.0,Medium,High,No,8.0,99.0,High,Yes,0.0,Low,Medium,Private,Negative,3.0,No,College,Near,Female,74
23.0,65.0,Medium,Medium,Yes,6.0,96.0,Medium,Yes,0.0,Low,Low,Public,Positive,3.0,No,High School,Near,Male,65
9.0,76.0,Medium,Medium,No,7.0,79.0,Medium,Yes,1.0,Medium,Medium,Public,Negative,3.0,No,College,Near,Male,63
25.0,94.0,High,High,No,5.0,71.0,Low,Yes,4.0,Medium,High,Public,Negative,4.0,No,College,Near,Female,74
22.0,75.0,High,High,Yes,9.0,66.0,Low,Yes,0.0,Low,Medium,Private,Neutral,2.0,No,Postgraduate,Near,Male,67
28.0,84.0,Medium,Medium,Yes,8.0,51.0,Medium,No,3.0,Medium,Medium,Public,Positive,4.0,No,Postgraduate,Near,Female,71
24.0,80.0,High,Low,Yes,6.0,82.0,Medium,Yes,1.0,Low,High,Public,Neutral,3.0,No,College,Moderate,Female,68
19.0,86.0,High,Medium,No,8.0,78.0,Medium,Yes,2.0,Medium,Medium,Public,Negative,4.0,No,College,Near,Female,69
13.0,99.0,Medium,High,No,7.0,81.0,Medium,Yes,0.0,Medium,Medium,Public,Positive,4.0,No,Postgraduate,Near,Male,71
19.0,62.0,High,Medium,Yes,6.0,79.0,Low,Yes,7.0,Medium,Medium,Public,Neutral,2.0,No,High School,Near,Female,66
15.0,83.0,Medium,Medium,Yes,7.0,57.0,Low,Yes,0.0,Medium,Medium,Private,Positive,3.0,No,Postgraduate,Near,Male,65
17.0,95.0,Medium,Low,Yes,8.0,85.0,Low,No,1.0,Low,High,Private,Negative,2.0,No,College,Moderate,Female,66
24.0,79.0,Low,Low,Yes,8.0,68.0,High,Yes,2.0,Low,Medium,Private,Negative,2.0,No,High School,Near,Male,65
30.0,63.0,Medium,Medium,No,10.0,76.0,Medium,Yes,1.0,Medium,Medium,Public,Neutral,4.0,No,Postgraduate,Moderate,Female,67
22.0,82.0,High,Medium,No,7.0,68.0,High,Yes,2.0,Low,Medium,Private,Neutral,4.0,No,Postgraduate,Near,Male,70
13.0,73.0,Medium,Medium,Yes,7.0,51.0,Medium,Yes,1.0,Low,Medium,Public,Positive,4.0,No,Postgraduate,Near,Male,63
23.0,66.0,Low,Low,No,8.0,94.0,Low,Yes,1.0,Medium,High,Private,Neutral,3.0,No,Postgraduate,Moderate,Male,64
27.0,94.0,Medium,Medium,Yes,7.0,57.0,Medium,Yes,1.0,Medium,Medium,Private,Neutral,1.0,No,High School,Near,Male,71
16.0,81.0,Medium,High,Yes,6.0,79.0,Medium,Yes,2.0,Low,High,Public,Positive,3.0,No,College,Moderate,Female,68
19.0,97.0,Medium,Low,No,6.0,94.0,Medium,Yes,2.0,High,Medium,Public,Neutral,4.0,No,Postgraduate,Near,Male,72
20.0,92.0,Medium,High,Yes,4.0,61.0,Medium,Yes,2.0,High,Medium,Public,Neutral,4.0,No,College,Near,Male,71
15.0,88.0,Low,Low,Yes,8.0,71.0,Medium,No,1.0,Low,Low,Private,Positive,2.0,No,Postgraduate,Moderate,Male,64
24.0,60.0,High,Low,Yes,5.0,69.0,Medium,Yes,1.0,Medium,High,Public,Neutral,5.0,No,High School,Moderate,Male,64
19.0,77.0,High,Medium,Yes,6.0,54.0,Low,Yes,3.0,High,Medium,Private,Negative,2.0,No,College,Moderate,Male,66
23.0,68.0,Medium,High,Yes,7.0,71.0,High,Yes,3.0,Medium,,Public,Positive,3.0,No,High School,Moderate,Female,68
15.0,96.0,High,Medium,No,7.0,74.0,Medium,Yes,2.0,Low,Low,Private,Positive,2.0,No,High School,Far,Male,68
17.0,67.0,High,Medium,Yes,10.0,51.0,Medium,Yes,3.0,Low,Medium,Public,Positive,5.0,No,High School,Near,Male,65
24.0,71.0,Medium,Medium,Yes,5.0,74.0,Medium,Yes,1.0,Medium,Medium,Private,Positive,3.0,No,High School,Near,Male,67
18.0,81.0,Medium,Low,Yes,10.0,55.0,Low,Yes,3.0,Low,Medium,Public,Negative,2.0,No,High School,Near,Male,64
30.0,71.0,High,Medium,Yes,9.0,95.0,High,No,1.0,Medium,Medium,Public,Neutral,4.0,No,College,Near,Male,70
18.0,68.0,Medium,High,Yes,8.0,83.0,Low,Yes,1.0,Low,Medium,Public,Positive,2.0,No,College,Near,Male,65
21.0,84.0,Medium,Low,No,9.0,53.0,Low,Yes,2.0,Medium,High,Public,Negative,3.0,No,High School,Moderate,Female,65
26.0,64.0,High,Medium,No,8.0,91.0,High,Yes,1.0,Medium,Medium,Public,Positive,4.0,No,High School,Near,Male,68
11.0,62.0,Medium,High,Yes,4.0,68.0,Medium,Yes,2.0,High,Medium,Public,Negative,3.0,No,High School,Moderate,Male,61
9.0,75.0,High,Low,No,8.0,61.0,High,Yes,3.0,Medium,,Public,Neutral,3.0,No,High School,Near,Male,63
11.0,89.0,Medium,Medium,Yes,5.0,63.0,Medium,Yes,0.0,Medium,Medium,Public,Neutral,2.0,No,College,Near,Female,65
28.0,82.0,Medium,Medium,Yes,6.0,80.0,Medium,Yes,1.0,Low,Medium,Private,Neutral,5.0,No,High School,Far,Female,69
17.0,77.0,Medium,Medium,No,7.0,54.0,Low,Yes,1.0,Low,High,Public,Positive,2.0,No,College,Near,Male,64
35.0,83.0,Medium,Low,No,6.0,53.0,Medium,Yes,1.0,Low,Medium,Private,Neutral,2.0,No,High School,Near,Female,69
17.0,75.0,High,Medium,Yes,8.0,81.0,Low,Yes,3.0,High,Medium,Public,Neutral,3.0,Yes,Postgraduate,Near,Male,67
21.0,97.0,Medium,High,Yes,7.0,99.0,High,Yes,1.0,Medium,High,Public,Neutral,1.0,No,Postgraduate,Moderate,Male,74
29.0,62.0,High,Medium,Yes,8.0,74.0,Medium,Yes,1.0,Low,Medium,Private,Negative,3.0,Yes,College,Near,Male,66
32.0,87.0,Medium,High,Yes,7.0,71.0,Medium,Yes,0.0,High,Low,Public,Neutral,4.0,Yes,College,Near,Male,72
32.0,96.0,Medium,Low,Yes,7.0,97.0,Low,Yes,1.0,Low,Medium,Public,Neutral,5.0,No,College,Moderate,Male,73
27.0,92.0,High,Medium,No,6.0,62.0,High,Yes,0.0,Medium,High,Public,Positive,4.0,No,College,Near,Male,73
26.0,67.0,Low,Medium,Yes,5.0,62.0,High,Yes,0.0,Medium,Medium,Public,Negative,2.0,No,High School,Moderate,Male,63
24.0,72.0,High,Medium,Yes,7.0,95.0,Medium,Yes,3.0,Low,Medium,Public,Negative,2.0,No,Postgraduate,Near,Male,69
25.0,89.0,Low,Low,Yes,6.0,82.0,High,Yes,2.0,Low,Medium,Public,Neutral,6.0,No,Postgraduate,Near,Male,71
17.0,63.0,High,Medium,No,9.0,53.0,High,Yes,1.0,Low,High,Public,Neutral,4.0,No,College,Moderate,Male,63
15.0,92.0,Medium,High,Yes,5.0,84.0,Medium,Yes,0.0,High,Low,Public,Positive,5.0,No,High School,Moderate,Female,69
20.0,89.0,High,High,Yes,10.0,91.0,Low,Yes,3.0,Medium,Medium,Private,Neutral,3.0,No,College,Moderate,Male,72
19.0,89.0,High,Low,Yes,7.0,64.0,Medium,Yes,2.0,Low,Medium,Public,Positive,4.0,Yes,Postgraduate,Moderate,Female,68
17.0,64.0,Low,High,No,7.0,69.0,Medium,Yes,1.0,Medium,Medium,Public,Negative,3.0,No,High School,Near,Female,62
24.0,89.0,Low,High,Yes,6.0,60.0,Medium,Yes,1.0,Low,Medium,Private,Neutral,2.0,No,High School,Near,Male,68
26.0,87.0,Medium,Medium,Yes,8.0,82.0,High,Yes,1.0,Low,Medium,Public,Negative,2.0,No,Postgraduate,Near,Male,71
21.0,93.0,Medium,Low,Yes,7.0,83.0,Low,No,1.0,High,High,Public,Neutral,3.0,Yes,High School,Moderate,Male,67
29.0,62.0,Low,High,Yes,7.0,53.0,High,Yes,0.0,Low,Medium,Private,Positive,3.0,No,College,Moderate,Female,65
13.0,61.0,Low,Medium,Yes,8.0,84.0,High,No,1.0,Medium,High,Public,Neutral,3.0,Yes,Postgraduate,Far,Male,60
19.0,75.0,Medium,High,Yes,8.0,83.0,High,Yes,2.0,High,Medium,Public,Neutral,2.0,No,High School,Near,Male,68
16.0,66.0,Low,Medium,Yes,9.0,52.0,Medium,Yes,1.0,Medium,Low,Public,Negative,3.0,Yes,High School,Near,Male,59
9.0,82.0,High,Medium,No,8.0,78.0,Medium,Yes,0.0,High,Medium,Public,Neutral,0.0,No,,Moderate,Female,64
20.0,97.0,High,Medium,Yes,6.0,81.0,High,Yes,2.0,Low,Low,Public,Neutral,3.0,No,High School,Moderate,Male,71
19.0,76.0,High,High,No,4.0,72.0,Low,Yes,2.0,High,,Public,Neutral,2.0,No,College,Moderate,Female,68
29.0,94.0,Low,Medium,Yes,7.0,95.0,Medium,No,2.0,Low,Medium,Public,Neutral,3.0,Yes,College,Moderate,Male,70
24.0,60.0,Low,Low,No,7.0,66.0,Medium,Yes,1.0,Medium,High,Public,Neutral,4.0,No,College,Near,Female,62
14.0,67.0,Medium,Medium,No,10.0,53.0,Medium,Yes,2.0,High,Medium,Public,Neutral,3.0,No,College,Near,Male,62
31.0,61.0,High,Medium,No,7.0,84.0,Medium,Yes,2.0,Medium,Medium,Private,Neutral,3.0,No,High School,Near,Male,68
27.0,73.0,Medium,Medium,No,8.0,80.0,Low,Yes,3.0,Medium,Medium,Private,Negative,3.0,No,High School,Near,Female,68
23.0,96.0,Medium,Medium,Yes,8.0,99.0,High,Yes,3.0,Low,Low,Public,Positive,4.0,No,High School,Near,Female,74
19.0,64.0,Low,Medium,No,8.0,62.0,Medium,Yes,0.0,High,Medium,Public,Positive,4.0,Yes,College,Near,Male,61
14.0,84.0,Medium,Medium,Yes,8.0,70.0,Medium,Yes,1.0,Low,High,Public,Neutral,5.0,No,College,Near,Male,67
18.0,78.0,Medium,Low,No,6.0,73.0,Medium,Yes,1.0,High,High,Public,Positive,2.0,No,High School,Moderate,Female,65
27.0,98.0,Low,Medium,Yes,6.0,93.0,Low,No,5.0,High,High,Public,Positive,3.0,No,High School,Moderate,Female,100
31.0,65.0,Medium,Low,Yes,7.0,71.0,Medium,Yes,1.0,Low,Medium,Public,Neutral,4.0,No,High School,Moderate,Male,65
29.0,68.0,Medium,Medium,No,4.0,89.0,Medium,Yes,0.0,Medium,Medium,Private,Neutral,4.0,Yes,College,Near,Male,67
17.0,61.0,Medium,High,Yes,7.0,58.0,Low,Yes,2.0,Low,Medium,Public,Positive,3.0,Yes,High School,Near,Female,61
13.0,77.0,Medium,Medium,No,6.0,70.0,Medium,Yes,3.0,Medium,High,Public,Neutral,4.0,Yes,High School,Near,Male,64
21.0,71.0,High,Low,No,7.0,58.0,High,Yes,1.0,Medium,High,Public,Positive,3.0,Yes,College,Far,Female,64
9.0,95.0,Medium,Medium,Yes,7.0,97.0,Medium,Yes,1.0,Low,Low,Public,Neutral,2.0,No,College,Near,Male,67
22.0,84.0,Medium,Medium,Yes,5.0,59.0,Medium,Yes,0.0,High,High,Private,Positive,3.0,No,College,Near,Female,69
19.0,85.0,High,Medium,Yes,9.0,71.0,Low,Yes,1.0,Medium,High,Public,Positive,2.0,No,Postgraduate,Moderate,Female,69
17.0,81.0,High,Medium,No,7.0,54.0,Medium,Yes,4.0,Low,Medium,Public,Positive,3.0,No,High School,Near,Female,67
10.0,64.0,Medium,High,No,8.0,96.0,Medium,Yes,1.0,Medium,Medium,Public,Neutral,3.0,No,High School,Moderate,Male,62
23.0,78.0,Low,High,No,7.0,81.0,Medium,Yes,0.0,Low,Medium,Private,Neutral,1.0,No,High School,Near,Male,66
17.0,100.0,High,Medium,No,8.0,98.0,Low,Yes,0.0,Medium,High,Public,Positive,4.0,No,College,Near,Male,72
13.0,93.0,Medium,Medium,Yes,5.0,52.0,Low,Yes,2.0,Medium,Medium,Public,Positive,3.0,No,College,Near,Female,67
3.0,96.0,High,High,Yes,9.0,59.0,Medium,Yes,2.0,Low,Medium,Public,Negative,3.0,No,College,Moderate,Female,66
20.0,93.0,Low,Low,Yes,8.0,69.0,Medium,Yes,2.0,Low,Medium,Public,Neutral,4.0,No,High School,Moderate,Male,67
31.0,64.0,High,Low,Yes,7.0,81.0,Low,Yes,1.0,Medium,Medium,Public,Positive,4.0,No,High School,Near,Female,67
30.0,69.0,Medium,Medium,Yes,7.0,66.0,Medium,Yes,0.0,Medium,Low,Public,Positive,4.0,No,Postgraduate,Near,Female,68
17.0,60.0,High,Medium,Yes,9.0,86.0,Medium,Yes,0.0,Low,High,Public,Positive,2.0,No,High School,Near,Male,63
16.0,72.0,Medium,High,No,6.0,58.0,Low,Yes,1.0,Medium,Medium,Public,Negative,2.0,No,High School,Far,Male,62
23.0,64.0,High,Medium,Yes,5.0,80.0,Low,Yes,3.0,Medium,High,Public,Negative,2.0,Yes,College,Moderate,Female,65
14.0,79.0,Medium,Medium,Yes,6.0,70.0,Medium,Yes,1.0,Low,Medium,Public,Positive,6.0,No,College,Moderate,Male,65
22.0,87.0,Medium,High,Yes,7.0,75.0,Medium,Yes,0.0,Medium,High,Public,Positive,2.0,Yes,College,Near,Female,70
25.0,95.0,Low,Medium,No,7.0,78.0,Medium,Yes,7.0,Low,Medium,Public,Positive,4.0,No,High School,Near,Male,73
27.0,90.0,High,Medium,Yes,9.0,53.0,Medium,Yes,1.0,Medium,High,Public,Positive,2.0,No,Postgraduate,Near,Female,73
19.0,98.0,Medium,Low,Yes,6.0,96.0,Medium,No,2.0,Low,Medium,Private,Negative,2.0,No,High School,Moderate,Male,68
19.0,62.0,Medium,Low,No,6.0,89.0,High,Yes,3.0,Medium,Medium,Public,Positive,1.0,No,High School,Moderate,Male,63
15.0,60.0,Medium,Low,Yes,5.0,72.0,High,Yes,2.0,High,High,Public,Positive,2.0,No,High School,Near,Male,62
15.0,86.0,High,Medium,Yes,8.0,77.0,Medium,Yes,0.0,Medium,Medium,Public,Positive,3.0,No,Postgraduate,Near,Male,69
19.0,72.0,Medium,High,No,5.0,52.0,Medium,Yes,2.0,Medium,Medium,Public,Neutral,3.0,No,Postgraduate,Near,Male,66
22.0,70.0,Medium,High,Yes,8.0,75.0,High,Yes,0.0,Medium,Medium,Private,Positive,3.0,No,Postgraduate,Near,Male,68
25.0,73.0,High,Medium,Yes,6.0,71.0,Low,Yes,0.0,Low,Medium,Private,Positive,3.0,No,College,Far,Female,67
15.0,71.0,High,High,Yes,6.0,69.0,Low,Yes,2.0,Low,High,Private,Negative,4.0,No,College,Near,Female,65
29.0,80.0,Low,Medium,Yes,10.0,91.0,High,No,1.0,High,Medium,Public,Positive,3.0,No,College,Moderate,Male,70
18.0,78.0,Low,Medium,Yes,9.0,59.0,High,No,0.0,High,High,Private,Positive,1.0,No,High School,Moderate,Female,64
20.0,80.0,Low,Low,Yes,7.0,59.0,High,Yes,2.0,Medium,High,Private,Neutral,3.0,No,High School,Moderate,Male,65
16.0,87.0,Medium,Medium,No,5.0,76.0,High,Yes,1.0,Low,High,Private,Neutral,2.0,No,Postgraduate,Far,Female,67
5.0,75.0,Medium,Low,Yes,10.0,84.0,Medium,Yes,0.0,High,Medium,Private,Neutral,4.0,No,Postgraduate,Moderate,Female,62
25.0,70.0,Medium,Medium,Yes,7.0,51.0,High,Yes,3.0,Low,Medium,Public,Positive,4.0,No,High School,Moderate,Male,66
24.0,67.0,High,High,Yes,7.0,77.0,Low,Yes,0.0,High,Medium,Public,Positive,2.0,No,College,Near,Female,68
18.0,74.0,Medium,Low,No,8.0,65.0,High,Yes,0.0,Medium,High,Public,Positive,4.0,No,College,Moderate,Female,64
20.0,90.0,High,Low,No,4.0,88.0,Medium,Yes,3.0,Low,Medium,Public,Negative,3.0,No,High School,Moderate,Male,69
23.0,90.0,Medium,Medium,Yes,6.0,73.0,Low,No,1.0,High,Medium,Private,Positive,2.0,No,High School,Near,Female,69
11.0,87.0,Medium,Medium,Yes,7.0,92.0,Medium,Yes,1.0,Medium,Medium,Public,Positive,5.0,No,High School,Moderate,Female,67
17.0,69.0,Medium,Medium,Yes,7.0,70.0,Low,Yes,0.0,Low,High,Public,Neutral,3.0,Yes,College,Moderate,Male,61
25.0,84.0,High,Medium,Yes,5.0,91.0,Low,Yes,1.0,Medium,Medium,Public,Positive,4.0,Yes,Postgraduate,Moderate,Female,70
12.0,83.0,Low,Medium,Yes,7.0,86.0,Low,Yes,1.0,High,Medium,Public,Negative,4.0,No,College,Near,Female,65
22.0,79.0,Medium,Medium,Yes,7.0,91.0,Low,Yes,0.0,Low,Medium,Public,Positive,4.0,Yes,College,Moderate,Male,66
12.0,82.0,Low,Medium,Yes,10.0,91.0,Medium,Yes,3.0,Low,Medium,Public,Negative,3.0,No,Postgraduate,Near,Male,66
23.0,80.0,Medium,High,Yes,9.0,74.0,Medium,Yes,4.0,Medium,Medium,Public,Negative,3.0,No,High School,Moderate,Male,69
20.0,83.0,Medium,Medium,Yes,7.0,68.0,High,Yes,1.0,Medium,Medium,Public,Positive,1.0,No,High School,Near,Female,67
10.0,89.0,High,High,Yes,7.0,88.0,Medium,Yes,2.0,High,Medium,Private,Positive,2.0,No,Postgraduate,Near,Female,71
27.0,64.0,High,High,Yes,9.0,68.0,High,Yes,1.0,Low,High,Private,Neutral,4.0,No,High School,Near,Male,68
16.0,90.0,Medium,Medium,No,7.0,54.0,High,No,2.0,Medium,Medium,Public,Positive,3.0,No,High School,Near,Female,67
15.0,65.0,High,Medium,No,5.0,93.0,Low,Yes,2.0,Low,Medium,Public,Neutral,4.0,Yes,High School,Near,Female,63
21.0,63.0,Medium,Medium,No,10.0,70.0,Low,Yes,1.0,High,High,Private,Positive,2.0,No,College,Near,Female,64
27.0,99.0,High,Medium,Yes,6.0,57.0,Medium,Yes,3.0,Low,Medium,Public,Neutral,3.0,No,College,Moderate,Male,73
14.0,98.0,Medium,Medium,Yes,10.0,82.0,High,Yes,1.0,Low,Medium,Private,Positive,3.0,No,High School,Moderate,Male,69
20.0,62.0,High,Low,No,8.0,94.0,High,Yes,1.0,Medium,Medium,Public,Positive,3.0,No,High School,Near,Female,65
23.0,78.0,High,Low,Yes,6.0,93.0,Medium,Yes,0.0,Medium,High,Private,Positive,5.0,No,Postgraduate,Near,Male,70
24.0,67.0,High,Medium,Yes,4.0,78.0,Low,Yes,1.0,Low,High,Public,Positive,2.0,No,High School,Near,Female,67
21.0,79.0,Medium,Low,Yes,8.0,54.0,High,Yes,3.0,Low,Medium,Public,Positive,3.0,No,Postgraduate,Moderate,Female,67
18.0,93.0,Medium,High,Yes,5.0,85.0,Medium,Yes,0.0,Low,Medium,Public,Positive,3.0,No,High School,Near,Male,70
15.0,98.0,High,Low,No,8.0,80.0,Low,No,2.0,High,High,Public,Negative,2.0,No,Postgraduate,Near,Female,69
21.0,85.0,High,Medium,No,10.0,61.0,High,Yes,2.0,Medium,Medium,Public,Neutral,2.0,Yes,High School,Near,Male,68
14.0,74.0,Medium,High,No,5.0,95.0,High,Yes,1.0,Low,High,Public,Positive,3.0,Yes,College,Near,Male,66
2.0,84.0,Low,High,No,8.0,54.0,Low,Yes,3.0,Low,Low,Public,Positive,4.0,No,,Near,Male,62
23.0,72.0,Medium,Medium,Yes,6.0,69.0,Low,Yes,2.0,High,Medium,Public,Positive,4.0,No,High School,Near,Male,67
25.0,96.0,Medium,Low,Yes,9.0,55.0,High,Yes,2.0,Medium,High,Public,Neutral,4.0,No,High School,Moderate,Male,71
6.0,95.0,High,Medium,Yes,7.0,96.0,Medium,Yes,4.0,Low,Medium,Public,Neutral,2.0,No,High School,Moderate,Female,68
14.0,82.0,High,Medium,Yes,7.0,52.0,High,Yes,3.0,Low,Medium,Public,Negative,2.0,No,High School,Near,Female,66
24.0,73.0,Low,Medium,Yes,9.0,71.0,High,Yes,0.0,Low,Medium,Public,Neutral,3.0,No,High School,Moderate,Male,64
32.0,72.0,High,Medium,Yes,8.0,93.0,Low,Yes,1.0,Low,Medium,Private,Neutral,4.0,No,Postgraduate,Near,Female,71
20.0,61.0,Low,Low,Yes,6.0,63.0,Medium,Yes,1.0,Medium,High,Public,Positive,4.0,No,College,Far,Male,61
16.0,93.0,Medium,High,No,10.0,55.0,Medium,No,2.0,Low,Medium,Public,Neutral,2.0,No,College,Near,Male,67
19.0,78.0,Medium,Low,Yes,5.0,56.0,Low,Yes,3.0,High,Medium,Public,Neutral,4.0,No,College,Moderate,Female,65
28.0,73.0,High,Medium,Yes,7.0,70.0,Low,No,0.0,Low,Medium,Private,Negative,6.0,No,College,Moderate,Female,66
16.0,79.0,High,High,Yes,6.0,71.0,Medium,Yes,2.0,Low,High,Public,Neutral,4.0,No,High School,Near,Female,68
15.0,93.0,Medium,Medium,No,5.0,86.0,Medium,Yes,0.0,Low,Medium,Public,Neutral,2.0,No,College,Far,Male,66
17.0,65.0,Medium,Medium,No,5.0,62.0,Medium,Yes,2.0,Medium,Medium,Public,Positive,4.0,No,High School,Near,Female,63
14.0,94.0,Low,Low,Yes,7.0,85.0,Low,Yes,1.0,High,Medium,Public,Neutral,3.0,No,High School,Moderate,Female,66
21.0,96.0,Medium,High,No,8.0,100.0,Medium,Yes,1.0,High,Medium,Private,Positive,2.0,No,College,Near,Female,73
30.0,98.0,Medium,Low,Yes,9.0,93.0,Medium,Yes,1.0,Low,Low,Private,Positive,3.0,No,High School,Near,Male,88
22.0,76.0,Medium,Medium,No,9.0,82.0,High,Yes,0.0,Medium,High,Private,Neutral,4.0,No,High School,Near,Male,67
18.0,69.0,High,High,Yes,7.0,97.0,Medium,Yes,2.0,Medium,Medium,Public,Positive,2.0,No,College,Near,Female,69
18.0,75.0,Medium,Low,Yes,6.0,100.0,High,Yes,2.0,Low,Medium,Public,Positive,3.0,No,High School,Near,Female,67
11.0,73.0,Medium,High,Yes,9.0,79.0,Medium,Yes,1.0,Low,High,Public,Neutral,2.0,No,High School,Near,Male,64
25.0,67.0,Medium,High,Yes,6.0,64.0,Medium,No,0.0,Low,Medium,Public,Neutral,2.0,No,High School,Moderate,Male,64
20.0,84.0,Low,Medium,No,5.0,96.0,Low,Yes,1.0,Low,Medium,Public,Negative,2.0,No,High School,Near,Male,65
19.0,79.0,Medium,Medium,No,8.0,92.0,High,Yes,1.0,Medium,High,Public,Positive,2.0,No,High School,Near,Male,68
39.0,95.0,Medium,High,Yes,9.0,54.0,High,Yes,2.0,Medium,Medium,Private,Positive,3.0,No,High School,Moderate,Male,77
22.0,61.0,Medium,Medium,Yes,6.0,97.0,High,Yes,0.0,Low,High,Public,Negative,2.0,Yes,High School,Near,Male,63
15.0,86.0,High,High,Yes,10.0,68.0,Medium,Yes,0.0,High,Medium,Public,Neutral,5.0,No,College,Near,Male,69
17.0,91.0,Medium,Medium,Yes,8.0,66.0,Medium,Yes,3.0,Medium,Low,Public,Positive,2.0,No,College,Near,Male,69
27.0,90.0,Medium,Low,No,8.0,67.0,Medium,Yes,2.0,Medium,Medium,Public,Negative,3.0,No,Postgraduate,Near,Male,70
21.0,95.0,High,Medium,Yes,6.0,66.0,High,Yes,1.0,Medium,High,Public,Positive,4.0,No,College,Near,Male,73
11.0,89.0,Medium,Low,Yes,9.0,76.0,Medium,Yes,1.0,Medium,High,Public,Neutral,3.0,No,Postgraduate,Far,Male,66
26.0,97.0,Medium,Low,No,5.0,79.0,High,Yes,2.0,Low,Low,Private,Positive,3.0,No,High School,Near,Female,71
16.0,73.0,Medium,Low,Yes,6.0,71.0,Medium,Yes,2.0,High,High,Public,Positive,5.0,No,College,Near,Male,66
31.0,80.0,Medium,Medium,Yes,6.0,71.0,High,Yes,2.0,Low,High,Public,Neutral,3.0,No,High School,Near,Female,71
26.0,61.0,Medium,Low,Yes,5.0,87.0,Medium,Yes,3.0,High,High,Public,Positive,2.0,Yes,High School,Near,Male,66
17.0,60.0,Medium,High,Yes,8.0,50.0,High,Yes,0.0,Low,High,Public,Positive,4.0,No,High School,Near,Female,63
28.0,70.0,High,High,Yes,8.0,97.0,Medium,Yes,5.0,Low,Low,Public,Negative,5.0,Yes,High School,Near,Male,70
20.0,64.0,High,Medium,Yes,8.0,86.0,Medium,Yes,1.0,Medium,Medium,Public,Neutral,2.0,No,Postgraduate,Near,Male,66
25.0,70.0,Medium,Medium,No,7.0,85.0,Medium,Yes,1.0,Medium,Medium,Public,Negative,4.0,No,High School,Near,Male,66
23.0,67.0,Medium,Medium,No,8.0,71.0,High,Yes,2.0,Medium,Medium,Public,Neutral,4.0,No,College,Moderate,Female,66
15.0,61.0,Medium,Medium,No,7.0,98.0,Medium,Yes,1.0,Medium,Medium,Public,Neutral,3.0,No,High School,Near,Male,62
16.0,96.0,Medium,Medium,No,6.0,50.0,High,Yes,1.0,Medium,High,Public,Positive,3.0,No,College,Near,Male,69
26.0,60.0,Low,High,Yes,6.0,54.0,Low,Yes,1.0,Low,Medium,Private,Positive,1.0,No,Postgraduate,Moderate,Male,63
18.0,89.0,Medium,Low,Yes,4.0,90.0,Low,Yes,1.0,High,Medium,Public,Positive,2.0,Yes,Postgraduate,Near,Female,68
18.0,66.0,Medium,High,No,9.0,87.0,Medium,Yes,1.0,Medium,Low,Private,Positive,3.0,No,High School,Moderate,Male,64
14.0,96.0,Low,High,Yes,9.0,64.0,High,Yes,2.0,Low,High,Public,Neutral,3.0,No,Postgraduate,Moderate,Male,69
23.0,96.0,Low,Medium,Yes,10.0,80.0,Low,Yes,3.0,Low,High,Public,Positive,3.0,No,High School,Near,Male,71
32.0,86.0,Medium,Medium,Yes,6.0,77.0,Medium,No,2.0,Medium,Low,Private,Negative,4.0,No,High School,Near,Male,71
14.0,87.0,Medium,Medium,No,6.0,76.0,Medium,Yes,1.0,Low,Medium,Private,Positive,4.0,No,College,Far,Female,66
20.0,60.0,Medium,Medium,Yes,4.0,80.0,Low,Yes,2.0,High,Medium,Private,Positive,3.0,Yes,College,Moderate,Male,63
28.0,99.0,Low,Medium,Yes,8.0,100.0,Low,Yes,0.0,Medium,Medium,Public,Positive,2.0,No,High School,Far,Male,72
20.0,95.0,Medium,Medium,Yes,8.0,99.0,Low,No,1.0,Low,Medium,Private,Neutral,3.0,No,College,Near,Female,70
23.0,96.0,Medium,Low,No,9.0,99.0,Medium,Yes,0.0,High,Medium,Private,Neutral,2.0,No,College,Near,Female,71
14.0,86.0,Low,Low,Yes,6.0,77.0,Medium,Yes,3.0,High,Medium,Private,Neutral,3.0,No,High School,Far,Male,65
23.0,74.0,Medium,Low,Yes,8.0,66.0,Low,Yes,0.0,High,Medium,Public,Negative,4.0,No,Postgraduate,Near,Female,65
19.0,96.0,Low,Medium,No,6.0,78.0,High,Yes,1.0,Low,Low,Public,Positive,2.0,No,High School,Far,Male,67
26.0,72.0,High,Medium,No,9.0,81.0,High,Yes,0.0,Medium,High,Public,Neutral,3.0,No,High School,Near,Male,68
27.0,83.0,Medium,Medium,Yes,8.0,66.0,Medium,Yes,3.0,Medium,Medium,Public,Positive,4.0,No,College,Far,Female,70
36.0,64.0,Medium,Medium,Yes,5.0,82.0,Medium,Yes,2.0,Medium,High,Private,Positive,2.0,No,High School,Near,Female,70
23.0,97.0,Low,High,Yes,7.0,81.0,Low,Yes,2.0,Medium,High,Public,Neutral,3.0,No,High School,Near,Male,72
22.0,66.0,Medium,High,No,4.0,95.0,Medium,Yes,1.0,Low,Low,Public,Neutral,5.0,No,College,Moderate,Male,65
21.0,69.0,Medium,Medium,Yes,5.0,62.0,High,Yes,2.0,Low,Medium,Public,Positive,3.0,No,High School,Near,Male,65
18.0,82.0,High,Medium,Yes,5.0,85.0,High,Yes,3.0,Medium,High,Private,Neutral,4.0,No,Postgraduate,Near,Male,71
22.0,91.0,High,High,Yes,6.0,73.0,Low,Yes,3.0,High,Medium,Public,Positive,4.0,No,Postgraduate,Near,Male,74
18.0,85.0,Low,Medium,No,7.0,56.0,Low,Yes,0.0,Low,Medium,Private,Positive,4.0,No,High School,Moderate,Male,64
21.0,69.0,Medium,Medium,No,7.0,66.0,High,Yes,1.0,Medium,Medium,Private,Neutral,4.0,No,High School,Far,Female,64
28.0,60.0,Medium,High,Yes,7.0,53.0,Low,Yes,3.0,Low,Medium,Private,Neutral,3.0,No,High School,Near,Female,65
14.0,90.0,Low,Medium,Yes,7.0,66.0,Medium,Yes,1.0,Medium,Medium,Public,Neutral,5.0,No,College,Near,Male,67
27.0,99.0,High,Medium,No,7.0,53.0,Low,Yes,2.0,Low,High,Public,Neutral,3.0,No,College,Near,Male,73
28.0,92.0,Low,High,No,5.0,96.0,High,Yes,1.0,Medium,Low,Public,Neutral,3.0,No,College,Moderate,Male,72
19.0,78.0,Medium,Medium,No,7.0,55.0,Low,Yes,0.0,Medium,Medium,Public,Positive,3.0,No,College,Near,Male,65
7.0,96.0,Medium,High,No,9.0,91.0,Medium,Yes,0.0,Low,Medium,Public,Neutral,4.0,No,College,Near,Male,67
16.0,76.0,Medium,Medium,Yes,7.0,95.0,Low,Yes,2.0,Medium,Medium,Public,Negative,3.0,No,High School,,Female,66
28.0,81.0,High,Medium,Yes,8.0,73.0,Low,Yes,0.0,Medium,High,Public,Negative,3.0,No,Postgraduate,Near,Male,70
20.0,79.0,High,Medium,No,8.0,53.0,Medium,Yes,2.0,Medium,Medium,Private,Neutral,3.0,No,High School,Moderate,Female,66
14.0,78.0,High,High,Yes,8.0,80.0,Low,Yes,1.0,Medium,Medium,Public,Neutral,1.0,No,High School,Near,Female,66
17.0,91.0,Medium,Low,Yes,7.0,62.0,Low,Yes,3.0,High,Medium,Public,Negative,3.0,No,Postgraduate,Near,Male,68
25.0,81.0,Low,Medium,Yes,8.0,59.0,Low,Yes,3.0,Low,Medium,Public,Positive,4.0,No,College,Near,Male,68
23.0,73.0,High,High,No,8.0,78.0,Low,Yes,0.0,High,Medium,Public,Neutral,4.0,No,High School,Moderate,Female,67
19.0,70.0,High,Medium,Yes,8.0,68.0,High,No,1.0,Low,Medium,Public,Positive,3.0,No,College,Near,Female,65
18.0,62.0,Medium,Low,Yes,8.0,87.0,Medium,Yes,4.0,Low,Medium,Public,Positive,4.0,No,College,Near,Female,64
18.0,83.0,High,Medium,No,5.0,80.0,High,Yes,1.0,High,High,Public,Positive,2.0,No,College,Near,Male,70
14.0,69.0,Low,Medium,No,5.0,91.0,Medium,Yes,0.0,High,Medium,Public,Positive,3.0,No,College,Moderate,Male,63
30.0,66.0,Medium,High,No,6.0,53.0,Low,No,2.0,Low,Medium,Public,Positive,2.0,No,High School,Near,Male,65
18.0,86.0,Low,Medium,Yes,9.0,62.0,Medium,Yes,4.0,Medium,Medium,Public,Negative,2.0,Yes,Postgraduate,Near,Female,67
27.0,87.0,Medium,Medium,Yes,7.0,78.0,Low,Yes,3.0,Low,Medium,Private,Negative,5.0,No,High School,Near,Female,71
29.0,90.0,High,Medium,Yes,7.0,94.0,Medium,Yes,1.0,Low,Low,Private,Neutral,4.0,No,High School,Near,Female,73
26.0,80.0,Medium,Medium,No,4.0,91.0,Low,Yes,1.0,Low,Medium,Private,Neutral,3.0,No,High School,Far,Male,67
17.0,96.0,High,Medium,Yes,7.0,84.0,Medium,Yes,2.0,Low,High,Private,Positive,3.0,No,College,Near,Female,72
22.0,97.0,Medium,Medium,No,7.0,79.0,High,Yes,2.0,Medium,High,Public,Positive,0.0,No,High School,Far,Male,71
20.0,92.0,Medium,High,Yes,4.0,82.0,High,Yes,0.0,Medium,Medium,Public,Neutral,4.0,No,Postgraduate,Near,Male,72
15.0,85.0,High,High,Yes,7.0,61.0,Medium,Yes,1.0,Medium,High,Public,Negative,3.0,No,High School,Near,Male,68
22.0,72.0,Low,Low,Yes,5.0,80.0,Medium,Yes,2.0,Low,High,Public,Neutral,3.0,No,College,Near,Female,65
13.0,99.0,High,Medium,No,6.0,75.0,Low,Yes,1.0,Medium,Medium,Public,Positive,4.0,Yes,College,Far,Female,68
27.0,71.0,Medium,Low,No,8.0,69.0,Medium,Yes,1.0,High,Medium,Public,Positive,4.0,No,College,Near,Male,67
17.0,68.0,Medium,Medium,No,7.0,94.0,High,Yes,1.0,High,Medium,Private,Neutral,4.0,No,College,Moderate,Female,66
21.0,78.0,Medium,Low,Yes,6.0,91.0,Medium,Yes,0.0,Medium,Low,Private,Neutral,1.0,Yes,High School,Near,Male,64
22.0,62.0,High,Medium,No,6.0,54.0,Medium,Yes,3.0,Low,Medium,Private,Neutral,3.0,No,Postgraduate,Near,Male,65
18.0,99.0,Medium,Medium,No,6.0,99.0,Medium,Yes,0.0,Low,Medium,Public,Neutral,3.0,No,High School,Moderate,Male,69
24.0,84.0,Medium,Medium,Yes,7.0,61.0,Medium,Yes,2.0,Medium,Medium,Public,Positive,2.0,No,High School,Far,Male,68
17.0,82.0,High,High,No,5.0,61.0,Medium,Yes,3.0,Medium,Medium,Public,Neutral,4.0,No,Postgraduate,Near,Male,69
25.0,86.0,Medium,Medium,Yes,9.0,97.0,Low,Yes,1.0,High,Medium,Private,Neutral,3.0,No,High School,Moderate,Male,70
12.0,80.0,High,Medium,No,5.0,72.0,Medium,Yes,1.0,High,Medium,Private,Positive,4.0,Yes,High School,Near,Female,65
21.0,61.0,Medium,Medium,No,4.0,90.0,Low,Yes,2.0,Medium,Low,Public,Neutral,3.0,No,High School,Near,Male,63
32.0,84.0,Low,Medium,Yes,8.0,64.0,Medium,Yes,1.0,Low,High,Private,Positive,3.0,No,College,Near,Female,71
14.0,89.0,Medium,High,Yes,6.0,94.0,Low,Yes,0.0,Low,Medium,Private,Neutral,2.0,No,Postgraduate,Near,Male,68
16.0,77.0,Medium,Medium,Yes,7.0,92.0,High,Yes,5.0,Low,High,Public,Positive,3.0,No,Postgraduate,Near,Female,70
23.0,90.0,Medium,High,Yes,8.0,76.0,High,Yes,2.0,Medium,Low,Public,Positive,3.0,No,High School,Near,Female,72
21.0,69.0,Medium,Medium,Yes,6.0,85.0,Medium,Yes,3.0,Low,Low,Public,Neutral,1.0,No,College,Far,Female,64
22.0,69.0,Low,Medium,No,7.0,98.0,Low,Yes,0.0,Low,Medium,Public,Positive,2.0,No,Postgraduate,Moderate,Male,64
23.0,66.0,Medium,Low,Yes,8.0,73.0,High,Yes,2.0,High,Medium,Public,Positive,2.0,No,College,Near,Female,66
24.0,75.0,Medium,High,Yes,9.0,75.0,High,Yes,0.0,Medium,High,Public,Positive,3.0,No,College,Far,Male,69
27.0,94.0,Medium,Low,No,6.0,86.0,Medium,Yes,2.0,Medium,Medium,Private,Neutral,2.0,No,High School,Near,Female,71
22.0,93.0,Medium,High,Yes,6.0,69.0,High,Yes,0.0,High,Low,Public,Negative,3.0,Yes,High School,Near,Male,69
19.0,75.0,High,Medium,No,8.0,98.0,Low,Yes,1.0,Low,Medium,Public,Neutral,3.0,No,Postgraduate,Moderate,Male,67
24.0,84.0,Low,Medium,Yes,7.0,52.0,Medium,Yes,0.0,Low,High,Public,Neutral,3.0,No,High School,Near,Male,66
31.0,89.0,Medium,Medium,No,7.0,70.0,Medium,Yes,2.0,Low,High,Public,Positive,2.0,No,High School,Moderate,Female,71
19.0,70.0,Medium,Low,Yes,9.0,86.0,Low,Yes,2.0,High,Medium,Public,Neutral,2.0,Yes,High School,Near,Male,63
14.0,67.0,Medium,Low,No,4.0,71.0,Medium,Yes,0.0,High,Medium,Public,Neutral,4.0,No,College,Near,Female,62
27.0,99.0,Medium,High,No,5.0,63.0,Medium,Yes,0.0,Medium,High,Public,Neutral,4.0,No,High School,Near,Female,73
19.0,85.0,High,Medium,No,4.0,71.0,Low,Yes,1.0,Medium,High,Public,Negative,3.0,No,High School,Far,Female,66
7.0,99.0,High,Medium,Yes,9.0,94.0,Medium,Yes,3.0,High,High,Public,Positive,2.0,No,Postgraduate,Moderate,Male,72
25.0,74.0,High,Low,Yes,8.0,77.0,Low,Yes,1.0,Low,Medium,Public,Neutral,2.0,No,Postgraduate,Moderate,Female,67
17.0,88.0,Low,Low,No,5.0,67.0,Medium,No,0.0,Medium,High,Public,Neutral,3.0,No,Postgraduate,Near,Male,65
19.0,69.0,Medium,Medium,Yes,7.0,84.0,Medium,Yes,2.0,Medium,Medium,Public,Neutral,4.0,No,High School,Near,Male,66
22.0,70.0,High,Medium,Yes,7.0,81.0,Low,Yes,3.0,Medium,Medium,Public,Neutral,2.0,No,Postgraduate,Moderate,Female,68
21.0,80.0,Medium,High,Yes,4.0,78.0,Medium,Yes,1.0,Medium,High,Private,Neutral,4.0,No,High School,Near,Female,69
24.0,73.0,High,Medium,Yes,7.0,70.0,Medium,Yes,0.0,High,Medium,Public,Negative,3.0,No,Postgraduate,Near,Female,68
17.0,67.0,Medium,High,Yes,5.0,54.0,Medium,Yes,0.0,Low,Medium,Public,Negative,2.0,No,High School,Moderate,Male,61
23.0,71.0,High,Low,Yes,8.0,81.0,Medium,Yes,3.0,Medium,High,Private,Positive,2.0,No,High School,Near,Male,68
18.0,61.0,High,Low,Yes,5.0,71.0,Low,Yes,3.0,High,High,Private,Neutral,3.0,No,College,Near,Male,64
24.0,88.0,Medium,Low,Yes,7.0,71.0,Low,No,1.0,Low,High,Public,Neutral,3.0,No,College,Moderate,Male,67
24.0,80.0,Low,High,Yes,9.0,62.0,High,Yes,3.0,High,Low,Public,Neutral,3.0,No,High School,Moderate,Male,68
14.0,64.0,Medium,High,No,8.0,62.0,Low,Yes,1.0,Medium,High,Public,Positive,4.0,Yes,High School,Moderate,Male,61
27.0,67.0,High,Low,No,8.0,89.0,Low,Yes,1.0,Low,Low,Public,Positive,3.0,No,Postgraduate,Near,Female,66
17.0,64.0,High,Low,Yes,7.0,74.0,Low,Yes,2.0,Medium,Low,Public,Positive,2.0,No,Postgraduate,Near,Female,64
25.0,85.0,Low,Medium,No,5.0,55.0,Low,Yes,3.0,High,Medium,Public,Negative,3.0,No,High School,Moderate,Female,67
22.0,64.0,Medium,High,No,6.0,52.0,Low,Yes,2.0,High,Medium,Private,Negative,4.0,No,College,Moderate,Female,64
31.0,90.0,High,High,No,7.0,61.0,Low,Yes,0.0,Low,Medium,Public,Positive,3.0,No,High School,Near,Male,72
19.0,61.0,Medium,Medium,No,7.0,74.0,Low,Yes,2.0,High,Medium,Public,Negative,3.0,No,Postgraduate,Far,Male,62
18.0,70.0,High,Medium,Yes,5.0,81.0,Low,Yes,2.0,Low,Medium,Private,Negative,2.0,No,High School,Far,Female,63
20.0,96.0,High,High,No,8.0,57.0,Low,Yes,1.0,Low,Medium,Private,Neutral,4.0,No,High School,Near,Male,70
18.0,89.0,High,Medium,No,5.0,72.0,Low,Yes,3.0,Medium,Medium,Public,Positive,3.0,No,College,Moderate,Male,69
25.0,63.0,Low,Medium,Yes,9.0,54.0,Medium,Yes,3.0,Medium,Low,Public,Positive,2.0,No,High School,Near,Male,64
10.0,93.0,Low,Medium,No,7.0,52.0,Medium,Yes,2.0,Medium,Medium,Public,Positive,3.0,No,Postgraduate,Near,Male,66
14.0,80.0,Low,Medium,Yes,8.0,93.0,Medium,Yes,3.0,Low,High,Private,Positive,4.0,No,High School,Near,Female,67
14.0,94.0,High,High,Yes,8.0,83.0,Medium,Yes,4.0,Medium,Low,Public,Negative,5.0,Yes,Postgraduate,Near,Female,71
26.0,84.0,Medium,High,Yes,10.0,89.0,Medium,Yes,0.0,Low,High,Private,Positive,1.0,No,High School,Far,Female,70
30.0,87.0,Low,Medium,No,7.0,59.0,Medium,Yes,2.0,Medium,Medium,Public,Neutral,3.0,No,High School,Moderate,Male,69
19.0,100.0,Medium,Low,No,6.0,66.0,High,Yes,0.0,Low,Medium,Public,Neutral,3.0,No,,Moderate,Male,68
19.0,69.0,Medium,High,Yes,6.0,72.0,Medium,No,1.0,Low,Medium,Public,Neutral,1.0,No,College,Near,Female,64
20.0,85.0,High,Medium,Yes,9.0,83.0,Low,Yes,3.0,Medium,Medium,Public,Positive,3.0,Yes,College,Near,Male,70
27.0,78.0,High,Low,Yes,5.0,77.0,Medium,Yes,0.0,Medium,Low,Private,Neutral,3.0,No,Postgraduate,Near,Male,69
14.0,62.0,Medium,Medium,Yes,6.0,78.0,Medium,Yes,0.0,High,,Public,Positive,2.0,No,College,Near,Female,63
21.0,61.0,Low,Medium,No,7.0,58.0,Medium,Yes,1.0,Medium,Low,Public,Negative,3.0,No,High School,Near,Female,60
26.0,65.0,High,Low,No,7.0,74.0,Medium,Yes,2.0,Low,Medium,Public,Negative,4.0,No,High School,Near,Female,65
23.0,86.0,Medium,Medium,No,8.0,91.0,Medium,Yes,0.0,Low,Medium,Public,Negative,0.0,No,High School,Near,Male,67
21.0,83.0,Medium,Low,No,5.0,75.0,Low,Yes,1.0,Medium,Medium,Public,Negative,4.0,No,College,Near,Male,66
26.0,82.0,Low,High,No,7.0,60.0,Medium,No,3.0,Low,Medium,Public,Neutral,3.0,No,Postgraduate,Near,Female,68
4.0,61.0,Low,High,Yes,7.0,71.0,High,Yes,0.0,Low,Low,Public,Positive,1.0,No,Postgraduate,Near,Male,58
24.0,79.0,Low,High,Yes,5.0,88.0,Medium,Yes,0.0,Medium,Medium,Public,Neutral,3.0,No,High School,Moderate,Female,67
16.0,97.0,Medium,Medium,Yes,8.0,57.0,Low,Yes,0.0,Medium,Medium,Public,Positive,4.0,Yes,,Near,Male,68
9.0,76.0,Medium,Medium,Yes,7.0,79.0,Medium,Yes,1.0,Low,Medium,Public,Neutral,3.0,No,High School,Near,Female,62
23.0,85.0,Low,High,No,7.0,98.0,High,No,2.0,Low,Medium,Public,Negative,3.0,No,Postgraduate,Moderate,Female,69
28.0,91.0,Medium,High,Yes,6.0,69.0,High,Yes,1.0,Medium,High,Private,Neutral,4.0,No,High School,Far,Male,73
19.0,91.0,High,Low,No,6.0,52.0,Medium,Yes,2.0,Low,Medium,Public,Negative,4.0,Yes,High School,Moderate,Male,66
26.0,81.0,Low,Medium,Yes,5.0,82.0,Medium,Yes,0.0,Medium,Medium,Public,Negative,5.0,Yes,Postgraduate,Near,Female,67
30.0,94.0,Medium,Medium,No,8.0,52.0,Medium,Yes,1.0,Medium,Low,Public,Neutral,4.0,No,High School,Near,Female,71
28.0,76.0,Medium,Medium,Yes,9.0,60.0,Medium,Yes,1.0,Low,Medium,Public,Neutral,2.0,No,High School,Far,Male,66
30.0,96.0,High,Medium,Yes,10.0,52.0,Medium,Yes,0.0,High,High,Public,Positive,4.0,No,College,Moderate,Female,74
24.0,70.0,Medium,High,No,8.0,59.0,Low,Yes,2.0,Low,High,Public,Positive,5.0,No,High School,Near,Male,67
20.0,71.0,High,Medium,No,6.0,93.0,High,Yes,2.0,Medium,High,Public,Negative,2.0,No,Postgraduate,Near,Male,68
10.0,62.0,Medium,Medium,No,6.0,87.0,High,Yes,2.0,Low,High,Public,Neutral,3.0,No,High School,Near,Male,61
19.0,92.0,Medium,High,No,8.0,67.0,Medium,Yes,2.0,Medium,Medium,Private,Negative,2.0,No,High School,,Female,69
15.0,77.0,Low,Medium,Yes,7.0,95.0,Low,Yes,4.0,Low,Medium,Public,Positive,4.0,No,High School,Moderate,Male,65
33.0,69.0,Medium,High,Yes,7.0,83.0,Medium,Yes,2.0,Medium,Low,Public,Neutral,2.0,No,Postgraduate,Near,Male,71
19.0,69.0,Medium,Low,No,7.0,72.0,Medium,Yes,1.0,Low,Low,Public,Positive,2.0,No,High School,Far,Female,61
21.0,96.0,Medium,High,Yes,9.0,53.0,Medium,Yes,0.0,Low,High,Public,Neutral,3.0,No,College,Near,Male,70
23.0,93.0,Medium,Low,No,6.0,87.0,Medium,Yes,2.0,Medium,Medium,Private,Neutral,3.0,No,High School,Moderate,Male,70
20.0,82.0,Medium,High,Yes,9.0,69.0,Low,Yes,1.0,Medium,Medium,Public,Positive,3.0,No,College,Near,Male,69
30.0,85.0,High,Low,Yes,7.0,65.0,High,Yes,2.0,Low,Medium,Public,Negative,3.0,No,High School,Near,Female,70
16.0,79.0,High,Medium,Yes,6.0,64.0,Medium,Yes,4.0,Low,Low,Public,Positive,4.0,Yes,College,Near,Male,67
21.0,76.0,Low,Medium,No,6.0,50.0,Low,Yes,2.0,Low,Medium,Public,Negative,4.0,No,Postgraduate,Moderate,Female,63
16.0,97.0,Medium,Medium,No,7.0,87.0,Medium,Yes,1.0,High,Medium,Public,Neutral,3.0,No,High School,Near,Female,70
12.0,65.0,Medium,Medium,No,8.0,57.0,Medium,Yes,1.0,High,High,Private,Positive,5.0,Yes,High School,Near,Female,61
16.0,77.0,Low,High,Yes,6.0,76.0,Low,Yes,1.0,Low,Medium,Public,Neutral,1.0,No,Postgraduate,Moderate,Female,64
20.0,74.0,Medium,Medium,Yes,8.0,51.0,High,Yes,2.0,Medium,Medium,Public,Negative,3.0,No,College,Near,Male,65
17.0,80.0,Medium,Medium,No,6.0,81.0,Medium,Yes,1.0,Medium,High,Public,Neutral,1.0,No,College,Far,Male,65
16.0,78.0,Medium,Low,Yes,7.0,68.0,High,Yes,3.0,Low,High,Private,Positive,3.0,No,Postgraduate,Far,Female,66
12.0,81.0,High,High,Yes,5.0,82.0,Low,Yes,1.0,Medium,High,Public,Positive,3.0,No,High School,Far,Female,66
20.0,66.0,Low,Medium,Yes,8.0,54.0,Medium,Yes,2.0,Medium,Low,Public,Positive,2.0,No,Postgraduate,Near,Male,63
11.0,81.0,Low,High,Yes,7.0,63.0,Medium,Yes,3.0,Medium,Medium,Public,Neutral,2.0,No,Postgraduate,Near,Male,66
25.0,70.0,Medium,Medium,Yes,9.0,56.0,High,Yes,0.0,Low,Medium,Public,Positive,1.0,No,High School,Far,Male,64
20.0,67.0,High,Low,No,8.0,82.0,Medium,Yes,3.0,Low,High,Public,Neutral,4.0,Yes,High School,Near,Male,65
11.0,63.0,High,Medium,No,7.0,55.0,Low,Yes,3.0,High,Medium,Private,Positive,1.0,No,Postgraduate,Near,Male,62
18.0,91.0,Low,High,Yes,9.0,81.0,High,Yes,4.0,High,Medium,Public,Neutral,5.0,No,High School,Moderate,Male,71
15.0,77.0,Medium,Medium,Yes,8.0,57.0,Low,Yes,1.0,Low,Medium,Public,Neutral,2.0,No,College,Near,Male,63
22.0,85.0,Medium,High,No,9.0,97.0,High,Yes,0.0,Medium,High,Public,Negative,3.0,No,College,Moderate,Male,70
28.0,89.0,Medium,Low,Yes,6.0,71.0,Low,Yes,2.0,Low,Medium,Private,Neutral,4.0,No,College,Moderate,Male,70
9.0,87.0,Medium,Medium,No,8.0,56.0,Medium,Yes,1.0,Medium,High,Public,Positive,3.0,No,College,Moderate,Female,65
21.0,79.0,High,High,Yes,8.0,52.0,Medium,Yes,1.0,Low,,Public,Neutral,3.0,Yes,High School,Near,Female,66
19.0,76.0,Medium,Low,Yes,5.0,66.0,Medium,Yes,2.0,Medium,Medium,Private,Positive,4.0,No,College,Near,Female,66
24.0,75.0,Medium,Low,No,9.0,95.0,High,Yes,0.0,Medium,High,Public,Positive,2.0,No,College,Near,Male,68
21.0,86.0,High,High,No,5.0,57.0,Medium,Yes,1.0,Low,Medium,Private,Negative,3.0,No,High School,Near,Male,68
15.0,80.0,High,Medium,Yes,5.0,90.0,Medium,Yes,4.0,Medium,High,Private,Neutral,3.0,No,High School,Near,Female,69
18.0,94.0,Medium,Medium,Yes,4.0,71.0,Medium,Yes,3.0,High,Low,Public,Positive,3.0,No,College,Near,Female,71
15.0,95.0,Medium,Medium,Yes,8.0,90.0,Low,Yes,2.0,Low,,Private,Negative,1.0,No,Postgraduate,Near,Male,69
26.0,67.0,Medium,High,Yes,5.0,94.0,Medium,Yes,0.0,Medium,Medium,Public,Positive,2.0,No,College,Near,Male,68
20.0,65.0,Medium,High,Yes,6.0,100.0,Medium,Yes,2.0,Low,High,Public,Neutral,5.0,No,High School,Moderate,Male,67
31.0,85.0,High,Medium,No,8.0,53.0,Medium,Yes,2.0,Low,High,Public,Positive,3.0,No,High School,Near,Male,72
20.0,72.0,High,Medium,Yes,7.0,90.0,High,Yes,2.0,Medium,Medium,Public,Neutral,3.0,No,High School,Near,Male,68
16.0,61.0,High,Medium,Yes,6.0,53.0,Low,Yes,0.0,High,Medium,Public,Positive,4.0,Yes,High School,Moderate,Female,60
11.0,96.0,Medium,High,No,5.0,66.0,High,Yes,2.0,Low,Medium,Public,Neutral,4.0,No,High School,Moderate,Male,68
9.0,69.0,High,Medium,Yes,7.0,82.0,High,Yes,1.0,High,High,Public,Positive,2.0,No,High School,Near,Female,65
10.0,97.0,Low,High,No,8.0,72.0,High,Yes,0.0,Low,Medium,Public,Neutral,3.0,No,Postgraduate,Moderate,Female,67
22.0,89.0,Low,Medium,No,8.0,78.0,Low,Yes,4.0,High,Medium,Private,Positive,3.0,No,High School,Near,Female,70
23.0,91.0,Medium,Low,Yes,10.0,98.0,High,Yes,0.0,Low,High,Private,Negative,3.0,No,High School,Near,Female,70
11.0,68.0,Medium,Medium,No,6.0,91.0,Low,Yes,3.0,Low,High,Public,Negative,2.0,No,College,Far,Female,61
25.0,69.0,High,Low,Yes,5.0,68.0,Medium,Yes,2.0,High,High,Public,Positive,4.0,No,College,Far,Male,68
17.0,81.0,Medium,High,No,7.0,80.0,High,Yes,1.0,Low,Medium,Public,Negative,3.0,No,Postgraduate,Near,Female,67
21.0,67.0,Medium,High,No,7.0,52.0,Medium,Yes,3.0,Low,Medium,Public,Negative,3.0,Yes,High School,Moderate,Female,62
30.0,72.0,Medium,Low,No,7.0,73.0,Medium,Yes,0.0,High,Medium,Public,Neutral,4.0,No,High School,Moderate,Male,66
25.0,73.0,High,Medium,Yes,6.0,80.0,Medium,Yes,3.0,High,Medium,Public,Positive,2.0,No,High School,Far,Female,69
18.0,66.0,Medium,High,Yes,4.0,86.0,Medium,Yes,2.0,Medium,Medium,Public,Negative,4.0,No,College,Near,Female,66
15.0,68.0,Medium,Medium,Yes,5.0,95.0,Medium,Yes,0.0,High,Medium,Public,Negative,5.0,No,College,Near,Female,64
7.0,92.0,High,Medium,No,8.0,64.0,High,Yes,1.0,Low,Low,Public,Neutral,4.0,No,Postgraduate,Near,Male,66
16.0,67.0,Medium,Medium,No,7.0,95.0,Low,Yes,2.0,Medium,Medium,Public,Neutral,5.0,Yes,High School,Near,Male,63
19.0,61.0,Low,High,Yes,8.0,83.0,Low,Yes,1.0,Medium,Medium,Private,Negative,3.0,No,High School,Near,Male,62
14.0,85.0,Medium,Medium,Yes,8.0,54.0,Low,Yes,1.0,High,Medium,Private,Negative,4.0,No,Postgraduate,Moderate,Male,65
19.0,99.0,Low,High,No,8.0,69.0,Low,Yes,0.0,High,Medium,Private,Negative,2.0,No,High School,Moderate,Male,68
20.0,73.0,High,High,Yes,8.0,74.0,Low,Yes,1.0,Low,Low,Private,Negative,4.0,No,High School,Moderate,Male,65
19.0,65.0,Medium,High,Yes,7.0,68.0,Low,Yes,1.0,Low,Low,Public,Neutral,4.0,No,College,Near,Female,63
16.0,83.0,High,High,Yes,7.0,56.0,Medium,Yes,3.0,Medium,Medium,Public,Negative,2.0,No,High School,Near,Male,68
21.0,96.0,Medium,High,Yes,4.0,78.0,Low,Yes,2.0,High,Medium,Private,Positive,2.0,No,High School,Near,Male,72
23.0,91.0,High,Low,No,6.0,57.0,Medium,Yes,2.0,Low,Medium,Private,Positive,3.0,No,High School,Near,Male,69
13.0,85.0,Low,Medium,No,6.0,96.0,Low,Yes,1.0,Low,High,Public,Positive,5.0,No,Postgraduate,Far,Male,66
28.0,73.0,Low,Low,Yes,7.0,93.0,High,Yes,2.0,Low,High,Private,Neutral,3.0,No,College,Near,Male,68
19.0,82.0,Low,Low,No,6.0,74.0,Medium,Yes,1.0,Medium,High,Public,Neutral,2.0,No,High School,Moderate,Male,64
20.0,64.0,Medium,Low,Yes,8.0,53.0,Low,Yes,1.0,Low,Medium,Public,Positive,2.0,No,High School,Near,Male,61
24.0,87.0,Low,Medium,No,6.0,78.0,High,Yes,0.0,Low,Low,Public,Neutral,2.0,Yes,Postgraduate,Near,Male,67
21.0,89.0,Medium,Low,Yes,9.0,80.0,Medium,Yes,0.0,Medium,Low,Public,Neutral,3.0,No,Postgraduate,Moderate,Male,68
26.0,99.0,Medium,Medium,No,6.0,94.0,High,Yes,2.0,Medium,Medium,Public,Positive,3.0,No,High School,Near,Male,74
22.0,70.0,Medium,High,Yes,6.0,53.0,Medium,Yes,3.0,Medium,High,Public,Positive,2.0,No,High School,Near,Female,67
16.0,61.0,Medium,High,Yes,6.0,85.0,Medium,Yes,2.0,Medium,Medium,Private,Positive,3.0,No,High School,Near,Male,64
22.0,82.0,Low,High,No,6.0,78.0,Medium,Yes,3.0,Medium,High,Public,Neutral,3.0,No,High School,Moderate,Male,69
13.0,88.0,High,Medium,Yes,9.0,59.0,Medium,Yes,0.0,Low,Medium,Private,Negative,3.0,Yes,High School,Far,Female,63
21.0,92.0,Medium,Medium,No,7.0,56.0,Medium,Yes,0.0,Low,Medium,Private,Neutral,4.0,No,High School,Moderate,Female,67
20.0,68.0,High,Medium,Yes,7.0,85.0,Medium,Yes,1.0,Medium,Medium,Public,Neutral,3.0,No,College,Far,Male,65
19.0,70.0,Medium,Medium,Yes,6.0,67.0,Medium,Yes,5.0,Medium,Low,Public,Positive,4.0,No,Postgraduate,Moderate,Female,67
19.0,81.0,High,Medium,No,7.0,100.0,Medium,Yes,1.0,Low,Medium,Private,Negative,5.0,No,Postgraduate,Moderate,Female,68
9.0,73.0,Medium,Low,Yes,7.0,95.0,Medium,No,3.0,Low,Medium,Private,Negative,3.0,No,Postgraduate,Near,Male,62
17.0,94.0,High,Medium,Yes,7.0,78.0,Medium,Yes,1.0,Low,High,Public,Neutral,3.0,No,College,Near,Female,70
21.0,79.0,Low,High,Yes,7.0,82.0,Medium,Yes,1.0,High,Medium,Public,Negative,3.0,No,High School,Near,Female,67
21.0,92.0,High,High,Yes,9.0,58.0,Medium,Yes,2.0,High,Medium,Public,Neutral,5.0,No,High School,Moderate,Female,89
14.0,83.0,High,Medium,Yes,7.0,95.0,Low,Yes,1.0,Low,Medium,Private,Neutral,2.0,Yes,High School,Near,Female,65
28.0,91.0,Low,Medium,Yes,5.0,73.0,Medium,No,2.0,Medium,Medium,Public,Neutral,2.0,No,High School,Near,Female,69
15.0,73.0,Medium,Medium,No,7.0,76.0,High,Yes,2.0,Low,Medium,Public,Positive,4.0,No,High School,Far,Female,64
26.0,93.0,High,Low,No,6.0,94.0,Medium,Yes,6.0,High,Medium,Private,Negative,4.0,No,High School,Near,Female,74
23.0,71.0,Medium,High,No,8.0,50.0,Medium,Yes,0.0,High,Medium,Public,Positive,2.0,No,High School,Far,Female,64
16.0,82.0,Low,High,No,7.0,75.0,Medium,Yes,0.0,Low,Medium,Public,Negative,2.0,No,Postgraduate,Moderate,Female,64
31.0,69.0,Medium,Low,Yes,9.0,81.0,Medium,Yes,2.0,Medium,Medium,Private,Negative,2.0,No,College,Near,Male,67
13.0,79.0,Low,Low,Yes,6.0,58.0,High,Yes,2.0,Medium,Medium,Public,Positive,4.0,No,College,Moderate,Male,63
26.0,73.0,High,Medium,Yes,7.0,53.0,Low,Yes,3.0,Medium,High,Private,Neutral,5.0,No,High School,Moderate,Female,68
26.0,71.0,Low,Medium,Yes,5.0,77.0,Low,Yes,0.0,Medium,Medium,Public,Neutral,5.0,No,Postgraduate,Near,Male,66
16.0,99.0,Low,High,Yes,7.0,77.0,High,Yes,0.0,Low,Medium,Public,Neutral,3.0,Yes,High School,Moderate,Female,68
28.0,66.0,Medium,High,No,5.0,67.0,Medium,Yes,1.0,High,Medium,Private,Positive,1.0,No,Postgraduate,Moderate,Female,68
18.0,91.0,Medium,Medium,No,7.0,94.0,Medium,Yes,3.0,Low,Medium,Private,Neutral,2.0,No,High School,Near,Female,69
22.0,99.0,High,Low,No,7.0,65.0,Medium,Yes,3.0,Low,Low,Public,Neutral,3.0,No,Postgraduate,Near,Female,71
22.0,61.0,Low,High,Yes,7.0,76.0,Medium,Yes,1.0,High,Medium,Public,Positive,3.0,No,College,Near,Female,65
19.0,88.0,Low,Medium,Yes,8.0,59.0,Medium,Yes,2.0,Medium,Medium,Private,Neutral,4.0,No,High School,Near,Male,67
25.0,70.0,Medium,Medium,No,7.0,51.0,Medium,Yes,1.0,High,Medium,Public,Negative,4.0,No,College,Near,Female,65
25.0,62.0,High,Medium,No,5.0,71.0,Medium,Yes,0.0,Low,High,Private,Positive,4.0,No,High School,Moderate,Male,65
10.0,76.0,Medium,Low,No,6.0,76.0,Medium,Yes,1.0,High,High,Public,Negative,2.0,No,Postgraduate,Near,Male,80
28.0,97.0,Medium,Medium,Yes,7.0,88.0,High,Yes,2.0,Medium,Medium,Public,Neutral,2.0,No,High School,Moderate,Male,74
10.0,60.0,Medium,Medium,No,7.0,72.0,Low,No,3.0,Medium,Low,Public,Positive,3.0,No,High School,Near,Male,59
26.0,84.0,Medium,Medium,No,7.0,64.0,Low,Yes,2.0,High,High,Public,Neutral,3.0,No,High School,Near,Male,69
27.0,80.0,Medium,Low,Yes,9.0,80.0,Medium,Yes,0.0,High,Medium,Public,Neutral,2.0,Yes,High School,Moderate,Male,66
13.0,95.0,Medium,Medium,Yes,7.0,69.0,Medium,Yes,1.0,Low,Low,Public,Positive,2.0,Yes,Postgraduate,Moderate,Female,66
18.0,63.0,High,High,No,8.0,62.0,Medium,Yes,2.0,High,Medium,Public,Positive,4.0,No,High School,Near,Female,65
13.0,87.0,High,Medium,Yes,4.0,96.0,Low,Yes,3.0,Low,Low,Public,Neutral,3.0,Yes,College,Near,Male,67
19.0,87.0,High,High,No,8.0,77.0,Low,Yes,3.0,Low,Medium,Private,Neutral,4.0,No,High School,Moderate,Male,69
18.0,87.0,Medium,Low,Yes,10.0,60.0,High,Yes,2.0,Medium,Medium,Public,Positive,3.0,No,High School,Near,Female,68
25.0,98.0,Medium,Medium,Yes,9.0,84.0,Medium,Yes,1.0,Medium,High,Private,Neutral,2.0,No,Postgraduate,Near,Female,73
28.0,93.0,Low,High,Yes,6.0,90.0,Medium,Yes,1.0,Low,Medium,Public,Positive,2.0,Yes,High School,Near,Female,71
28.0,62.0,High,Medium,Yes,10.0,88.0,Medium,Yes,0.0,Low,High,Public,Positive,2.0,Yes,Postgraduate,Moderate,Male,67
17.0,79.0,Medium,Medium,Yes,7.0,80.0,Low,Yes,1.0,High,High,Public,Positive,3.0,No,College,Near,Female,67
19.0,76.0,High,Low,No,7.0,76.0,Medium,Yes,0.0,High,High,Public,Neutral,2.0,No,Postgraduate,Near,Male,66
10.0,72.0,Medium,Low,No,7.0,89.0,Medium,Yes,3.0,Medium,Medium,Public,Negative,4.0,No,College,Near,Female,63
15.0,78.0,High,High,No,7.0,85.0,Medium,No,1.0,High,Medium,Public,Negative,1.0,No,High School,Far,Male,65
26.0,75.0,Medium,Low,Yes,4.0,79.0,Medium,Yes,2.0,High,Medium,Public,Negative,1.0,No,College,Near,Male,67
30.0,77.0,Medium,Low,Yes,8.0,83.0,Medium,Yes,1.0,Low,Low,Public,Positive,3.0,No,College,Near,Male,69
13.0,99.0,Medium,Medium,Yes,7.0,58.0,Medium,Yes,1.0,Low,Medium,Public,Neutral,2.0,No,High School,Near,Male,67
16.0,64.0,High,Medium,Yes,7.0,51.0,High,Yes,4.0,High,High,Public,Neutral,3.0,No,College,Near,Male,66
20.0,97.0,High,High,Yes,7.0,97.0,Low,Yes,2.0,Medium,High,Private,Neutral,4.0,No,High School,Moderate,Female,74
22.0,79.0,High,Medium,No,6.0,97.0,Medium,No,2.0,High,,Public,Positive,2.0,No,College,Moderate,Female,69
15.0,85.0,Low,Medium,Yes,7.0,89.0,High,Yes,0.0,Medium,Medium,Public,Negative,4.0,No,College,Moderate,Female,66
23.0,93.0,High,Low,Yes,9.0,69.0,Low,Yes,0.0,Medium,Medium,Private,Positive,3.0,Yes,Postgraduate,Moderate,Male,69
17.0,74.0,Medium,Medium,Yes,8.0,58.0,Low,Yes,1.0,High,Medium,Public,Neutral,2.0,No,College,Far,Male,63
20.0,77.0,Medium,Low,Yes,7.0,68.0,Medium,No,0.0,Medium,High,Private,Positive,3.0,No,College,Near,Female,65
23.0,76.0,Low,Medium,No,7.0,86.0,Low,No,1.0,Low,Medium,Private,Positive,4.0,No,College,Far,Male,64
20.0,75.0,Low,Medium,No,7.0,67.0,High,Yes,0.0,Medium,Medium,Private,Neutral,4.0,No,High School,Near,Male,64
17.0,97.0,Low,High,Yes,6.0,90.0,Low,Yes,2.0,Medium,Low,Public,Negative,2.0,No,High School,Moderate,Male,69
19.0,93.0,High,High,No,7.0,84.0,Medium,Yes,5.0,Low,High,Public,Negative,3.0,No,High School,Near,Female,73
19.0,64.0,Medium,Medium,Yes,8.0,81.0,High,Yes,1.0,Medium,Medium,Public,Negative,3.0,Yes,High School,Moderate,Male,62
18.0,64.0,Low,Low,Yes,7.0,97.0,Low,Yes,2.0,Medium,Low,Private,Neutral,4.0,No,College,Near,Male,62
18.0,77.0,Medium,Medium,Yes,6.0,95.0,High,Yes,0.0,Medium,High,Private,Positive,2.0,No,Postgraduate,Moderate,Female,68
30.0,64.0,Medium,Medium,No,7.0,86.0,Low,Yes,1.0,Medium,Medium,Private,Positive,3.0,No,Postgraduate,Far,Female,66
23.0,85.0,Low,High,Yes,8.0,60.0,High,Yes,2.0,Medium,Medium,Public,Positive,1.0,Yes,College,Moderate,Female,68
18.0,66.0,Low,High,Yes,5.0,97.0,Medium,Yes,4.0,Medium,Medium,Public,Neutral,4.0,No,High School,Moderate,Male,66
24.0,81.0,Low,Medium,Yes,6.0,61.0,Low,Yes,3.0,Medium,Medium,Public,Positive,3.0,No,Postgraduate,Near,Male,69
18.0,60.0,Medium,Medium,Yes,5.0,69.0,Medium,Yes,0.0,Medium,Medium,Public,Neutral,2.0,No,Postgraduate,Near,Female,62
27.0,73.0,Low,Medium,No,7.0,91.0,Medium,Yes,2.0,High,Medium,Public,Neutral,4.0,No,College,Far,Female,68
22.0,87.0,Medium,Medium,No,8.0,60.0,Low,Yes,2.0,Medium,High,Public,Negative,2.0,No,College,Moderate,Male,67
19.0,79.0,Low,Medium,No,9.0,82.0,Medium,Yes,1.0,Low,Medium,Private,Neutral,4.0,No,High School,Near,Male,65
23.0,99.0,Low,Medium,No,9.0,73.0,Medium,Yes,0.0,Low,Medium,Public,Negative,4.0,No,College,Near,Male,69
11.0,95.0,Medium,Medium,No,6.0,81.0,High,Yes,2.0,Low,Low,Public,Positive,3.0,No,High School,Near,Male,67
13.0,74.0,Low,Low,Yes,7.0,98.0,High,Yes,0.0,Medium,Medium,Public,Positive,3.0,No,Postgraduate,Near,Female,64
13.0,62.0,Low,Medium,Yes,6.0,90.0,Medium,No,3.0,High,High,Private,Neutral,3.0,Yes,Postgraduate,Near,Female,62
21.0,94.0,Medium,Medium,Yes,9.0,65.0,Low,Yes,5.0,High,High,Private,Neutral,3.0,Yes,High School,Near,Male,71
30.0,96.0,Medium,High,Yes,9.0,53.0,Medium,No,0.0,Medium,Medium,Private,Neutral,3.0,No,High School,Near,Male,72
33.0,93.0,High,High,Yes,7.0,98.0,Low,Yes,0.0,Medium,Medium,Public,Negative,2.0,Yes,High School,Near,Female,74
24.0,65.0,Low,High,No,6.0,79.0,Low,Yes,1.0,Medium,High,Public,Neutral,2.0,No,Postgraduate,Near,Male,66
23.0,100.0,High,Low,Yes,4.0,59.0,Medium,Yes,2.0,Medium,Medium,Public,Positive,4.0,No,High School,Near,Female,72
9.0,70.0,High,Medium,No,5.0,81.0,Medium,Yes,1.0,High,High,Private,Neutral,4.0,No,Postgraduate,Near,Female,65
17.0,89.0,High,Medium,Yes,4.0,52.0,High,Yes,0.0,Low,Medium,Public,Positive,3.0,No,College,Far,Female,67
15.0,96.0,Medium,High,Yes,5.0,59.0,High,Yes,2.0,Medium,High,Private,Neutral,2.0,No,High School,Near,Male,70
16.0,69.0,High,Medium,Yes,10.0,82.0,Medium,Yes,0.0,Low,High,Public,Negative,1.0,Yes,High School,Moderate,Male,62
19.0,96.0,Low,Low,Yes,5.0,70.0,High,Yes,0.0,Low,Medium,Public,Positive,2.0,No,High School,Far,Male,66
17.0,72.0,Low,Medium,Yes,5.0,66.0,Medium,Yes,2.0,High,High,Public,Negative,3.0,No,College,Near,Male,65
8.0,99.0,Low,High,Yes,6.0,83.0,High,Yes,2.0,Medium,High,Public,Positive,4.0,Yes,Postgraduate,Near,Male,70
24.0,71.0,High,High,Yes,10.0,93.0,Low,Yes,2.0,Medium,Medium,Private,Positive,2.0,Yes,College,Near,Female,69
14.0,98.0,Medium,Medium,Yes,7.0,84.0,Low,Yes,3.0,High,Medium,Public,Neutral,3.0,No,High School,Near,Female,70
21.0,62.0,High,High,No,8.0,73.0,Medium,Yes,2.0,High,Medium,Private,Negative,2.0,No,College,Near,Female,66
32.0,88.0,Medium,Low,Yes,7.0,83.0,Low,Yes,1.0,Low,High,Private,Positive,4.0,No,Postgraduate,Near,Male,73
14.0,81.0,High,Medium,No,4.0,85.0,Low,Yes,3.0,Medium,High,Public,Positive,4.0,No,Postgraduate,Moderate,Female,69
5.0,79.0,High,High,Yes,9.0,89.0,Low,Yes,3.0,Medium,Medium,Private,Neutral,3.0,No,College,Near,Female,66
18.0,69.0,High,Medium,Yes,8.0,65.0,Medium,Yes,4.0,Medium,Medium,Public,Neutral,4.0,No,High School,Far,Male,65
27.0,88.0,Medium,Low,No,7.0,56.0,High,Yes,2.0,Low,Medium,Public,Neutral,4.0,No,Postgraduate,Near,Female,70
32.0,68.0,High,High,No,10.0,84.0,Medium,Yes,0.0,Medium,High,Private,Positive,2.0,No,Postgraduate,Far,Male,70
13.0,82.0,High,Medium,No,6.0,56.0,High,Yes,2.0,Low,High,Public,Neutral,4.0,No,Postgraduate,Near,Male,67
23.0,70.0,Medium,High,Yes,7.0,73.0,High,Yes,1.0,Low,Medium,Private,Positive,3.0,No,Postgraduate,Near,Male,68
17.0,98.0,Medium,Low,Yes,6.0,62.0,Low,Yes,1.0,Medium,Medium,Private,Neutral,2.0,No,College,Near,Female,68
19.0,61.0,High,Medium,No,9.0,67.0,Medium,Yes,0.0,Low,Medium,Public,Negative,2.0,No,College,Far,Female,61
36.0,68.0,Medium,Medium,Yes,8.0,74.0,High,Yes,2.0,Medium,Medium,Public,Negative,3.0,No,High School,Near,Male,70
11.0,70.0,High,High,No,7.0,95.0,High,Yes,0.0,Low,High,Public,Negative,5.0,No,College,Moderate,Male,65
22.0,77.0,Low,Medium,Yes,5.0,84.0,Medium,No,3.0,High,Medium,Public,Positive,2.0,No,High School,Moderate,Male,66
23.0,69.0,Medium,Medium,Yes,6.0,59.0,Medium,Yes,3.0,High,Medium,Public,Neutral,3.0,No,Postgraduate,Moderate,Male,67
27.0,80.0,Low,Low,Yes,5.0,94.0,High,Yes,3.0,High,Medium,Public,Negative,3.0,No,High School,Near,Male,69
21.0,95.0,Medium,High,No,9.0,75.0,Medium,Yes,1.0,Low,Medium,Public,Neutral,2.0,No,College,Far,Male,69
22.0,88.0,Medium,Medium,Yes,5.0,60.0,Low,Yes,1.0,Low,Medium,Public,Neutral,2.0,No,High School,Moderate,Male,67
18.0,83.0,High,Low,No,9.0,76.0,Medium,Yes,0.0,Medium,Low,Private,Neutral,4.0,No,High School,Near,Female,66
22.0,64.0,Low,Medium,Yes,9.0,60.0,Medium,Yes,1.0,High,High,Private,Neutral,2.0,No,High School,Near,Male,63
18.0,88.0,High,Medium,No,6.0,68.0,Low,Yes,0.0,Medium,High,Public,Neutral,4.0,No,High School,Far,Female,67
24.0,67.0,High,Low,Yes,6.0,90.0,Medium,Yes,0.0,Low,Medium,Public,Neutral,1.0,No,College,Far,Male,64
18.0,91.0,Medium,Low,No,6.0,83.0,Medium,Yes,2.0,Low,Medium,Private,Neutral,4.0,No,High School,Near,Male,68
22.0,70.0,Medium,High,Yes,8.0,74.0,Low,Yes,2.0,Low,High,Public,Negative,2.0,No,,Moderate,Male,65
20.0,77.0,Medium,Low,No,9.0,61.0,Medium,Yes,2.0,Medium,Medium,Public,Neutral,3.0,No,High School,Near,Male,65
27.0,74.0,Medium,Low,Yes,9.0,64.0,High,No,1.0,Low,Medium,Public,Neutral,3.0,No,High School,Near,Male,65
20.0,94.0,Low,Medium,Yes,6.0,99.0,Medium,Yes,0.0,Medium,Medium,Public,Negative,4.0,No,College,Near,Female,70
9.0,65.0,Medium,High,Yes,9.0,67.0,Medium,Yes,1.0,High,Medium,Public,Neutral,3.0,No,High School,Near,Female,62
28.0,83.0,High,Low,No,9.0,81.0,Medium,Yes,0.0,Low,Medium,Public,Neutral,4.0,No,High School,Moderate,Male,68
15.0,66.0,Low,High,Yes,7.0,75.0,Low,Yes,0.0,High,High,Public,Negative,3.0,No,College,Near,Male,62
16.0,88.0,Medium,High,Yes,7.0,51.0,Medium,Yes,0.0,Medium,Medium,Public,Positive,3.0,No,College,Near,Female,68
16.0,96.0,High,Medium,Yes,9.0,97.0,Medium,Yes,0.0,Medium,High,Private,Neutral,5.0,No,College,Near,Male,72
28.0,77.0,High,Medium,Yes,9.0,54.0,Low,Yes,1.0,High,Medium,Public,Positive,3.0,No,Postgraduate,Near,Female,70
7.0,80.0,High,Medium,No,9.0,83.0,Low,No,3.0,Medium,Medium,Public,Neutral,3.0,No,High School,Far,Female,62
39.0,97.0,High,High,Yes,10.0,91.0,Medium,Yes,2.0,Low,Medium,Public,Positive,3.0,No,High School,Moderate,Female,79
26.0,81.0,Medium,High,Yes,8.0,87.0,Medium,Yes,2.0,High,High,Public,Neutral,1.0,No,Postgraduate,Near,Male,73
21.0,80.0,High,High,Yes,7.0,90.0,High,Yes,1.0,Low,Low,Public,Negative,2.0,No,College,Far,Male,68
20.0,83.0,High,Medium,Yes,9.0,87.0,Low,Yes,0.0,High,Medium,Public,Neutral,2.0,No,High School,Near,Male,68
22.0,88.0,Medium,Medium,Yes,10.0,72.0,Medium,Yes,2.0,Low,High,Public,Neutral,2.0,No,High School,Moderate,Female,69
23.0,64.0,Medium,Low,Yes,6.0,95.0,High,Yes,1.0,Low,Medium,Public,Positive,2.0,Yes,College,Far,Female,63
24.0,93.0,Medium,Medium,Yes,7.0,96.0,Medium,No,5.0,High,Medium,Public,Negative,4.0,No,Postgraduate,Near,Female,74
23.0,77.0,Medium,Medium,Yes,5.0,72.0,Medium,Yes,2.0,High,High,Public,Negative,5.0,No,College,Moderate,Female,69
21.0,63.0,Medium,Low,No,8.0,74.0,Medium,Yes,0.0,Low,Medium,Public,Negative,3.0,No,High School,Near,Female,61
19.0,91.0,Medium,Low,Yes,8.0,74.0,Low,Yes,4.0,Medium,Medium,Public,Neutral,2.0,Yes,Postgraduate,Near,Female,69
19.0,75.0,Medium,Low,No,6.0,64.0,High,Yes,2.0,Low,Medium,Public,Neutral,3.0,No,High School,Near,Female,64
19.0,64.0,Medium,Medium,Yes,9.0,56.0,Low,Yes,2.0,Low,Medium,Public,Positive,4.0,No,Postgraduate,Far,Female,63
27.0,85.0,Low,High,No,6.0,63.0,Low,Yes,1.0,Low,Medium,Public,Negative,2.0,No,College,Near,Male,68
24.0,95.0,High,Medium,Yes,6.0,92.0,Medium,Yes,2.0,Low,Medium,Public,Neutral,3.0,No,High School,Far,Male,72
2.0,96.0,Low,High,Yes,9.0,77.0,Medium,Yes,3.0,Medium,,Public,Neutral,2.0,No,High School,Far,Female,65
24.0,98.0,Low,Low,No,6.0,93.0,Low,No,2.0,Low,Low,Public,Positive,4.0,No,College,Near,Male,69
21.0,95.0,Medium,Low,No,5.0,87.0,Low,Yes,2.0,Medium,Medium,Private,Neutral,4.0,No,High School,Near,Male,70
20.0,60.0,Medium,Medium,Yes,8.0,67.0,Low,Yes,1.0,Medium,Medium,Public,Neutral,4.0,No,Postgraduate,Moderate,Female,63
18.0,75.0,Low,Medium,Yes,7.0,59.0,Low,Yes,0.0,Medium,Medium,Public,Positive,2.0,Yes,High School,Near,Female,62
27.0,93.0,Medium,Medium,Yes,9.0,78.0,Low,Yes,1.0,Low,Medium,Public,Positive,2.0,No,Postgraduate,Near,Female,72
26.0,75.0,High,High,No,8.0,97.0,Medium,Yes,1.0,Low,Medium,Public,Neutral,4.0,No,High School,Far,Male,69
15.0,84.0,Medium,Medium,No,4.0,92.0,Low,Yes,2.0,Medium,Medium,Public,Negative,3.0,No,High School,Moderate,Female,66
22.0,84.0,Medium,Medium,Yes,9.0,88.0,Medium,Yes,2.0,Low,High,Private,Neutral,4.0,No,Postgraduate,Near,Male,71
14.0,75.0,Low,Low,No,10.0,88.0,Medium,Yes,2.0,Low,Medium,Private,Negative,3.0,No,College,Moderate,Female,62
12.0,96.0,Medium,Low,Yes,9.0,76.0,Medium,Yes,2.0,Medium,High,Public,Positive,2.0,No,High School,Near,Male,68
16.0,80.0,High,Low,No,9.0,58.0,Low,Yes,0.0,Medium,Medium,Public,Neutral,2.0,No,High School,Near,Female,63
25.0,79.0,Medium,Medium,Yes,7.0,64.0,Medium,Yes,0.0,Low,Medium,Public,Neutral,3.0,No,College,Far,Female,66
26.0,100.0,High,Medium,Yes,6.0,79.0,High,Yes,1.0,Medium,High,Public,Positive,3.0,No,College,Moderate,Male,75
23.0,80.0,Medium,Low,Yes,7.0,66.0,High,Yes,1.0,High,High,Private,Positive,4.0,No,College,Near,Female,69
24.0,67.0,High,Medium,No,8.0,89.0,Medium,Yes,2.0,High,Low,Private,Positive,3.0,No,High School,Near,Female,68
23.0,81.0,High,Medium,No,8.0,69.0,Medium,Yes,5.0,Medium,Medium,Public,Negative,2.0,No,High School,Moderate,Male,69
16.0,93.0,High,Low,No,6.0,56.0,Medium,Yes,2.0,Low,Medium,Public,Positive,4.0,No,High School,Near,Male,67
23.0,91.0,High,Medium,Yes,6.0,89.0,Medium,Yes,3.0,Medium,Medium,Private,Negative,3.0,No,Postgraduate,Near,Male,73
25.0,92.0,Medium,High,Yes,5.0,85.0,Low,Yes,1.0,Low,Medium,Public,Negative,1.0,No,College,Near,Male,71
25.0,88.0,High,Medium,Yes,8.0,63.0,Medium,Yes,2.0,High,Medium,Public,Positive,3.0,No,High School,Moderate,Female,71
27.0,70.0,Medium,Medium,No,6.0,99.0,High,Yes,2.0,Low,Medium,Private,Neutral,2.0,No,High School,Near,Female,68
24.0,94.0,High,Low,No,7.0,70.0,Medium,Yes,1.0,High,Medium,Public,Neutral,1.0,No,High School,Near,Male,70
22.0,96.0,Low,High,Yes,10.0,84.0,Low,Yes,1.0,High,High,Public,Negative,3.0,No,High School,Near,Male,71
26.0,68.0,Medium,High,No,8.0,96.0,High,Yes,1.0,Medium,High,Public,Neutral,2.0,No,High School,Near,Male,69
20.0,65.0,High,Medium,No,7.0,58.0,Medium,No,3.0,Low,Medium,Private,Neutral,4.0,No,High School,Near,Male,63
15.0,99.0,Low,Medium,Yes,8.0,94.0,Medium,Yes,2.0,Medium,Medium,Private,Neutral,3.0,No,Postgraduate,Near,Male,71
19.0,95.0,Medium,Medium,Yes,9.0,85.0,Medium,No,2.0,Low,Medium,Public,Negative,3.0,No,College,Near,Male,69
16.0,96.0,High,Medium,Yes,5.0,58.0,Medium,Yes,2.0,High,Low,Public,Positive,5.0,No,Postgraduate,Moderate,Male,71
16.0,95.0,Medium,Low,No,6.0,83.0,Low,Yes,2.0,Low,High,Private,Neutral,3.0,No,High School,Near,Female,68
19.0,82.0,Medium,Medium,No,7.0,94.0,Medium,Yes,1.0,Medium,Medium,Public,Positive,3.0,No,High School,Near,Female,68
15.0,86.0,Medium,Low,No,6.0,90.0,Medium,Yes,0.0,Medium,High,Public,Neutral,3.0,No,Postgraduate,Far,Male,66
18.0,82.0,Medium,Medium,No,7.0,88.0,Medium,Yes,3.0,Low,Medium,Public,Negative,3.0,No,College,Moderate,Female,67
9.0,62.0,Low,High,Yes,5.0,58.0,Low,Yes,0.0,Medium,High,Private,Positive,5.0,No,College,Moderate,Female,59
21.0,90.0,Low,Medium,No,8.0,60.0,Medium,Yes,1.0,Low,Medium,Public,Negative,2.0,No,College,Near,Female,66
20.0,80.0,Low,Low,No,6.0,77.0,Low,Yes,0.0,Medium,High,Private,Negative,3.0,No,High School,Near,Male,64
15.0,86.0,Medium,Medium,No,7.0,79.0,Medium,Yes,1.0,Low,Medium,Public,Neutral,3.0,Yes,High School,Moderate,Female,64
24.0,80.0,Medium,High,Yes,7.0,97.0,Medium,Yes,0.0,Low,High,Private,Neutral,4.0,No,High School,Moderate,Female,69
26.0,80.0,High,Low,No,8.0,73.0,High,Yes,1.0,Medium,Medium,Public,Neutral,3.0,No,High School,Near,Male,69
10.0,67.0,Medium,Medium,No,4.0,65.0,Medium,No,3.0,Medium,Medium,Public,Positive,3.0,No,High School,Near,Male,61
15.0,71.0,High,High,No,8.0,60.0,Medium,Yes,0.0,Low,High,Private,Negative,3.0,No,High School,Far,Female,62
15.0,66.0,Low,Medium,No,7.0,53.0,Medium,Yes,2.0,Medium,High,Public,Negative,3.0,No,College,Near,Female,61
14.0,68.0,Medium,Medium,Yes,8.0,53.0,High,Yes,1.0,Medium,High,Private,Positive,2.0,No,College,Near,Female,63
25.0,99.0,Medium,Low,No,5.0,79.0,Low,Yes,2.0,Low,Medium,Public,Positive,4.0,No,College,Near,Female,71
19.0,66.0,High,High,Yes,8.0,59.0,Medium,Yes,1.0,Medium,Low,Public,Positive,2.0,No,Postgraduate,Moderate,Female,65
18.0,71.0,High,High,Yes,9.0,93.0,Medium,Yes,1.0,Low,High,Private,Neutral,4.0,No,College,Moderate,Male,68
8.0,84.0,High,High,No,7.0,80.0,Medium,Yes,1.0,High,High,Public,Positive,4.0,No,High School,Moderate,Male,67
24.0,84.0,Low,High,Yes,6.0,93.0,High,Yes,2.0,Low,Medium,Public,Neutral,1.0,No,High School,Near,Female,70
13.0,66.0,High,Medium,Yes,6.0,71.0,Medium,Yes,3.0,Medium,Medium,Public,Neutral,3.0,No,High School,Near,Male,64
20.0,92.0,Medium,High,No,8.0,80.0,High,Yes,0.0,Medium,Medium,Private,Neutral,3.0,No,College,Near,Male,71
22.0,91.0,High,Medium,Yes,8.0,76.0,Low,Yes,2.0,Medium,Medium,Public,Neutral,3.0,No,College,Moderate,Female,71
28.0,69.0,Medium,High,No,8.0,99.0,Low,Yes,0.0,High,Medium,Private,Negative,3.0,No,High School,Moderate,Female,67
12.0,72.0,Medium,Low,Yes,7.0,90.0,Medium,Yes,0.0,High,Medium,Public,Positive,3.0,No,Postgraduate,Far,Male,63
2.0,98.0,Low,High,Yes,7.0,80.0,High,Yes,2.0,Low,High,Public,Neutral,1.0,No,High School,Near,Male,66
21.0,93.0,Medium,Low,Yes,7.0,80.0,Medium,Yes,3.0,High,Medium,Public,Neutral,1.0,No,High School,Moderate,Male,70
31.0,88.0,Medium,Low,No,6.0,62.0,Medium,Yes,2.0,Low,Medium,Private,Positive,4.0,No,High School,Near,Male,70
27.0,63.0,Low,Medium,Yes,8.0,87.0,Medium,Yes,3.0,Low,High,Private,Positive,3.0,No,High School,Near,Female,67
21.0,77.0,Low,Medium,No,7.0,99.0,High,Yes,3.0,Medium,High,Public,Neutral,3.0,No,Postgraduate,Near,Male,69
17.0,82.0,High,Low,No,9.0,56.0,Low,Yes,3.0,High,Medium,Public,Positive,2.0,No,High School,Near,Female,66
25.0,67.0,Medium,High,No,9.0,82.0,Medium,Yes,1.0,Medium,Medium,Public,Positive,3.0,No,Postgraduate,Far,Female,67
14.0,78.0,High,Medium,Yes,7.0,76.0,Medium,Yes,0.0,High,Medium,Public,Negative,2.0,Yes,College,Near,Female,65
23.0,84.0,High,High,Yes,8.0,93.0,Medium,Yes,1.0,High,Medium,Public,Positive,3.0,No,Postgraduate,Far,Male,72
23.0,73.0,High,High,No,6.0,50.0,Medium,Yes,1.0,Medium,Medium,Public,Positive,3.0,No,College,Near,Male,68
26.0,91.0,High,Medium,Yes,7.0,57.0,Low,Yes,3.0,Medium,Medium,Public,Negative,3.0,No,College,Near,Male,72
37.0,94.0,High,Medium,Yes,8.0,52.0,High,Yes,1.0,Low,Medium,Private,Positive,3.0,No,Postgraduate,Near,Male,76
22.0,73.0,Medium,Low,Yes,5.0,58.0,Medium,Yes,4.0,Low,Medium,Public,Positive,3.0,Yes,College,Near,Female,65
17.0,94.0,Low,Medium,No,8.0,85.0,Medium,Yes,1.0,Medium,Low,Public,Positive,4.0,No,High School,Near,Male,68
20.0,64.0,Medium,Medium,Yes,6.0,57.0,Medium,Yes,3.0,Low,High,Public,Neutral,4.0,No,College,Near,Female,65
9.0,94.0,Medium,Medium,Yes,6.0,81.0,Low,Yes,0.0,Low,High,Public,Positive,3.0,No,High School,Near,Male,66
16.0,66.0,Low,Medium,No,6.0,93.0,Medium,Yes,7.0,Low,Medium,Public,Negative,2.0,No,High School,Far,Male,63
18.0,63.0,Medium,Low,No,7.0,52.0,Medium,Yes,2.0,High,High,Public,Positive,3.0,No,Postgraduate,Moderate,Female,63
17.0,86.0,Medium,Medium,Yes,5.0,51.0,Medium,Yes,2.0,Low,Medium,Private,Neutral,2.0,No,Postgraduate,Moderate,Male,66
21.0,79.0,High,Low,Yes,8.0,99.0,Medium,Yes,2.0,Low,High,Public,Positive,4.0,No,High School,Near,Male,69
15.0,96.0,Medium,High,Yes,7.0,84.0,High,Yes,3.0,Medium,Low,Public,Positive,1.0,No,Postgraduate,Near,Male,72
27.0,75.0,Medium,Low,Yes,10.0,57.0,Medium,Yes,3.0,High,Low,Public,Negative,3.0,No,High School,Near,Male,66
20.0,71.0,Medium,Medium,Yes,7.0,65.0,Medium,No,2.0,Medium,Medium,Public,Negative,4.0,No,High School,Moderate,Female,64
20.0,80.0,Medium,Low,Yes,8.0,99.0,Low,Yes,0.0,Low,High,Private,Positive,3.0,No,High School,,Male,67
18.0,78.0,High,High,Yes,6.0,61.0,Low,Yes,1.0,Low,Medium,Private,Positive,5.0,No,High School,Near,Male,67
21.0,74.0,Low,Medium,Yes,5.0,88.0,Medium,Yes,1.0,Medium,High,Public,Neutral,1.0,No,College,Near,Male,66
25.0,88.0,Medium,Low,Yes,8.0,62.0,Low,Yes,2.0,Low,Medium,Public,Neutral,2.0,No,High School,Near,Female,68
15.0,90.0,Medium,Medium,No,5.0,70.0,Medium,Yes,0.0,Medium,Medium,Private,Neutral,2.0,No,High School,Moderate,Male,65
16.0,94.0,Medium,High,Yes,8.0,94.0,High,Yes,2.0,Low,High,Private,Negative,3.0,No,High School,Near,Male,71
18.0,99.0,Medium,High,Yes,10.0,51.0,Medium,Yes,1.0,Medium,Low,Public,Neutral,4.0,No,Postgraduate,Near,Male,71
12.0,71.0,Medium,Medium,Yes,8.0,65.0,Medium,Yes,1.0,Medium,High,Private,Neutral,2.0,No,High School,Moderate,Male,62
15.0,89.0,Medium,High,Yes,8.0,74.0,Low,Yes,2.0,Medium,High,Public,Positive,2.0,No,College,Near,Male,69
17.0,76.0,Medium,Low,No,7.0,81.0,Low,Yes,4.0,High,Medium,Private,Neutral,2.0,No,High School,Near,Male,65
25.0,87.0,High,Low,No,6.0,51.0,Low,Yes,3.0,Medium,Medium,Public,Neutral,3.0,No,Postgraduate,Near,Male,70
22.0,79.0,Medium,Medium,Yes,7.0,71.0,Medium,Yes,2.0,Low,,Private,Neutral,2.0,No,College,Moderate,Male,66
21.0,100.0,Medium,Medium,No,6.0,67.0,Medium,Yes,0.0,High,Medium,Public,Positive,3.0,No,High School,Far,Male,70
25.0,89.0,Medium,High,No,5.0,51.0,Low,Yes,2.0,Medium,High,Private,Negative,2.0,No,Postgraduate,Moderate,Female,70
19.0,98.0,Low,High,Yes,7.0,68.0,Medium,Yes,1.0,Low,Medium,Private,Neutral,4.0,No,High School,Moderate,Female,69
22.0,93.0,High,Low,Yes,9.0,97.0,Medium,Yes,2.0,Medium,Medium,Public,Neutral,3.0,Yes,High School,Near,Male,71
19.0,96.0,Medium,Medium,No,5.0,64.0,Medium,Yes,1.0,Medium,Medium,Public,Neutral,3.0,No,High School,Near,Male,69
22.0,93.0,High,Medium,No,9.0,79.0,Medium,Yes,2.0,Medium,High,Public,Positive,2.0,No,Postgraduate,Near,Female,73
17.0,78.0,Medium,Medium,Yes,9.0,65.0,Low,Yes,1.0,Medium,High,Public,Neutral,4.0,No,High School,Moderate,Female,65
5.0,70.0,High,High,Yes,8.0,55.0,Medium,Yes,3.0,Low,Medium,Public,Neutral,3.0,No,High School,Near,Male,62
19.0,75.0,Medium,High,No,8.0,64.0,Medium,Yes,2.0,High,Low,Public,Negative,5.0,No,Postgraduate,Moderate,Female,67
29.0,61.0,Low,Medium,Yes,7.0,74.0,High,Yes,1.0,Medium,Medium,Public,Neutral,3.0,No,Postgraduate,Moderate,Male,65
26.0,81.0,Low,Medium,No,7.0,65.0,Low,Yes,1.0,Medium,Medium,Public,Neutral,3.0,No,High School,Far,Male,65
26.0,80.0,Medium,High,Yes,6.0,81.0,Medium,Yes,0.0,Medium,Medium,Public,Neutral,2.0,No,College,Near,Female,70
27.0,81.0,Medium,Medium,Yes,7.0,97.0,Low,Yes,1.0,Medium,Medium,Public,Neutral,2.0,No,College,Near,Female,70
21.0,99.0,Medium,High,Yes,7.0,53.0,Medium,Yes,0.0,Medium,Low,Public,Neutral,4.0,No,Postgraduate,Near,Female,71
21.0,96.0,High,Low,No,10.0,86.0,Low,Yes,1.0,Low,High,Public,Neutral,3.0,No,College,Near,Male,71
16.0,66.0,Medium,Medium,Yes,8.0,50.0,Low,Yes,1.0,Medium,High,Public,Neutral,4.0,No,High School,Moderate,Male,62
18.0,75.0,Medium,Low,No,7.0,50.0,Medium,Yes,4.0,Low,Medium,Public,Positive,2.0,No,Postgraduate,Near,Female,65
24.0,77.0,High,Medium,Yes,7.0,57.0,Medium,Yes,3.0,Medium,High,Public,Positive,2.0,No,College,Far,Male,84
27.0,74.0,Medium,Medium,Yes,6.0,74.0,Medium,Yes,2.0,Medium,High,Public,Neutral,2.0,No,College,Far,Male,68
19.0,92.0,High,Medium,Yes,6.0,52.0,Medium,Yes,3.0,High,Medium,Public,Positive,1.0,No,High School,Near,Male,70
17.0,81.0,Medium,High,No,8.0,86.0,Medium,Yes,1.0,Medium,Medium,Private,Neutral,3.0,No,Postgraduate,Near,Male,68
20.0,83.0,Medium,Medium,No,6.0,51.0,Medium,Yes,2.0,Low,High,Public,Negative,4.0,No,Postgraduate,Near,Male,67
24.0,94.0,Low,Medium,Yes,6.0,75.0,Low,Yes,1.0,Low,High,Public,Negative,4.0,No,High School,Near,Female,69
11.0,92.0,High,High,Yes,6.0,84.0,Medium,Yes,2.0,Low,Low,Public,Negative,1.0,No,High School,Near,Female,68
6.0,65.0,High,High,No,6.0,62.0,Medium,No,3.0,Low,Low,Public,Neutral,1.0,No,High School,Near,Male,59
17.0,89.0,High,Low,Yes,9.0,79.0,Medium,No,0.0,Medium,Medium,Public,Positive,2.0,No,College,Near,Female,67
13.0,77.0,Medium,High,Yes,7.0,63.0,Low,Yes,0.0,High,Low,Public,Positive,1.0,No,High School,Moderate,Male,63
17.0,72.0,High,High,Yes,7.0,61.0,Low,Yes,1.0,Medium,Medium,Public,Negative,4.0,No,High School,Near,Female,65
19.0,62.0,Medium,Medium,No,7.0,91.0,Low,Yes,1.0,Low,Medium,Public,Positive,3.0,No,College,Near,Male,63
17.0,79.0,Medium,Medium,No,7.0,67.0,Low,Yes,1.0,Low,Medium,Private,Positive,3.0,No,High School,Near,Female,64
29.0,74.0,High,Medium,Yes,6.0,91.0,High,Yes,3.0,Low,High,Public,Positive,4.0,No,College,Far,Female,72
22.0,70.0,Low,Medium,Yes,5.0,61.0,High,Yes,1.0,Low,Medium,Public,Negative,3.0,No,College,Moderate,Male,63
22.0,88.0,Medium,Medium,No,9.0,68.0,Medium,No,2.0,Medium,Medium,Public,Neutral,2.0,Yes,High School,Near,Male,66
24.0,91.0,Medium,Medium,Yes,8.0,55.0,Low,Yes,0.0,Medium,Low,Private,Neutral,2.0,No,College,Moderate,Female,67
13.0,70.0,High,High,Yes,8.0,75.0,High,Yes,1.0,High,Medium,Public,Positive,2.0,Yes,Postgraduate,Moderate,Male,66
26.0,62.0,Medium,Medium,Yes,8.0,69.0,Medium,Yes,2.0,Medium,High,Public,Positive,3.0,No,College,Moderate,Female,66
20.0,94.0,Medium,Medium,Yes,10.0,50.0,Low,Yes,1.0,Low,High,Private,Negative,4.0,Yes,Postgraduate,Near,Female,68
24.0,60.0,High,High,No,6.0,73.0,Medium,Yes,1.0,Low,Medium,Private,Positive,5.0,No,Postgraduate,Moderate,Male,66
14.0,97.0,Medium,Medium,Yes,5.0,54.0,Medium,Yes,3.0,Medium,Medium,Public,Negative,2.0,No,College,Near,Female,68
11.0,85.0,Medium,Medium,Yes,8.0,92.0,Low,Yes,2.0,Medium,Medium,Public,Negative,4.0,No,High School,Far,Female,65
25.0,73.0,Medium,Medium,Yes,5.0,75.0,Low,Yes,0.0,Medium,Medium,Private,Positive,2.0,No,College,Near,Female,67
22.0,70.0,High,Low,No,7.0,85.0,Medium,Yes,0.0,High,Medium,Private,Negative,3.0,No,High School,Far,Male,64
15.0,60.0,Low,High,No,7.0,91.0,Low,Yes,0.0,Low,Medium,Private,Negative,2.0,No,College,Far,Male,59
15.0,69.0,Medium,Medium,Yes,8.0,53.0,Low,No,0.0,High,Medium,Private,Negative,3.0,No,High School,Near,Male,60
27.0,66.0,Low,High,No,6.0,67.0,Low,Yes,1.0,High,High,Public,Negative,4.0,No,College,Far,Female,65
13.0,84.0,Medium,Medium,Yes,9.0,51.0,High,Yes,0.0,Low,Medium,Public,Negative,4.0,No,High School,Near,Female,64
30.0,67.0,Medium,High,No,6.0,52.0,Medium,Yes,1.0,Low,Medium,Public,Neutral,1.0,No,High School,Near,Female,66
15.0,81.0,Medium,Medium,Yes,8.0,52.0,Medium,Yes,0.0,Medium,Medium,Public,Neutral,2.0,No,Postgraduate,Near,Male,65
24.0,84.0,Medium,Medium,Yes,6.0,74.0,Medium,Yes,2.0,Medium,High,Public,Positive,2.0,No,High School,Far,Male,69
18.0,72.0,High,High,Yes,8.0,73.0,Medium,Yes,0.0,Medium,Medium,Private,Positive,4.0,Yes,High School,Near,Female,66
24.0,61.0,High,Medium,Yes,5.0,53.0,Medium,Yes,1.0,Low,High,Private,Neutral,5.0,No,College,,Female,65
17.0,61.0,High,Medium,No,7.0,63.0,Low,Yes,1.0,Medium,Medium,Public,Positive,4.0,No,College,Moderate,Female,62
19.0,61.0,Medium,Low,No,9.0,62.0,Medium,Yes,2.0,Medium,Medium,Public,Neutral,2.0,No,High School,Far,Female,60
20.0,90.0,Low,Medium,No,7.0,65.0,Low,No,4.0,Low,High,Public,Positive,4.0,No,College,Moderate,Female,68
14.0,73.0,Medium,High,Yes,9.0,82.0,Medium,Yes,1.0,Medium,Medium,Public,Negative,3.0,No,High School,Near,Female,64
24.0,92.0,High,High,No,7.0,85.0,High,Yes,0.0,Medium,Medium,Public,Positive,3.0,No,College,Near,Female,73
17.0,77.0,Medium,Medium,Yes,6.0,67.0,Low,Yes,1.0,Low,Medium,Public,Positive,1.0,No,College,Near,Male,64
19.0,78.0,High,High,No,7.0,89.0,Medium,Yes,2.0,Medium,Medium,Public,Neutral,4.0,No,,Moderate,Female,69
14.0,81.0,Low,Medium,No,8.0,71.0,Low,Yes,1.0,Low,High,Public,Neutral,3.0,Yes,Postgraduate,Near,Female,63
5.0,89.0,Medium,Medium,Yes,4.0,76.0,High,Yes,2.0,Medium,Medium,Public,Neutral,3.0,No,College,Near,Male,65
19.0,71.0,Medium,Medium,No,8.0,57.0,Medium,Yes,2.0,Medium,High,Public,Positive,4.0,No,High School,Moderate,Male,65
34.0,65.0,Medium,Medium,Yes,6.0,62.0,High,Yes,0.0,Medium,High,Public,Negative,3.0,No,High School,Near,Male,67
25.0,82.0,Medium,Medium,Yes,5.0,86.0,Medium,No,0.0,Low,Low,Public,Positive,4.0,No,High School,Near,Male,67
20.0,73.0,Medium,Medium,No,8.0,99.0,Low,Yes,1.0,Medium,Medium,Private,Positive,3.0,No,High School,Near,Male,66
18.0,78.0,Medium,High,Yes,9.0,85.0,High,Yes,1.0,Low,High,Private,Negative,2.0,No,Postgraduate,Near,Male,68
20.0,86.0,Medium,Low,Yes,7.0,53.0,Medium,Yes,1.0,Low,High,Public,Negative,2.0,No,High School,Near,Male,65
23.0,80.0,Low,Low,Yes,5.0,57.0,Medium,Yes,1.0,Low,Medium,Public,Neutral,4.0,No,Postgraduate,Near,Male,66
13.0,85.0,High,Low,Yes,6.0,72.0,Medium,Yes,2.0,Low,Medium,Public,Positive,1.0,No,College,Moderate,Female,66
27.0,82.0,Medium,Medium,Yes,6.0,87.0,Low,No,2.0,Low,High,Public,Positive,2.0,No,High School,Near,Male,69
24.0,90.0,Medium,Medium,No,7.0,58.0,Medium,Yes,2.0,Low,Medium,Private,Neutral,2.0,No,Postgraduate,Near,Male,70
24.0,88.0,Medium,Low,Yes,7.0,88.0,Medium,Yes,2.0,Medium,High,Private,Neutral,2.0,No,Postgraduate,Moderate,Male,71
23.0,81.0,High,Medium,No,8.0,78.0,High,Yes,4.0,Low,Low,Public,Positive,3.0,No,High School,Moderate,Male,70
20.0,87.0,Medium,Medium,No,8.0,89.0,Low,Yes,2.0,Medium,Medium,Public,Neutral,3.0,No,High School,Moderate,Male,68
24.0,95.0,High,High,Yes,8.0,78.0,Medium,Yes,2.0,Low,High,Public,Negative,2.0,No,Postgraduate,Far,Female,73
24.0,77.0,Medium,High,No,8.0,80.0,High,Yes,1.0,Low,High,Public,Positive,2.0,Yes,High School,Moderate,Female,68
18.0,77.0,Medium,Medium,Yes,7.0,62.0,Low,Yes,2.0,High,Medium,Private,Neutral,4.0,No,College,Near,Male,66
17.0,91.0,Medium,Low,Yes,10.0,86.0,Low,Yes,1.0,Medium,Medium,Public,Neutral,3.0,Yes,Postgraduate,Moderate,Female,67
21.0,83.0,Medium,Low,Yes,8.0,92.0,Low,Yes,2.0,Medium,Medium,Private,Negative,4.0,Yes,High School,Near,Male,66
29.0,63.0,Medium,High,Yes,8.0,94.0,Medium,Yes,0.0,Medium,High,Private,Positive,2.0,No,Postgraduate,Near,Female,69
13.0,96.0,Medium,Medium,No,10.0,51.0,Medium,Yes,1.0,Low,Low,Public,Positive,3.0,No,Postgraduate,Near,Female,67
11.0,61.0,Medium,Low,Yes,7.0,81.0,High,Yes,5.0,Medium,Low,Public,Positive,4.0,Yes,High School,Near,Male,61
21.0,90.0,Medium,Medium,No,6.0,99.0,Medium,Yes,2.0,Low,Medium,Private,Negative,3.0,No,College,Near,Female,70
20.0,90.0,High,High,No,9.0,79.0,Medium,Yes,2.0,Low,Medium,Public,Negative,2.0,No,High School,Near,Female,70
21.0,98.0,Medium,Medium,Yes,9.0,59.0,High,No,3.0,Medium,Medium,Public,Neutral,3.0,Yes,College,Near,Female,70
21.0,62.0,Medium,Medium,No,7.0,94.0,Low,Yes,1.0,Low,High,Private,Positive,3.0,No,College,Moderate,Female,64
19.0,84.0,High,Medium,No,10.0,63.0,Medium,Yes,0.0,Low,Medium,Public,Negative,3.0,No,College,Far,Female,65
29.0,77.0,Medium,Medium,No,7.0,52.0,Medium,Yes,5.0,Low,Medium,Public,Positive,4.0,No,College,Near,Female,70
10.0,73.0,Low,High,Yes,8.0,72.0,Low,Yes,1.0,Low,High,Public,Positive,2.0,No,College,Moderate,Female,62
15.0,64.0,High,High,Yes,9.0,55.0,High,Yes,1.0,Medium,Low,Public,Neutral,3.0,No,College,Near,Female,64
19.0,83.0,Medium,High,Yes,7.0,56.0,Medium,Yes,1.0,Medium,Low,Private,Positive,3.0,No,College,Far,Female,67
10.0,79.0,High,Medium,No,8.0,73.0,High,No,1.0,Low,Low,Public,Neutral,4.0,No,High School,Near,Female,63
19.0,64.0,Low,Medium,Yes,9.0,81.0,High,Yes,0.0,Medium,High,Public,Neutral,3.0,Yes,High School,Near,Male,62
30.0,84.0,Low,Medium,No,6.0,95.0,Medium,Yes,2.0,High,High,Public,Negative,2.0,No,College,Near,Male,72
20.0,90.0,Low,Medium,No,6.0,85.0,High,No,3.0,Low,High,Private,Neutral,2.0,No,College,Near,Male,69
21.0,91.0,Medium,High,Yes,9.0,92.0,Medium,Yes,5.0,Low,Medium,Private,Negative,2.0,No,High School,Near,Male,72
12.0,96.0,Low,Medium,Yes,7.0,71.0,High,Yes,2.0,Medium,Medium,Private,Positive,2.0,No,College,Near,Male,68
16.0,76.0,Low,Medium,No,6.0,66.0,Low,Yes,1.0,Medium,Medium,Private,Neutral,3.0,No,Postgraduate,Near,Female,64
18.0,98.0,High,High,Yes,7.0,80.0,Low,Yes,3.0,Low,Medium,Private,Neutral,1.0,No,College,Near,Female,72
18.0,95.0,High,High,Yes,8.0,85.0,Low,Yes,2.0,Low,High,Public,Positive,3.0,No,College,Near,Female,73
28.0,72.0,High,Medium,Yes,5.0,78.0,Low,No,5.0,Medium,Low,Private,Negative,2.0,No,College,Far,Male,67
23.0,66.0,High,Low,Yes,8.0,63.0,Medium,Yes,0.0,Low,Medium,Public,Negative,4.0,No,College,Near,Female,64
13.0,77.0,Medium,Medium,Yes,8.0,68.0,Low,Yes,3.0,High,Medium,Private,Neutral,3.0,No,High School,Near,Female,65
21.0,76.0,High,High,Yes,9.0,72.0,Low,Yes,1.0,Low,High,Public,Neutral,3.0,No,High School,Moderate,Female,67
23.0,83.0,Medium,Medium,Yes,7.0,51.0,Low,Yes,3.0,Medium,High,Public,Neutral,2.0,No,College,Moderate,Male,68
27.0,83.0,Medium,High,Yes,9.0,94.0,Medium,Yes,2.0,Low,High,Public,Positive,2.0,No,High School,,Male,72
29.0,90.0,High,Low,Yes,7.0,76.0,Low,Yes,1.0,Medium,Low,Public,Positive,3.0,No,High School,Moderate,Female,71
14.0,80.0,Medium,Medium,Yes,7.0,88.0,Medium,Yes,1.0,Medium,Medium,Private,Neutral,3.0,No,High School,Near,Male,66
15.0,64.0,High,Medium,No,7.0,59.0,Low,Yes,0.0,Low,Medium,Public,Neutral,3.0,Yes,High School,Near,Female,59
12.0,94.0,Medium,Medium,Yes,10.0,78.0,Medium,Yes,1.0,Medium,High,Public,Neutral,2.0,No,High School,Near,Female,68
19.0,72.0,Low,High,Yes,5.0,96.0,Low,No,3.0,Low,Low,Public,Positive,2.0,No,High School,Moderate,Female,64
23.0,99.0,Low,Medium,No,8.0,61.0,Low,Yes,2.0,High,High,Private,Positive,3.0,Yes,High School,Near,Female,70
26.0,65.0,Low,Medium,Yes,7.0,67.0,Medium,Yes,4.0,High,Medium,Private,Negative,3.0,No,High School,Moderate,Female,65
20.0,98.0,High,Medium,Yes,7.0,69.0,High,No,2.0,High,High,Public,Negative,2.0,No,College,Near,Female,72
18.0,64.0,High,High,No,8.0,69.0,Medium,Yes,3.0,High,Medium,Public,Positive,3.0,No,College,Moderate,Male,66
21.0,69.0,Medium,Medium,Yes,9.0,80.0,High,Yes,2.0,Medium,High,Public,Positive,5.0,No,College,Near,Male,68
15.0,62.0,Medium,High,No,8.0,70.0,Medium,Yes,1.0,Low,Medium,Private,Positive,3.0,No,College,Near,Male,62
33.0,88.0,Medium,Low,No,9.0,84.0,Medium,Yes,1.0,Low,Medium,Public,Negative,3.0,No,High School,Near,Male,70
10.0,94.0,High,Medium,Yes,7.0,74.0,High,Yes,3.0,High,Medium,Public,Positive,3.0,No,College,Moderate,Male,70
21.0,77.0,Medium,Low,Yes,7.0,58.0,Medium,Yes,0.0,Low,High,Public,Negative,3.0,No,College,Near,Male,64
32.0,97.0,High,Low,Yes,5.0,97.0,Low,Yes,1.0,Low,High,Public,Positive,5.0,No,College,Moderate,Female,76
20.0,84.0,Medium,Medium,Yes,10.0,62.0,High,Yes,1.0,Medium,Medium,Public,Neutral,2.0,No,College,Moderate,Male,67
19.0,85.0,High,High,No,7.0,78.0,Low,Yes,2.0,Low,High,Private,Negative,3.0,No,College,Near,Male,69
18.0,94.0,Medium,Low,Yes,7.0,53.0,Medium,Yes,4.0,Medium,High,Public,Positive,3.0,No,High School,Far,Female,68
19.0,72.0,Medium,Medium,Yes,8.0,96.0,Low,Yes,1.0,Medium,High,Public,Positive,2.0,No,Postgraduate,Moderate,Female,67
28.0,74.0,Medium,Medium,Yes,9.0,96.0,Low,Yes,0.0,High,High,Private,Neutral,3.0,No,High School,Near,Female,69
7.0,96.0,High,Medium,Yes,6.0,68.0,Medium,Yes,2.0,Low,High,Public,Neutral,1.0,No,High School,Near,Female,67
29.0,96.0,High,High,Yes,9.0,56.0,Low,Yes,0.0,Low,High,Private,Neutral,4.0,No,High School,Near,Male,73
11.0,99.0,Medium,High,Yes,7.0,88.0,High,No,4.0,Medium,Low,Private,Neutral,3.0,No,College,Near,Male,71
18.0,96.0,Medium,Low,No,9.0,63.0,Medium,Yes,4.0,Low,Medium,Private,Neutral,3.0,No,Postgraduate,Near,Male,70
17.0,65.0,High,Medium,Yes,6.0,85.0,Medium,Yes,1.0,Low,Medium,Private,Neutral,3.0,No,,Near,Male,65
24.0,93.0,High,Medium,Yes,8.0,96.0,Medium,Yes,0.0,Medium,Medium,Public,Positive,1.0,No,Postgraduate,Moderate,Male,73
10.0,76.0,Medium,Medium,Yes,7.0,80.0,Medium,Yes,1.0,Low,High,Public,Positive,4.0,No,Postgraduate,Near,Female,65
23.0,100.0,Low,Medium,Yes,5.0,93.0,Medium,Yes,4.0,Low,Medium,Private,Neutral,3.0,No,Postgraduate,Moderate,Male,73
32.0,79.0,Low,High,Yes,5.0,61.0,Medium,Yes,0.0,Low,High,Public,Positive,3.0,No,College,Near,Male,70
12.0,82.0,High,Medium,Yes,6.0,96.0,High,Yes,0.0,Low,Low,Private,Positive,4.0,Yes,College,Near,Male,66
21.0,81.0,Low,Medium,Yes,8.0,61.0,High,Yes,3.0,Medium,Low,Public,Negative,5.0,No,High School,Moderate,Female,66
16.0,73.0,Medium,Medium,Yes,4.0,61.0,Low,Yes,4.0,Low,High,Private,Neutral,5.0,No,High School,Moderate,Male,64
23.0,63.0,Medium,Medium,Yes,8.0,94.0,High,Yes,2.0,Medium,Medium,Public,Neutral,5.0,No,Postgraduate,Near,Male,68
20.0,96.0,Medium,Medium,No,7.0,78.0,Medium,Yes,1.0,High,High,Public,Neutral,2.0,No,High School,Near,Male,70
16.0,92.0,Medium,Medium,Yes,4.0,90.0,High,Yes,6.0,High,Medium,Private,Neutral,3.0,No,High School,Near,Male,72
23.0,66.0,Medium,High,No,6.0,90.0,Medium,Yes,2.0,Low,Medium,Public,Neutral,3.0,No,High School,Near,Male,66
31.0,91.0,Medium,Medium,Yes,6.0,82.0,Medium,Yes,2.0,Medium,High,Public,Positive,3.0,No,High School,Near,Male,74
19.0,85.0,High,Medium,No,7.0,59.0,Low,Yes,0.0,Medium,High,Private,Negative,4.0,No,College,Moderate,Male,67
24.0,76.0,High,High,Yes,9.0,85.0,Medium,Yes,2.0,Low,Medium,Private,Positive,2.0,No,Postgraduate,Near,Female,71
12.0,70.0,Low,High,Yes,9.0,53.0,Medium,Yes,2.0,Low,Medium,Public,Neutral,2.0,Yes,High School,Near,Male,60
14.0,94.0,Low,Medium,No,6.0,60.0,Medium,Yes,3.0,High,Medium,Public,Neutral,3.0,No,College,,Female,68
23.0,88.0,Medium,Medium,No,6.0,82.0,Medium,Yes,0.0,Medium,Medium,Private,Negative,3.0,No,College,Near,Male,69
29.0,82.0,High,High,No,5.0,95.0,Medium,Yes,2.0,Medium,High,Public,Neutral,3.0,No,College,Near,Male,74
22.0,84.0,High,Medium,Yes,6.0,89.0,Medium,Yes,2.0,Medium,Medium,Public,Neutral,3.0,No,High School,Near,Male,71
18.0,64.0,High,Medium,Yes,6.0,67.0,High,Yes,0.0,Low,Medium,Private,Negative,4.0,No,College,Near,Male,63
20.0,79.0,High,Low,Yes,7.0,91.0,High,No,2.0,Low,Medium,Private,Negative,4.0,Yes,College,Moderate,Male,66
12.0,68.0,Medium,High,No,7.0,98.0,Medium,Yes,1.0,Medium,High,Private,Neutral,4.0,No,High School,Near,Male,65
24.0,68.0,Low,Low,No,6.0,67.0,High,No,0.0,Low,High,Private,Positive,3.0,Yes,High School,Far,Female,60
25.0,86.0,Medium,Low,Yes,6.0,59.0,Medium,Yes,3.0,Low,Medium,Public,Positive,3.0,No,High School,Near,Female,69
17.0,96.0,High,Medium,No,6.0,60.0,Medium,Yes,1.0,Low,Medium,Public,Neutral,3.0,No,College,Near,Female,69
17.0,76.0,Medium,High,Yes,6.0,70.0,Low,Yes,2.0,High,Medium,Public,Neutral,4.0,No,Postgraduate,Moderate,Male,67
22.0,68.0,High,Medium,Yes,9.0,53.0,High,Yes,1.0,Medium,Medium,Public,Neutral,2.0,No,High School,Moderate,Female,65
17.0,86.0,High,High,Yes,8.0,74.0,Medium,Yes,1.0,Low,High,Private,Neutral,4.0,No,College,Near,Male,70
20.0,95.0,High,Medium,Yes,8.0,87.0,Low,Yes,0.0,Low,Medium,Private,Positive,3.0,No,Postgraduate,Moderate,Female,71
33.0,90.0,Low,Medium,Yes,9.0,77.0,Medium,Yes,3.0,Medium,High,Public,Negative,6.0,Yes,Postgraduate,Moderate,Male,73
19.0,95.0,Low,High,Yes,8.0,99.0,Medium,Yes,0.0,Low,Medium,Public,Neutral,2.0,No,Postgraduate,Moderate,Male,70
18.0,81.0,High,Low,Yes,9.0,73.0,High,Yes,1.0,Medium,High,Public,Neutral,2.0,No,High School,Near,Female,67
16.0,90.0,Low,High,Yes,8.0,51.0,Medium,Yes,1.0,High,Medium,Public,Neutral,5.0,No,High School,Moderate,Female,67
24.0,66.0,Low,High,No,7.0,74.0,Medium,Yes,0.0,High,High,Public,Neutral,2.0,No,College,Moderate,Male,65
19.0,74.0,High,High,Yes,6.0,96.0,Medium,Yes,2.0,High,Medium,Public,Neutral,3.0,No,College,,Male,69
16.0,76.0,High,High,Yes,6.0,55.0,Medium,No,1.0,Low,,Public,Positive,1.0,No,Postgraduate,,Male,65
28.0,80.0,Medium,High,Yes,8.0,61.0,Low,Yes,1.0,Low,Medium,Private,Negative,3.0,No,College,Far,Female,68
29.0,97.0,High,Medium,No,7.0,86.0,Medium,Yes,0.0,Medium,Medium,Public,Positive,3.0,No,College,Near,Female,74
16.0,95.0,Low,Medium,Yes,5.0,65.0,High,Yes,0.0,Medium,Medium,Private,Neutral,3.0,No,College,Near,Female,68
9.0,65.0,Medium,Medium,No,4.0,88.0,Low,Yes,1.0,Low,Medium,Public,Positive,3.0,No,College,Near,Male,61
26.0,67.0,Medium,Low,Yes,10.0,71.0,High,Yes,3.0,Low,Medium,Public,Neutral,3.0,No,Postgraduate,Near,Male,67
16.0,74.0,High,High,Yes,6.0,90.0,Medium,Yes,1.0,Low,Medium,Private,Negative,4.0,Yes,High School,Near,Female,66
25.0,72.0,Low,Low,Yes,6.0,78.0,Low,Yes,8.0,Medium,High,Public,Positive,4.0,No,High School,Near,Male,69
8.0,85.0,Medium,Low,Yes,9.0,54.0,Low,Yes,1.0,Low,High,Private,Positive,3.0,No,High School,Near,Male,62
25.0,96.0,Medium,High,Yes,5.0,69.0,Low,Yes,0.0,Low,Medium,Public,Neutral,4.0,No,High School,Moderate,Male,71
13.0,98.0,High,High,Yes,8.0,67.0,Medium,Yes,1.0,Medium,Medium,Private,Positive,4.0,No,Postgraduate,Moderate,Female,71
24.0,86.0,Medium,High,Yes,10.0,91.0,Low,Yes,0.0,Low,High,Private,Positive,4.0,No,College,Near,Female,72
20.0,94.0,Medium,High,Yes,10.0,81.0,Low,Yes,1.0,Medium,High,Public,Neutral,5.0,Yes,High School,Far,Female,69
14.0,81.0,Low,Medium,No,6.0,89.0,Medium,No,6.0,Low,High,Private,Neutral,3.0,No,College,Near,Female,67
18.0,68.0,Medium,High,No,7.0,69.0,Medium,Yes,1.0,Low,High,Public,Neutral,4.0,Yes,High School,Moderate,Female,63
24.0,81.0,Medium,Medium,Yes,6.0,85.0,Medium,No,1.0,Medium,High,Public,Neutral,4.0,No,College,Moderate,Male,68
21.0,82.0,High,High,Yes,7.0,53.0,Low,Yes,0.0,High,Medium,Public,Positive,2.0,No,Postgraduate,Near,Male,69
24.0,90.0,Medium,Low,Yes,9.0,52.0,Low,Yes,0.0,Low,Medium,Public,Negative,3.0,Yes,College,Near,Female,65
32.0,69.0,High,High,Yes,5.0,64.0,Medium,Yes,0.0,Medium,Medium,Public,Negative,3.0,No,Postgraduate,Near,Female,70
11.0,75.0,Medium,Medium,No,8.0,89.0,Medium,Yes,2.0,High,High,Private,Positive,4.0,No,College,Moderate,Male,65
30.0,75.0,Medium,Medium,No,7.0,77.0,Medium,Yes,0.0,Low,Medium,Public,Positive,2.0,No,High School,Moderate,Male,67
21.0,98.0,Medium,High,Yes,9.0,70.0,Medium,Yes,0.0,Low,High,Public,Positive,1.0,No,College,Near,Male,72
15.0,78.0,Medium,High,Yes,9.0,95.0,High,Yes,1.0,High,High,Public,Positive,3.0,No,High School,Near,Male,69
12.0,90.0,High,High,Yes,6.0,75.0,Low,No,2.0,Medium,Medium,Public,Neutral,3.0,No,Postgraduate,Near,Male,69
19.0,90.0,High,Low,No,7.0,81.0,Medium,Yes,4.0,High,High,Public,Neutral,4.0,Yes,College,Near,Female,71
26.0,71.0,Medium,Low,Yes,8.0,99.0,Medium,Yes,1.0,Medium,High,Public,Positive,3.0,No,High School,Far,Male,67
19.0,83.0,Low,Low,No,8.0,76.0,Low,Yes,3.0,Low,Low,Public,Neutral,3.0,No,Postgraduate,Near,Female,65
29.0,96.0,Low,Low,No,4.0,89.0,Medium,Yes,2.0,Low,High,Public,Neutral,2.0,No,High School,Far,Female,70
11.0,79.0,Medium,Medium,No,8.0,71.0,Low,Yes,1.0,Medium,Medium,Private,Positive,2.0,No,College,Moderate,Female,63
20.0,98.0,High,High,Yes,9.0,52.0,Medium,Yes,0.0,Medium,Medium,Private,Positive,3.0,No,College,Far,Male,71
12.0,69.0,High,Medium,Yes,7.0,92.0,Low,Yes,1.0,Medium,Medium,Public,Neutral,3.0,No,College,Near,Female,64
22.0,63.0,Medium,High,Yes,8.0,97.0,High,Yes,5.0,Medium,Medium,Private,Neutral,3.0,No,High School,Near,Male,69
25.0,96.0,Low,Medium,No,9.0,72.0,Low,Yes,0.0,Low,Medium,Private,Positive,3.0,No,High School,Near,Male,69
17.0,94.0,Medium,Medium,Yes,7.0,75.0,Medium,Yes,1.0,Low,High,Public,Positive,3.0,No,Postgraduate,Moderate,Male,70
4.0,100.0,High,Low,No,8.0,71.0,Low,Yes,2.0,Low,Medium,Private,Negative,4.0,No,High School,Moderate,Female,64
21.0,87.0,Medium,High,No,7.0,100.0,Low,Yes,1.0,Low,Medium,Public,Positive,3.0,No,High School,Near,Male,70
23.0,97.0,Medium,High,No,7.0,95.0,Medium,Yes,0.0,Medium,High,Private,Positive,4.0,No,Postgraduate,Moderate,Female,74
22.0,93.0,Medium,Medium,Yes,6.0,52.0,Medium,Yes,1.0,Low,Medium,Public,Negative,3.0,No,College,Near,Female,69
27.0,94.0,Low,Medium,Yes,7.0,89.0,Medium,Yes,3.0,Low,Medium,Private,Positive,2.0,No,College,Near,Female,73
14.0,83.0,Medium,Medium,Yes,10.0,80.0,Medium,Yes,1.0,Medium,High,Private,Neutral,3.0,Yes,College,Near,Female,66
24.0,75.0,High,High,Yes,6.0,51.0,High,No,1.0,Medium,High,Public,Negative,3.0,No,High School,Near,Male,67
27.0,97.0,High,High,No,8.0,72.0,Medium,Yes,6.0,Low,Medium,Public,Neutral,2.0,No,College,Near,Female,76
9.0,77.0,Medium,Medium,No,7.0,57.0,Low,Yes,2.0,Medium,Low,Public,Negative,3.0,No,High School,Near,Male,61
22.0,82.0,Low,Medium,Yes,9.0,94.0,High,Yes,0.0,Medium,Medium,Public,Positive,4.0,No,High School,Moderate,Female,68
17.0,78.0,Medium,Low,Yes,9.0,51.0,High,Yes,1.0,Low,Medium,Private,Neutral,3.0,No,High School,Moderate,Male,63
20.0,83.0,High,Low,Yes,6.0,94.0,Medium,Yes,1.0,Low,Medium,Public,Neutral,2.0,No,High School,Near,Male,67
22.0,79.0,Low,Low,Yes,6.0,97.0,Low,Yes,3.0,High,Medium,Public,Negative,3.0,No,High School,Moderate,Male,66
17.0,62.0,High,Low,Yes,6.0,54.0,Low,Yes,2.0,Medium,High,Public,Neutral,3.0,No,College,Near,Male,62
16.0,95.0,High,Low,Yes,6.0,86.0,Medium,Yes,0.0,Low,High,Private,Neutral,3.0,No,High School,Near,Male,69
20.0,78.0,Medium,Medium,No,6.0,77.0,Medium,Yes,3.0,Medium,Medium,Private,Positive,3.0,No,High School,Moderate,Male,67
13.0,84.0,Medium,Medium,No,8.0,98.0,Low,No,2.0,Medium,Medium,Public,Positive,2.0,No,College,Moderate,Female,66
13.0,66.0,High,Medium,Yes,6.0,90.0,Medium,Yes,2.0,Low,Medium,Public,Positive,3.0,Yes,High School,Moderate,Male,63
24.0,60.0,Medium,Medium,No,6.0,85.0,Low,Yes,1.0,High,Medium,Public,Neutral,2.0,No,Postgraduate,Moderate,Male,64
13.0,70.0,Low,Medium,Yes,6.0,96.0,High,Yes,2.0,Medium,Medium,Private,Negative,5.0,No,Postgraduate,Moderate,Male,64
24.0,88.0,Low,Medium,No,8.0,58.0,Medium,Yes,1.0,Low,High,Public,Negative,3.0,No,High School,Near,Male,67
23.0,64.0,Low,Medium,Yes,7.0,69.0,High,Yes,4.0,High,Medium,Public,Positive,3.0,No,High School,Moderate,Male,66
10.0,96.0,High,High,Yes,7.0,92.0,Medium,Yes,1.0,Low,Low,Public,Neutral,1.0,No,High School,Near,Female,68
16.0,69.0,Medium,High,Yes,6.0,55.0,Medium,Yes,1.0,Medium,High,Public,Negative,1.0,No,High School,Moderate,Male,62
27.0,68.0,Medium,Medium,Yes,5.0,97.0,Low,Yes,1.0,Medium,Medium,Public,Negative,4.0,No,College,Near,Male,68
14.0,67.0,High,Low,No,9.0,87.0,Medium,Yes,1.0,Medium,Medium,Private,Positive,3.0,No,High School,Near,Male,63
17.0,61.0,Medium,High,No,7.0,72.0,Low,Yes,1.0,Medium,High,Public,Neutral,2.0,No,High School,Moderate,Male,62
23.0,91.0,High,High,No,10.0,67.0,High,Yes,2.0,Low,Medium,Public,Positive,2.0,No,College,Near,Male,72
25.0,95.0,Medium,Low,No,8.0,57.0,Low,Yes,4.0,Low,Medium,Public,Neutral,3.0,No,High School,Moderate,Female,69
18.0,85.0,Medium,Low,Yes,10.0,55.0,High,Yes,3.0,Medium,High,Public,Neutral,3.0,No,High School,Near,Male,67
16.0,68.0,Medium,High,Yes,8.0,71.0,Medium,Yes,1.0,High,High,Private,Neutral,3.0,No,High School,Moderate,Male,65
29.0,71.0,High,Medium,No,7.0,92.0,Low,Yes,1.0,Low,Medium,Public,Positive,3.0,No,High School,Near,Female,69
30.0,79.0,High,High,Yes,6.0,77.0,Medium,Yes,1.0,Low,Medium,Public,Positive,2.0,No,High School,Near,Male,72
26.0,98.0,Low,Medium,Yes,6.0,73.0,Medium,Yes,2.0,Low,Low,Public,Negative,3.0,No,High School,Near,Female,70
21.0,70.0,High,High,No,9.0,66.0,Medium,Yes,1.0,Medium,Low,Public,Neutral,4.0,No,College,Moderate,Male,91
15.0,89.0,High,Low,Yes,7.0,58.0,Low,Yes,2.0,Low,Medium,Public,Negative,3.0,No,High School,Moderate,Male,65
15.0,78.0,Low,Medium,Yes,8.0,100.0,Low,Yes,0.0,Low,Medium,Public,Negative,3.0,Yes,High School,Near,Female,62
23.0,72.0,Low,High,Yes,8.0,51.0,Medium,Yes,2.0,Low,Medium,Private,Positive,3.0,No,College,Far,Male,65
23.0,78.0,Medium,Medium,Yes,8.0,66.0,Medium,Yes,1.0,Medium,High,Public,Neutral,1.0,No,College,Moderate,Female,67
28.0,63.0,Medium,Low,No,6.0,88.0,High,Yes,4.0,Medium,High,Public,Neutral,4.0,No,High School,Far,Male,67
24.0,92.0,Medium,High,No,9.0,76.0,Medium,Yes,2.0,High,Medium,Public,Positive,2.0,No,High School,Near,Female,72
11.0,70.0,Medium,Low,Yes,7.0,66.0,Low,Yes,1.0,Medium,High,Public,Negative,3.0,No,High School,Near,Female,60
26.0,89.0,Medium,Low,No,7.0,100.0,Low,Yes,0.0,Medium,Low,Public,Neutral,3.0,No,High School,Near,Female,69
14.0,63.0,Medium,Medium,No,8.0,81.0,Low,Yes,0.0,Medium,Low,Private,Positive,5.0,No,High School,Near,Female,61
18.0,98.0,Low,Medium,Yes,7.0,65.0,Medium,Yes,1.0,High,Medium,Private,Neutral,4.0,No,Postgraduate,Near,Female,70
22.0,68.0,Medium,High,No,4.0,92.0,High,Yes,2.0,High,Medium,Public,Neutral,3.0,No,High School,Near,Male,68
32.0,95.0,Medium,High,Yes,9.0,58.0,Medium,Yes,2.0,Medium,Medium,Private,Positive,4.0,No,High School,Near,Male,75
39.0,92.0,Medium,Medium,No,9.0,73.0,Medium,Yes,1.0,Medium,Medium,Public,Negative,4.0,No,Postgraduate,Moderate,Male,75
24.0,99.0,High,Medium,No,4.0,92.0,Low,Yes,2.0,High,Medium,Private,Neutral,3.0,No,High School,Far,Male,72
19.0,79.0,Low,Medium,Yes,5.0,99.0,High,Yes,1.0,Low,Medium,Private,Negative,4.0,No,College,Moderate,Female,66
23.0,89.0,Low,High,No,10.0,69.0,Low,Yes,5.0,Medium,Medium,Public,Neutral,4.0,No,High School,Near,Male,71
25.0,75.0,Low,High,No,7.0,57.0,High,Yes,4.0,Low,High,Public,Positive,5.0,No,College,Near,Male,70
18.0,67.0,Medium,High,Yes,7.0,78.0,Low,Yes,2.0,Medium,Medium,Public,Negative,3.0,Yes,High School,Near,Female,63
31.0,78.0,High,High,Yes,6.0,97.0,Low,Yes,0.0,Medium,High,Public,Neutral,3.0,No,High School,Near,Male,72
21.0,67.0,Medium,Medium,Yes,5.0,83.0,Medium,Yes,1.0,Low,High,Private,Neutral,5.0,No,High School,Near,Male,65
23.0,99.0,Medium,Medium,Yes,7.0,80.0,Low,Yes,3.0,Low,Low,Private,Neutral,2.0,No,High School,Near,Male,71
24.0,64.0,Medium,Medium,Yes,8.0,65.0,Medium,Yes,0.0,Medium,Medium,Public,Positive,3.0,No,College,Near,Female,65
23.0,84.0,Medium,Low,Yes,7.0,80.0,Medium,Yes,1.0,Medium,High,Private,Positive,3.0,No,College,Moderate,Female,69
25.0,85.0,Medium,Low,Yes,8.0,94.0,Medium,Yes,3.0,Medium,High,Public,Positive,3.0,No,High School,Moderate,Male,71
16.0,82.0,Medium,High,Yes,10.0,69.0,Medium,Yes,2.0,Low,Medium,Public,Positive,4.0,No,College,Near,Male,68
17.0,86.0,Low,Medium,No,6.0,62.0,Low,Yes,2.0,Medium,High,Public,Positive,4.0,No,High School,Near,Female,66
13.0,65.0,High,Medium,No,7.0,74.0,Low,Yes,0.0,High,Medium,Public,Neutral,2.0,Yes,High School,Moderate,Male,60
23.0,82.0,Medium,Medium,No,9.0,69.0,Medium,Yes,0.0,High,Medium,Public,Positive,3.0,No,High School,Near,Female,68
25.0,71.0,Medium,High,Yes,6.0,73.0,Medium,Yes,1.0,Low,Medium,Private,Neutral,4.0,No,High School,Near,Female,67
23.0,98.0,Medium,Low,No,7.0,55.0,Medium,Yes,3.0,High,High,Private,Neutral,4.0,No,High School,Near,Male,71
30.0,90.0,High,Medium,No,10.0,67.0,High,Yes,2.0,Medium,Medium,Private,Neutral,6.0,No,High School,Near,Male,74
20.0,99.0,Low,Medium,No,6.0,91.0,Medium,Yes,2.0,Medium,Low,Public,Negative,4.0,No,High School,Near,Male,70
24.0,62.0,Low,High,No,9.0,70.0,Low,Yes,2.0,Low,Medium,Public,Positive,2.0,No,College,Moderate,Female,63
13.0,71.0,Medium,Medium,No,7.0,98.0,Medium,Yes,0.0,Medium,Medium,Public,Positive,3.0,No,College,Near,Male,64
18.0,68.0,Medium,High,Yes,10.0,85.0,High,Yes,3.0,Low,Medium,Public,Neutral,3.0,No,High School,Near,Male,66
24.0,60.0,Medium,Medium,Yes,5.0,68.0,Medium,Yes,0.0,Medium,Low,Public,Neutral,3.0,No,Postgraduate,Near,Female,64
25.0,70.0,High,High,Yes,7.0,63.0,Medium,Yes,1.0,Medium,High,Private,Positive,3.0,No,College,Moderate,Male,69
18.0,87.0,Medium,High,Yes,5.0,84.0,Medium,Yes,2.0,Medium,Low,Private,Positive,4.0,No,Postgraduate,Near,Male,71
20.0,69.0,High,Medium,No,6.0,65.0,Medium,Yes,1.0,Low,Medium,Public,Neutral,2.0,No,High School,Near,Female,64
11.0,80.0,Medium,Medium,Yes,6.0,96.0,Low,Yes,1.0,Low,High,Public,Neutral,3.0,No,High School,Near,Male,65
18.0,96.0,High,Medium,No,7.0,56.0,Low,Yes,2.0,Medium,Medium,Private,Neutral,1.0,No,College,Near,Female,69
25.0,88.0,Medium,High,No,5.0,51.0,Medium,Yes,1.0,Medium,Low,Public,Neutral,1.0,No,High School,Near,Female,68
23.0,76.0,Medium,Medium,Yes,7.0,61.0,Medium,Yes,3.0,Medium,Low,Public,Positive,4.0,No,High School,Near,Male,68
23.0,75.0,High,Medium,Yes,8.0,80.0,High,Yes,0.0,Low,High,Private,Neutral,4.0,No,High School,Moderate,Female,68
20.0,78.0,Low,Medium,Yes,5.0,92.0,Low,Yes,1.0,Medium,Medium,Public,Positive,3.0,No,High School,Far,Male,65
20.0,67.0,High,High,No,6.0,59.0,Low,Yes,1.0,Medium,Medium,Private,Negative,4.0,No,College,Near,Female,65
16.0,85.0,Medium,Low,No,10.0,79.0,Low,Yes,1.0,High,Medium,Private,Neutral,3.0,No,College,Near,Male,66
24.0,75.0,High,Low,No,7.0,57.0,Medium,Yes,0.0,Medium,Medium,Public,Neutral,1.0,No,Postgraduate,Near,Male,66
23.0,94.0,Medium,Low,Yes,4.0,78.0,Medium,Yes,2.0,High,High,Public,Neutral,4.0,No,High School,Moderate,Male,71
23.0,90.0,High,Medium,Yes,5.0,51.0,Medium,Yes,0.0,Low,High,Public,Negative,1.0,No,High School,Near,Male,68
17.0,84.0,Low,Medium,Yes,7.0,78.0,Low,Yes,0.0,High,High,Public,Neutral,5.0,Yes,College,Moderate,Female,65
7.0,75.0,Medium,High,Yes,7.0,76.0,Medium,Yes,0.0,Medium,Low,Private,Positive,4.0,No,College,Moderate,Female,63
27.0,68.0,High,Medium,No,6.0,52.0,Medium,Yes,1.0,Medium,Low,Private,Neutral,5.0,No,Postgraduate,Far,Female,66
17.0,91.0,High,Low,Yes,10.0,84.0,Medium,Yes,7.0,Low,High,Public,Neutral,4.0,Yes,College,Moderate,Male,71
15.0,79.0,Low,Medium,Yes,10.0,79.0,Medium,Yes,2.0,Low,Medium,Private,Neutral,4.0,No,College,Moderate,Male,65
24.0,69.0,Medium,High,Yes,7.0,81.0,Low,Yes,3.0,Medium,Medium,Private,Neutral,4.0,No,High School,Near,Female,68
18.0,68.0,Medium,Medium,Yes,8.0,76.0,High,Yes,2.0,High,Medium,Public,Neutral,3.0,No,Postgraduate,Near,Male,66
26.0,67.0,Low,High,No,8.0,86.0,Medium,Yes,2.0,Low,Medium,Public,Negative,2.0,Yes,High School,Near,Female,64
24.0,91.0,Medium,Low,Yes,9.0,76.0,High,Yes,1.0,Low,Low,Public,Positive,4.0,No,College,Near,Female,70
24.0,69.0,High,Low,Yes,6.0,96.0,Medium,Yes,4.0,High,Medium,Public,Positive,4.0,No,College,Moderate,Male,70
12.0,81.0,Medium,High,No,10.0,97.0,Low,Yes,1.0,Low,,Private,Positive,5.0,No,High School,Near,Female,66
27.0,78.0,Medium,Medium,Yes,7.0,86.0,Medium,Yes,3.0,Medium,,Public,Positive,2.0,No,High School,Moderate,Female,70
22.0,83.0,High,High,No,8.0,96.0,Medium,No,2.0,Medium,High,Public,Positive,0.0,No,College,Near,Female,71
18.0,95.0,Low,High,No,7.0,96.0,Medium,Yes,2.0,Medium,High,Private,Positive,4.0,Yes,High School,Moderate,Male,70
21.0,95.0,Medium,Medium,No,7.0,63.0,Medium,Yes,1.0,Low,Medium,Private,Positive,4.0,No,Postgraduate,Near,Male,70
9.0,78.0,High,Medium,Yes,7.0,100.0,Low,Yes,2.0,Medium,Medium,Public,Positive,2.0,No,High School,Near,Male,66
22.0,61.0,High,Medium,No,5.0,63.0,Low,Yes,1.0,Low,Medium,Public,Positive,3.0,No,Postgraduate,Near,Male,64
14.0,77.0,High,High,No,4.0,51.0,Low,Yes,5.0,Low,Medium,Public,Positive,3.0,No,College,Moderate,Male,66
12.0,84.0,High,Medium,Yes,7.0,98.0,High,Yes,1.0,Low,Medium,Public,Positive,3.0,No,High School,Near,Female,68
11.0,82.0,Low,Low,No,6.0,61.0,Low,Yes,2.0,Medium,Medium,Public,Neutral,2.0,No,High School,Near,Female,61
27.0,86.0,Medium,Medium,Yes,8.0,79.0,Medium,Yes,2.0,Low,High,Private,Positive,4.0,No,College,Near,Male,72
16.0,66.0,High,High,No,8.0,99.0,Medium,Yes,1.0,Low,High,Private,Positive,3.0,No,High School,Moderate,Male,66
29.0,86.0,Low,Low,Yes,7.0,52.0,Medium,Yes,1.0,Low,Medium,Public,Positive,3.0,No,College,Near,Female,68
17.0,67.0,Low,Medium,No,9.0,63.0,High,Yes,1.0,Low,High,Public,Negative,4.0,No,College,Far,Male,61
10.0,90.0,High,Medium,Yes,7.0,80.0,Low,Yes,0.0,Medium,Medium,Public,Neutral,5.0,No,High School,Near,Female,67
13.0,74.0,High,High,Yes,5.0,88.0,Low,Yes,3.0,Low,Medium,Private,Neutral,3.0,Yes,College,Near,Female,66
27.0,88.0,Medium,Medium,Yes,7.0,90.0,Medium,Yes,3.0,Medium,Medium,Public,Positive,4.0,No,Postgraduate,Moderate,Female,74
19.0,62.0,High,Medium,Yes,9.0,94.0,Medium,Yes,0.0,High,Low,Public,Neutral,4.0,No,Postgraduate,Near,Female,66
17.0,76.0,High,Medium,Yes,4.0,58.0,Medium,Yes,4.0,Medium,Medium,Private,Neutral,2.0,No,Postgraduate,Moderate,Female,67
21.0,88.0,High,Low,Yes,7.0,69.0,Medium,Yes,4.0,Medium,Medium,Private,Neutral,3.0,No,College,Near,Male,71
23.0,69.0,High,Low,Yes,8.0,86.0,High,Yes,0.0,Medium,High,Public,Neutral,4.0,No,College,Far,Male,66
27.0,92.0,Medium,Medium,Yes,10.0,86.0,High,Yes,0.0,Low,Low,Private,Positive,3.0,No,High School,Moderate,Male,71
29.0,85.0,High,Medium,Yes,9.0,65.0,High,No,4.0,Low,Medium,Private,Neutral,4.0,No,Postgraduate,Moderate,Male,72
18.0,84.0,Medium,Medium,Yes,7.0,65.0,Medium,Yes,2.0,Medium,Medium,Public,Negative,3.0,No,High School,Near,Female,66
12.0,74.0,High,Low,Yes,8.0,66.0,Low,Yes,1.0,Low,Medium,Public,Positive,2.0,No,High School,Near,Male,62
18.0,79.0,High,Medium,Yes,4.0,95.0,Low,Yes,1.0,Low,High,Public,Negative,2.0,No,High School,Moderate,Female,66
22.0,84.0,Low,High,Yes,5.0,95.0,Medium,Yes,2.0,Low,High,Public,Neutral,3.0,No,High School,Moderate,Male,69
14.0,79.0,Medium,Medium,Yes,8.0,51.0,Medium,Yes,0.0,Medium,High,Public,Negative,4.0,No,,Near,Male,64
14.0,88.0,Medium,Medium,Yes,7.0,66.0,Medium,Yes,4.0,Medium,High,Public,Positive,3.0,No,High School,Near,Female,69
22.0,77.0,High,Low,Yes,7.0,70.0,Medium,Yes,2.0,Medium,Medium,Private,Positive,4.0,No,Postgraduate,Near,Male,69
20.0,68.0,High,Low,Yes,7.0,99.0,High,Yes,0.0,Low,Medium,Public,Positive,2.0,Yes,College,Moderate,Female,64
20.0,69.0,Medium,High,Yes,7.0,97.0,Medium,Yes,3.0,Medium,High,Public,Positive,3.0,Yes,College,Near,Female,68
15.0,60.0,Medium,Medium,Yes,7.0,81.0,Low,Yes,4.0,Low,High,Public,Positive,2.0,No,High School,Near,Male,63
19.0,72.0,High,Medium,Yes,5.0,52.0,Low,Yes,1.0,Low,Medium,Public,Positive,2.0,No,High School,Near,Male,64
14.0,90.0,Medium,High,Yes,7.0,60.0,Medium,Yes,2.0,Medium,Medium,Public,Neutral,4.0,No,Postgraduate,Near,Male,69
25.0,92.0,Low,High,No,5.0,72.0,Medium,Yes,1.0,Medium,Medium,Public,Positive,4.0,No,High School,Near,Female,71
26.0,68.0,Medium,High,No,6.0,98.0,Low,Yes,2.0,Medium,Medium,Private,Neutral,3.0,No,College,Far,Female,67
9.0,98.0,High,Medium,No,9.0,55.0,Low,Yes,3.0,Low,Medium,Public,Positive,2.0,No,High School,,Male,67
14.0,80.0,High,Low,Yes,7.0,90.0,High,Yes,2.0,Low,High,Public,Negative,2.0,No,College,Far,Female,66
11.0,97.0,Medium,High,Yes,8.0,60.0,Medium,Yes,0.0,Medium,Low,Private,Positive,3.0,No,High School,Near,Male,67
16.0,88.0,Low,High,No,7.0,75.0,Low,Yes,2.0,Medium,Medium,Public,Neutral,4.0,No,Postgraduate,Near,Female,68
19.0,89.0,Medium,Medium,Yes,6.0,88.0,Low,Yes,1.0,Medium,High,Public,Positive,2.0,No,High School,Near,Female,69
11.0,63.0,High,High,Yes,5.0,85.0,High,No,0.0,Low,High,Public,Positive,4.0,Yes,High School,Moderate,Female,62
14.0,69.0,Medium,Medium,Yes,6.0,89.0,High,Yes,2.0,High,High,Private,Positive,5.0,No,High School,Moderate,Female,66
14.0,60.0,Medium,Medium,Yes,7.0,91.0,Medium,Yes,1.0,Low,High,Private,Negative,3.0,No,Postgraduate,Near,Male,63
21.0,89.0,Low,Low,Yes,8.0,65.0,Medium,Yes,2.0,Low,Low,Public,Neutral,3.0,No,College,Near,Female,67
20.0,74.0,High,Medium,No,7.0,68.0,High,Yes,3.0,Medium,,Public,Positive,4.0,No,High School,Far,Male,68
16.0,91.0,Medium,Low,No,8.0,91.0,Low,Yes,2.0,Medium,Medium,Public,Neutral,2.0,No,High School,Far,Female,66
21.0,74.0,Medium,Medium,Yes,5.0,52.0,Medium,Yes,3.0,Medium,Medium,Private,Positive,1.0,No,High School,Near,Male,66
17.0,93.0,High,Medium,No,8.0,76.0,Low,Yes,0.0,Low,Medium,Private,Negative,3.0,No,High School,Moderate,Female,67
18.0,65.0,High,Medium,Yes,5.0,96.0,Medium,Yes,1.0,High,Medium,Private,Neutral,2.0,No,High School,Near,Female,66
30.0,67.0,Medium,Medium,Yes,8.0,94.0,Medium,Yes,1.0,Medium,Medium,Public,Neutral,2.0,No,College,Near,Female,69
28.0,74.0,Medium,High,No,8.0,90.0,High,Yes,2.0,Medium,Medium,Public,Positive,3.0,No,Postgraduate,Near,Male,72
12.0,76.0,Medium,Low,Yes,4.0,51.0,Medium,Yes,0.0,Low,Medium,Private,Neutral,1.0,No,High School,Near,Female,60
25.0,74.0,Low,High,Yes,8.0,94.0,High,Yes,0.0,Low,Medium,Public,Positive,4.0,No,High School,Moderate,Female,68
25.0,91.0,Low,Medium,Yes,8.0,96.0,Medium,Yes,3.0,Medium,Medium,Public,Neutral,3.0,No,High School,Near,Female,72
13.0,64.0,Medium,High,Yes,9.0,83.0,Low,Yes,1.0,High,Medium,Public,Positive,4.0,No,High School,Near,Male,64
25.0,74.0,Low,Medium,Yes,6.0,65.0,High,Yes,0.0,High,Medium,Public,Neutral,1.0,No,High School,Moderate,Male,65
29.0,93.0,High,High,No,7.0,74.0,Medium,Yes,3.0,Medium,High,Private,Positive,3.0,No,High School,Near,Male,76
13.0,63.0,Low,Medium,No,8.0,88.0,Medium,Yes,0.0,Low,Medium,Private,Negative,2.0,No,High School,Near,Male,59
14.0,98.0,Medium,Medium,Yes,8.0,91.0,Low,Yes,0.0,Low,Medium,Public,Negative,4.0,No,High School,Moderate,Male,67
26.0,99.0,Medium,Medium,Yes,8.0,67.0,Medium,Yes,4.0,Medium,Medium,Private,Positive,4.0,Yes,High School,Near,Male,73
22.0,64.0,Medium,High,No,6.0,66.0,Low,Yes,1.0,Medium,Medium,Public,Neutral,4.0,No,College,Near,Male,64
23.0,72.0,Medium,High,No,8.0,87.0,Low,Yes,3.0,Medium,Low,Public,Neutral,3.0,No,High School,Near,Male,67
22.0,75.0,High,Medium,Yes,8.0,84.0,Low,Yes,3.0,High,Medium,Public,Negative,3.0,No,College,Near,Male,69
22.0,91.0,Medium,Low,Yes,7.0,76.0,Medium,Yes,1.0,Low,High,Public,Neutral,3.0,No,College,Moderate,Female,69
12.0,84.0,High,High,Yes,6.0,71.0,Medium,No,2.0,Medium,Medium,Public,Positive,3.0,No,College,Moderate,Male,67
26.0,86.0,Medium,High,Yes,6.0,83.0,Medium,Yes,2.0,Low,Medium,Public,Positive,4.0,No,High School,Near,Male,72
27.0,90.0,Low,Medium,No,9.0,52.0,Low,No,2.0,Low,High,Public,Positive,2.0,Yes,College,Near,Male,86
19.0,65.0,Medium,High,Yes,8.0,54.0,Medium,Yes,0.0,Low,High,Private,Neutral,3.0,No,High School,Far,Female,62
20.0,93.0,Medium,Low,No,7.0,79.0,Medium,Yes,1.0,Medium,Low,Public,Neutral,3.0,No,Postgraduate,Near,Female,69
11.0,88.0,High,High,Yes,7.0,61.0,Low,Yes,2.0,Medium,Medium,Public,Neutral,3.0,No,Postgraduate,Near,Male,68
23.0,83.0,High,High,Yes,4.0,89.0,Low,Yes,1.0,Medium,Medium,Public,Negative,3.0,No,High School,Far,Male,99
23.0,96.0,Low,Medium,Yes,7.0,89.0,Medium,Yes,1.0,Low,Medium,Private,Positive,3.0,No,College,Far,Female,70
20.0,88.0,Low,Medium,Yes,5.0,85.0,Medium,Yes,2.0,Medium,Medium,Public,Negative,3.0,No,High School,Near,Male,68
27.0,68.0,Medium,Medium,Yes,7.0,95.0,Low,Yes,0.0,Medium,Medium,Public,Positive,4.0,No,High School,Near,Male,67
18.0,77.0,High,Medium,Yes,9.0,57.0,Low,Yes,1.0,Low,High,Public,Negative,2.0,No,Postgraduate,Near,Male,66
23.0,80.0,Low,High,No,6.0,63.0,Low,Yes,0.0,High,Medium,Private,Positive,2.0,No,High School,Near,Male,66
14.0,62.0,Medium,High,Yes,7.0,63.0,Medium,Yes,2.0,Low,Medium,Public,Positive,2.0,No,College,Moderate,Female,62
20.0,98.0,Medium,Medium,Yes,8.0,89.0,High,Yes,3.0,High,Medium,Public,Negative,2.0,Yes,College,Near,Male,72
19.0,65.0,Medium,High,Yes,7.0,76.0,Medium,No,0.0,Medium,Medium,Public,Neutral,3.0,No,Postgraduate,Near,Female,64
21.0,88.0,Medium,Medium,Yes,6.0,63.0,Low,Yes,1.0,Medium,Medium,Public,Neutral,3.0,No,High School,Near,Female,68
18.0,80.0,Medium,High,Yes,7.0,57.0,Medium,Yes,2.0,Low,Low,Public,Positive,3.0,No,Postgraduate,Far,Female,66
19.0,61.0,Medium,High,Yes,8.0,95.0,High,Yes,4.0,Medium,Medium,Private,Positive,3.0,No,College,Near,Male,68
25.0,97.0,Low,High,Yes,7.0,85.0,High,Yes,3.0,High,Medium,Public,Neutral,1.0,No,Postgraduate,Near,Male,75
17.0,94.0,Low,Low,No,7.0,76.0,High,Yes,3.0,Low,High,Public,Neutral,3.0,Yes,College,Far,Male,67
10.0,81.0,Low,Medium,Yes,9.0,98.0,Medium,Yes,2.0,Low,Medium,Public,Neutral,2.0,No,College,Near,Male,65
30.0,69.0,Medium,Medium,No,8.0,92.0,Medium,Yes,2.0,Medium,Low,Public,Neutral,3.0,No,High School,Near,Female,68
28.0,65.0,Medium,Medium,Yes,5.0,59.0,High,Yes,2.0,Low,Medium,Private,Neutral,5.0,No,High School,Near,Male,67
12.0,75.0,Medium,Medium,Yes,8.0,75.0,High,Yes,1.0,Low,Medium,Private,Negative,2.0,No,College,Near,Female,63
24.0,70.0,Medium,High,Yes,8.0,74.0,Low,Yes,2.0,Medium,High,Public,Negative,3.0,No,High School,Near,Male,67
17.0,80.0,Medium,Medium,Yes,5.0,92.0,Medium,Yes,0.0,Low,Medium,Private,Negative,4.0,No,Postgraduate,Near,Female,67
22.0,99.0,Medium,Medium,Yes,4.0,57.0,High,Yes,2.0,Medium,High,Public,Positive,3.0,No,College,Near,Female,73
22.0,83.0,Medium,Medium,Yes,5.0,73.0,High,No,0.0,Low,Medium,Public,Positive,3.0,No,High School,Near,Male,67
19.0,96.0,Medium,Medium,No,7.0,82.0,Medium,Yes,1.0,High,Medium,Public,Neutral,4.0,No,Postgraduate,Near,Male,71
15.0,86.0,Low,Medium,No,9.0,97.0,Medium,Yes,2.0,Medium,Medium,Public,Negative,4.0,No,High School,Near,Male,67
16.0,79.0,High,Low,Yes,6.0,95.0,Medium,Yes,0.0,High,Medium,Public,Neutral,5.0,No,College,Near,Male,68
15.0,94.0,Low,Low,Yes,8.0,77.0,Medium,Yes,1.0,High,High,Private,Positive,1.0,No,College,Near,Male,68
15.0,79.0,High,Medium,Yes,4.0,80.0,Medium,Yes,1.0,High,Medium,Private,Negative,4.0,No,High School,Far,Male,66
20.0,95.0,High,Low,Yes,7.0,93.0,Low,No,0.0,Low,High,Public,Neutral,2.0,No,High School,Near,Male,68
16.0,72.0,Medium,Low,No,6.0,87.0,Medium,No,2.0,Medium,Low,Private,Positive,4.0,No,High School,Near,Female,63
24.0,65.0,High,High,No,10.0,94.0,Medium,Yes,2.0,Medium,Medium,Public,Neutral,2.0,No,Postgraduate,Moderate,Male,68
29.0,94.0,Low,High,Yes,4.0,95.0,Medium,Yes,1.0,Medium,Medium,Public,Positive,5.0,No,High School,Near,Male,74
17.0,83.0,Low,Medium,Yes,7.0,92.0,Low,Yes,3.0,Low,Medium,Public,Neutral,2.0,Yes,,Moderate,Male,65
21.0,96.0,Medium,Medium,Yes,4.0,50.0,Medium,Yes,1.0,Low,Low,Private,Positive,2.0,No,Postgraduate,Moderate,Male,69
23.0,98.0,Medium,High,No,6.0,66.0,Medium,Yes,1.0,Low,Medium,Public,Neutral,1.0,No,High School,Moderate,Male,70
23.0,62.0,Medium,Low,Yes,4.0,70.0,High,Yes,3.0,Medium,High,Public,Positive,2.0,No,College,Moderate,Female,65
20.0,80.0,Medium,Medium,No,10.0,84.0,Medium,Yes,1.0,Medium,Medium,Public,Positive,4.0,No,College,Near,Male,68
24.0,75.0,Low,Medium,No,6.0,65.0,Medium,No,0.0,Medium,Medium,Public,Positive,5.0,No,College,Moderate,Male,65
23.0,85.0,Medium,High,No,7.0,66.0,Low,No,0.0,High,High,Public,Neutral,2.0,No,College,Near,Male,68
13.0,92.0,Medium,High,Yes,7.0,70.0,Low,Yes,4.0,Low,Medium,Public,Neutral,3.0,No,High School,Near,Male,68
25.0,71.0,Medium,Medium,Yes,5.0,98.0,Low,Yes,0.0,Low,Medium,Public,Positive,1.0,No,Postgraduate,Far,Male,66
25.0,82.0,High,Medium,No,9.0,72.0,High,Yes,0.0,High,Medium,Public,Positive,0.0,No,College,Near,Female,70
15.0,88.0,Medium,Medium,No,8.0,57.0,Medium,Yes,1.0,High,Medium,Private,Positive,2.0,No,High School,Far,Male,66
20.0,65.0,Medium,High,Yes,8.0,50.0,Medium,Yes,0.0,Low,Medium,Public,Positive,5.0,No,High School,Near,Male,64
24.0,93.0,Medium,High,No,5.0,62.0,Medium,Yes,1.0,Low,Medium,Public,Neutral,1.0,No,College,Near,Female,70
19.0,84.0,High,Medium,No,9.0,97.0,Low,Yes,1.0,High,Medium,Public,Negative,3.0,Yes,High School,Near,Male,68
26.0,98.0,Low,High,Yes,9.0,98.0,Low,Yes,4.0,Low,Low,Public,Positive,2.0,No,College,Moderate,Male,74
34.0,74.0,High,Low,Yes,7.0,76.0,Medium,Yes,2.0,Low,High,Public,Positive,2.0,No,College,Near,Female,71
15.0,64.0,Medium,Medium,Yes,8.0,82.0,Low,Yes,0.0,Low,Medium,Public,Negative,3.0,No,High School,Near,Male,61
12.0,80.0,Medium,Low,No,7.0,90.0,Medium,Yes,3.0,Low,Medium,Public,Neutral,3.0,No,High School,Near,Female,64
22.0,63.0,High,Low,No,5.0,53.0,High,Yes,2.0,High,Medium,Public,Neutral,1.0,No,Postgraduate,Moderate,Male,64
24.0,99.0,High,Medium,Yes,7.0,69.0,Medium,Yes,0.0,Medium,Medium,Private,Positive,3.0,No,High School,Near,Male,73
19.0,62.0,Medium,High,Yes,6.0,82.0,Medium,Yes,0.0,Low,High,Public,Negative,3.0,Yes,College,Moderate,Male,62
29.0,90.0,Low,Medium,Yes,7.0,95.0,Medium,Yes,0.0,High,High,Public,Neutral,2.0,Yes,High School,Near,Male,71
12.0,81.0,High,Medium,Yes,9.0,86.0,Medium,Yes,2.0,Medium,High,Public,Negative,2.0,No,Postgraduate,Near,Male,68
24.0,75.0,Medium,Low,Yes,5.0,68.0,High,Yes,2.0,Medium,Medium,Public,Neutral,2.0,No,Postgraduate,Near,Male,67
16.0,63.0,Medium,Medium,No,6.0,95.0,High,Yes,1.0,Medium,,Public,Negative,4.0,No,College,Far,Female,63
30.0,85.0,Low,Medium,No,6.0,83.0,Medium,Yes,2.0,Medium,Medium,Public,Positive,3.0,No,College,Near,Female,71
32.0,83.0,Medium,Medium,Yes,6.0,92.0,Low,Yes,1.0,High,Medium,Public,Neutral,3.0,No,High School,Near,Male,72
15.0,71.0,High,Medium,No,6.0,69.0,High,No,3.0,Medium,High,Public,Positive,3.0,No,Postgraduate,Moderate,Female,66
17.0,96.0,Medium,Medium,Yes,7.0,50.0,Low,Yes,1.0,Medium,Medium,Private,Negative,4.0,No,High School,Near,Female,67
25.0,72.0,High,Medium,Yes,8.0,58.0,Medium,Yes,0.0,Low,Medium,Public,Negative,4.0,No,College,Moderate,Female,66
18.0,78.0,Low,Medium,No,8.0,96.0,Medium,Yes,4.0,High,Medium,Public,Positive,4.0,Yes,College,Near,Male,68
20.0,82.0,Low,Low,Yes,7.0,52.0,Low,Yes,0.0,Medium,Medium,Private,Neutral,3.0,No,College,Near,Female,64
20.0,64.0,Medium,Medium,Yes,8.0,80.0,High,Yes,1.0,Medium,Medium,Private,Positive,3.0,No,High School,Near,Male,65
8.0,97.0,High,Medium,Yes,10.0,70.0,High,Yes,0.0,Low,Low,Public,Neutral,1.0,No,High School,Near,Male,66
20.0,75.0,High,High,Yes,7.0,71.0,High,Yes,1.0,Medium,High,Public,Positive,4.0,No,College,Moderate,Male,69
16.0,63.0,High,High,No,9.0,70.0,Low,Yes,2.0,Medium,High,Private,Negative,5.0,No,College,Moderate,Female,64
17.0,75.0,Low,High,Yes,8.0,53.0,Medium,Yes,1.0,Low,High,Public,Positive,3.0,No,College,Near,Female,65
29.0,84.0,High,Medium,Yes,10.0,56.0,High,Yes,3.0,Low,High,Public,Neutral,4.0,No,Postgraduate,Far,Female,72
12.0,81.0,High,Medium,No,8.0,53.0,Low,Yes,1.0,Medium,High,Private,Positive,3.0,No,College,Near,Male,65
25.0,88.0,Low,High,Yes,6.0,53.0,Medium,Yes,2.0,Medium,High,Public,Negative,4.0,No,College,Near,Female,70
18.0,62.0,Medium,Medium,Yes,7.0,54.0,Medium,Yes,2.0,Medium,High,Private,Positive,3.0,No,Postgraduate,Moderate,Male,64
18.0,71.0,Medium,Low,Yes,7.0,85.0,Low,Yes,1.0,Low,Low,Public,Neutral,2.0,No,High School,Moderate,Male,62
25.0,93.0,Medium,High,No,8.0,56.0,High,Yes,0.0,Low,Low,Private,Neutral,3.0,No,High School,Near,Male,69
22.0,63.0,High,Low,No,6.0,63.0,Low,Yes,1.0,Medium,Low,Public,Negative,2.0,No,Postgraduate,Moderate,Male,62
23.0,94.0,Low,Low,Yes,9.0,83.0,Medium,Yes,2.0,Low,Medium,Private,Positive,2.0,No,High School,Near,Female,69
26.0,64.0,Medium,High,No,7.0,56.0,Medium,Yes,3.0,Medium,Medium,Public,Positive,3.0,No,High School,,Male,66
18.0,93.0,Medium,High,Yes,8.0,96.0,Medium,Yes,2.0,Medium,Low,Public,Positive,2.0,No,High School,Moderate,Female,71
16.0,74.0,Medium,High,Yes,7.0,74.0,Low,Yes,4.0,Low,Low,Private,Positive,3.0,No,High School,Near,Male,66
13.0,84.0,High,Medium,No,7.0,98.0,Medium,No,0.0,Low,Low,Public,Neutral,4.0,Yes,High School,Near,Male,64
15.0,66.0,Medium,High,Yes,7.0,60.0,High,Yes,2.0,High,Medium,Private,Negative,3.0,No,High School,Moderate,Female,63
38.0,63.0,Medium,High,No,8.0,52.0,High,Yes,1.0,Medium,Medium,Private,Positive,3.0,No,College,Moderate,Male,69
27.0,69.0,High,High,Yes,10.0,80.0,Medium,No,1.0,Medium,High,Public,Positive,4.0,Yes,High School,Near,Female,68
12.0,65.0,High,High,Yes,4.0,66.0,Medium,Yes,0.0,Medium,High,Public,Neutral,2.0,No,High School,Near,Female,63
12.0,72.0,Medium,Medium,Yes,8.0,79.0,High,Yes,1.0,High,Medium,Public,Positive,3.0,No,College,Far,Male,64
23.0,81.0,Medium,Low,Yes,7.0,74.0,Medium,Yes,0.0,Low,Medium,Public,Neutral,0.0,No,Postgraduate,Near,Female,66
23.0,84.0,Medium,High,Yes,7.0,73.0,Medium,Yes,1.0,High,Medium,Public,Positive,4.0,No,High School,Near,Male,71
23.0,92.0,High,Medium,Yes,4.0,93.0,High,Yes,0.0,High,Medium,Public,Negative,4.0,No,High School,Near,Female,72
18.0,86.0,High,Medium,No,8.0,60.0,Medium,Yes,2.0,Low,High,Private,Neutral,1.0,No,College,Near,Male,88
19.0,84.0,Medium,High,Yes,7.0,75.0,Low,Yes,1.0,Low,Medium,Public,Negative,2.0,No,College,Far,Male,66
22.0,76.0,Medium,Medium,Yes,6.0,71.0,Medium,Yes,0.0,Low,High,Private,Neutral,2.0,No,High School,Moderate,Male,65
21.0,79.0,Low,Medium,Yes,7.0,84.0,Low,Yes,2.0,Medium,Medium,Private,Neutral,3.0,No,High School,Near,Male,66
7.0,77.0,Low,Medium,Yes,7.0,53.0,High,Yes,4.0,Low,Medium,Private,Positive,2.0,No,College,Moderate,Female,62
19.0,94.0,Medium,Low,No,4.0,76.0,Medium,Yes,4.0,Low,High,Private,Negative,3.0,No,High School,Moderate,Female,68
15.0,69.0,Medium,Medium,Yes,7.0,74.0,High,Yes,2.0,Low,Medium,Private,Neutral,5.0,No,Postgraduate,Near,Female,65
21.0,60.0,Low,High,No,8.0,99.0,Low,Yes,0.0,Low,Low,Private,Positive,3.0,No,High School,Near,Male,62
38.0,86.0,High,Medium,No,6.0,88.0,High,Yes,1.0,Low,High,Public,Negative,4.0,No,High School,Moderate,Female,74
22.0,68.0,Medium,Low,Yes,7.0,58.0,Medium,Yes,0.0,Medium,Medium,Public,Neutral,3.0,No,Postgraduate,Near,Male,64
18.0,96.0,High,High,No,7.0,75.0,High,Yes,2.0,Medium,High,Public,Negative,2.0,No,,Near,Male,72
26.0,94.0,Medium,Medium,No,9.0,89.0,Medium,Yes,0.0,Low,Medium,Public,Neutral,3.0,Yes,High School,Near,Female,70
23.0,63.0,High,Medium,No,7.0,76.0,Medium,Yes,2.0,Medium,High,Public,Positive,1.0,No,High School,Far,Male,65
23.0,64.0,Medium,High,Yes,8.0,68.0,Low,Yes,3.0,Low,High,Public,Neutral,3.0,No,High School,Near,Female,66
24.0,80.0,Medium,Medium,Yes,7.0,69.0,Low,Yes,0.0,Medium,High,Private,Positive,3.0,No,College,Far,Male,67
32.0,84.0,Medium,High,Yes,10.0,68.0,Medium,Yes,1.0,Low,Medium,Public,Positive,5.0,No,High School,Near,Male,73
13.0,71.0,Medium,High,Yes,6.0,51.0,Low,Yes,4.0,High,Medium,Public,Positive,4.0,No,College,Moderate,Female,65
23.0,89.0,High,High,No,6.0,87.0,Medium,Yes,4.0,Medium,High,Private,Neutral,3.0,No,College,Near,Female,74
14.0,84.0,Medium,Medium,No,7.0,81.0,Medium,Yes,0.0,High,Medium,Public,Neutral,2.0,No,College,Near,Female,66
23.0,73.0,Medium,Medium,No,6.0,63.0,Medium,Yes,1.0,High,Medium,Public,Positive,3.0,No,High School,Near,Male,67
14.0,61.0,Medium,Medium,No,5.0,82.0,Low,No,0.0,Low,Medium,Public,Neutral,0.0,No,High School,Near,Female,58
17.0,90.0,High,High,No,8.0,65.0,Medium,Yes,2.0,Low,High,Public,Positive,3.0,No,Postgraduate,Moderate,Male,71
18.0,69.0,Low,High,Yes,4.0,62.0,High,Yes,1.0,Medium,Low,Public,Neutral,3.0,No,High School,Moderate,Male,63
26.0,93.0,Low,High,No,6.0,87.0,Medium,Yes,1.0,Medium,High,Public,Positive,3.0,No,College,Near,Female,73
26.0,77.0,High,Medium,Yes,5.0,90.0,Medium,Yes,1.0,Medium,Medium,Private,Neutral,2.0,No,High School,Far,Female,68
13.0,83.0,Low,Medium,Yes,7.0,81.0,Medium,Yes,4.0,Low,Medium,Public,Negative,5.0,No,College,Near,Female,66
20.0,95.0,Low,Medium,No,4.0,89.0,Medium,Yes,3.0,Low,Medium,Public,Negative,3.0,Yes,High School,Near,Male,68
16.0,95.0,Medium,Low,No,8.0,68.0,Low,No,2.0,Medium,High,Public,Neutral,4.0,No,High School,Near,Female,66
12.0,75.0,Medium,High,No,8.0,54.0,Low,Yes,1.0,Medium,High,Public,Negative,3.0,No,High School,Near,Female,62
19.0,68.0,Medium,Medium,Yes,5.0,80.0,Medium,Yes,0.0,Medium,Medium,Public,Neutral,3.0,Yes,High School,Moderate,Male,78
18.0,91.0,Medium,Medium,No,7.0,63.0,Medium,Yes,1.0,Medium,Medium,Public,Negative,4.0,No,College,Near,Male,68
35.0,77.0,High,High,Yes,8.0,89.0,Medium,Yes,5.0,High,Medium,Public,Positive,4.0,No,College,Near,Female,77
23.0,68.0,High,Low,Yes,8.0,68.0,Medium,Yes,1.0,Medium,Medium,Public,Neutral,2.0,No,College,Near,Male,65
12.0,96.0,High,High,Yes,5.0,84.0,Low,Yes,3.0,High,Medium,Public,Positive,4.0,No,Postgraduate,Near,Female,73
17.0,68.0,Medium,Low,Yes,5.0,78.0,Medium,Yes,4.0,Low,Low,Public,Positive,2.0,No,College,Near,Male,64
26.0,61.0,Low,High,Yes,9.0,91.0,Medium,No,0.0,High,High,Private,Positive,4.0,No,College,Near,Female,67
33.0,61.0,High,Medium,No,6.0,92.0,Medium,Yes,1.0,Medium,Medium,Public,Positive,4.0,No,High School,Near,Female,69
10.0,85.0,Low,Low,Yes,6.0,53.0,High,Yes,1.0,Low,Medium,Private,Neutral,3.0,Yes,High School,Moderate,Male,60
9.0,86.0,High,Medium,No,8.0,65.0,High,Yes,0.0,Medium,Medium,Public,Positive,3.0,No,College,Near,Female,66
31.0,72.0,Low,High,Yes,5.0,94.0,High,Yes,2.0,Low,Low,Public,Positive,2.0,No,High School,Near,Male,70
22.0,73.0,High,Medium,Yes,7.0,70.0,Low,No,2.0,Low,Medium,Public,Positive,3.0,No,College,Near,Male,66
15.0,74.0,High,Medium,Yes,8.0,76.0,Medium,Yes,1.0,Medium,Low,Public,Neutral,4.0,No,High School,Far,Male,64
23.0,87.0,Medium,High,No,5.0,59.0,Medium,Yes,1.0,High,Low,Public,Neutral,4.0,No,College,Near,Male,70
4.0,62.0,Medium,Medium,No,6.0,78.0,High,Yes,3.0,High,,Public,Neutral,2.0,No,High School,Far,Female,58
20.0,97.0,Medium,High,Yes,5.0,63.0,Medium,Yes,0.0,Low,,Public,Negative,3.0,No,College,Far,Female,69
22.0,69.0,Medium,Medium,Yes,6.0,91.0,Low,Yes,0.0,High,High,Private,Neutral,1.0,Yes,High School,Moderate,Male,64
26.0,100.0,Low,Medium,No,9.0,60.0,Medium,Yes,2.0,Medium,Medium,Public,Positive,4.0,No,High School,Near,Male,72
14.0,67.0,Medium,Medium,Yes,9.0,68.0,Low,Yes,1.0,Low,Medium,Public,Neutral,3.0,Yes,High School,Near,Male,60
21.0,91.0,Medium,Medium,Yes,7.0,55.0,High,Yes,2.0,High,Medium,Private,Neutral,3.0,No,High School,Near,Female,70
14.0,69.0,Medium,Low,Yes,8.0,79.0,Medium,Yes,1.0,High,Medium,Public,Negative,1.0,No,Postgraduate,Moderate,Female,62
22.0,63.0,Medium,Medium,Yes,8.0,97.0,Medium,Yes,1.0,High,High,Public,Neutral,3.0,No,High School,Moderate,Female,66
15.0,95.0,Medium,Medium,Yes,6.0,59.0,Low,Yes,0.0,Medium,,Private,Positive,5.0,No,High School,Far,Female,66
18.0,94.0,Low,Medium,Yes,7.0,51.0,Medium,Yes,1.0,Low,Medium,Public,Neutral,3.0,Yes,College,Moderate,Male,65
14.0,76.0,High,Medium,Yes,5.0,71.0,Medium,Yes,1.0,Low,Medium,Public,Negative,3.0,No,High School,Near,Male,64
24.0,88.0,High,Medium,Yes,6.0,87.0,Medium,Yes,1.0,High,Low,Private,Positive,3.0,No,High School,Near,Female,72
25.0,82.0,Medium,Medium,Yes,7.0,99.0,High,Yes,3.0,Low,High,Public,Neutral,2.0,No,High School,Near,Female,71
19.0,94.0,Low,High,No,5.0,53.0,Medium,Yes,1.0,Medium,Medium,Public,Neutral,3.0,No,High School,Near,Female,68
20.0,73.0,High,Medium,Yes,5.0,89.0,Medium,Yes,2.0,Medium,High,Public,Positive,5.0,Yes,High School,Moderate,Female,68
11.0,81.0,Low,Medium,Yes,6.0,68.0,High,Yes,2.0,High,Medium,Private,Negative,3.0,No,Postgraduate,Far,Female,64
18.0,79.0,Low,Medium,Yes,9.0,58.0,Medium,Yes,3.0,Medium,High,Public,Negative,3.0,No,High School,Near,Female,65
20.0,74.0,Medium,High,Yes,9.0,60.0,Medium,No,1.0,Low,Medium,Public,Positive,3.0,No,High School,Moderate,Female,64
36.0,96.0,Medium,Low,No,7.0,96.0,Medium,Yes,1.0,Low,High,Public,Positive,3.0,No,College,Moderate,Female,75
13.0,67.0,Low,Medium,Yes,8.0,90.0,Medium,Yes,2.0,Low,Medium,Private,Negative,2.0,No,High School,Near,Male,61
29.0,66.0,High,High,No,6.0,66.0,Medium,Yes,0.0,Medium,Medium,Private,Negative,3.0,No,Postgraduate,Near,Male,68
26.0,83.0,Medium,Medium,No,4.0,97.0,Low,Yes,2.0,Low,High,Public,Negative,4.0,No,College,Moderate,Male,70
22.0,86.0,High,Medium,No,6.0,55.0,Medium,Yes,5.0,High,Low,Private,Negative,3.0,No,Postgraduate,Near,Female,71
31.0,68.0,Low,High,Yes,7.0,66.0,Low,Yes,0.0,Low,Medium,Public,Positive,3.0,No,High School,Near,Male,66
22.0,76.0,High,Low,Yes,7.0,83.0,Low,Yes,0.0,Low,Medium,Public,Positive,1.0,No,College,Near,Male,66
22.0,98.0,Medium,Medium,Yes,7.0,100.0,Low,Yes,0.0,Low,Medium,Public,Neutral,3.0,No,High School,Far,Male,70
20.0,70.0,Low,Medium,No,7.0,73.0,Medium,Yes,0.0,Low,Medium,Public,Negative,5.0,No,High School,Near,Female,62
27.0,87.0,High,Low,Yes,6.0,91.0,Low,Yes,4.0,High,Medium,Public,Neutral,4.0,No,High School,Moderate,Male,72
27.0,90.0,High,Medium,No,8.0,96.0,High,Yes,0.0,Medium,Medium,Public,Negative,4.0,No,High School,Moderate,Male,72
16.0,78.0,Low,Medium,Yes,5.0,50.0,Medium,Yes,2.0,Low,Medium,Private,Positive,2.0,No,College,Moderate,Male,63
12.0,98.0,High,Low,Yes,8.0,64.0,Medium,No,5.0,Low,Medium,Public,Neutral,5.0,No,College,Near,Female,69
19.0,89.0,Medium,Medium,Yes,6.0,55.0,Medium,Yes,0.0,Medium,High,Public,Positive,2.0,No,Postgraduate,Moderate,Male,68
15.0,78.0,High,High,Yes,10.0,89.0,Low,Yes,0.0,Medium,Medium,Public,Neutral,3.0,No,High School,Near,Male,67
20.0,83.0,High,High,Yes,7.0,78.0,High,Yes,3.0,Low,Medium,Private,Neutral,2.0,No,College,Near,Female,71
27.0,88.0,Low,Medium,Yes,6.0,55.0,Low,No,2.0,Low,Medium,Public,Positive,5.0,No,High School,Far,Male,67
17.0,84.0,Low,Low,Yes,6.0,71.0,Low,Yes,0.0,Medium,Medium,Private,Negative,4.0,Yes,High School,Near,Male,62
20.0,95.0,Medium,Medium,No,6.0,76.0,Medium,Yes,0.0,Low,High,Private,Positive,4.0,No,High School,Moderate,Female,69
20.0,74.0,High,Medium,Yes,8.0,85.0,Medium,Yes,2.0,Low,Medium,Public,Positive,0.0,No,High School,Near,Male,67
25.0,72.0,Medium,High,Yes,7.0,89.0,Medium,Yes,2.0,Low,High,Public,Positive,3.0,No,Postgraduate,Near,Female,71
7.0,69.0,Medium,High,Yes,8.0,54.0,High,Yes,1.0,Medium,High,Public,Positive,2.0,No,High School,Far,Male,87
16.0,62.0,Low,Medium,No,8.0,74.0,Medium,Yes,2.0,High,High,Private,Neutral,3.0,No,High School,Moderate,Male,62
21.0,62.0,High,Low,Yes,7.0,58.0,Medium,Yes,2.0,Low,High,Public,Positive,1.0,No,College,Near,Female,64
27.0,95.0,Medium,High,No,8.0,88.0,High,Yes,3.0,Medium,Medium,Private,Positive,2.0,No,High School,Far,Female,74
17.0,87.0,High,High,Yes,9.0,83.0,Medium,Yes,0.0,Low,High,Public,Neutral,2.0,No,College,Moderate,Male,69
9.0,86.0,High,Medium,No,8.0,86.0,Medium,Yes,1.0,Low,High,Public,Neutral,1.0,No,High School,Near,Male,65
24.0,85.0,Low,Medium,Yes,7.0,54.0,Medium,No,2.0,Medium,Low,Public,Neutral,3.0,No,College,Moderate,Female,66
16.0,94.0,Medium,Medium,Yes,8.0,76.0,Low,Yes,3.0,Medium,Medium,Public,Negative,4.0,No,Postgraduate,Near,Female,70
13.0,79.0,High,High,No,5.0,92.0,Medium,Yes,3.0,Medium,Medium,Public,Neutral,3.0,No,High School,Near,Male,68
16.0,95.0,Low,Low,No,10.0,86.0,Medium,Yes,4.0,High,Medium,Public,Positive,2.0,No,College,Near,Female,70
19.0,74.0,High,High,No,8.0,93.0,High,Yes,1.0,Medium,Medium,Public,Negative,3.0,No,High School,Near,Male,68
16.0,97.0,High,Low,Yes,8.0,60.0,Medium,Yes,0.0,Low,High,Public,Positive,3.0,No,High School,Near,Male,69
7.0,88.0,Medium,High,Yes,7.0,64.0,Low,Yes,2.0,Medium,High,Public,Neutral,4.0,No,Postgraduate,Moderate,Male,66
25.0,70.0,Medium,Medium,Yes,4.0,72.0,Medium,Yes,0.0,Low,Low,Public,Neutral,4.0,No,College,Moderate,Male,65
28.0,83.0,Medium,Medium,Yes,7.0,76.0,Medium,Yes,1.0,Medium,Medium,Public,Positive,3.0,No,College,Near,Male,71
24.0,81.0,Medium,Low,Yes,7.0,63.0,Medium,Yes,1.0,Low,Medium,Public,Positive,3.0,No,High School,Moderate,Male,66
13.0,66.0,Low,Medium,Yes,6.0,69.0,Low,Yes,2.0,Low,Medium,Private,Positive,4.0,No,High School,Near,Male,61
19.0,84.0,Medium,Medium,Yes,6.0,84.0,Medium,Yes,3.0,Medium,High,Public,Neutral,2.0,No,Postgraduate,Moderate,Male,69
20.0,73.0,Medium,Medium,No,6.0,82.0,Low,Yes,1.0,Medium,High,Private,Negative,3.0,No,College,Near,Male,65
24.0,62.0,Medium,Medium,Yes,8.0,56.0,Medium,Yes,0.0,Medium,Medium,Private,Positive,2.0,No,College,Moderate,Male,63
24.0,98.0,Medium,Low,Yes,9.0,99.0,High,Yes,2.0,Low,High,Public,Neutral,2.0,No,Postgraduate,Far,Female,73
16.0,86.0,High,Medium,Yes,7.0,78.0,Low,Yes,1.0,Low,Medium,Private,Positive,4.0,No,Postgraduate,Moderate,Male,68
20.0,95.0,Medium,Medium,Yes,6.0,74.0,Medium,Yes,1.0,High,Low,Public,Positive,4.0,No,High School,Far,Female,70
23.0,87.0,Medium,Medium,Yes,6.0,98.0,Medium,Yes,3.0,Medium,Medium,Public,Neutral,3.0,No,College,Near,Male,72
29.0,74.0,High,Medium,Yes,7.0,57.0,Medium,No,3.0,Medium,Medium,Private,Positive,2.0,No,High School,Moderate,Male,68
24.0,81.0,Medium,Medium,No,7.0,77.0,Medium,Yes,0.0,High,Medium,Private,Positive,3.0,No,High School,Near,Male,68
25.0,87.0,High,Medium,Yes,8.0,90.0,Medium,Yes,1.0,Low,Medium,Public,Negative,4.0,No,High School,Near,Female,71
21.0,98.0,Low,Low,Yes,6.0,70.0,Medium,Yes,1.0,Medium,Medium,Public,Positive,3.0,No,High School,Moderate,Male,68
28.0,70.0,High,Low,Yes,8.0,87.0,High,Yes,3.0,Low,Medium,Public,Neutral,3.0,No,Postgraduate,Moderate,Male,70
22.0,95.0,Medium,Low,Yes,8.0,95.0,Medium,No,2.0,Low,High,Private,Neutral,4.0,No,High School,Near,Female,70
15.0,97.0,High,Medium,Yes,6.0,63.0,Low,Yes,2.0,Medium,Medium,Public,Neutral,3.0,No,High School,Near,Female,69
28.0,87.0,High,Medium,Yes,4.0,62.0,High,Yes,2.0,Low,High,Public,Positive,4.0,No,High School,Near,Female,73
24.0,97.0,Medium,Medium,Yes,6.0,68.0,Low,Yes,1.0,Medium,High,Public,Neutral,4.0,No,College,Near,Male,72
17.0,76.0,Medium,High,No,9.0,71.0,Medium,Yes,0.0,Medium,High,Public,Neutral,3.0,No,Postgraduate,Near,Male,67
17.0,98.0,High,Medium,No,4.0,56.0,Medium,Yes,2.0,Low,Low,Private,Positive,3.0,No,High School,Near,Female,69
22.0,88.0,Low,Medium,Yes,9.0,62.0,Medium,Yes,1.0,High,Medium,Private,Negative,3.0,No,College,Near,Male,68
23.0,62.0,High,Low,No,4.0,94.0,Medium,Yes,0.0,Medium,Low,Private,Positive,3.0,No,Postgraduate,Far,Female,64
21.0,96.0,Low,High,Yes,6.0,78.0,Low,Yes,2.0,Medium,High,Private,Neutral,3.0,No,High School,Moderate,Female,71
22.0,79.0,High,Medium,Yes,6.0,63.0,Medium,Yes,1.0,Medium,High,Public,Neutral,4.0,No,High School,Near,Female,68
30.0,78.0,Medium,High,Yes,10.0,97.0,Medium,Yes,1.0,Low,Low,Private,Positive,2.0,No,High School,Far,Male,70
26.0,83.0,Medium,High,Yes,7.0,89.0,Medium,Yes,3.0,Low,Medium,Private,Positive,3.0,No,High School,Moderate,Male,72
21.0,66.0,Low,High,Yes,7.0,68.0,High,Yes,2.0,Low,Medium,Public,Positive,1.0,No,High School,Near,Female,65
26.0,79.0,Medium,High,No,6.0,88.0,Medium,Yes,1.0,Low,High,Public,Positive,3.0,Yes,College,Near,Male,70
14.0,93.0,Medium,Medium,No,8.0,80.0,Low,Yes,2.0,Low,Medium,Private,Positive,4.0,No,Postgraduate,Near,Male,69
22.0,61.0,Medium,Medium,No,6.0,84.0,Low,Yes,0.0,Medium,Medium,Public,Positive,2.0,No,Postgraduate,Near,Male,64
31.0,71.0,Low,High,Yes,7.0,66.0,Medium,Yes,3.0,Low,Medium,Private,Negative,1.0,No,High School,Near,Male,67
19.0,60.0,High,High,Yes,6.0,60.0,High,Yes,1.0,Low,Medium,Public,Positive,2.0,No,College,Near,Male,65
15.0,77.0,Low,Medium,Yes,8.0,63.0,Medium,Yes,0.0,Medium,Medium,Public,Neutral,1.0,No,High School,Near,Female,62
16.0,89.0,High,Medium,No,8.0,54.0,Medium,Yes,2.0,Low,High,Private,Positive,2.0,No,College,Moderate,Male,68
13.0,92.0,Medium,High,No,6.0,74.0,High,Yes,2.0,Low,Medium,Private,Neutral,2.0,No,College,Near,Male,68
15.0,98.0,Medium,Medium,No,6.0,70.0,Low,Yes,1.0,Medium,High,Private,Positive,3.0,No,High School,Moderate,Male,68
18.0,84.0,Medium,Low,Yes,6.0,50.0,Medium,Yes,4.0,High,High,Private,Negative,3.0,No,Postgraduate,Near,Male,68
12.0,70.0,Medium,Medium,Yes,7.0,93.0,Medium,Yes,1.0,Low,High,Public,Neutral,4.0,No,High School,Far,Female,62
20.0,97.0,Medium,Low,Yes,8.0,84.0,Low,Yes,4.0,Medium,Medium,Public,Positive,5.0,No,High School,Near,Female,72
25.0,91.0,Low,Medium,No,7.0,72.0,Medium,Yes,1.0,Medium,High,Private,Neutral,3.0,No,College,Far,Male,69
15.0,83.0,Medium,High,No,4.0,98.0,Low,Yes,3.0,Low,High,Public,Positive,3.0,No,High School,Moderate,Female,68
29.0,88.0,Low,Medium,Yes,8.0,97.0,Medium,Yes,4.0,Low,High,Public,Negative,3.0,Yes,College,Moderate,Male,71
23.0,97.0,Low,High,Yes,5.0,55.0,Medium,Yes,0.0,Medium,Low,Public,Neutral,3.0,No,High School,Moderate,Female,69
26.0,88.0,Low,High,No,6.0,81.0,Medium,Yes,1.0,High,Medium,Public,Positive,2.0,No,High School,Near,Male,71
16.0,75.0,Medium,High,Yes,7.0,91.0,Low,Yes,2.0,Low,Low,Public,Positive,5.0,No,High School,Far,Male,65
25.0,89.0,Medium,High,No,7.0,59.0,Medium,Yes,1.0,Low,Medium,Public,Neutral,4.0,Yes,High School,Near,Male,68
13.0,62.0,Medium,Medium,Yes,8.0,56.0,Low,Yes,1.0,Low,High,Public,Positive,4.0,Yes,High School,Near,Female,60
25.0,75.0,Medium,Medium,Yes,6.0,63.0,Low,Yes,3.0,High,Medium,Private,Neutral,4.0,No,High School,Near,Male,68
21.0,76.0,Low,High,No,6.0,64.0,Medium,Yes,1.0,Medium,Medium,Public,Neutral,4.0,No,High School,Near,Female,66
23.0,67.0,Medium,Medium,No,7.0,98.0,Low,Yes,4.0,Low,Medium,Private,Neutral,3.0,No,High School,Moderate,Male,66
13.0,61.0,Medium,Medium,Yes,8.0,89.0,Low,Yes,4.0,Low,Medium,Private,Neutral,4.0,No,High School,Far,Female,62
15.0,65.0,Medium,Medium,No,8.0,53.0,Medium,Yes,2.0,Low,Medium,Public,Negative,3.0,No,College,Near,Male,61
24.0,86.0,High,Medium,No,7.0,89.0,Low,Yes,2.0,Low,Medium,Public,Negative,3.0,No,Postgraduate,Far,Female,69
14.0,92.0,Medium,High,Yes,9.0,58.0,High,Yes,1.0,High,Low,Public,Positive,2.0,No,High School,Near,Male,69
23.0,100.0,Medium,Medium,Yes,9.0,68.0,Medium,Yes,4.0,High,High,Private,Negative,3.0,No,Postgraduate,Near,Male,74
12.0,74.0,Medium,High,Yes,8.0,66.0,Low,Yes,1.0,Low,Medium,Public,Negative,4.0,No,High School,Near,Female,62
25.0,84.0,Medium,Medium,Yes,5.0,64.0,Medium,Yes,0.0,Low,Medium,Public,Negative,3.0,No,College,Moderate,Female,67
13.0,97.0,High,Medium,No,8.0,65.0,High,Yes,1.0,Low,Medium,Private,Positive,2.0,No,High School,Near,Female,69
23.0,67.0,High,Low,Yes,7.0,88.0,Medium,Yes,1.0,Low,Medium,Private,Positive,4.0,No,High School,Near,Male,66
24.0,89.0,Medium,High,Yes,6.0,63.0,Medium,Yes,2.0,High,Medium,Private,Positive,3.0,No,College,Near,Male,72
16.0,90.0,High,Low,No,6.0,90.0,Medium,Yes,2.0,High,Medium,Public,Neutral,3.0,No,High School,Near,Male,69
23.0,64.0,Medium,High,Yes,7.0,55.0,Medium,Yes,0.0,Medium,Medium,Public,Positive,4.0,No,High School,Moderate,Male,65
22.0,94.0,Medium,High,No,6.0,80.0,Low,Yes,0.0,High,Medium,Private,Positive,2.0,No,Postgraduate,Near,Male,72
17.0,93.0,Low,Medium,Yes,7.0,93.0,Low,Yes,2.0,Medium,Medium,Private,Positive,4.0,No,High School,Near,Male,69
14.0,61.0,Medium,High,No,7.0,54.0,Medium,Yes,3.0,Low,Medium,Public,Positive,2.0,Yes,High School,Near,Female,60
8.0,64.0,High,Medium,No,7.0,82.0,High,Yes,0.0,High,Medium,Public,Neutral,1.0,Yes,Postgraduate,Near,Female,61
22.0,62.0,High,Low,No,8.0,76.0,Medium,Yes,1.0,Medium,Low,Public,Neutral,3.0,No,High School,Near,Male,63
11.0,73.0,Medium,Medium,No,7.0,67.0,Medium,No,3.0,Medium,High,Private,Positive,5.0,Yes,Postgraduate,Near,Male,63
21.0,80.0,Medium,Medium,Yes,6.0,55.0,High,Yes,1.0,High,High,Public,Negative,3.0,No,Postgraduate,Moderate,Male,68
18.0,81.0,Medium,Medium,Yes,4.0,84.0,Low,Yes,1.0,Medium,Medium,Private,Positive,4.0,No,College,Near,Female,68
24.0,71.0,High,Medium,No,8.0,65.0,Medium,Yes,1.0,Low,Medium,Private,Negative,2.0,No,High School,Near,Male,65
18.0,96.0,Medium,High,No,7.0,67.0,Medium,Yes,1.0,High,Medium,Public,Positive,2.0,No,High School,Near,Female,71
18.0,75.0,Medium,Medium,Yes,7.0,86.0,Low,Yes,1.0,Low,Medium,Private,Negative,3.0,No,High School,Near,Male,64
24.0,62.0,Medium,Medium,No,9.0,97.0,Medium,Yes,1.0,Medium,Medium,Private,Negative,2.0,No,Postgraduate,Near,Male,65
22.0,72.0,High,Medium,Yes,5.0,67.0,Low,Yes,2.0,Medium,Medium,Public,Neutral,4.0,No,College,Near,Female,67
22.0,81.0,High,Medium,No,7.0,87.0,Low,Yes,0.0,Low,Medium,Public,Neutral,2.0,No,High School,Near,Female,67
23.0,76.0,Low,Medium,Yes,6.0,98.0,Medium,Yes,1.0,Low,High,Public,Neutral,3.0,No,College,Moderate,Male,67
11.0,71.0,Low,Medium,Yes,8.0,55.0,Medium,Yes,1.0,Low,Medium,Public,Negative,3.0,No,College,Near,Female,87
25.0,65.0,High,High,Yes,4.0,76.0,High,Yes,1.0,High,Medium,Private,Neutral,1.0,No,High School,Moderate,Female,67
24.0,93.0,High,Medium,Yes,8.0,51.0,High,Yes,4.0,Medium,Medium,Private,Positive,2.0,Yes,High School,Near,Male,72
14.0,100.0,Medium,Low,Yes,8.0,91.0,High,Yes,0.0,Low,High,Public,Neutral,3.0,No,High School,Near,Female,69
19.0,73.0,Medium,Medium,Yes,6.0,64.0,Low,Yes,1.0,High,Medium,Public,Positive,3.0,No,College,Moderate,Female,65
20.0,75.0,High,Medium,Yes,7.0,67.0,Low,Yes,1.0,Low,Medium,Private,Positive,4.0,No,High School,Near,Female,66
19.0,85.0,High,High,No,6.0,84.0,Low,Yes,3.0,Medium,Medium,Private,Negative,3.0,No,Postgraduate,Near,Male,70
22.0,89.0,High,High,Yes,8.0,89.0,Medium,Yes,0.0,Medium,Medium,Private,Neutral,3.0,No,High School,Moderate,Male,71
29.0,76.0,Medium,High,Yes,8.0,70.0,Low,No,1.0,Low,Low,Public,Neutral,4.0,No,College,Moderate,Female,67
26.0,96.0,High,Medium,No,5.0,83.0,Medium,Yes,0.0,Medium,High,Public,Positive,2.0,No,High School,Far,Male,72
12.0,82.0,Low,Medium,No,5.0,98.0,Medium,Yes,0.0,Low,High,Public,Neutral,1.0,No,High School,Moderate,Male,63
24.0,78.0,High,Low,Yes,9.0,94.0,Low,Yes,0.0,Low,High,Public,Neutral,4.0,No,High School,Moderate,Female,67
28.0,86.0,Low,Medium,No,10.0,85.0,Medium,Yes,6.0,Low,High,Public,Neutral,2.0,No,High School,Near,Male,72
22.0,98.0,Medium,Medium,No,8.0,97.0,Low,Yes,1.0,High,Medium,Private,Positive,1.0,Yes,Postgraduate,Near,Female,72
27.0,92.0,Medium,Medium,No,8.0,94.0,Medium,No,1.0,Low,Medium,Private,Negative,4.0,No,College,Near,Female,70
32.0,62.0,High,Medium,No,7.0,86.0,Low,Yes,0.0,Low,Medium,Public,Positive,2.0,No,High School,Near,Female,67
26.0,73.0,Medium,Medium,No,7.0,96.0,High,Yes,0.0,Medium,High,Private,Neutral,3.0,No,High School,Near,Female,68
21.0,79.0,Low,Medium,Yes,8.0,91.0,High,Yes,1.0,Low,Medium,Public,Positive,3.0,No,High School,Moderate,Male,67
26.0,73.0,High,High,No,7.0,75.0,Low,Yes,3.0,Low,Medium,Public,Positive,5.0,No,College,Near,Male,70
21.0,88.0,Medium,Low,No,9.0,75.0,High,No,1.0,Medium,High,Private,Neutral,2.0,No,Postgraduate,Moderate,Female,67
20.0,93.0,Medium,Medium,Yes,7.0,50.0,Medium,Yes,1.0,High,High,Public,Positive,4.0,No,College,Near,Male,71
18.0,89.0,High,Low,Yes,7.0,52.0,Medium,Yes,1.0,High,High,Public,Positive,3.0,No,Postgraduate,Near,Female,69
29.0,100.0,Medium,Medium,Yes,7.0,87.0,Medium,No,3.0,Low,Medium,Public,Negative,5.0,No,College,Near,Female,74
15.0,71.0,High,Low,No,7.0,78.0,Medium,Yes,0.0,Medium,Medium,Private,Positive,3.0,No,High School,Near,Male,63
29.0,95.0,Medium,Low,Yes,9.0,88.0,Medium,Yes,0.0,Medium,High,Public,Neutral,2.0,No,High School,Near,Female,72
23.0,91.0,High,Low,Yes,7.0,97.0,Low,Yes,2.0,Low,Medium,Public,Neutral,3.0,No,College,Moderate,Male,71
12.0,74.0,High,Medium,No,7.0,73.0,Medium,Yes,1.0,Low,Medium,Public,Neutral,5.0,No,High School,,Male,64
22.0,89.0,Medium,Medium,Yes,7.0,54.0,Medium,Yes,1.0,High,Medium,Public,Positive,3.0,No,High School,Near,Female,69
7.0,64.0,High,High,No,6.0,81.0,Medium,Yes,2.0,Low,Low,Private,Positive,3.0,No,Postgraduate,Moderate,Female,62
24.0,92.0,Medium,Medium,Yes,5.0,55.0,Medium,No,1.0,Medium,Medium,Public,Neutral,4.0,No,College,Near,Male,69
25.0,81.0,High,Low,Yes,9.0,81.0,Low,Yes,2.0,Low,Medium,Public,Neutral,3.0,No,High School,Near,Male,68
16.0,72.0,High,Medium,Yes,9.0,76.0,High,Yes,6.0,Low,Low,Public,Negative,3.0,No,High School,Near,Male,67
21.0,86.0,Medium,Medium,Yes,9.0,86.0,High,Yes,2.0,Medium,Medium,Public,Neutral,3.0,No,Postgraduate,Near,Male,71
32.0,86.0,Medium,Medium,Yes,5.0,68.0,Low,Yes,1.0,Medium,Medium,Public,Negative,4.0,No,High School,Moderate,Male,70
17.0,68.0,High,Medium,No,9.0,57.0,Medium,Yes,2.0,Medium,Low,Public,Neutral,3.0,No,High School,Moderate,Male,63
14.0,61.0,Low,High,No,10.0,62.0,Medium,Yes,0.0,High,Medium,Public,Negative,4.0,No,College,Moderate,Female,60
29.0,77.0,Medium,Medium,No,9.0,84.0,Medium,Yes,0.0,Low,High,Public,Neutral,3.0,No,College,Near,Female,69
32.0,83.0,Medium,Medium,Yes,9.0,74.0,Medium,Yes,3.0,Low,Medium,Public,Neutral,3.0,No,College,Moderate,Male,71
20.0,95.0,Low,Low,Yes,8.0,77.0,Medium,Yes,1.0,High,High,Public,Positive,2.0,No,High School,Near,Male,69
26.0,97.0,High,Low,Yes,6.0,66.0,Medium,Yes,2.0,Medium,Medium,Public,Positive,1.0,No,College,Near,Female,73
28.0,81.0,Medium,High,Yes,8.0,92.0,Medium,Yes,1.0,High,Medium,Public,Positive,3.0,No,College,Near,Female,73
16.0,90.0,Medium,Medium,No,5.0,100.0,Medium,Yes,1.0,Low,Medium,Public,Positive,3.0,No,High School,Moderate,Female,68
17.0,78.0,High,Medium,Yes,6.0,66.0,Medium,Yes,2.0,Low,Medium,Public,Positive,4.0,No,College,Moderate,Male,67
27.0,90.0,Medium,High,No,7.0,86.0,High,Yes,2.0,Medium,Medium,Public,Positive,3.0,No,College,Moderate,Male,74
30.0,68.0,Medium,High,No,7.0,59.0,Medium,Yes,3.0,Low,Medium,Public,Positive,3.0,No,College,Moderate,Male,68
23.0,75.0,High,Medium,No,8.0,87.0,Low,Yes,1.0,Medium,High,Public,Positive,2.0,No,College,Near,Female,69
15.0,85.0,High,Medium,No,4.0,72.0,Medium,Yes,4.0,Low,High,Private,Neutral,4.0,No,College,Near,Male,69
32.0,61.0,High,High,Yes,7.0,80.0,Medium,Yes,0.0,Low,Medium,Public,Positive,4.0,Yes,College,Moderate,Female,68
17.0,89.0,Low,High,No,8.0,62.0,Medium,Yes,1.0,Low,High,Public,Positive,1.0,No,High School,Moderate,Male,66
18.0,93.0,Low,Low,Yes,8.0,93.0,Medium,Yes,3.0,Low,High,Public,Negative,3.0,No,Postgraduate,Moderate,Male,69
22.0,76.0,Medium,Medium,Yes,8.0,59.0,Medium,Yes,1.0,Low,Medium,Public,Positive,2.0,No,College,Near,Female,66
29.0,78.0,Low,Medium,Yes,7.0,96.0,High,Yes,5.0,Low,Medium,Public,Positive,4.0,No,College,Moderate,Male,72
25.0,94.0,Medium,Low,Yes,6.0,53.0,Low,Yes,1.0,Medium,Medium,Public,Negative,3.0,No,,Near,Female,69
22.0,91.0,Medium,Medium,Yes,8.0,64.0,Medium,Yes,1.0,Low,High,Public,Positive,3.0,Yes,High School,Moderate,Male,68
23.0,72.0,Medium,Medium,Yes,7.0,78.0,Medium,Yes,1.0,Low,Medium,Private,Neutral,3.0,No,High School,Near,Male,66
20.0,73.0,Medium,Low,Yes,8.0,93.0,High,Yes,1.0,Low,High,Public,Negative,4.0,No,High School,Far,Male,65
23.0,87.0,Medium,Medium,No,8.0,79.0,High,Yes,2.0,Low,High,Public,Neutral,2.0,No,Postgraduate,Near,Male,71
5.0,83.0,Medium,Medium,Yes,7.0,61.0,Medium,Yes,2.0,Low,Medium,Public,Negative,4.0,No,High School,Moderate,Male,61
18.0,66.0,Low,Medium,Yes,6.0,93.0,Medium,Yes,1.0,Low,Medium,Public,Neutral,3.0,Yes,College,Near,Female,63
21.0,72.0,Medium,High,Yes,9.0,80.0,Low,Yes,1.0,Medium,Medium,Public,Neutral,3.0,No,High School,Near,Female,66
13.0,96.0,Medium,High,No,8.0,62.0,Medium,Yes,0.0,High,Medium,Private,Neutral,2.0,No,Postgraduate,Near,Male,69
22.0,88.0,High,High,Yes,10.0,78.0,Medium,Yes,0.0,Medium,High,Private,Positive,2.0,No,High School,Moderate,Male,71
19.0,99.0,High,Medium,Yes,8.0,84.0,High,Yes,0.0,High,Medium,Public,Positive,4.0,No,High School,Near,Female,73
31.0,91.0,High,Medium,Yes,8.0,84.0,Low,Yes,2.0,Low,Medium,Public,Negative,2.0,No,High School,Near,Male,72
29.0,98.0,Medium,High,No,5.0,86.0,Low,Yes,2.0,Medium,Medium,Private,Negative,4.0,No,High School,Far,Male,73
17.0,69.0,Low,High,Yes,7.0,95.0,Medium,Yes,1.0,Low,High,Private,Positive,2.0,No,High School,Moderate,Male,65
19.0,91.0,Low,High,Yes,7.0,91.0,Medium,Yes,1.0,High,High,Public,Neutral,3.0,No,High School,Near,Female,71
20.0,61.0,High,Medium,Yes,8.0,80.0,Medium,Yes,1.0,Low,High,Public,Positive,3.0,No,High School,Near,Male,65
17.0,87.0,Medium,Medium,No,8.0,52.0,Low,Yes,1.0,Medium,Medium,Public,Positive,5.0,No,College,Near,Male,67
21.0,79.0,Medium,High,Yes,8.0,87.0,Medium,Yes,1.0,Low,High,Public,Neutral,2.0,No,Postgraduate,Moderate,Male,69
15.0,74.0,Low,High,No,10.0,99.0,Low,No,0.0,Low,Medium,Private,Neutral,3.0,No,College,Moderate,Male,63
13.0,94.0,Low,High,Yes,6.0,65.0,High,Yes,2.0,Medium,Medium,Public,Neutral,2.0,No,Postgraduate,Moderate,Male,68
24.0,94.0,High,Low,Yes,8.0,80.0,High,No,1.0,Low,Medium,Public,Neutral,4.0,No,High School,Near,Female,70
24.0,61.0,Medium,Medium,Yes,8.0,88.0,Low,Yes,1.0,Low,Medium,Private,Positive,4.0,No,High School,Moderate,Female,64
15.0,84.0,Medium,Medium,No,10.0,82.0,Medium,Yes,1.0,High,Low,Private,Negative,2.0,Yes,High School,Near,Male,64
25.0,75.0,Low,High,Yes,8.0,96.0,High,Yes,1.0,Low,Medium,Private,Neutral,0.0,No,College,Near,Male,68
16.0,77.0,Medium,High,Yes,8.0,74.0,Medium,Yes,0.0,High,Low,Private,Neutral,2.0,No,College,Moderate,Female,65
22.0,93.0,High,Medium,No,8.0,77.0,Medium,Yes,0.0,High,Medium,Public,Neutral,1.0,No,High School,,Female,70
25.0,72.0,Medium,Medium,Yes,8.0,52.0,Low,Yes,0.0,Medium,Medium,Private,Positive,2.0,No,Postgraduate,Near,Male,66
20.0,98.0,High,Low,Yes,9.0,95.0,Low,Yes,1.0,Low,Medium,Public,Positive,2.0,No,High School,Moderate,Female,70
23.0,67.0,Medium,Medium,Yes,6.0,63.0,High,Yes,3.0,Low,High,Private,Neutral,3.0,No,High School,Near,Male,66
17.0,87.0,Medium,Medium,No,6.0,99.0,Medium,Yes,2.0,Low,Medium,Private,Neutral,2.0,No,Postgraduate,Near,Male,69
19.0,87.0,High,High,No,10.0,60.0,High,Yes,2.0,Medium,Low,Private,Positive,3.0,No,High School,Moderate,Male,69
19.0,70.0,High,High,No,4.0,63.0,Medium,Yes,1.0,Low,Medium,Private,Neutral,3.0,No,College,Far,Female,64
16.0,73.0,Medium,Medium,Yes,7.0,74.0,Low,Yes,1.0,Low,High,Public,Positive,3.0,No,High School,Moderate,Male,64
19.0,93.0,Low,Medium,Yes,7.0,83.0,Medium,Yes,1.0,Medium,Medium,Public,Positive,3.0,No,High School,Near,Female,69
11.0,90.0,Medium,Medium,Yes,7.0,72.0,High,Yes,3.0,Medium,Medium,Public,Negative,3.0,No,High School,Near,Female,67
17.0,73.0,Low,Medium,Yes,9.0,68.0,Low,Yes,2.0,Medium,Medium,Public,Positive,3.0,Yes,College,Near,Female,63
18.0,81.0,Low,High,Yes,8.0,77.0,Low,Yes,1.0,Medium,High,Public,Positive,3.0,No,College,Moderate,Male,67
18.0,62.0,Medium,High,No,6.0,98.0,Low,Yes,3.0,Medium,Medium,Private,Neutral,1.0,No,College,Near,Male,65
19.0,68.0,Medium,Medium,Yes,6.0,98.0,Low,Yes,2.0,Low,Medium,Public,Positive,1.0,No,High School,Moderate,Female,64
20.0,79.0,High,Medium,No,7.0,66.0,Low,Yes,3.0,High,Medium,Public,Negative,3.0,No,College,Near,Female,68
23.0,63.0,Low,Medium,Yes,9.0,84.0,High,Yes,0.0,High,Medium,Public,Neutral,3.0,No,High School,Near,Female,64
25.0,94.0,High,Medium,No,7.0,86.0,Low,No,2.0,Low,Medium,Private,Negative,4.0,No,College,Moderate,Male,70
16.0,89.0,High,Medium,Yes,7.0,83.0,High,Yes,0.0,Low,High,Public,Positive,4.0,No,Postgraduate,Moderate,Male,70
13.0,98.0,High,Low,Yes,6.0,56.0,Medium,Yes,1.0,High,Low,Public,Negative,3.0,No,College,Moderate,Female,67
14.0,88.0,High,High,Yes,8.0,77.0,Medium,Yes,2.0,Medium,Medium,Public,Positive,3.0,No,College,Far,Male,69
17.0,98.0,High,Medium,No,7.0,88.0,Medium,Yes,2.0,Low,High,Private,Negative,4.0,No,High School,Far,Male,70
18.0,82.0,High,High,No,6.0,60.0,Medium,Yes,5.0,Medium,High,Public,Negative,3.0,No,College,,Male,69
15.0,84.0,Medium,Low,Yes,9.0,67.0,Medium,Yes,1.0,Medium,High,Private,Negative,3.0,No,College,Moderate,Male,65
12.0,99.0,Medium,High,Yes,10.0,60.0,Medium,Yes,0.0,Low,Low,Public,Negative,1.0,No,High School,Moderate,Male,66
17.0,86.0,High,High,Yes,7.0,94.0,Medium,Yes,2.0,Medium,Medium,Public,Neutral,3.0,No,High School,Moderate,Male,70
21.0,61.0,Medium,Low,Yes,7.0,93.0,Low,Yes,1.0,Low,High,Private,Negative,5.0,No,High School,Near,Male,63
24.0,89.0,Low,Medium,No,5.0,58.0,Medium,Yes,3.0,High,,Public,Positive,3.0,No,High School,Near,Female,69
17.0,96.0,High,High,Yes,8.0,88.0,Medium,Yes,4.0,Low,Low,Private,Positive,4.0,No,Postgraduate,Near,Male,74
18.0,92.0,Medium,Medium,Yes,8.0,68.0,Low,Yes,2.0,High,High,Private,Positive,3.0,No,High School,Near,Male,70
14.0,83.0,High,Medium,No,7.0,84.0,Medium,Yes,1.0,Low,Medium,Public,Neutral,3.0,No,High School,Near,Female,66
20.0,87.0,Low,High,Yes,6.0,75.0,Medium,Yes,0.0,Low,Medium,Public,Positive,3.0,Yes,Postgraduate,Near,Male,68
15.0,100.0,Medium,Low,No,10.0,74.0,Medium,Yes,2.0,Medium,Medium,Public,Negative,5.0,No,High School,Far,Male,67
23.0,64.0,Medium,Medium,Yes,8.0,94.0,Low,Yes,2.0,Medium,Medium,Private,Positive,5.0,No,High School,Moderate,Female,66
9.0,87.0,High,Medium,No,6.0,82.0,Medium,Yes,0.0,Low,Medium,Public,Negative,3.0,No,College,Near,Female,65
18.0,71.0,Low,Medium,Yes,8.0,62.0,Medium,Yes,3.0,High,High,Public,Positive,2.0,No,College,Near,Male,66
22.0,86.0,High,Medium,Yes,7.0,56.0,Medium,Yes,1.0,High,Medium,Private,Positive,4.0,No,High School,Moderate,Male,69
21.0,84.0,Low,Medium,No,7.0,97.0,Medium,Yes,2.0,Low,Low,Public,Neutral,4.0,No,High School,Moderate,Female,67
36.0,66.0,Low,High,Yes,8.0,58.0,High,Yes,1.0,Medium,Medium,Public,Positive,3.0,No,College,Far,Male,69
22.0,68.0,Medium,Medium,No,4.0,87.0,High,Yes,2.0,Medium,Medium,Public,Neutral,3.0,No,Postgraduate,Far,Female,66
14.0,85.0,Medium,Medium,No,4.0,75.0,High,Yes,2.0,High,Medium,Public,Negative,1.0,Yes,High School,Far,Female,64
19.0,65.0,Medium,Medium,No,9.0,57.0,Low,Yes,1.0,Medium,Medium,Public,Positive,2.0,Yes,High School,Near,Female,61
9.0,71.0,Low,High,Yes,7.0,89.0,Medium,Yes,0.0,Low,Medium,Public,Negative,2.0,No,High School,Near,Male,61
20.0,93.0,Medium,Medium,Yes,6.0,95.0,Low,Yes,1.0,Medium,High,Public,Negative,4.0,No,College,Moderate,Male,70
15.0,73.0,Medium,High,No,5.0,56.0,Medium,Yes,1.0,Medium,Medium,Public,Positive,2.0,No,Postgraduate,Near,Female,65
25.0,80.0,High,Low,No,7.0,53.0,Medium,Yes,1.0,Medium,Medium,Private,Neutral,3.0,No,College,Moderate,Male,67
17.0,98.0,Low,Medium,No,7.0,92.0,Medium,Yes,0.0,High,Medium,Private,Positive,0.0,No,College,Near,Male,69
19.0,69.0,Medium,Low,Yes,9.0,75.0,Medium,Yes,2.0,Medium,Low,Public,Negative,5.0,No,High School,Moderate,Female,63
16.0,76.0,Medium,Medium,No,8.0,84.0,High,Yes,1.0,High,High,Public,Neutral,4.0,No,High School,Near,Male,66
30.0,84.0,High,Medium,Yes,7.0,72.0,Medium,Yes,3.0,Medium,Medium,Public,Positive,2.0,No,High School,Near,Male,73
18.0,90.0,High,High,No,8.0,71.0,High,No,0.0,Low,Medium,Public,Neutral,3.0,No,High School,Near,Female,68
31.0,96.0,High,High,Yes,9.0,65.0,High,Yes,0.0,Low,Medium,Private,Positive,2.0,No,High School,Far,Male,74
25.0,97.0,Low,Medium,Yes,8.0,78.0,Medium,Yes,0.0,Medium,Medium,Public,Neutral,3.0,No,High School,Near,Male,70
23.0,91.0,High,Low,Yes,8.0,58.0,Medium,Yes,0.0,Medium,Medium,Public,Positive,2.0,No,High School,Far,Male,68
22.0,69.0,High,High,No,7.0,86.0,Low,Yes,1.0,High,Medium,Public,Positive,4.0,Yes,High School,Moderate,Female,67
22.0,61.0,High,Medium,No,6.0,77.0,Low,Yes,1.0,Medium,Medium,Public,Positive,4.0,No,Postgraduate,Moderate,Male,65
8.0,75.0,Medium,Medium,No,5.0,92.0,Medium,Yes,5.0,High,High,Public,Positive,4.0,No,High School,Moderate,Male,66
18.0,66.0,High,Medium,Yes,5.0,96.0,Medium,Yes,0.0,Low,Medium,Public,Neutral,5.0,No,High School,Moderate,Female,64
25.0,88.0,Medium,Medium,Yes,8.0,95.0,Low,Yes,1.0,High,High,Public,Neutral,4.0,No,High School,Near,Female,72
20.0,86.0,Medium,Medium,Yes,8.0,80.0,High,Yes,2.0,Medium,Medium,Public,Neutral,2.0,No,College,Near,Male,70
12.0,62.0,Medium,Medium,Yes,9.0,66.0,Medium,Yes,1.0,Low,Medium,Private,Neutral,2.0,No,College,Moderate,Female,60
20.0,93.0,Medium,Medium,Yes,8.0,68.0,Medium,Yes,1.0,Low,Low,Public,Neutral,3.0,No,High School,Moderate,Male,68
30.0,70.0,Medium,High,Yes,9.0,83.0,Medium,Yes,1.0,High,Medium,Private,Neutral,2.0,No,Postgraduate,Near,Female,71
27.0,77.0,Medium,Medium,Yes,7.0,86.0,Low,Yes,1.0,High,Medium,Public,Neutral,3.0,No,High School,Moderate,Male,68
20.0,87.0,High,Medium,Yes,8.0,58.0,Low,Yes,2.0,Low,Medium,Public,Negative,2.0,Yes,Postgraduate,Near,Male,67
26.0,77.0,Medium,Medium,Yes,5.0,100.0,Low,Yes,1.0,Low,High,Private,Positive,5.0,No,High School,Near,Female,70
18.0,78.0,Medium,High,No,7.0,55.0,High,Yes,0.0,High,Medium,Public,Negative,3.0,No,High School,Near,Male,65
10.0,63.0,Medium,Medium,No,4.0,80.0,Medium,Yes,0.0,Low,Medium,Public,Positive,3.0,No,College,Near,Male,60
14.0,76.0,High,Low,No,7.0,77.0,Low,No,2.0,High,Medium,Public,Positive,4.0,No,College,Near,Male,65
29.0,91.0,Medium,Medium,No,9.0,80.0,Low,Yes,0.0,Low,High,Public,Negative,4.0,No,High School,Near,Female,70
18.0,97.0,Low,Low,Yes,7.0,77.0,Medium,Yes,4.0,Low,Low,Private,Neutral,4.0,No,Postgraduate,Near,Male,69
19.0,77.0,High,Low,No,8.0,53.0,Medium,Yes,1.0,Low,Medium,Private,Positive,3.0,No,High School,Near,Male,64
18.0,77.0,Low,Medium,No,7.0,100.0,Medium,Yes,2.0,High,High,Private,Positive,3.0,Yes,High School,Near,Male,67
31.0,88.0,Low,Medium,Yes,6.0,99.0,Low,Yes,2.0,High,Low,Public,Negative,3.0,No,Postgraduate,Near,Male,73
30.0,98.0,Medium,High,No,7.0,76.0,High,Yes,1.0,Low,Medium,Public,Neutral,3.0,No,College,Near,Male,74
33.0,71.0,Medium,Low,Yes,9.0,60.0,Medium,Yes,0.0,Medium,Medium,Public,Positive,4.0,Yes,High School,Near,Male,67
19.0,78.0,Low,High,Yes,8.0,59.0,Medium,Yes,2.0,High,Medium,Public,Positive,1.0,No,High School,Near,Male,66
22.0,92.0,Medium,Medium,No,6.0,53.0,Medium,Yes,4.0,High,Medium,Public,Neutral,4.0,Yes,High School,Near,Male,69
11.0,84.0,High,Medium,No,5.0,81.0,Low,Yes,1.0,Low,Medium,Private,Negative,3.0,No,High School,Moderate,Female,64
29.0,64.0,Medium,High,Yes,7.0,74.0,Medium,Yes,0.0,High,Medium,Public,Positive,2.0,No,Postgraduate,Near,Female,69
13.0,85.0,Low,High,Yes,6.0,71.0,Medium,Yes,1.0,Low,Medium,Public,Positive,3.0,No,High School,Near,Female,66
21.0,67.0,High,Medium,Yes,7.0,76.0,Medium,Yes,1.0,Medium,High,Private,Neutral,2.0,Yes,High School,Near,Male,65
13.0,80.0,Medium,Medium,Yes,5.0,94.0,High,Yes,1.0,Medium,Medium,Private,Positive,3.0,No,High School,Near,Female,67
16.0,81.0,Medium,High,No,9.0,54.0,Medium,Yes,3.0,Medium,High,Public,Negative,3.0,No,Postgraduate,Moderate,Male,67
15.0,95.0,Medium,Medium,No,7.0,77.0,High,Yes,0.0,Low,Medium,Private,Neutral,3.0,No,High School,Near,Female,68
16.0,78.0,Medium,Low,No,7.0,85.0,Medium,Yes,4.0,Medium,Medium,Public,Neutral,2.0,Yes,High School,Near,Male,65
17.0,71.0,Medium,Low,Yes,6.0,99.0,Low,Yes,4.0,Medium,Medium,Public,Positive,3.0,Yes,Postgraduate,Near,Male,66
17.0,69.0,High,Medium,Yes,7.0,87.0,Low,Yes,2.0,Low,Medium,Public,Neutral,3.0,No,College,Near,Male,65
25.0,95.0,Medium,Medium,Yes,7.0,77.0,High,No,0.0,Low,High,Public,Neutral,3.0,No,Postgraduate,Near,Male,71
13.0,67.0,Medium,High,Yes,6.0,88.0,Medium,Yes,0.0,Low,Medium,Public,Neutral,3.0,No,College,Moderate,Female,63
21.0,77.0,High,Low,Yes,7.0,100.0,Low,Yes,2.0,High,High,Public,Positive,4.0,No,College,Near,Female,70
27.0,67.0,High,High,Yes,9.0,94.0,High,Yes,0.0,High,Low,Public,Positive,2.0,No,College,Near,Female,70
17.0,91.0,Low,Medium,Yes,4.0,54.0,High,Yes,3.0,Low,Medium,Public,Neutral,4.0,No,College,Moderate,Female,67
16.0,79.0,High,Medium,Yes,7.0,79.0,High,Yes,2.0,High,High,Public,Positive,2.0,No,High School,Moderate,Male,68
19.0,74.0,Medium,Low,Yes,6.0,89.0,Medium,No,0.0,High,Medium,Public,Neutral,2.0,No,High School,Moderate,Male,63
27.0,74.0,Medium,High,Yes,9.0,84.0,Low,Yes,3.0,High,Medium,Private,Negative,3.0,No,College,Near,Female,70
21.0,94.0,Medium,Medium,No,7.0,71.0,Low,No,1.0,Low,High,Private,Neutral,2.0,No,Postgraduate,Near,Male,69
17.0,82.0,Medium,Medium,Yes,5.0,66.0,Medium,Yes,1.0,Medium,Low,Public,Positive,3.0,No,High School,Near,Female,66
23.0,89.0,Low,High,No,7.0,81.0,Medium,Yes,2.0,Low,High,Public,Neutral,2.0,No,Postgraduate,Moderate,Male,70
13.0,96.0,Medium,High,No,8.0,71.0,Low,Yes,1.0,Medium,Low,Public,Positive,3.0,No,High School,Near,Male,68
24.0,96.0,Medium,Medium,No,10.0,70.0,Medium,Yes,0.0,High,Medium,Public,Negative,4.0,No,High School,Near,Female,70
22.0,73.0,Low,High,Yes,4.0,92.0,Medium,Yes,0.0,Low,Medium,Public,Positive,4.0,No,Postgraduate,Moderate,Male,67
18.0,98.0,Medium,High,Yes,5.0,66.0,Medium,Yes,0.0,Medium,Medium,Private,Negative,0.0,No,Postgraduate,,Male,69
15.0,61.0,High,Low,Yes,9.0,82.0,Medium,Yes,2.0,Medium,High,Public,Positive,2.0,No,Postgraduate,Near,Male,64
15.0,75.0,High,Medium,No,5.0,94.0,Low,No,1.0,Low,Medium,Public,Negative,3.0,Yes,High School,Moderate,Female,62
23.0,96.0,Medium,Medium,No,7.0,81.0,Medium,Yes,1.0,Low,Medium,Private,Positive,2.0,No,Postgraduate,Moderate,Male,71
27.0,71.0,High,Medium,Yes,6.0,75.0,Medium,Yes,2.0,Medium,High,Private,Neutral,4.0,No,High School,,Male,69
16.0,71.0,Medium,High,Yes,6.0,52.0,Low,Yes,0.0,High,High,Public,Neutral,1.0,No,High School,Far,Male,62
23.0,72.0,Low,Medium,Yes,7.0,84.0,High,Yes,0.0,Medium,Medium,Public,Positive,4.0,No,High School,Near,Male,66
7.0,84.0,Medium,High,Yes,7.0,100.0,Low,Yes,3.0,Low,Medium,Private,Negative,4.0,Yes,High School,Moderate,Male,64
16.0,78.0,Low,High,No,9.0,90.0,Medium,Yes,3.0,Low,Medium,Public,Negative,3.0,No,Postgraduate,Moderate,Male,66
20.0,89.0,High,Medium,Yes,9.0,82.0,Medium,Yes,2.0,High,High,Public,Neutral,3.0,No,College,Near,Female,72
15.0,96.0,High,High,Yes,8.0,73.0,Medium,Yes,3.0,Medium,Medium,Private,Negative,3.0,No,College,Near,Female,71
14.0,87.0,Medium,High,Yes,7.0,61.0,Medium,Yes,0.0,Low,Medium,Public,Neutral,3.0,No,High School,Far,Male,65
16.0,68.0,Medium,Medium,Yes,7.0,85.0,Medium,Yes,1.0,Medium,Medium,Public,Positive,2.0,No,College,Near,Female,65
22.0,97.0,Medium,High,Yes,8.0,59.0,Medium,Yes,1.0,Low,Medium,Public,Negative,3.0,No,High School,Near,Male,70
19.0,71.0,Medium,High,Yes,9.0,94.0,High,Yes,1.0,High,Medium,Private,Positive,4.0,No,High School,Near,Male,68
7.0,66.0,High,Low,Yes,8.0,68.0,High,Yes,0.0,Low,Medium,Public,Negative,2.0,Yes,College,Moderate,Male,57
7.0,64.0,Medium,High,No,9.0,70.0,High,Yes,4.0,Low,Low,Public,Neutral,4.0,Yes,High School,Far,Male,59
16.0,83.0,Low,Low,Yes,6.0,61.0,Medium,Yes,0.0,Medium,High,Public,Neutral,4.0,No,College,Near,Male,64
23.0,65.0,High,Medium,Yes,9.0,74.0,Medium,Yes,2.0,Medium,High,Private,Neutral,3.0,No,College,Moderate,Male,67
4.0,66.0,Low,High,No,8.0,84.0,Low,Yes,2.0,Low,High,Public,Neutral,3.0,No,Postgraduate,Near,Female,60
17.0,72.0,High,High,Yes,6.0,65.0,Low,Yes,3.0,Low,High,Public,Positive,2.0,No,Postgraduate,Far,Male,67
17.0,71.0,Medium,High,Yes,7.0,85.0,Low,Yes,2.0,Low,Low,Private,Negative,2.0,No,College,,Female,65
28.0,84.0,Medium,Medium,Yes,7.0,81.0,Medium,Yes,1.0,Medium,High,Public,Negative,3.0,No,College,Near,Male,71
18.0,93.0,Low,Medium,Yes,7.0,69.0,Medium,Yes,0.0,Low,Medium,Public,Neutral,2.0,No,College,Near,Male,67
22.0,90.0,Medium,Medium,Yes,7.0,66.0,Low,Yes,0.0,Low,Medium,Public,Positive,1.0,No,Postgraduate,Near,Male,69
21.0,70.0,High,Medium,Yes,5.0,93.0,High,Yes,1.0,Low,Medium,Public,Neutral,3.0,No,College,Near,Male,68
7.0,70.0,Medium,Medium,Yes,6.0,51.0,Medium,Yes,0.0,High,Medium,Private,Neutral,1.0,No,High School,Moderate,Female,59
25.0,99.0,High,High,No,7.0,86.0,Low,No,3.0,Medium,Medium,Public,Positive,3.0,No,College,Near,Female,75
21.0,60.0,Medium,Medium,Yes,6.0,71.0,Low,Yes,0.0,Medium,Low,Public,Negative,4.0,Yes,High School,Far,Male,59
23.0,95.0,High,Medium,No,6.0,86.0,Low,Yes,0.0,Medium,High,Public,Neutral,3.0,No,High School,Moderate,Female,71
44.0,68.0,High,Low,No,9.0,75.0,Low,Yes,3.0,Medium,High,Private,Negative,2.0,No,High School,Moderate,Female,71
7.0,98.0,Medium,Medium,No,7.0,54.0,High,Yes,0.0,Medium,High,Private,Neutral,2.0,No,High School,Near,Female,66
30.0,74.0,Medium,Low,No,10.0,99.0,Medium,Yes,1.0,High,Medium,Private,Positive,2.0,No,High School,Moderate,Male,69
18.0,78.0,High,Medium,Yes,7.0,54.0,Low,No,4.0,Low,High,Public,Neutral,4.0,Yes,College,Moderate,Female,65
22.0,88.0,Medium,Medium,Yes,9.0,58.0,Low,Yes,3.0,Low,Medium,Private,Negative,2.0,No,College,Moderate,Male,68
20.0,84.0,High,Low,No,7.0,71.0,Medium,Yes,5.0,Low,High,Private,Positive,2.0,No,High School,Far,Female,68
17.0,73.0,Medium,Medium,Yes,6.0,97.0,High,Yes,1.0,Medium,High,Public,Positive,3.0,No,High School,Near,Male,67
17.0,82.0,High,Medium,Yes,7.0,65.0,Medium,Yes,1.0,Medium,Medium,Public,Positive,5.0,No,High School,Near,Male,68
22.0,89.0,Low,Medium,Yes,9.0,78.0,Medium,Yes,0.0,Medium,Medium,Public,Positive,3.0,No,,Moderate,Male,68
11.0,62.0,High,Medium,Yes,7.0,76.0,High,Yes,3.0,High,Medium,Private,Neutral,3.0,Yes,High School,Moderate,Male,88
25.0,60.0,Medium,High,Yes,8.0,67.0,Medium,Yes,1.0,Medium,High,Public,Neutral,2.0,No,College,Near,Female,66
18.0,78.0,High,Low,Yes,7.0,85.0,High,Yes,3.0,Low,Low,Public,Negative,2.0,No,College,Near,Male,67
13.0,65.0,Medium,High,No,7.0,75.0,Low,Yes,2.0,Medium,High,Private,Neutral,4.0,No,High School,Moderate,Male,63
17.0,87.0,Medium,High,Yes,7.0,79.0,Medium,Yes,3.0,Low,Medium,Public,Neutral,4.0,Yes,High School,Near,Female,68
28.0,69.0,High,Low,No,6.0,61.0,Low,Yes,2.0,Medium,High,Public,Positive,1.0,Yes,High School,Near,Male,65
17.0,77.0,High,Medium,Yes,7.0,96.0,Medium,Yes,1.0,Low,Low,Private,Positive,3.0,No,College,Near,Male,67
22.0,68.0,High,High,Yes,8.0,56.0,Medium,No,3.0,Medium,Medium,Private,Positive,1.0,No,Postgraduate,Near,Male,67
16.0,82.0,Medium,Medium,Yes,7.0,85.0,Medium,Yes,1.0,High,Medium,Public,Neutral,4.0,No,High School,Near,Male,67
25.0,65.0,Medium,Low,No,7.0,94.0,Low,Yes,1.0,Low,High,Public,Positive,3.0,No,High School,Far,Male,64
24.0,61.0,Medium,Medium,No,8.0,54.0,Medium,Yes,1.0,Low,Medium,Public,Neutral,2.0,Yes,,Moderate,Male,61
31.0,62.0,Medium,Medium,Yes,7.0,51.0,Medium,Yes,2.0,Medium,Medium,Public,Neutral,1.0,No,College,Far,Female,65
19.0,98.0,Low,High,Yes,7.0,67.0,High,Yes,1.0,Medium,Medium,Private,Negative,4.0,No,High School,Moderate,Female,70
24.0,66.0,Medium,High,No,8.0,89.0,Medium,Yes,0.0,Medium,High,Public,Positive,2.0,No,College,Near,Male,67
21.0,88.0,High,Low,No,7.0,86.0,Medium,Yes,1.0,Low,Medium,Private,Positive,2.0,No,High School,Moderate,Male,68
28.0,63.0,Medium,Medium,Yes,7.0,91.0,Medium,Yes,1.0,Low,Medium,Private,Positive,1.0,No,High School,Far,Male,65
16.0,64.0,High,Medium,Yes,8.0,70.0,Low,Yes,3.0,High,High,Private,Negative,3.0,No,High School,Far,Female,63
24.0,80.0,Medium,High,No,7.0,100.0,Medium,Yes,1.0,High,High,Public,Neutral,3.0,No,Postgraduate,Moderate,Male,72
19.0,79.0,High,Medium,Yes,7.0,68.0,Medium,Yes,2.0,High,High,Public,Negative,1.0,No,College,Near,Female,68
20.0,98.0,Medium,High,Yes,7.0,90.0,Medium,Yes,2.0,Medium,Medium,Public,Positive,4.0,No,,Near,Male,73
21.0,98.0,High,Medium,Yes,7.0,68.0,High,Yes,0.0,Medium,Medium,Public,Positive,3.0,Yes,College,Near,Female,71
22.0,91.0,Medium,High,No,5.0,61.0,Medium,Yes,3.0,Low,High,Public,Neutral,2.0,No,Postgraduate,Far,Male,70
19.0,84.0,High,Medium,Yes,7.0,67.0,Low,Yes,0.0,Medium,Low,Public,Positive,3.0,No,Postgraduate,Near,Female,68
21.0,78.0,Medium,High,No,10.0,60.0,Medium,Yes,3.0,High,Medium,Public,Negative,5.0,No,High School,Moderate,Male,68
29.0,74.0,Medium,Medium,No,6.0,56.0,Low,Yes,2.0,Low,High,Public,Neutral,3.0,No,Postgraduate,Near,Female,68
26.0,98.0,Low,High,Yes,6.0,68.0,Medium,Yes,1.0,Low,Medium,Private,Neutral,1.0,No,Postgraduate,Moderate,Male,71
25.0,84.0,Medium,Medium,Yes,10.0,57.0,Low,Yes,4.0,Medium,Medium,Public,Positive,2.0,No,College,Near,Male,70
17.0,83.0,High,Medium,No,6.0,75.0,Medium,Yes,2.0,Medium,Medium,Public,Positive,3.0,Yes,High School,Near,Male,67
15.0,69.0,Low,Medium,Yes,9.0,52.0,Medium,Yes,0.0,High,Medium,Public,Neutral,3.0,No,College,Near,Female,61
26.0,62.0,High,Low,Yes,7.0,72.0,Low,Yes,1.0,Medium,Medium,Public,Neutral,3.0,No,College,Moderate,Female,64
25.0,98.0,Low,Medium,No,7.0,98.0,Medium,Yes,1.0,Medium,Medium,Public,Negative,4.0,No,Postgraduate,Near,Male,72
29.0,73.0,High,Medium,No,7.0,68.0,Low,Yes,1.0,Low,High,Private,Positive,4.0,Yes,High School,Moderate,Male,67
16.0,78.0,High,Low,Yes,8.0,57.0,High,Yes,1.0,Medium,Medium,Public,Negative,3.0,No,College,Near,Male,65
19.0,65.0,Medium,Low,Yes,5.0,65.0,High,Yes,1.0,High,Medium,Public,Positive,6.0,No,College,Moderate,Female,64
10.0,93.0,Low,Medium,Yes,7.0,90.0,Medium,Yes,0.0,Low,Medium,Private,Positive,2.0,No,High School,Near,Female,66
18.0,61.0,Medium,Medium,No,6.0,66.0,Medium,Yes,1.0,Medium,High,Public,Positive,2.0,No,High School,Moderate,Female,62
26.0,93.0,Low,Medium,No,4.0,69.0,Medium,Yes,2.0,Low,Medium,Public,Neutral,3.0,No,High School,Near,Male,70
17.0,66.0,Medium,Medium,Yes,9.0,89.0,Medium,No,1.0,Medium,High,Public,Positive,4.0,No,High School,Moderate,Female,64
24.0,95.0,Medium,Low,No,4.0,63.0,Low,Yes,3.0,Low,Medium,Public,Positive,3.0,No,High School,Near,Female,70
19.0,89.0,Medium,Low,No,10.0,74.0,Medium,Yes,1.0,Low,Medium,Public,Positive,2.0,No,High School,Moderate,Female,66
22.0,67.0,Low,High,Yes,8.0,53.0,Medium,Yes,0.0,Medium,High,Public,Negative,3.0,No,High School,Far,Male,62
13.0,83.0,Low,Low,No,5.0,59.0,High,Yes,4.0,Low,Medium,Private,Neutral,2.0,No,High School,Near,Female,63
21.0,73.0,Low,Medium,Yes,9.0,60.0,High,Yes,2.0,Medium,Medium,Public,Positive,3.0,No,College,Near,Male,66
2.0,67.0,Medium,Medium,No,6.0,73.0,Low,Yes,1.0,Low,Medium,Private,Positive,2.0,No,College,Moderate,Male,58
19.0,94.0,Medium,High,Yes,6.0,91.0,Medium,Yes,1.0,Low,Medium,Public,Negative,3.0,No,High School,Moderate,Male,70
10.0,76.0,Medium,Low,No,4.0,68.0,Medium,Yes,1.0,High,Low,Private,Neutral,6.0,No,College,Near,Male,63
27.0,76.0,Medium,High,Yes,6.0,69.0,High,Yes,0.0,Medium,High,Public,Neutral,1.0,No,,Near,Male,70
25.0,67.0,High,Medium,Yes,6.0,65.0,Medium,Yes,1.0,Low,Medium,Public,Negative,3.0,No,High School,Near,Male,65
23.0,75.0,Medium,Low,Yes,8.0,66.0,Medium,Yes,5.0,Medium,Low,Public,Neutral,3.0,No,High School,Near,Male,67
29.0,95.0,High,Medium,No,9.0,70.0,Medium,No,1.0,Low,Medium,Private,Positive,2.0,No,Postgraduate,Near,Female,73
14.0,75.0,Medium,Medium,Yes,5.0,95.0,Medium,Yes,0.0,Medium,Medium,Public,Positive,3.0,No,College,Moderate,Male,82
30.0,98.0,Low,Medium,No,7.0,51.0,High,Yes,0.0,Low,Medium,Public,Positive,2.0,No,High School,Near,Male,71
26.0,98.0,Medium,Medium,Yes,4.0,81.0,Low,Yes,1.0,Low,Medium,Public,Positive,4.0,No,Postgraduate,Near,Male,73
19.0,66.0,Medium,High,No,7.0,94.0,Low,Yes,1.0,High,Medium,Public,Positive,4.0,No,High School,Moderate,Female,65
27.0,67.0,High,Medium,Yes,10.0,71.0,Medium,Yes,1.0,Low,High,Public,Neutral,3.0,No,High School,Near,Female,67
13.0,95.0,Medium,Medium,Yes,4.0,83.0,Low,No,1.0,Low,High,Public,Neutral,4.0,No,College,Moderate,Male,67
15.0,76.0,High,High,Yes,5.0,79.0,Medium,Yes,4.0,Medium,Medium,Public,Neutral,4.0,No,Postgraduate,Moderate,Female,69
16.0,60.0,Medium,High,Yes,8.0,67.0,Low,Yes,0.0,Low,Medium,Public,Neutral,3.0,No,High School,Near,Male,61
17.0,71.0,Medium,Low,No,8.0,57.0,Medium,Yes,3.0,Medium,High,Private,Positive,4.0,No,High School,Near,Female,64
14.0,84.0,Low,High,No,6.0,61.0,Low,Yes,1.0,High,Medium,Public,Positive,2.0,No,College,Far,Male,64
27.0,92.0,Low,Medium,Yes,9.0,53.0,Low,Yes,2.0,Low,Medium,Public,Negative,2.0,No,College,Far,Male,68
18.0,65.0,Medium,Low,No,6.0,88.0,Medium,Yes,1.0,Medium,Medium,Private,Positive,1.0,Yes,College,Near,Male,62
22.0,64.0,Medium,Medium,Yes,10.0,77.0,High,Yes,5.0,Medium,Medium,Public,Neutral,3.0,Yes,High School,Near,Male,66
17.0,97.0,High,Low,Yes,8.0,89.0,Medium,Yes,1.0,Low,Medium,Public,Neutral,4.0,No,College,Near,Male,70
9.0,90.0,High,Medium,Yes,9.0,65.0,Low,Yes,3.0,Medium,Medium,Public,Positive,3.0,No,High School,Near,Female,67
22.0,84.0,Medium,Medium,Yes,8.0,90.0,Medium,Yes,2.0,Medium,Medium,Public,Positive,2.0,No,College,Near,Female,70
9.0,91.0,Medium,Medium,No,8.0,65.0,High,Yes,0.0,Medium,Medium,Public,Positive,4.0,No,High School,Moderate,Male,65
20.0,77.0,Low,Medium,No,8.0,56.0,Medium,Yes,1.0,Medium,High,Public,Positive,4.0,No,College,Moderate,Male,65
12.0,90.0,Medium,High,Yes,9.0,77.0,Medium,Yes,3.0,Medium,Medium,Public,Positive,3.0,No,Postgraduate,Near,Male,70
32.0,75.0,High,Medium,Yes,7.0,97.0,High,Yes,1.0,Medium,Medium,Private,Neutral,3.0,No,College,Moderate,Male,72
25.0,70.0,Medium,Medium,No,6.0,71.0,Low,Yes,0.0,Low,Medium,Public,Neutral,2.0,No,College,Near,Female,65
21.0,89.0,High,High,Yes,7.0,76.0,Medium,Yes,1.0,Medium,Medium,Public,Positive,2.0,No,High School,Near,Male,71
28.0,77.0,High,High,Yes,6.0,73.0,Low,Yes,3.0,Medium,High,Private,Negative,3.0,No,College,Near,Female,71
15.0,99.0,Medium,High,Yes,6.0,73.0,High,Yes,1.0,High,High,Public,Negative,5.0,No,Postgraduate,Near,Male,72
23.0,74.0,Low,Low,No,9.0,61.0,Low,Yes,0.0,Medium,Low,Public,Positive,4.0,No,Postgraduate,Near,Male,64
21.0,97.0,Medium,Medium,No,8.0,71.0,High,Yes,2.0,High,High,Public,Neutral,1.0,No,College,Moderate,Male,72
22.0,97.0,Low,Medium,No,8.0,75.0,Medium,Yes,1.0,Medium,Medium,Private,Positive,4.0,No,Postgraduate,Near,Male,71
28.0,70.0,Medium,Medium,Yes,9.0,87.0,Low,Yes,0.0,Low,Medium,Public,Neutral,3.0,No,High School,Moderate,Male,66
24.0,92.0,High,Low,No,8.0,57.0,Medium,Yes,3.0,Medium,Medium,Private,Positive,3.0,No,College,Near,Female,71
22.0,77.0,Medium,Medium,Yes,10.0,79.0,High,Yes,2.0,Medium,Low,Public,Neutral,2.0,No,High School,Near,Male,67
10.0,97.0,High,High,No,4.0,83.0,Low,Yes,1.0,Low,High,Public,Neutral,2.0,No,Postgraduate,Near,Male,69
14.0,78.0,High,Medium,Yes,6.0,69.0,High,Yes,0.0,Medium,Medium,Public,Positive,5.0,No,College,Moderate,Female,67
19.0,90.0,High,Medium,Yes,6.0,77.0,Medium,Yes,0.0,High,Medium,Public,Neutral,4.0,No,Postgraduate,Near,Male,71
21.0,79.0,Medium,Low,No,5.0,86.0,Low,Yes,1.0,High,,Private,Positive,2.0,No,High School,Moderate,Female,66
13.0,69.0,High,High,No,7.0,73.0,Low,Yes,1.0,Medium,Low,Private,Positive,2.0,No,High School,Far,Male,62
34.0,68.0,Medium,Medium,No,7.0,67.0,High,Yes,0.0,Medium,Medium,Private,Neutral,2.0,No,High School,Moderate,Male,67
29.0,77.0,Medium,Low,Yes,10.0,91.0,High,Yes,2.0,Low,Medium,Public,Negative,4.0,No,Postgraduate,Near,Female,70
24.0,90.0,High,High,No,8.0,99.0,High,Yes,0.0,Low,Medium,Public,Neutral,3.0,No,College,Moderate,Female,72
20.0,84.0,High,High,No,6.0,61.0,Medium,Yes,3.0,Medium,Medium,Private,Neutral,2.0,No,High School,Near,Male,69
19.0,88.0,Medium,High,No,8.0,94.0,High,Yes,1.0,Medium,Medium,Public,Neutral,3.0,No,High School,Moderate,Male,70
14.0,71.0,High,High,No,4.0,77.0,Medium,Yes,0.0,Medium,Medium,Public,Negative,3.0,No,High School,Near,Female,64
20.0,79.0,Medium,Medium,Yes,7.0,72.0,Low,No,1.0,Medium,Medium,Public,Negative,3.0,No,High School,Near,Male,65
22.0,62.0,Medium,High,Yes,7.0,95.0,Medium,Yes,2.0,Medium,Medium,Public,Negative,2.0,No,High School,Near,Male,66
13.0,93.0,Low,Medium,No,6.0,96.0,High,Yes,2.0,High,Medium,Private,Negative,3.0,No,High School,Near,Female,68
22.0,100.0,Medium,Medium,Yes,7.0,64.0,Medium,Yes,2.0,Low,Medium,Private,Positive,3.0,No,College,Near,Female,72
19.0,76.0,Medium,Low,Yes,6.0,68.0,Medium,Yes,2.0,High,Medium,Public,Positive,3.0,No,High School,Moderate,Female,65
9.0,60.0,Medium,Low,Yes,6.0,93.0,Medium,Yes,3.0,Low,High,Private,Neutral,2.0,No,High School,Moderate,Female,60
15.0,67.0,Medium,Medium,No,8.0,75.0,Medium,Yes,0.0,High,High,Public,Negative,4.0,No,Postgraduate,Near,Female,63
18.0,86.0,Low,Low,Yes,9.0,64.0,Low,Yes,3.0,Low,High,Public,Positive,3.0,No,High School,Near,Female,66
31.0,84.0,Low,Medium,Yes,8.0,98.0,Low,Yes,1.0,Medium,Medium,Public,Positive,4.0,No,Postgraduate,Near,Female,73
23.0,92.0,Medium,Medium,Yes,6.0,61.0,Low,Yes,4.0,Low,Medium,Public,Positive,4.0,No,College,Near,Male,71
12.0,70.0,Medium,Medium,Yes,6.0,81.0,Low,Yes,1.0,Low,Medium,Public,Negative,2.0,Yes,High School,Far,Male,59
23.0,91.0,Medium,Low,Yes,6.0,71.0,Medium,Yes,5.0,Low,High,Public,Neutral,3.0,No,High School,Moderate,Female,70
11.0,88.0,Medium,Low,Yes,7.0,73.0,Low,Yes,1.0,Medium,Low,Private,Neutral,3.0,Yes,College,Near,Female,63
26.0,73.0,Medium,Medium,No,6.0,55.0,Medium,Yes,1.0,Medium,Low,Public,Positive,4.0,No,Postgraduate,Near,Male,67
17.0,82.0,Low,Medium,Yes,9.0,63.0,Medium,Yes,2.0,Low,Medium,Private,Neutral,2.0,No,College,Moderate,Male,65
19.0,66.0,Medium,Low,No,7.0,58.0,Medium,Yes,5.0,Medium,Low,Public,Positive,4.0,No,College,Moderate,Female,64
28.0,78.0,High,Medium,No,8.0,87.0,Low,Yes,2.0,Low,Medium,Public,Positive,2.0,No,Postgraduate,Near,Male,71
12.0,95.0,Medium,High,Yes,5.0,85.0,Medium,Yes,2.0,High,Medium,Public,Negative,2.0,No,College,Near,Male,70
12.0,77.0,Medium,Low,Yes,6.0,90.0,Medium,Yes,2.0,Medium,Low,Public,Neutral,2.0,No,High School,Near,Female,63
16.0,94.0,Low,Medium,No,8.0,85.0,Medium,Yes,3.0,Low,High,Public,Neutral,2.0,No,High School,Near,Female,68
26.0,84.0,Medium,Medium,Yes,8.0,56.0,Medium,No,1.0,Medium,Medium,Public,Negative,2.0,No,College,Near,Female,67
11.0,68.0,Medium,High,Yes,5.0,99.0,Medium,Yes,1.0,High,Medium,Public,Neutral,4.0,No,Postgraduate,Near,Female,66
3.0,83.0,High,Low,Yes,7.0,59.0,Low,Yes,2.0,Medium,High,Public,Positive,5.0,No,High School,Moderate,Male,63
17.0,80.0,Medium,Medium,Yes,7.0,68.0,Medium,Yes,0.0,Medium,Medium,Private,Negative,5.0,Yes,College,Near,Female,65
23.0,76.0,Medium,High,Yes,6.0,85.0,Low,Yes,2.0,Low,Medium,Public,Positive,3.0,Yes,High School,Far,Male,66
27.0,65.0,Medium,Medium,Yes,8.0,57.0,Medium,Yes,2.0,Low,Low,Public,Negative,4.0,No,Postgraduate,Near,Female,65
17.0,77.0,Low,Medium,Yes,5.0,59.0,Medium,Yes,2.0,Medium,High,Private,Neutral,4.0,No,High School,Near,Male,65
18.0,63.0,High,Low,No,6.0,94.0,Medium,Yes,2.0,Medium,High,Public,Neutral,2.0,Yes,High School,Near,Male,63
27.0,64.0,Medium,High,No,8.0,67.0,Medium,Yes,0.0,Low,Medium,Public,Positive,3.0,No,High School,Near,Male,65
9.0,77.0,Low,High,Yes,7.0,83.0,Medium,Yes,1.0,Low,High,Private,Neutral,4.0,Yes,High School,Far,Male,62
18.0,72.0,Medium,Medium,Yes,7.0,93.0,Medium,Yes,1.0,Medium,Medium,Public,Positive,3.0,No,College,Near,Female,66
21.0,97.0,Medium,Low,No,7.0,99.0,Medium,Yes,1.0,High,Medium,Public,Negative,3.0,No,Postgraduate,Near,Female,71
23.0,75.0,Low,Low,Yes,8.0,61.0,High,Yes,2.0,Low,Medium,Public,Positive,2.0,No,High School,Far,Female,64
17.0,90.0,Medium,Medium,Yes,8.0,56.0,Low,Yes,0.0,Medium,Medium,Private,Neutral,4.0,No,College,Near,Female,67
20.0,81.0,Medium,Medium,No,8.0,87.0,Medium,Yes,1.0,High,Medium,Private,Neutral,3.0,No,High School,Near,Male,68
5.0,88.0,Medium,Medium,No,7.0,59.0,Medium,Yes,3.0,Low,Medium,Public,Negative,3.0,No,College,Near,Female,63
16.0,70.0,Low,Medium,Yes,6.0,79.0,High,Yes,0.0,High,High,Public,Negative,3.0,No,College,Near,Female,64
23.0,98.0,High,High,Yes,6.0,77.0,Medium,Yes,1.0,Low,High,Public,Neutral,1.0,No,Postgraduate,Near,Female,74
14.0,81.0,Low,Medium,Yes,5.0,78.0,Medium,Yes,2.0,High,High,Public,Positive,4.0,No,Postgraduate,Near,Male,68
20.0,93.0,Medium,Medium,Yes,6.0,82.0,Low,No,1.0,Medium,High,Public,Positive,3.0,Yes,High School,Moderate,Female,68
23.0,75.0,High,High,Yes,6.0,93.0,Medium,No,2.0,Medium,Low,Public,Neutral,3.0,No,Postgraduate,Moderate,Female,69
18.0,64.0,Low,Medium,Yes,9.0,64.0,Medium,Yes,4.0,Low,Medium,Public,Negative,4.0,Yes,High School,Near,Male,61
21.0,87.0,Low,High,Yes,5.0,78.0,High,Yes,1.0,Low,Medium,Private,Positive,2.0,No,High School,Near,Female,69
14.0,60.0,Low,Low,Yes,9.0,67.0,Low,Yes,3.0,High,High,Public,Positive,3.0,No,High School,Near,Female,61
19.0,79.0,Medium,High,Yes,7.0,66.0,Low,Yes,3.0,High,Medium,Public,Positive,3.0,Yes,High School,Near,Male,67
24.0,68.0,Low,High,No,7.0,51.0,Medium,Yes,0.0,Low,Low,Private,Neutral,4.0,No,High School,Near,Female,63
21.0,85.0,Medium,Medium,No,8.0,80.0,Medium,Yes,3.0,Low,High,Public,Positive,3.0,Yes,College,Moderate,Female,68
16.0,99.0,Medium,Medium,No,5.0,99.0,Low,No,0.0,Low,Medium,Private,Neutral,5.0,No,College,Moderate,Female,68
21.0,79.0,Medium,Low,Yes,6.0,88.0,Low,Yes,2.0,High,Medium,Public,Neutral,1.0,No,High School,Near,Male,67
24.0,93.0,Low,Medium,Yes,5.0,62.0,High,Yes,1.0,High,Medium,Private,Negative,3.0,No,College,Moderate,Female,69
8.0,80.0,High,Medium,No,6.0,86.0,Medium,Yes,2.0,Low,Medium,Public,Neutral,3.0,No,High School,Near,Male,64
27.0,80.0,Low,Low,No,6.0,65.0,Low,Yes,1.0,Low,Medium,Public,Positive,4.0,No,Postgraduate,Near,Male,67
18.0,97.0,Medium,High,No,9.0,88.0,Low,Yes,1.0,High,Medium,Public,Neutral,3.0,Yes,High School,Near,Female,70
23.0,96.0,Low,High,Yes,6.0,93.0,Low,Yes,5.0,Low,Medium,Public,Negative,4.0,No,High School,Near,Female,72
27.0,91.0,Low,High,No,4.0,67.0,Medium,Yes,1.0,High,High,Private,Neutral,2.0,No,High School,Moderate,Female,71
12.0,72.0,Medium,Medium,No,6.0,50.0,High,Yes,1.0,Low,Medium,Public,Positive,3.0,No,College,Near,Male,62
16.0,82.0,Medium,Medium,Yes,8.0,65.0,High,Yes,2.0,Low,Medium,Private,Positive,5.0,Yes,Postgraduate,Near,Male,67
18.0,69.0,Medium,High,Yes,9.0,60.0,Medium,Yes,3.0,Low,Medium,Public,Negative,2.0,No,College,Far,Female,64
15.0,78.0,Medium,Medium,Yes,7.0,81.0,Medium,Yes,0.0,Medium,Low,Public,Neutral,2.0,No,High School,Near,Male,64
30.0,79.0,High,Medium,No,6.0,65.0,Medium,Yes,1.0,Low,Medium,Public,Negative,4.0,No,Postgraduate,Near,Female,70
15.0,93.0,Medium,Medium,Yes,7.0,52.0,Medium,Yes,3.0,Low,Medium,Public,Negative,5.0,No,College,Near,Female,68
17.0,96.0,Medium,Medium,No,8.0,77.0,Medium,Yes,1.0,Medium,Medium,Public,Neutral,3.0,No,Postgraduate,Near,Female,70
21.0,77.0,Medium,Low,Yes,5.0,94.0,Low,Yes,1.0,Medium,High,Public,Negative,3.0,No,High School,Far,Male,65
13.0,61.0,Low,Low,No,7.0,73.0,Low,Yes,2.0,High,Medium,Public,Positive,2.0,No,High School,Near,Female,59
18.0,94.0,Medium,Medium,Yes,7.0,69.0,Medium,Yes,1.0,Medium,High,Public,Positive,2.0,No,High School,Far,Female,69
22.0,67.0,Medium,Medium,Yes,7.0,59.0,High,Yes,2.0,Low,High,Public,Positive,3.0,No,Postgraduate,Near,Male,67
18.0,85.0,Medium,High,No,7.0,69.0,Medium,Yes,2.0,Low,Medium,Private,Positive,4.0,No,High School,Near,Male,68
19.0,61.0,Medium,Medium,No,6.0,67.0,Low,Yes,1.0,Medium,Medium,Public,Positive,1.0,No,College,Near,Male,62
17.0,76.0,High,Medium,No,8.0,100.0,Low,No,0.0,High,Medium,Private,Neutral,4.0,No,High School,Moderate,Male,65
11.0,99.0,High,Medium,Yes,7.0,52.0,Medium,Yes,0.0,High,High,Private,Neutral,5.0,No,College,Near,Female,69
22.0,64.0,Medium,Medium,Yes,7.0,62.0,Medium,Yes,3.0,Low,Medium,Private,Neutral,4.0,No,Postgraduate,Moderate,Female,65
31.0,77.0,High,Low,Yes,5.0,53.0,High,Yes,1.0,Medium,Medium,Public,Neutral,2.0,No,High School,Near,Female,68
20.0,72.0,High,Low,Yes,8.0,93.0,Medium,Yes,4.0,Low,High,Public,Positive,2.0,No,High School,Near,Male,68
21.0,96.0,High,Medium,Yes,6.0,71.0,High,No,3.0,Medium,Medium,Public,Negative,3.0,No,High School,Near,Female,71
24.0,95.0,Medium,Low,Yes,9.0,90.0,Medium,Yes,3.0,Low,Low,Public,Positive,4.0,No,High School,Moderate,Male,71
12.0,70.0,High,Medium,No,5.0,85.0,High,Yes,1.0,High,Medium,Public,Positive,3.0,No,Postgraduate,Near,Female,66
30.0,63.0,Medium,High,Yes,8.0,96.0,Medium,Yes,4.0,Low,Medium,Private,Positive,3.0,No,Postgraduate,Near,Female,71
21.0,85.0,Medium,Medium,No,4.0,51.0,Low,Yes,2.0,Low,Medium,Public,Neutral,3.0,No,College,Near,Female,66
30.0,73.0,High,Low,No,4.0,60.0,Medium,Yes,0.0,Low,Low,Private,Positive,4.0,No,High School,Moderate,Female,66
16.0,87.0,High,High,Yes,6.0,85.0,Medium,Yes,2.0,Medium,High,Public,Neutral,1.0,No,High School,,Female,69
31.0,61.0,Medium,Medium,No,4.0,79.0,Medium,Yes,0.0,Low,Low,Public,Positive,3.0,No,High School,Moderate,Female,65
25.0,65.0,High,Low,Yes,8.0,85.0,Medium,Yes,2.0,Low,Medium,Public,Negative,3.0,No,Postgraduate,Near,Female,66
23.0,87.0,Medium,Low,No,7.0,79.0,Medium,Yes,2.0,Medium,Medium,Public,Neutral,2.0,No,High School,Far,Male,67
21.0,68.0,Medium,Medium,No,9.0,79.0,Low,Yes,1.0,High,High,Private,Negative,4.0,No,Postgraduate,Moderate,Female,66
19.0,94.0,Medium,Medium,No,7.0,97.0,Medium,Yes,0.0,Medium,Medium,Public,Neutral,3.0,No,High School,Near,Female,69
27.0,62.0,High,Low,No,7.0,96.0,Medium,Yes,2.0,Low,Medium,Public,Neutral,4.0,No,High School,Near,Male,66
21.0,69.0,High,Medium,Yes,7.0,52.0,Low,Yes,0.0,Low,Medium,Public,Negative,3.0,No,Postgraduate,Near,Male,64
8.0,100.0,High,High,Yes,6.0,71.0,Medium,Yes,0.0,Low,High,Public,Positive,2.0,No,Postgraduate,Near,Female,70
13.0,77.0,Low,Medium,Yes,6.0,76.0,Low,No,1.0,Medium,Low,Private,Neutral,4.0,No,College,Moderate,Male,62
19.0,88.0,Low,Medium,Yes,5.0,68.0,High,Yes,1.0,Low,Low,Public,Positive,5.0,No,High School,Moderate,Male,67
22.0,67.0,Low,Medium,No,8.0,52.0,Medium,Yes,1.0,Medium,Low,Public,Negative,2.0,Yes,College,Moderate,Female,60
20.0,84.0,Low,Low,No,7.0,74.0,Low,Yes,1.0,High,Medium,Public,Neutral,3.0,No,Postgraduate,Near,Female,66
27.0,89.0,Medium,Medium,Yes,7.0,99.0,Medium,Yes,0.0,Medium,High,Public,Positive,2.0,No,High School,Near,Female,72
8.0,73.0,Medium,High,Yes,10.0,54.0,Medium,Yes,2.0,Medium,Medium,Public,Positive,3.0,No,High School,Near,Male,63
21.0,93.0,Low,Low,Yes,6.0,91.0,Low,Yes,1.0,High,Medium,Public,Negative,3.0,No,Postgraduate,Near,Male,69
9.0,84.0,High,High,Yes,7.0,60.0,High,Yes,1.0,Low,Medium,Private,Positive,3.0,No,College,Moderate,Male,66
25.0,76.0,Medium,Medium,Yes,7.0,79.0,Medium,Yes,2.0,Medium,Medium,Public,Positive,2.0,No,College,Near,Male,69
19.0,82.0,High,Medium,No,9.0,69.0,Low,Yes,2.0,Medium,Medium,Private,Neutral,3.0,No,College,Moderate,Male,68
23.0,83.0,Medium,Low,No,7.0,67.0,Medium,Yes,3.0,Low,Low,Public,Negative,4.0,No,High School,Moderate,Female,66
15.0,67.0,Medium,Medium,Yes,7.0,94.0,Low,Yes,0.0,High,Low,Private,Positive,2.0,No,Postgraduate,Moderate,Male,63
28.0,76.0,Medium,Medium,Yes,10.0,99.0,High,Yes,1.0,Medium,Medium,Public,Neutral,3.0,No,High School,Near,Male,70
26.0,74.0,Medium,Medium,No,6.0,69.0,Medium,Yes,2.0,Low,High,Public,Positive,4.0,No,Postgraduate,Moderate,Male,68
24.0,76.0,Medium,Medium,Yes,7.0,82.0,Medium,Yes,2.0,Medium,Medium,Public,Positive,4.0,No,College,Far,Male,68
19.0,90.0,Medium,Medium,No,8.0,78.0,Medium,Yes,1.0,Low,Medium,Private,Neutral,3.0,No,High School,Moderate,Male,67
23.0,79.0,High,High,Yes,6.0,54.0,Low,Yes,1.0,Low,Medium,Public,Neutral,1.0,No,High School,Moderate,Male,67
16.0,98.0,High,Low,Yes,8.0,52.0,Medium,Yes,3.0,Low,High,Public,Neutral,3.0,No,College,Moderate,Female,69
25.0,72.0,Medium,Medium,No,6.0,89.0,Low,Yes,3.0,Low,High,Public,Neutral,5.0,No,High School,Near,Male,68
30.0,77.0,Medium,Low,Yes,9.0,70.0,Medium,Yes,0.0,Medium,High,Public,Neutral,1.0,No,High School,Moderate,Male,67
26.0,91.0,High,Medium,Yes,8.0,65.0,Low,Yes,0.0,Medium,High,Public,Neutral,2.0,No,High School,Moderate,Male,70
16.0,82.0,High,High,No,7.0,99.0,Low,Yes,3.0,Medium,Medium,Public,Positive,3.0,No,Postgraduate,Moderate,Male,70
22.0,82.0,Medium,Low,No,5.0,54.0,Medium,Yes,2.0,Medium,Medium,Public,Neutral,2.0,No,College,Moderate,Male,66
12.0,62.0,High,High,Yes,6.0,63.0,High,Yes,0.0,Low,Medium,Private,Negative,2.0,No,High School,Near,Male,61
23.0,76.0,Low,High,Yes,7.0,93.0,Medium,Yes,2.0,Low,Medium,Public,Negative,2.0,No,College,Near,Male,68
23.0,71.0,Low,Medium,Yes,8.0,71.0,Low,Yes,1.0,Low,Low,Public,Neutral,2.0,No,Postgraduate,Near,Female,64
9.0,100.0,Low,Low,No,7.0,79.0,Medium,Yes,1.0,Low,Medium,Public,Positive,2.0,No,Postgraduate,Near,Male,66
13.0,72.0,Low,High,Yes,8.0,52.0,Medium,Yes,3.0,High,High,Private,Positive,4.0,No,High School,,Male,65
18.0,95.0,Medium,High,No,8.0,96.0,Medium,Yes,3.0,Medium,Low,Public,Negative,6.0,No,Postgraduate,Near,Male,73
18.0,87.0,Low,Low,No,8.0,57.0,Medium,No,3.0,High,High,Public,Positive,4.0,No,High School,Near,Male,66
13.0,74.0,High,High,Yes,7.0,61.0,Medium,Yes,2.0,Low,Medium,Public,Positive,3.0,No,High School,Moderate,Male,65
22.0,82.0,Medium,High,Yes,7.0,58.0,Medium,Yes,0.0,Medium,Medium,Public,Negative,4.0,No,College,Near,Male,68
22.0,94.0,Medium,Medium,Yes,7.0,75.0,Low,Yes,0.0,Low,High,Public,Neutral,3.0,No,High School,Near,Male,69
19.0,95.0,Low,High,Yes,6.0,91.0,High,Yes,1.0,Medium,High,Public,Neutral,4.0,No,College,Near,Male,72
15.0,66.0,Medium,Medium,No,9.0,63.0,Medium,Yes,3.0,Medium,Medium,Private,Neutral,3.0,No,High School,Near,Male,63
26.0,74.0,Low,Medium,No,8.0,57.0,Medium,Yes,0.0,Medium,Medium,Private,Positive,1.0,No,High School,Near,Male,65
30.0,73.0,High,Medium,Yes,9.0,70.0,Low,Yes,0.0,Medium,Medium,Public,Negative,4.0,No,College,Near,Male,69
17.0,62.0,High,Low,No,6.0,99.0,Medium,Yes,2.0,Medium,Medium,Private,Negative,3.0,No,High School,Far,Female,62
16.0,84.0,Medium,High,Yes,8.0,51.0,Low,Yes,0.0,Medium,Medium,Public,Negative,3.0,No,Postgraduate,Near,Female,66
23.0,94.0,Low,Low,Yes,9.0,75.0,Medium,Yes,3.0,Low,Medium,Private,Neutral,2.0,No,Postgraduate,Moderate,Female,69
18.0,75.0,High,Medium,Yes,9.0,83.0,Medium,Yes,2.0,Low,Medium,Public,Positive,4.0,Yes,Postgraduate,Moderate,Female,67
19.0,90.0,Medium,High,Yes,5.0,90.0,Low,Yes,0.0,Low,Medium,Public,Neutral,2.0,No,College,Far,Female,94
24.0,85.0,Medium,Medium,Yes,7.0,87.0,High,Yes,2.0,Medium,Medium,Private,Neutral,2.0,No,High School,Near,Female,71
9.0,75.0,Medium,Medium,No,7.0,54.0,Low,Yes,2.0,Low,Medium,Public,Positive,4.0,No,High School,Near,Female,61
28.0,66.0,High,Medium,Yes,9.0,73.0,Medium,Yes,2.0,Low,Medium,Public,Positive,2.0,No,College,Near,Male,68
20.0,88.0,Medium,Medium,No,4.0,54.0,Low,Yes,0.0,High,Low,Public,Negative,4.0,No,High School,Near,Male,66
18.0,94.0,High,High,Yes,5.0,81.0,Medium,Yes,0.0,High,Low,Public,Negative,5.0,No,High School,Near,Female,71
19.0,87.0,Low,Medium,No,9.0,54.0,Low,Yes,3.0,Low,High,Public,Positive,4.0,No,High School,Moderate,Female,66
20.0,61.0,Low,Medium,No,6.0,52.0,Medium,Yes,2.0,Low,Low,Private,Negative,2.0,No,Postgraduate,Near,Male,60
10.0,69.0,Medium,Medium,Yes,5.0,65.0,Low,Yes,0.0,Medium,Medium,Private,Positive,3.0,No,High School,Near,Female,60
29.0,63.0,Low,Low,Yes,9.0,97.0,High,No,3.0,Medium,High,Public,Negative,3.0,No,High School,Near,Male,66
20.0,83.0,Medium,Low,Yes,5.0,85.0,Medium,Yes,1.0,High,High,Public,Neutral,2.0,No,College,Far,Male,67
23.0,90.0,Low,Low,No,9.0,50.0,Low,Yes,4.0,Medium,Medium,Private,Neutral,3.0,No,High School,Moderate,Male,67
26.0,64.0,Medium,Medium,No,5.0,64.0,Medium,Yes,2.0,High,Medium,Public,Negative,1.0,No,High School,Near,Male,64
14.0,94.0,Medium,Medium,No,5.0,51.0,Medium,Yes,0.0,Medium,High,Public,Neutral,3.0,No,College,Near,Male,66
23.0,82.0,High,Low,No,7.0,65.0,High,Yes,1.0,Medium,High,Public,Negative,3.0,No,High School,Near,Female,68
18.0,88.0,High,Low,Yes,6.0,84.0,Medium,Yes,1.0,Medium,High,Public,Positive,3.0,No,Postgraduate,Moderate,Female,70
25.0,99.0,High,Medium,Yes,7.0,88.0,Medium,Yes,3.0,Low,Medium,Private,Positive,4.0,No,College,Moderate,Female,75
7.0,63.0,High,High,Yes,10.0,90.0,Medium,Yes,0.0,Low,Medium,Private,Positive,2.0,Yes,High School,Moderate,Male,86
19.0,96.0,Medium,Medium,Yes,7.0,95.0,High,Yes,3.0,Medium,High,Private,Negative,3.0,No,College,Near,Female,73
16.0,65.0,Medium,Low,No,9.0,68.0,Medium,Yes,1.0,High,Medium,Public,Neutral,3.0,No,High School,Moderate,Male,61
23.0,76.0,High,High,No,7.0,93.0,Medium,Yes,0.0,Medium,Medium,Private,Negative,6.0,No,High School,Moderate,Male,68
23.0,94.0,Medium,High,No,8.0,86.0,Medium,Yes,1.0,Low,High,Public,Neutral,0.0,No,College,Far,Female,70
16.0,96.0,Medium,Medium,Yes,4.0,77.0,High,Yes,1.0,High,High,Public,Positive,2.0,No,High School,Near,Male,71
16.0,80.0,High,Medium,Yes,8.0,98.0,High,Yes,2.0,Medium,High,Private,Positive,4.0,No,Postgraduate,Near,Male,71
19.0,84.0,Medium,Medium,No,8.0,97.0,High,Yes,2.0,Medium,Medium,Public,Neutral,1.0,Yes,College,Near,Male,68
15.0,88.0,High,High,Yes,6.0,95.0,Medium,Yes,2.0,Low,Medium,Public,Negative,4.0,No,High School,Near,Female,70
25.0,93.0,Medium,Medium,Yes,10.0,60.0,Low,Yes,1.0,Medium,Medium,Public,Positive,3.0,No,College,Moderate,Male,70
18.0,65.0,Medium,High,Yes,6.0,60.0,Low,Yes,0.0,Medium,High,Private,Neutral,3.0,No,High School,Moderate,Female,62
3.0,92.0,High,Low,Yes,5.0,95.0,High,Yes,3.0,Medium,Medium,Public,Neutral,1.0,No,Postgraduate,Near,Female,67
18.0,79.0,Medium,Medium,No,8.0,70.0,High,Yes,3.0,Medium,Medium,Public,Positive,3.0,No,College,Near,Female,68
14.0,78.0,High,High,Yes,5.0,90.0,Medium,Yes,1.0,Medium,Medium,Public,Neutral,3.0,No,Postgraduate,Near,Female,68
10.0,77.0,High,High,No,7.0,84.0,Low,Yes,2.0,Low,High,Private,Neutral,1.0,No,High School,Far,Male,64
13.0,80.0,Medium,High,No,9.0,88.0,Medium,Yes,1.0,High,High,Public,Positive,3.0,No,Postgraduate,Near,Male,68
21.0,98.0,Low,High,Yes,8.0,51.0,Medium,Yes,0.0,Medium,Medium,Public,Neutral,3.0,No,High School,Near,Male,69
28.0,82.0,Medium,High,No,7.0,71.0,Low,Yes,1.0,Medium,High,Public,Neutral,3.0,No,High School,Near,Male,70
22.0,98.0,Medium,Medium,Yes,6.0,93.0,Medium,Yes,4.0,Low,Medium,Public,Neutral,4.0,No,High School,Near,Female,73
16.0,67.0,High,Medium,Yes,9.0,74.0,Medium,Yes,1.0,High,High,Public,Positive,3.0,No,Postgraduate,Moderate,Male,66
23.0,89.0,Low,Medium,No,5.0,85.0,Low,Yes,0.0,Low,Medium,Public,Positive,3.0,No,Postgraduate,Moderate,Male,68
17.0,92.0,Low,Medium,Yes,8.0,88.0,High,No,1.0,High,Medium,Public,Neutral,3.0,No,High School,Near,Female,68
16.0,87.0,Low,Medium,Yes,10.0,56.0,Low,Yes,2.0,Medium,High,Private,Neutral,0.0,No,Postgraduate,Moderate,Female,65
13.0,84.0,Medium,Medium,Yes,8.0,58.0,High,Yes,2.0,Low,Low,Public,Neutral,3.0,No,Postgraduate,Near,Female,66
9.0,83.0,High,Low,Yes,7.0,86.0,Medium,Yes,0.0,Low,Medium,Public,Negative,1.0,No,College,Far,Female,62
18.0,94.0,Low,Low,Yes,7.0,53.0,Low,Yes,3.0,Medium,High,Private,Neutral,2.0,No,High School,Near,Female,67
21.0,93.0,Medium,High,Yes,6.0,67.0,High,Yes,1.0,Medium,High,Public,Positive,3.0,No,Postgraduate,Near,Female,73
19.0,65.0,Medium,Low,Yes,6.0,96.0,Medium,Yes,2.0,Medium,High,Private,Neutral,2.0,No,Postgraduate,Near,Male,65
18.0,94.0,High,Low,No,7.0,79.0,High,Yes,2.0,High,Medium,Private,Neutral,4.0,No,High School,Near,Female,70
14.0,77.0,High,Medium,Yes,8.0,96.0,Medium,Yes,3.0,Medium,Medium,Public,Neutral,2.0,No,Postgraduate,Near,Male,68
24.0,70.0,High,Medium,Yes,9.0,65.0,Medium,Yes,3.0,Medium,Low,Private,Positive,3.0,No,High School,Moderate,Male,67
12.0,95.0,Low,Medium,Yes,4.0,82.0,High,Yes,2.0,Low,Medium,Public,Negative,3.0,No,High School,Moderate,Male,66
25.0,77.0,Medium,Low,No,4.0,64.0,Low,Yes,3.0,Low,Medium,Public,Neutral,4.0,Yes,College,Near,Female,65
14.0,92.0,High,Low,Yes,9.0,56.0,Low,Yes,1.0,Medium,Medium,Public,Neutral,4.0,No,High School,Moderate,Female,66
15.0,71.0,High,High,No,7.0,100.0,Low,Yes,2.0,Low,Low,Public,Neutral,4.0,No,High School,Near,Male,66
11.0,60.0,Medium,High,No,7.0,59.0,High,Yes,2.0,Low,Medium,Public,Positive,1.0,No,College,Moderate,Male,60
17.0,80.0,High,Low,Yes,8.0,59.0,Medium,Yes,0.0,High,High,Public,Negative,4.0,No,College,Near,Female,66
26.0,64.0,High,Medium,Yes,7.0,92.0,Low,Yes,2.0,Low,High,Private,Positive,4.0,No,College,Moderate,Female,68
23.0,90.0,Medium,Medium,Yes,10.0,90.0,Low,Yes,3.0,Low,Medium,Public,Positive,5.0,No,High School,Near,Male,72
26.0,71.0,Low,High,No,8.0,99.0,Medium,No,1.0,Medium,Medium,Public,Positive,3.0,No,College,Near,Male,68
23.0,78.0,Medium,Medium,Yes,6.0,54.0,High,Yes,0.0,Low,Medium,Public,Neutral,3.0,No,Postgraduate,Near,Female,67
13.0,63.0,High,Medium,No,6.0,55.0,High,Yes,0.0,Medium,Low,Public,Positive,4.0,No,Postgraduate,Near,Male,62
18.0,71.0,Medium,Medium,No,7.0,72.0,High,Yes,0.0,High,High,Public,Positive,5.0,No,College,Moderate,Female,66
15.0,91.0,High,Medium,No,6.0,80.0,Medium,Yes,0.0,Low,Medium,Private,Positive,3.0,No,Postgraduate,Near,Male,69
28.0,66.0,Medium,Medium,No,10.0,52.0,Low,Yes,0.0,Low,High,Public,Positive,3.0,No,High School,Near,Male,64
13.0,86.0,Low,Medium,No,7.0,58.0,Medium,No,0.0,Medium,Medium,Private,Positive,3.0,No,High School,Near,Male,63
25.0,97.0,Low,High,Yes,5.0,85.0,Medium,Yes,2.0,High,Medium,Public,Positive,2.0,No,,Near,Male,74
25.0,87.0,High,Medium,Yes,8.0,83.0,Medium,Yes,0.0,Medium,High,Private,Positive,4.0,No,College,Moderate,Male,72
31.0,92.0,Medium,Medium,Yes,9.0,54.0,Medium,No,1.0,Low,Medium,Private,Positive,3.0,No,College,Near,Male,71
18.0,64.0,Low,High,Yes,9.0,97.0,Medium,Yes,2.0,Medium,Medium,Public,Negative,3.0,No,High School,Moderate,Female,64
24.0,70.0,High,High,No,6.0,63.0,Low,No,0.0,Low,Medium,Public,Neutral,3.0,No,High School,Near,Male,65
34.0,96.0,Medium,Medium,Yes,5.0,94.0,High,Yes,1.0,Medium,High,Public,Negative,5.0,Yes,High School,Moderate,Female,75
16.0,89.0,High,Medium,No,9.0,96.0,Medium,Yes,2.0,Medium,Low,Public,Positive,3.0,No,College,Far,Male,69
11.0,86.0,Medium,Medium,No,5.0,75.0,Medium,Yes,1.0,Medium,Low,Public,Neutral,4.0,No,Postgraduate,Moderate,Female,65
9.0,87.0,Low,Low,No,8.0,71.0,Low,No,0.0,Low,High,Public,Neutral,1.0,No,College,Moderate,Male,60
24.0,77.0,Medium,Medium,Yes,6.0,64.0,Medium,Yes,2.0,High,Medium,Public,Positive,4.0,No,High School,Near,Male,69
9.0,62.0,High,High,Yes,9.0,90.0,High,Yes,4.0,High,Medium,Public,Neutral,4.0,No,College,Far,Male,65
18.0,91.0,Low,Medium,Yes,5.0,60.0,Low,Yes,0.0,High,High,Private,Positive,4.0,No,High School,Moderate,Male,67
23.0,87.0,High,Low,No,6.0,81.0,Low,Yes,5.0,Medium,High,Private,Neutral,2.0,No,High School,Far,Female,70
21.0,79.0,Medium,Low,Yes,8.0,78.0,Low,Yes,1.0,Low,High,Public,Positive,4.0,No,College,Moderate,Female,66
23.0,96.0,Medium,Medium,Yes,8.0,62.0,Medium,Yes,0.0,Low,High,Public,Neutral,4.0,No,High School,Moderate,Female,69
21.0,73.0,Medium,Medium,Yes,9.0,99.0,Medium,Yes,2.0,Medium,High,Public,Neutral,3.0,No,Postgraduate,Near,Male,69
28.0,72.0,High,Medium,Yes,8.0,92.0,Low,Yes,1.0,Medium,Medium,Public,Negative,2.0,No,High School,Near,Female,68
14.0,95.0,Medium,Medium,Yes,8.0,51.0,Medium,Yes,5.0,Medium,Medium,Private,Positive,4.0,No,College,Near,Female,70
16.0,92.0,Medium,Low,No,9.0,71.0,High,Yes,2.0,Low,Medium,Private,Neutral,2.0,No,High School,Moderate,Female,66
15.0,81.0,High,Medium,No,5.0,68.0,Low,No,0.0,Medium,High,Public,Positive,3.0,No,High School,Near,Female,65
25.0,65.0,Low,Medium,No,6.0,94.0,Medium,Yes,1.0,Low,High,Public,Negative,4.0,No,College,Near,Male,65
25.0,69.0,Low,Medium,Yes,5.0,63.0,Medium,Yes,1.0,High,Medium,Private,Neutral,2.0,No,High School,Near,Male,65
23.0,86.0,Low,Medium,Yes,4.0,100.0,Medium,Yes,0.0,Low,High,Public,Negative,3.0,No,Postgraduate,Near,Male,69
27.0,75.0,Medium,Medium,No,8.0,60.0,Medium,Yes,4.0,Medium,Medium,Public,Positive,2.0,No,Postgraduate,Moderate,Female,69
13.0,93.0,Medium,High,No,9.0,62.0,Low,Yes,0.0,Low,Medium,Private,Neutral,3.0,No,High School,Moderate,Male,65
30.0,98.0,High,High,Yes,8.0,83.0,High,No,1.0,Low,High,Public,Neutral,3.0,No,High School,Near,Female,76
29.0,92.0,Medium,High,No,8.0,58.0,Low,Yes,2.0,Medium,Low,Private,Neutral,3.0,No,College,Near,Male,72
24.0,75.0,Medium,Low,No,7.0,94.0,Medium,Yes,2.0,Medium,High,Public,Negative,4.0,No,High School,Near,Male,67
31.0,92.0,High,Medium,Yes,7.0,55.0,Medium,Yes,3.0,Low,High,Public,Positive,3.0,No,High School,Near,Male,74
10.0,74.0,Medium,Medium,Yes,10.0,99.0,High,Yes,2.0,Medium,High,Public,Neutral,3.0,No,College,Near,Male,66
17.0,67.0,High,High,Yes,9.0,94.0,Medium,Yes,2.0,Low,Low,Private,Positive,3.0,No,High School,Near,Female,66
16.0,61.0,Medium,High,No,6.0,92.0,High,Yes,4.0,High,High,Public,Neutral,3.0,No,High School,Near,Male,66
24.0,75.0,Low,High,Yes,9.0,70.0,High,Yes,5.0,High,High,Public,Negative,5.0,No,College,Near,Female,71
14.0,96.0,Medium,Low,No,9.0,76.0,Medium,Yes,0.0,Low,High,Public,Neutral,3.0,No,High School,Moderate,Male,66
25.0,70.0,Low,High,No,8.0,73.0,High,Yes,1.0,Low,Low,Public,Negative,2.0,No,Postgraduate,Near,Male,65
28.0,68.0,Low,High,Yes,8.0,99.0,Medium,Yes,1.0,High,Medium,Public,Neutral,3.0,No,High School,Near,Female,69
24.0,99.0,Medium,Low,Yes,8.0,52.0,Low,Yes,1.0,Low,High,Public,Negative,2.0,No,High School,Near,Male,69
22.0,61.0,Medium,Medium,Yes,5.0,69.0,Low,Yes,2.0,Low,High,Public,Neutral,2.0,No,,Far,Female,63
14.0,91.0,Low,Medium,No,5.0,98.0,High,Yes,0.0,High,High,Public,Neutral,3.0,No,High School,Near,Female,68
15.0,73.0,Medium,Medium,No,8.0,68.0,Medium,Yes,1.0,High,Medium,Public,Neutral,3.0,No,,Near,Female,64
27.0,61.0,Medium,Medium,No,5.0,70.0,Medium,Yes,2.0,Low,Low,Public,Neutral,2.0,No,College,Near,Male,64
25.0,97.0,Medium,High,Yes,5.0,82.0,High,Yes,1.0,Low,High,Public,Negative,5.0,No,College,Moderate,Male,73
20.0,66.0,Low,High,Yes,4.0,95.0,High,Yes,2.0,High,Medium,Public,Neutral,2.0,No,High School,Moderate,Female,66
17.0,82.0,Medium,High,No,6.0,65.0,Low,Yes,4.0,Low,Medium,Private,Positive,3.0,No,High School,Moderate,Female,67
8.0,71.0,High,Medium,Yes,8.0,97.0,Medium,Yes,3.0,Medium,Medium,Private,Neutral,1.0,Yes,High School,Near,Female,63
14.0,63.0,Medium,Medium,Yes,8.0,64.0,High,Yes,1.0,Low,Medium,Public,Neutral,3.0,No,High School,Moderate,Male,61
31.0,62.0,Medium,Medium,Yes,8.0,91.0,High,Yes,4.0,High,High,Public,Positive,4.0,No,High School,Moderate,Male,71
12.0,65.0,Low,Medium,Yes,6.0,64.0,Medium,Yes,1.0,Medium,Medium,Public,Positive,3.0,No,College,Near,Female,61
21.0,63.0,Medium,Low,Yes,7.0,54.0,Low,Yes,1.0,Medium,Medium,Private,Positive,3.0,No,College,Moderate,Female,62
26.0,90.0,High,High,Yes,8.0,91.0,Medium,Yes,1.0,High,High,Private,Neutral,4.0,Yes,High School,Near,Male,74
12.0,79.0,Medium,Medium,No,8.0,73.0,Medium,Yes,2.0,Medium,Medium,Private,Neutral,4.0,No,High School,Near,Male,65
21.0,74.0,Low,Low,Yes,6.0,70.0,Low,Yes,2.0,Low,High,Public,Positive,3.0,No,High School,Moderate,Female,64
26.0,77.0,Low,Low,No,7.0,71.0,Medium,Yes,1.0,Medium,High,Public,Neutral,4.0,No,Postgraduate,Moderate,Male,66
20.0,97.0,High,High,Yes,4.0,81.0,Medium,Yes,1.0,Medium,Medium,Public,Positive,2.0,Yes,High School,,Male,72
37.0,96.0,High,Medium,Yes,7.0,63.0,Medium,Yes,0.0,Medium,High,Private,Positive,4.0,No,High School,Near,Male,76
10.0,89.0,Medium,Medium,Yes,6.0,62.0,Medium,Yes,4.0,Low,Medium,Public,Positive,3.0,No,Postgraduate,Moderate,Male,67
26.0,95.0,Medium,High,No,9.0,74.0,Low,Yes,3.0,Low,Medium,Private,Neutral,3.0,Yes,High School,Near,Female,71
19.0,73.0,High,Medium,No,6.0,52.0,Medium,Yes,1.0,Medium,Medium,Public,Positive,3.0,No,High School,Near,Male,65
25.0,75.0,Low,Low,Yes,7.0,82.0,Medium,Yes,3.0,Medium,High,Private,Negative,4.0,No,Postgraduate,Near,Male,68
23.0,85.0,Medium,Medium,Yes,6.0,91.0,Low,Yes,1.0,Low,High,Public,Neutral,3.0,No,High School,Far,Male,68
16.0,85.0,High,Low,Yes,6.0,86.0,Low,Yes,3.0,High,High,Private,Neutral,2.0,No,High School,Far,Male,67
21.0,79.0,Medium,Low,No,8.0,73.0,Medium,Yes,1.0,Low,Low,Public,Neutral,2.0,No,High School,Near,Female,64
9.0,76.0,Low,High,No,6.0,78.0,Low,No,0.0,Medium,Medium,Public,Negative,4.0,Yes,Postgraduate,Near,Male,60
24.0,99.0,Medium,Medium,No,10.0,51.0,Low,Yes,1.0,Low,Medium,Public,Neutral,3.0,No,,Near,Male,70
22.0,93.0,High,Medium,Yes,4.0,96.0,High,Yes,1.0,High,Low,Private,Positive,2.0,No,College,Near,Male,73
24.0,77.0,Medium,Medium,Yes,8.0,78.0,Low,Yes,2.0,High,High,Private,Positive,3.0,No,High School,Moderate,Male,69
26.0,89.0,High,Medium,No,7.0,66.0,Medium,Yes,0.0,Low,Medium,Public,Neutral,5.0,Yes,College,Near,Male,70
22.0,71.0,Medium,Medium,No,7.0,65.0,Low,Yes,1.0,Low,Medium,Public,Neutral,3.0,No,College,Near,Male,64
21.0,64.0,High,Low,Yes,7.0,83.0,High,Yes,2.0,Low,Low,Public,Neutral,3.0,No,High School,Moderate,Female,64
15.0,74.0,High,Medium,Yes,8.0,79.0,Medium,Yes,0.0,High,Medium,Public,Negative,3.0,No,College,Near,Male,65
16.0,76.0,Medium,Medium,No,7.0,59.0,Low,Yes,0.0,Low,Medium,Public,Neutral,2.0,No,College,Near,Female,62
27.0,61.0,Medium,Medium,Yes,9.0,70.0,Medium,Yes,0.0,Medium,Medium,Public,Neutral,2.0,No,High School,,Male,64
29.0,93.0,Medium,Medium,Yes,7.0,84.0,Medium,Yes,0.0,High,Medium,Public,Neutral,3.0,No,College,Moderate,Male,72
19.0,74.0,Medium,Low,Yes,5.0,65.0,High,No,1.0,Low,High,Public,Positive,3.0,No,High School,Near,Male,64
20.0,83.0,Medium,Medium,Yes,7.0,75.0,Medium,Yes,0.0,Medium,Medium,Public,Neutral,4.0,No,High School,Near,Female,67
15.0,63.0,High,High,Yes,9.0,63.0,Low,No,4.0,High,High,Private,Negative,3.0,No,College,Near,Male,64
27.0,67.0,Low,Medium,No,6.0,54.0,Medium,Yes,0.0,Medium,Low,Private,Negative,2.0,No,High School,Far,Male,61
24.0,96.0,Medium,High,Yes,5.0,69.0,Medium,Yes,1.0,Low,Medium,Public,Positive,4.0,No,High School,Near,Male,72
32.0,84.0,Medium,Medium,Yes,8.0,87.0,Medium,No,2.0,Medium,Medium,Public,Positive,1.0,No,High School,Far,Male,70
15.0,98.0,Medium,High,No,8.0,61.0,Medium,Yes,4.0,Low,Medium,Public,Positive,2.0,No,High School,Moderate,Female,70
18.0,100.0,Medium,Medium,No,6.0,88.0,Medium,Yes,2.0,Medium,Medium,Public,Neutral,2.0,No,College,Moderate,Male,71
21.0,75.0,High,High,No,7.0,83.0,Low,Yes,1.0,Medium,Medium,Public,Positive,2.0,No,College,Near,Female,68
24.0,72.0,Medium,Medium,No,7.0,75.0,Medium,Yes,3.0,High,Medium,Private,Neutral,2.0,No,College,Near,Female,68
19.0,94.0,High,High,No,7.0,99.0,Medium,Yes,0.0,Low,Medium,Public,Neutral,1.0,Yes,High School,Near,Male,70
15.0,100.0,High,High,No,8.0,94.0,High,Yes,2.0,Medium,High,Public,Negative,3.0,No,College,Near,Male,73
25.0,85.0,High,Medium,No,6.0,78.0,Low,Yes,2.0,Medium,High,Public,Neutral,1.0,No,High School,Far,Female,69
24.0,92.0,Medium,High,No,8.0,78.0,High,Yes,0.0,Medium,Medium,Public,Neutral,3.0,No,High School,Near,Male,71
15.0,91.0,Low,Medium,No,6.0,64.0,Low,Yes,1.0,Low,High,Public,Positive,3.0,Yes,High School,Near,Male,64
28.0,74.0,Medium,Medium,No,9.0,96.0,Low,Yes,0.0,Medium,Medium,Private,Neutral,3.0,No,High School,Near,Female,68
27.0,83.0,Medium,Medium,No,10.0,95.0,Medium,Yes,0.0,High,Low,Private,Neutral,4.0,No,High School,Moderate,Female,69
21.0,93.0,High,Low,No,6.0,87.0,Medium,Yes,1.0,Low,High,Public,Positive,2.0,No,High School,Near,Female,70
20.0,88.0,Medium,Medium,No,5.0,56.0,Medium,Yes,1.0,Low,Medium,Public,Neutral,4.0,No,,Near,Female,67
23.0,61.0,Medium,High,Yes,8.0,85.0,Medium,Yes,1.0,Medium,High,Private,Positive,0.0,No,High School,Near,Male,66
15.0,73.0,Medium,High,No,7.0,63.0,Medium,Yes,2.0,Medium,Medium,Public,Neutral,5.0,No,Postgraduate,Moderate,Male,65
20.0,66.0,Medium,High,Yes,8.0,59.0,Low,Yes,4.0,Medium,Medium,Public,Positive,3.0,No,College,Near,Male,66
7.0,69.0,Low,Medium,Yes,6.0,88.0,Medium,Yes,0.0,Low,High,Private,Negative,4.0,No,Postgraduate,Near,Female,61
25.0,96.0,Low,Medium,No,7.0,98.0,Medium,Yes,0.0,Low,Medium,Public,Positive,2.0,No,High School,Near,Female,71
11.0,61.0,High,Low,Yes,6.0,55.0,Medium,Yes,5.0,High,Low,Public,Neutral,3.0,No,High School,Far,Male,60
29.0,69.0,Medium,Medium,Yes,7.0,58.0,Medium,Yes,1.0,Low,Low,Public,Positive,2.0,No,College,Near,Male,66
18.0,72.0,Low,Low,Yes,5.0,61.0,Low,Yes,1.0,Medium,Medium,Private,Negative,4.0,No,College,Moderate,Male,61
19.0,85.0,Medium,Medium,Yes,7.0,98.0,High,Yes,2.0,Medium,Medium,Public,Negative,3.0,Yes,High School,Moderate,Female,68
16.0,81.0,Medium,High,Yes,5.0,85.0,High,No,2.0,Low,Medium,Public,Positive,3.0,No,College,Near,Male,68
18.0,69.0,Medium,Medium,Yes,6.0,84.0,Medium,Yes,2.0,Low,Medium,Public,Positive,4.0,No,High School,Near,Male,65
29.0,67.0,High,Low,No,7.0,75.0,Medium,No,3.0,Low,Medium,Public,Neutral,1.0,No,High School,Near,Female,65
5.0,69.0,Medium,Medium,Yes,8.0,77.0,Medium,No,2.0,Low,High,Public,Negative,2.0,No,College,Near,Female,60
28.0,80.0,Low,Medium,No,8.0,65.0,Low,Yes,2.0,Low,Medium,Private,Neutral,2.0,No,College,Near,Male,67
22.0,71.0,High,Medium,No,8.0,58.0,Medium,No,2.0,Low,Medium,Public,Negative,4.0,No,College,Near,Female,65
13.0,98.0,High,Medium,Yes,5.0,89.0,High,Yes,1.0,High,Medium,Public,Negative,3.0,No,High School,Near,Male,70
14.0,79.0,Medium,Medium,No,9.0,74.0,Medium,Yes,1.0,Medium,Medium,Public,Neutral,4.0,No,High School,Near,Male,64
30.0,62.0,Medium,High,Yes,6.0,63.0,Medium,Yes,2.0,Low,High,Public,Positive,4.0,No,High School,Moderate,Male,68
14.0,89.0,High,Medium,No,6.0,82.0,High,Yes,2.0,Medium,Medium,Public,Negative,4.0,No,College,Moderate,Female,69
13.0,73.0,Medium,High,Yes,7.0,60.0,High,Yes,0.0,High,High,Public,Neutral,3.0,No,College,Near,Female,65
27.0,86.0,Medium,Medium,No,6.0,74.0,Medium,Yes,2.0,High,High,Private,Neutral,3.0,No,High School,Near,Male,71
22.0,71.0,Medium,Medium,Yes,8.0,60.0,Low,Yes,1.0,Medium,High,Public,Neutral,4.0,No,High School,Moderate,Female,65
14.0,83.0,Medium,High,Yes,8.0,88.0,Low,Yes,0.0,High,Medium,Public,Negative,2.0,Yes,High School,Moderate,Male,65
21.0,91.0,Medium,Medium,Yes,6.0,66.0,High,Yes,0.0,Medium,Medium,Public,Positive,2.0,Yes,College,Far,Female,68
14.0,97.0,Medium,Low,No,7.0,72.0,High,Yes,1.0,Low,Low,Public,Neutral,3.0,No,High School,Near,Female,66
27.0,70.0,Low,Low,Yes,7.0,88.0,Medium,No,1.0,High,Medium,Public,Neutral,3.0,No,High School,Near,Male,65
26.0,73.0,High,High,Yes,8.0,83.0,Low,Yes,2.0,Medium,Medium,Public,Positive,4.0,No,College,Near,Male,71
23.0,79.0,Low,Medium,Yes,6.0,70.0,Medium,Yes,3.0,Medium,High,Public,Negative,4.0,No,Postgraduate,Moderate,Female,68
22.0,97.0,Medium,Medium,Yes,6.0,54.0,Medium,No,2.0,High,Medium,Public,Neutral,2.0,No,College,Near,Male,70
31.0,96.0,Medium,Low,No,5.0,96.0,Low,Yes,3.0,Low,High,Private,Neutral,2.0,No,College,,Female,74
20.0,64.0,High,Low,Yes,6.0,50.0,High,Yes,0.0,Low,Medium,Private,Neutral,2.0,No,High School,Near,Male,62
13.0,65.0,Medium,High,No,5.0,87.0,Low,Yes,1.0,Medium,Medium,Public,Positive,2.0,Yes,High School,Moderate,Female,61
23.0,80.0,High,High,Yes,6.0,97.0,Medium,Yes,0.0,Medium,Medium,Private,Neutral,3.0,No,High School,Near,Male,70
33.0,64.0,Low,Medium,Yes,9.0,65.0,Medium,Yes,0.0,Medium,,Public,Negative,2.0,No,College,Moderate,Male,65
14.0,74.0,Medium,Medium,Yes,8.0,54.0,High,Yes,2.0,Low,Low,Public,Neutral,2.0,No,High School,Moderate,Male,62
18.0,66.0,High,High,No,9.0,62.0,Medium,Yes,2.0,High,Medium,Public,Neutral,4.0,No,High School,Moderate,Female,65
22.0,85.0,High,Medium,No,6.0,66.0,Low,Yes,0.0,Low,Medium,Private,Positive,4.0,No,College,Near,Male,68
20.0,98.0,Medium,High,Yes,4.0,73.0,Medium,Yes,2.0,Medium,Low,Private,Positive,1.0,No,High School,Far,Male,70
14.0,100.0,Medium,Low,No,7.0,76.0,Low,Yes,1.0,Medium,Medium,Private,Neutral,3.0,No,Postgraduate,Near,Female,68
27.0,75.0,Low,Medium,No,10.0,86.0,Medium,No,3.0,Medium,Medium,Private,Positive,6.0,No,Postgraduate,Near,Female,69
34.0,84.0,Medium,High,Yes,6.0,95.0,Medium,Yes,1.0,Low,Medium,Private,Neutral,3.0,No,Postgraduate,Far,Male,73
21.0,94.0,Medium,Medium,Yes,7.0,73.0,Medium,Yes,1.0,Medium,Medium,Private,Positive,5.0,No,College,Near,Female,71
15.0,65.0,Low,High,Yes,5.0,87.0,Medium,Yes,0.0,Low,High,Private,Neutral,4.0,No,High School,Near,Female,63
11.0,88.0,High,Medium,Yes,7.0,56.0,Low,Yes,2.0,Medium,Medium,Public,Neutral,2.0,No,College,Near,Male,66
22.0,76.0,High,Low,Yes,7.0,66.0,Low,Yes,1.0,Low,High,Private,Positive,4.0,No,Postgraduate,Near,Male,67
27.0,68.0,Low,High,No,4.0,56.0,Medium,Yes,0.0,Low,High,Public,Neutral,1.0,No,,Near,Female,64
23.0,76.0,Medium,Low,Yes,5.0,85.0,Medium,Yes,1.0,Medium,Low,Public,Neutral,3.0,No,High School,Near,Female,66
20.0,63.0,High,High,Yes,5.0,95.0,Medium,Yes,2.0,High,High,Public,Positive,3.0,No,College,Near,Male,69
16.0,88.0,Medium,High,Yes,5.0,94.0,High,Yes,4.0,Medium,Medium,Private,Positive,6.0,No,College,Moderate,Male,72
13.0,70.0,Medium,High,Yes,6.0,66.0,Medium,Yes,1.0,Medium,Medium,Public,Negative,4.0,No,High School,Near,Male,63
25.0,72.0,Medium,High,Yes,8.0,62.0,Medium,Yes,2.0,Low,Medium,Public,Positive,2.0,No,High School,Near,Female,67
25.0,65.0,Low,Medium,No,6.0,64.0,Medium,Yes,1.0,Medium,Medium,Private,Negative,4.0,No,College,Near,Male,64
11.0,95.0,Medium,Medium,Yes,9.0,64.0,High,Yes,4.0,Low,Medium,Public,Positive,4.0,No,High School,Moderate,Male,68
30.0,80.0,High,High,No,6.0,54.0,High,Yes,1.0,High,Medium,Public,Positive,3.0,No,High School,Moderate,Female,71
23.0,83.0,Medium,Low,Yes,7.0,57.0,Medium,No,2.0,Medium,High,Public,Positive,4.0,No,High School,Moderate,Female,67
28.0,83.0,Medium,Low,No,8.0,61.0,Medium,Yes,1.0,Low,Medium,Private,Negative,5.0,Yes,Postgraduate,Near,Male,67
12.0,76.0,Medium,Medium,Yes,9.0,50.0,Medium,Yes,2.0,Medium,High,Public,Negative,3.0,No,College,Near,Male,64
12.0,68.0,High,Low,No,6.0,52.0,Low,Yes,5.0,High,High,Public,Neutral,3.0,No,College,Near,Male,63
19.0,90.0,High,High,No,8.0,85.0,Medium,Yes,2.0,Medium,Medium,Public,Neutral,4.0,No,College,Near,Male,72
23.0,65.0,Low,Medium,Yes,6.0,81.0,Low,Yes,2.0,Low,Medium,Public,Neutral,2.0,No,High School,Near,Female,63
31.0,64.0,High,Medium,No,10.0,97.0,Low,Yes,2.0,Medium,Medium,Private,Negative,4.0,No,High School,Far,Female,67
24.0,88.0,Low,Medium,Yes,5.0,70.0,Medium,No,1.0,Low,Medium,Private,Positive,2.0,No,Postgraduate,Near,Male,68
19.0,68.0,Low,High,Yes,8.0,72.0,High,Yes,2.0,Low,High,Private,Neutral,3.0,No,College,Far,Male,64
14.0,72.0,Medium,High,No,9.0,53.0,Medium,Yes,4.0,Medium,Medium,Public,Negative,3.0,No,Postgraduate,Near,Male,65
27.0,79.0,Medium,Low,Yes,5.0,58.0,High,Yes,2.0,Medium,Medium,Private,Neutral,1.0,No,Postgraduate,Far,Female,68
14.0,78.0,Medium,High,Yes,8.0,85.0,Medium,Yes,2.0,Low,Medium,Private,Negative,4.0,No,High School,Near,Male,66
30.0,88.0,Medium,Medium,Yes,6.0,62.0,High,Yes,4.0,Low,Medium,Private,Positive,5.0,No,College,Far,Female,73
18.0,85.0,Low,Medium,Yes,10.0,89.0,Medium,Yes,1.0,High,Medium,Private,Positive,3.0,No,High School,Near,Female,68
30.0,86.0,Medium,High,No,4.0,85.0,High,Yes,2.0,Medium,Medium,Private,Neutral,5.0,Yes,Postgraduate,Far,Male,72
24.0,89.0,Medium,Medium,Yes,5.0,87.0,Medium,No,3.0,High,Medium,Public,Neutral,0.0,No,High School,Near,Female,70
19.0,72.0,Medium,Medium,Yes,5.0,85.0,High,Yes,1.0,Low,Medium,Private,Neutral,4.0,No,College,Near,Female,66
17.0,73.0,Low,Medium,Yes,5.0,85.0,High,Yes,3.0,Medium,Medium,Public,Positive,1.0,No,College,Near,Female,66
18.0,78.0,Low,Low,Yes,8.0,77.0,Medium,Yes,2.0,Medium,High,Private,Neutral,4.0,No,College,Near,Female,66
23.0,72.0,High,Low,Yes,10.0,84.0,Low,Yes,2.0,Low,Medium,Public,Negative,2.0,No,High School,Moderate,Male,65
20.0,99.0,High,Low,Yes,9.0,76.0,High,Yes,2.0,Low,Medium,Public,Neutral,5.0,No,College,Far,Male,71
16.0,93.0,Low,Medium,Yes,7.0,60.0,Medium,Yes,1.0,Medium,Medium,Public,Positive,1.0,No,High School,Moderate,Female,66
19.0,67.0,Medium,Low,No,7.0,61.0,High,Yes,1.0,Medium,,Private,Neutral,4.0,No,College,Moderate,Female,63
20.0,60.0,Medium,Medium,Yes,6.0,70.0,Medium,Yes,2.0,Low,Medium,Public,Neutral,3.0,Yes,Postgraduate,Near,Female,63
7.0,62.0,High,Medium,Yes,8.0,51.0,Low,Yes,0.0,Medium,Low,Public,Positive,3.0,No,College,Moderate,Male,58
23.0,70.0,Medium,High,No,7.0,94.0,Low,Yes,3.0,Medium,High,Public,Neutral,3.0,No,,Near,Female,68
14.0,65.0,High,Medium,No,7.0,63.0,Medium,Yes,2.0,Low,Medium,Public,Neutral,3.0,No,High School,Moderate,Male,61
13.0,81.0,Medium,High,No,6.0,53.0,Low,Yes,2.0,Low,Medium,Public,Positive,4.0,No,High School,Near,Male,65
10.0,94.0,High,Low,No,5.0,71.0,Medium,Yes,1.0,High,Medium,Public,Positive,3.0,No,High School,Moderate,Male,67
9.0,89.0,Low,High,Yes,7.0,91.0,Medium,Yes,1.0,High,Low,Public,Neutral,3.0,No,Postgraduate,Near,Male,67
12.0,69.0,High,Low,No,7.0,70.0,Medium,Yes,1.0,Medium,Medium,Private,Positive,4.0,No,High School,Near,Male,62
16.0,76.0,Medium,High,Yes,6.0,63.0,High,Yes,0.0,Low,Medium,Public,Positive,1.0,No,High School,Near,Female,86
32.0,80.0,High,Medium,No,6.0,77.0,Low,Yes,0.0,Medium,Medium,Public,Neutral,5.0,No,College,Near,Male,71
17.0,92.0,Medium,Medium,Yes,8.0,79.0,Medium,Yes,1.0,Low,Medium,Public,Positive,3.0,No,Postgraduate,Near,Male,70
21.0,94.0,Medium,Medium,No,8.0,88.0,Medium,Yes,1.0,Medium,Medium,Public,Positive,3.0,No,College,Near,Male,71
22.0,96.0,High,Low,No,10.0,90.0,High,Yes,2.0,Low,Medium,Public,Neutral,3.0,Yes,College,Moderate,Male,71
21.0,80.0,High,High,Yes,9.0,85.0,Low,Yes,1.0,High,Medium,Public,Negative,3.0,No,College,Near,Female,70
20.0,88.0,Medium,High,Yes,5.0,50.0,Medium,No,2.0,Low,Medium,Public,Neutral,5.0,No,High School,Moderate,Male,67
13.0,64.0,Medium,Low,Yes,7.0,50.0,High,Yes,0.0,Medium,Low,Public,Positive,4.0,No,High School,Near,Male,60
29.0,83.0,High,High,No,5.0,99.0,Medium,Yes,0.0,Medium,High,Public,Neutral,4.0,No,College,Near,Female,73
31.0,70.0,High,Low,Yes,4.0,63.0,High,Yes,1.0,Medium,Medium,Public,Neutral,2.0,Yes,High School,Near,Female,67
10.0,77.0,Low,High,Yes,10.0,64.0,High,Yes,1.0,Low,Medium,Private,Negative,3.0,Yes,College,Near,Female,62
14.0,85.0,Medium,High,No,9.0,87.0,High,Yes,0.0,Medium,Medium,Public,Negative,3.0,No,College,Near,Female,67
18.0,70.0,High,Low,No,6.0,79.0,Medium,Yes,1.0,Medium,High,Public,Positive,2.0,No,College,Near,Female,65
14.0,62.0,Medium,Medium,No,9.0,73.0,Medium,Yes,1.0,Low,Medium,Public,Neutral,6.0,No,High School,Near,Male,61
23.0,60.0,High,Medium,Yes,9.0,56.0,Low,No,0.0,Low,Medium,Private,Negative,4.0,No,High School,Moderate,Female,61
16.0,61.0,High,Medium,No,4.0,54.0,Low,Yes,1.0,Low,Medium,Private,Neutral,2.0,No,High School,Near,Female,60
33.0,60.0,High,High,No,8.0,85.0,Low,Yes,4.0,Low,Low,Public,Negative,3.0,No,High School,Near,Male,68
27.0,64.0,High,Medium,Yes,6.0,56.0,Low,Yes,0.0,Low,High,Public,Neutral,5.0,No,College,Moderate,Female,65
21.0,70.0,High,High,Yes,8.0,72.0,Low,Yes,3.0,Medium,Low,Public,Neutral,1.0,No,Postgraduate,Moderate,Female,67
26.0,69.0,High,Low,No,10.0,87.0,Low,Yes,2.0,Medium,Low,Public,Positive,2.0,No,Postgraduate,Near,Male,67
27.0,99.0,High,Medium,No,9.0,96.0,Low,Yes,0.0,High,Medium,Private,Positive,2.0,No,College,Moderate,Male,74
17.0,72.0,Low,Medium,No,7.0,94.0,Low,Yes,4.0,Medium,Medium,Public,Positive,2.0,No,High School,Far,Female,64
15.0,65.0,Medium,High,Yes,9.0,93.0,Low,Yes,2.0,Low,Low,Private,Neutral,3.0,No,College,Near,Male,64
20.0,82.0,Medium,Low,Yes,4.0,68.0,Medium,Yes,2.0,Low,High,Public,Neutral,3.0,No,High School,Near,Male,67
25.0,94.0,High,High,No,8.0,96.0,High,Yes,6.0,Medium,Medium,Public,Negative,3.0,Yes,High School,Far,Female,74
21.0,87.0,Medium,Medium,Yes,8.0,84.0,High,Yes,1.0,Low,Low,Private,Positive,2.0,No,College,Near,Male,69
11.0,72.0,Low,Medium,No,8.0,94.0,High,Yes,1.0,Low,Low,Public,Positive,2.0,No,High School,Near,Male,62
15.0,82.0,Medium,Medium,Yes,6.0,54.0,Medium,Yes,1.0,Medium,Medium,Public,Positive,2.0,No,College,,Female,66
20.0,89.0,High,High,Yes,8.0,52.0,Low,Yes,2.0,Medium,Medium,Public,Negative,3.0,No,College,Moderate,Female,69
20.0,89.0,High,Medium,Yes,8.0,71.0,Medium,Yes,1.0,Medium,Medium,Public,Negative,1.0,No,Postgraduate,Far,Male,68
32.0,87.0,High,Medium,Yes,4.0,91.0,Medium,Yes,2.0,High,Medium,Public,Neutral,2.0,No,High School,Moderate,Female,74
12.0,95.0,Medium,Medium,No,7.0,70.0,Medium,Yes,4.0,Medium,High,Public,Positive,3.0,No,High School,Far,Male,68
23.0,95.0,Medium,Medium,Yes,6.0,94.0,High,Yes,2.0,Medium,Medium,Public,Neutral,3.0,No,High School,Near,Male,73
29.0,83.0,Medium,Low,No,8.0,62.0,Low,Yes,4.0,High,Medium,Public,Negative,5.0,No,College,Near,Male,70
34.0,77.0,Medium,High,No,9.0,52.0,Medium,Yes,0.0,Medium,Medium,Private,Neutral,4.0,No,High School,Moderate,Female,69
18.0,86.0,Medium,Medium,Yes,6.0,88.0,Medium,Yes,2.0,Medium,High,Public,Neutral,2.0,No,College,Far,Male,68
23.0,93.0,Medium,High,No,5.0,81.0,High,Yes,2.0,Low,Medium,Private,Negative,1.0,No,College,Near,Male,71
23.0,60.0,Low,Medium,No,7.0,72.0,Low,Yes,3.0,High,Medium,Public,Neutral,2.0,No,College,Near,Female,64
21.0,100.0,Medium,Medium,No,5.0,92.0,Low,Yes,3.0,Low,Low,Public,Positive,3.0,Yes,Postgraduate,Near,Male,71
19.0,67.0,Medium,Medium,No,7.0,91.0,Medium,Yes,1.0,Low,High,Public,Neutral,3.0,No,High School,Near,Female,65
23.0,79.0,Low,Medium,Yes,7.0,66.0,High,Yes,1.0,High,Medium,Private,Positive,3.0,No,Postgraduate,Near,Male,68
5.0,95.0,Medium,High,Yes,8.0,92.0,Low,Yes,1.0,Low,High,Private,Neutral,2.0,No,College,Near,Female,67
24.0,69.0,Medium,High,Yes,7.0,67.0,Medium,Yes,2.0,Medium,High,Public,Negative,4.0,No,Postgraduate,Far,Male,67
21.0,79.0,Medium,Low,Yes,7.0,81.0,Low,Yes,2.0,Medium,Medium,Public,Neutral,4.0,No,High School,Near,Male,67
19.0,65.0,Medium,High,Yes,9.0,60.0,Low,Yes,1.0,Low,Medium,Public,Neutral,3.0,No,Postgraduate,Moderate,Male,63
32.0,76.0,Medium,Medium,No,7.0,63.0,Medium,Yes,0.0,Medium,Low,Public,Positive,3.0,No,High School,Near,Female,68
16.0,67.0,High,High,Yes,6.0,72.0,Medium,Yes,1.0,Low,High,Public,Positive,3.0,No,Postgraduate,Near,Female,66
18.0,75.0,Medium,Medium,Yes,7.0,66.0,High,Yes,1.0,High,High,Public,Positive,4.0,No,High School,Near,Male,67
32.0,75.0,Medium,Low,Yes,6.0,56.0,Medium,Yes,3.0,Medium,Medium,Public,Neutral,2.0,No,College,Moderate,Female,68
15.0,100.0,High,Medium,Yes,5.0,74.0,Medium,Yes,2.0,High,Medium,Private,Neutral,3.0,No,Postgraduate,Near,Male,72
17.0,100.0,Medium,Medium,No,5.0,76.0,Low,Yes,3.0,Low,High,Private,Neutral,3.0,No,Postgraduate,Moderate,Female,70
19.0,65.0,Low,High,No,9.0,58.0,Low,Yes,3.0,Medium,Medium,Public,Negative,4.0,No,High School,Moderate,Female,62
25.0,89.0,Medium,Low,Yes,6.0,59.0,Medium,Yes,2.0,Low,Medium,Public,Neutral,2.0,No,College,Near,Female,69
21.0,62.0,Medium,Low,Yes,7.0,51.0,Low,Yes,0.0,Low,Medium,Private,Positive,4.0,No,High School,Near,Female,61
12.0,61.0,Medium,Low,Yes,7.0,52.0,Low,Yes,2.0,Low,Medium,Public,Positive,2.0,No,High School,Moderate,Female,58
17.0,64.0,Low,Medium,No,7.0,68.0,Medium,Yes,5.0,Medium,Medium,Private,Neutral,3.0,No,High School,Near,Male,63
16.0,99.0,High,Medium,No,9.0,57.0,High,No,4.0,Medium,Medium,Public,Positive,3.0,No,College,Near,Female,71
20.0,98.0,Low,Medium,Yes,7.0,96.0,Low,No,1.0,Low,High,Public,Positive,3.0,No,College,Near,Female,70
23.0,68.0,High,Medium,No,6.0,60.0,Medium,Yes,1.0,Low,Medium,Public,Neutral,3.0,No,High School,Near,Female,64
23.0,66.0,High,Low,No,6.0,53.0,Low,Yes,2.0,Medium,Medium,Public,Positive,1.0,No,College,Far,Male,63
9.0,70.0,High,Medium,Yes,8.0,70.0,Low,Yes,1.0,Medium,Medium,Public,Positive,3.0,No,College,Near,Male,63
26.0,81.0,High,Low,No,8.0,60.0,High,Yes,2.0,Low,High,Public,Positive,5.0,No,Postgraduate,Near,Female,71
22.0,83.0,Low,High,Yes,8.0,53.0,Medium,No,0.0,Low,Low,Public,Negative,2.0,No,Postgraduate,Near,Female,65
28.0,69.0,High,High,No,7.0,88.0,Low,Yes,2.0,Low,Medium,Public,Neutral,2.0,No,High School,Moderate,Male,68
23.0,90.0,Medium,High,Yes,5.0,78.0,High,No,1.0,Medium,Medium,Private,Neutral,3.0,No,High School,Moderate,Male,70
27.0,72.0,High,High,Yes,8.0,53.0,Medium,Yes,3.0,Medium,Low,Public,Neutral,3.0,No,High School,Far,Female,68
23.0,97.0,Medium,High,No,7.0,73.0,Medium,No,3.0,Low,Medium,Private,Negative,1.0,No,High School,Moderate,Male,69
28.0,86.0,Medium,Medium,Yes,7.0,52.0,Medium,Yes,0.0,Medium,Medium,Public,Positive,5.0,No,College,Near,Male,70
23.0,77.0,High,Medium,No,5.0,68.0,Low,Yes,0.0,High,High,Private,Positive,3.0,Yes,High School,Near,Male,67
19.0,92.0,Low,High,Yes,6.0,68.0,Medium,Yes,2.0,Medium,Medium,Public,Neutral,2.0,No,High School,Near,Female,69
34.0,93.0,Low,Medium,No,6.0,91.0,Low,Yes,2.0,High,Medium,Public,Neutral,3.0,No,,Moderate,Female,73
25.0,72.0,Medium,Medium,Yes,8.0,87.0,Low,Yes,3.0,Medium,Low,Public,Positive,3.0,No,Postgraduate,Moderate,Male,68
23.0,74.0,High,Medium,No,8.0,95.0,Medium,Yes,2.0,Low,Medium,Public,Negative,2.0,No,College,Far,Female,67
12.0,97.0,Medium,High,Yes,7.0,57.0,Low,Yes,0.0,Low,Medium,Private,Positive,4.0,No,College,Moderate,Female,67
12.0,67.0,Medium,High,Yes,8.0,77.0,Medium,Yes,2.0,Low,High,Private,Positive,3.0,No,College,Near,Male,64
22.0,62.0,High,Medium,No,9.0,51.0,Medium,Yes,2.0,Low,Medium,Public,Neutral,2.0,No,High School,Near,Male,63
21.0,78.0,Low,High,No,8.0,91.0,Medium,No,1.0,Medium,Low,Private,Negative,5.0,No,Postgraduate,Near,Female,67
16.0,92.0,Medium,High,Yes,8.0,68.0,Medium,Yes,1.0,Medium,High,Public,Positive,2.0,No,High School,Near,Male,70
21.0,91.0,High,Medium,Yes,6.0,53.0,High,Yes,1.0,Medium,Medium,Public,Positive,3.0,No,Postgraduate,Near,Female,71
30.0,97.0,Medium,High,Yes,6.0,66.0,High,Yes,1.0,Medium,Medium,Private,Neutral,2.0,No,College,Near,Male,74
24.0,81.0,Medium,High,Yes,9.0,64.0,High,Yes,2.0,High,Low,Public,Positive,3.0,No,High School,Near,Male,70
13.0,64.0,Low,Low,No,6.0,88.0,Medium,Yes,1.0,Medium,Medium,Public,Neutral,2.0,No,College,Moderate,Female,59
19.0,84.0,Low,Medium,Yes,8.0,56.0,Medium,Yes,0.0,Low,Medium,Private,Neutral,3.0,Yes,High School,Near,Male,64
15.0,91.0,Low,Medium,No,10.0,78.0,Low,Yes,2.0,Medium,High,Public,Neutral,3.0,No,High School,Near,Female,67
18.0,64.0,Medium,Medium,Yes,8.0,90.0,Medium,Yes,1.0,Low,Medium,Public,Neutral,3.0,No,High School,Near,Male,63
18.0,67.0,Low,High,Yes,7.0,87.0,Medium,Yes,5.0,Low,Low,Public,Positive,2.0,No,College,Near,Male,66
17.0,60.0,Medium,Medium,Yes,5.0,97.0,Medium,Yes,1.0,Medium,Medium,Private,Negative,4.0,No,College,Far,Male,62
12.0,84.0,Low,Medium,No,7.0,50.0,Medium,Yes,3.0,High,High,Public,Neutral,3.0,No,High School,Near,Male,65
19.0,95.0,High,High,Yes,9.0,68.0,Medium,Yes,3.0,High,Medium,Public,Positive,4.0,No,College,Far,Male,73
17.0,87.0,High,High,Yes,7.0,68.0,High,Yes,1.0,Medium,High,Public,Positive,2.0,No,High School,Near,Male,70
2.0,99.0,Medium,Low,Yes,9.0,52.0,Low,Yes,0.0,Medium,Medium,Public,Neutral,4.0,No,High School,Near,Male,62
32.0,63.0,Medium,High,No,8.0,91.0,Medium,No,2.0,High,Low,Public,Positive,5.0,Yes,High School,Near,Female,68
27.0,96.0,High,Low,Yes,7.0,84.0,Medium,Yes,1.0,High,Medium,Public,Neutral,3.0,No,College,Near,Male,74
18.0,93.0,Medium,Medium,No,7.0,76.0,Low,Yes,2.0,Medium,Medium,Private,Neutral,4.0,No,High School,Near,Female,96
20.0,73.0,High,High,No,5.0,70.0,High,Yes,1.0,Low,High,Public,Negative,2.0,No,High School,Moderate,Male,66
13.0,99.0,Low,High,Yes,6.0,95.0,Medium,No,0.0,Low,Medium,Public,Positive,4.0,No,Postgraduate,Near,Male,69
30.0,72.0,High,High,Yes,6.0,63.0,Medium,Yes,1.0,Low,Medium,Public,Neutral,3.0,No,Postgraduate,Near,Female,70
31.0,96.0,Medium,Low,Yes,8.0,67.0,Medium,Yes,2.0,Medium,Medium,Private,Neutral,3.0,No,College,Near,Male,73
21.0,95.0,Low,Low,No,7.0,98.0,Low,Yes,1.0,Low,High,Public,Positive,2.0,No,High School,Near,Male,69
26.0,90.0,High,High,Yes,9.0,53.0,Medium,Yes,1.0,Low,Medium,Private,Neutral,4.0,No,High School,Far,Male,71
21.0,83.0,High,Low,Yes,7.0,89.0,Low,No,0.0,Low,Low,Public,Neutral,2.0,No,College,Moderate,Female,65
12.0,65.0,Medium,Low,Yes,6.0,86.0,Medium,Yes,1.0,Medium,Medium,Public,Positive,3.0,No,Postgraduate,Near,Female,62
18.0,81.0,High,High,No,6.0,95.0,Low,Yes,1.0,Medium,,Public,Positive,3.0,No,High School,Near,Male,69
21.0,74.0,Low,Medium,No,6.0,55.0,High,Yes,3.0,Low,Medium,Public,Positive,2.0,No,College,Near,Male,65
17.0,92.0,Medium,Medium,No,7.0,99.0,Medium,Yes,1.0,Medium,Medium,Public,Neutral,2.0,No,College,Far,Female,68
19.0,90.0,Low,Low,Yes,6.0,51.0,High,Yes,1.0,Low,Medium,Public,Negative,3.0,Yes,Postgraduate,Near,Male,65
19.0,96.0,Medium,High,Yes,5.0,67.0,Medium,Yes,4.0,High,Medium,Private,Neutral,1.0,No,High School,Moderate,Male,72
20.0,61.0,High,High,Yes,9.0,54.0,Medium,Yes,2.0,High,Medium,Private,Positive,4.0,No,Postgraduate,Near,Male,67
20.0,92.0,Medium,Low,No,7.0,53.0,Medium,Yes,2.0,Medium,High,Private,Positive,2.0,No,College,Far,Male,68
14.0,98.0,Low,Medium,No,7.0,98.0,Medium,No,0.0,Medium,High,Public,Positive,3.0,No,High School,Near,Male,68
16.0,92.0,Medium,Medium,No,6.0,86.0,Low,No,2.0,Medium,Medium,Private,Neutral,3.0,Yes,College,Near,Female,66
12.0,65.0,Medium,High,Yes,5.0,75.0,High,Yes,0.0,High,Medium,Private,Negative,2.0,No,High School,Moderate,Male,62
26.0,63.0,Medium,Medium,Yes,7.0,55.0,Medium,Yes,2.0,Medium,High,Public,Neutral,4.0,No,High School,Far,Male,65
7.0,61.0,Low,High,Yes,4.0,76.0,High,Yes,1.0,Medium,Medium,Private,Positive,5.0,No,High School,Far,Female,60
27.0,85.0,High,Medium,Yes,8.0,66.0,Medium,Yes,2.0,Low,High,Private,Neutral,4.0,Yes,High School,Moderate,Male,70
28.0,85.0,Medium,Medium,Yes,6.0,64.0,Low,Yes,1.0,Low,Medium,Public,Neutral,1.0,No,High School,Moderate,Male,68
18.0,99.0,Medium,High,Yes,7.0,81.0,Low,Yes,1.0,Medium,Medium,Public,Neutral,3.0,No,Postgraduate,Near,Male,72
4.0,76.0,Medium,Medium,Yes,8.0,90.0,Medium,Yes,2.0,High,Medium,Public,Positive,2.0,No,High School,Moderate,Female,63
18.0,73.0,Medium,High,Yes,7.0,72.0,Low,Yes,1.0,Medium,Medium,Private,Neutral,1.0,Yes,High School,Moderate,Male,63
20.0,85.0,Low,Medium,Yes,5.0,75.0,Low,Yes,1.0,Medium,Medium,Public,Neutral,2.0,No,College,Near,Male,67
14.0,93.0,Medium,Low,Yes,9.0,83.0,Low,Yes,4.0,Medium,Medium,Public,Neutral,2.0,No,Postgraduate,,Female,68
17.0,97.0,Medium,Medium,No,5.0,56.0,Low,Yes,2.0,High,Medium,Public,Positive,3.0,No,High School,Near,Female,69
29.0,92.0,High,Medium,Yes,4.0,91.0,Low,Yes,1.0,High,High,Public,Neutral,4.0,No,High School,Near,Female,75
24.0,77.0,Low,Medium,No,8.0,92.0,High,Yes,0.0,High,Medium,Public,Neutral,3.0,No,High School,Moderate,Male,67
14.0,85.0,High,High,Yes,5.0,77.0,Medium,Yes,2.0,Low,High,Public,Positive,3.0,No,High School,Near,Male,69
10.0,94.0,Low,Medium,No,9.0,59.0,Low,Yes,0.0,Medium,Medium,Public,Positive,2.0,No,Postgraduate,Near,Male,65
18.0,80.0,Low,High,Yes,8.0,75.0,Medium,No,2.0,Medium,Medium,Public,Negative,4.0,No,High School,Near,Male,65
19.0,69.0,Medium,Medium,Yes,7.0,55.0,Low,Yes,1.0,Low,Medium,Public,Positive,4.0,No,College,Near,Female,63
23.0,67.0,Low,Medium,No,6.0,88.0,Medium,Yes,2.0,Medium,Medium,Private,Neutral,4.0,No,High School,Near,Male,65
17.0,60.0,Medium,Low,No,6.0,66.0,Medium,Yes,0.0,Low,Medium,Public,Positive,2.0,No,High School,Far,Female,58
23.0,89.0,High,High,Yes,6.0,66.0,Low,Yes,0.0,Low,High,Private,Positive,3.0,No,High School,Moderate,Male,70
32.0,64.0,Low,Low,Yes,6.0,97.0,Medium,Yes,1.0,Medium,Low,Public,Neutral,5.0,No,College,Moderate,Male,66
25.0,70.0,Medium,Low,No,9.0,71.0,Medium,No,2.0,Low,Medium,Public,Negative,2.0,No,College,Near,Female,63
20.0,72.0,Medium,Low,Yes,6.0,89.0,Low,Yes,1.0,Low,Medium,Private,Negative,3.0,No,High School,Far,Male,62
19.0,82.0,Medium,Medium,Yes,8.0,82.0,High,Yes,2.0,Medium,Medium,Private,Positive,3.0,No,College,Moderate,Female,69
18.0,76.0,Medium,Medium,No,9.0,66.0,High,Yes,1.0,High,High,Public,Positive,3.0,No,High School,Near,Female,66
27.0,87.0,High,Low,No,6.0,56.0,Medium,Yes,0.0,Low,High,Public,Neutral,2.0,No,High School,Moderate,Male,68
16.0,62.0,Low,Medium,Yes,8.0,90.0,Low,Yes,2.0,High,Medium,Public,Neutral,2.0,No,Postgraduate,Far,Male,62
20.0,65.0,High,Medium,No,6.0,88.0,Medium,Yes,0.0,Medium,High,Public,Negative,4.0,Yes,High School,Near,Male,64
20.0,80.0,Medium,High,Yes,7.0,58.0,Low,No,0.0,Medium,Medium,Public,Neutral,2.0,No,College,Near,Female,65
17.0,73.0,Medium,High,Yes,6.0,62.0,Low,Yes,2.0,Low,Medium,Private,Negative,3.0,No,College,Far,Male,64
12.0,72.0,Medium,Medium,No,6.0,88.0,High,Yes,2.0,High,Medium,Public,Positive,3.0,No,High School,Near,Female,65
22.0,63.0,Medium,Medium,Yes,7.0,99.0,Low,Yes,3.0,Medium,Medium,Private,Neutral,4.0,No,High School,Moderate,Male,65
20.0,96.0,Low,Medium,Yes,5.0,92.0,Medium,Yes,0.0,Medium,Medium,Public,Neutral,3.0,No,College,Near,Female,70
23.0,88.0,Low,High,No,8.0,84.0,High,Yes,2.0,Medium,Medium,Private,Positive,3.0,Yes,Postgraduate,Near,Female,71
17.0,65.0,Medium,Medium,Yes,5.0,96.0,Low,Yes,2.0,Medium,High,Public,Positive,3.0,No,College,Moderate,Male,65
27.0,63.0,High,Medium,No,5.0,64.0,Medium,No,1.0,High,High,Public,Positive,4.0,No,Postgraduate,Near,Male,67
15.0,99.0,Low,High,Yes,7.0,50.0,High,No,4.0,Low,Medium,Public,Positive,2.0,No,High School,Moderate,Male,68
30.0,87.0,High,High,Yes,6.0,66.0,Low,Yes,1.0,Medium,Medium,Public,Neutral,4.0,No,High School,Near,Male,73
10.0,77.0,Medium,High,No,8.0,99.0,Medium,Yes,0.0,Medium,High,Public,Neutral,4.0,Yes,High School,Near,Male,64
23.0,88.0,High,High,No,7.0,94.0,Low,No,3.0,Low,Medium,Private,Positive,1.0,No,High School,Near,Male,71
23.0,90.0,Medium,High,No,5.0,53.0,Medium,Yes,2.0,Medium,High,Private,Positive,2.0,No,High School,Near,Female,70
15.0,91.0,Low,High,No,8.0,75.0,Medium,Yes,4.0,Medium,Medium,Public,Neutral,1.0,No,High School,Near,Female,68
23.0,79.0,High,Medium,Yes,7.0,54.0,Medium,Yes,2.0,Low,Medium,Private,Neutral,4.0,No,College,Moderate,Female,68
28.0,77.0,Low,High,Yes,7.0,89.0,Medium,Yes,3.0,Low,Medium,Public,Positive,3.0,Yes,High School,Far,Male,68
7.0,60.0,Medium,High,Yes,10.0,69.0,Low,Yes,0.0,Low,Medium,Private,Positive,3.0,No,College,Moderate,Female,59
23.0,97.0,Medium,Medium,Yes,9.0,96.0,Medium,Yes,2.0,Medium,High,Private,Neutral,4.0,No,College,Near,Male,74
5.0,84.0,Medium,Medium,Yes,7.0,53.0,Low,No,1.0,Low,High,Public,Positive,3.0,No,Postgraduate,Moderate,Male,62
14.0,68.0,High,Low,Yes,5.0,87.0,High,Yes,2.0,Medium,Medium,Public,Positive,3.0,No,High School,Far,Male,64
30.0,97.0,High,High,No,5.0,70.0,Medium,Yes,0.0,High,Medium,Public,Positive,2.0,No,Postgraduate,Near,Male,76
17.0,97.0,High,Medium,Yes,9.0,63.0,Medium,Yes,2.0,Low,Medium,Public,Positive,2.0,No,High School,Near,Male,70
13.0,100.0,High,Medium,No,6.0,76.0,Medium,No,0.0,Low,Low,Public,Positive,5.0,No,Postgraduate,Near,Male,69
19.0,95.0,Medium,Medium,Yes,7.0,74.0,High,No,0.0,Low,High,Public,Positive,2.0,No,,Near,Female,69
32.0,100.0,Low,High,Yes,5.0,67.0,Medium,No,4.0,Medium,Medium,Public,Positive,3.0,No,High School,Far,Male,74
9.0,70.0,High,Medium,No,8.0,82.0,Low,No,2.0,High,High,Public,Negative,2.0,No,High School,Near,Female,62
14.0,94.0,Medium,Medium,No,9.0,83.0,High,Yes,2.0,Low,High,Public,Positive,3.0,No,Postgraduate,Moderate,Male,70
29.0,93.0,Low,Medium,Yes,9.0,54.0,Medium,No,4.0,Low,High,Public,Positive,3.0,No,High School,Near,Male,71
31.0,69.0,Medium,Low,Yes,6.0,80.0,Low,Yes,4.0,Medium,Medium,Public,Negative,2.0,No,College,Near,Male,68
19.0,64.0,High,Low,Yes,8.0,86.0,Low,Yes,3.0,High,Medium,Private,Neutral,3.0,No,Postgraduate,Near,Female,66
13.0,99.0,Low,Medium,No,7.0,54.0,High,Yes,3.0,High,Medium,Public,Negative,3.0,No,High School,Far,Male,67
33.0,72.0,High,Medium,No,8.0,83.0,Low,Yes,3.0,Low,High,Private,Neutral,4.0,No,High School,Near,Male,71
30.0,95.0,Medium,Medium,Yes,7.0,90.0,Medium,Yes,3.0,Medium,Medium,Public,Neutral,1.0,No,High School,Moderate,Male,74
24.0,60.0,Low,Medium,Yes,6.0,92.0,Low,Yes,3.0,Medium,Medium,Public,Positive,2.0,No,College,Near,Male,65
15.0,61.0,High,Low,Yes,9.0,52.0,Medium,Yes,1.0,Medium,Medium,Private,Neutral,3.0,No,High School,Moderate,Female,60
20.0,79.0,High,High,Yes,7.0,85.0,Low,Yes,2.0,Medium,Medium,Public,Neutral,2.0,No,College,Moderate,Male,69
19.0,70.0,Medium,Medium,Yes,6.0,90.0,Low,Yes,2.0,Low,Medium,Private,Positive,3.0,No,High School,Moderate,Male,65
22.0,88.0,Medium,Low,Yes,7.0,70.0,Medium,Yes,3.0,Low,Medium,Public,Positive,2.0,No,High School,Near,Female,69
29.0,83.0,Medium,Low,Yes,6.0,77.0,High,Yes,1.0,Medium,Medium,Public,Neutral,4.0,No,High School,Near,Male,70
25.0,63.0,High,Low,Yes,8.0,63.0,Medium,Yes,0.0,Medium,High,Private,Positive,1.0,Yes,Postgraduate,Near,Female,65
14.0,67.0,Low,Low,Yes,7.0,66.0,Low,Yes,0.0,Low,Medium,Public,Neutral,4.0,No,High School,Far,Female,57
28.0,76.0,Medium,Medium,Yes,6.0,75.0,Low,Yes,0.0,Medium,High,Public,Positive,2.0,No,High School,Near,Female,68
22.0,67.0,High,High,No,10.0,58.0,Medium,Yes,2.0,High,Low,Public,Neutral,3.0,No,Postgraduate,Near,Male,67
24.0,92.0,Medium,Medium,No,5.0,69.0,Medium,Yes,2.0,Medium,Medium,Private,Negative,4.0,No,High School,Near,Female,70
29.0,77.0,Medium,Medium,Yes,8.0,65.0,Medium,Yes,1.0,Medium,Medium,Public,Neutral,3.0,No,High School,Near,Male,68
13.0,64.0,High,High,Yes,7.0,62.0,Medium,Yes,1.0,Low,Medium,Public,Neutral,1.0,No,College,Moderate,Female,62
20.0,79.0,High,Medium,Yes,5.0,74.0,Medium,Yes,1.0,Low,Medium,Public,Neutral,5.0,No,High School,Far,Male,67
17.0,64.0,High,High,Yes,6.0,92.0,Medium,Yes,0.0,Medium,Medium,Private,Positive,1.0,No,Postgraduate,Near,Male,66
11.0,65.0,Medium,Low,Yes,5.0,62.0,Medium,Yes,2.0,Medium,High,Public,Neutral,2.0,No,College,Far,Female,60
22.0,70.0,High,Low,No,10.0,83.0,Low,Yes,0.0,Medium,,Public,Positive,2.0,No,College,Moderate,Male,65
35.0,94.0,High,Medium,Yes,7.0,63.0,Medium,Yes,1.0,Low,High,Public,Positive,2.0,No,College,Near,Female,75
9.0,97.0,Low,Medium,Yes,7.0,57.0,Medium,Yes,4.0,Medium,High,Public,Neutral,5.0,No,High School,Far,Female,67
20.0,93.0,Medium,High,No,10.0,97.0,Medium,Yes,1.0,Low,Medium,Public,Neutral,2.0,No,Postgraduate,Moderate,Male,71
24.0,73.0,Low,Low,Yes,6.0,82.0,Medium,Yes,0.0,Medium,Medium,Public,Negative,2.0,Yes,High School,Near,Male,63
21.0,71.0,High,Medium,Yes,9.0,55.0,Low,Yes,2.0,High,High,Public,Positive,1.0,No,Postgraduate,Moderate,Male,67
19.0,82.0,High,Medium,No,8.0,82.0,Low,Yes,2.0,Low,Medium,Private,Negative,4.0,No,Postgraduate,Near,Female,68
12.0,89.0,High,Low,Yes,4.0,59.0,Low,Yes,2.0,Low,High,Public,Negative,4.0,No,High School,Near,Male,65
21.0,100.0,Low,High,No,6.0,94.0,Medium,No,1.0,High,Medium,Public,Positive,3.0,No,College,Moderate,Female,72
15.0,65.0,Medium,Medium,No,8.0,62.0,Medium,Yes,1.0,Medium,Medium,Public,Neutral,4.0,No,High School,Moderate,Female,61
7.0,62.0,Low,High,No,7.0,90.0,Medium,Yes,1.0,Medium,Low,Public,Neutral,5.0,No,College,Moderate,Female,60
27.0,88.0,High,High,Yes,7.0,60.0,Medium,Yes,2.0,Low,Medium,Public,Positive,2.0,No,High School,Near,Female,72
26.0,93.0,Medium,Medium,Yes,6.0,78.0,Medium,Yes,2.0,Medium,Medium,Public,Neutral,3.0,No,Postgraduate,Far,Female,72
20.0,94.0,Low,Medium,Yes,6.0,96.0,Medium,Yes,2.0,Medium,Medium,Private,Negative,3.0,No,College,Near,Male,70
21.0,87.0,Low,Medium,No,7.0,65.0,High,Yes,2.0,Medium,Medium,Public,Negative,3.0,Yes,College,Near,Male,67
26.0,98.0,Medium,Medium,No,10.0,54.0,Medium,Yes,0.0,Low,High,Private,Neutral,1.0,No,Postgraduate,Near,Male,71
21.0,80.0,Medium,Low,Yes,6.0,78.0,Medium,Yes,0.0,Medium,Medium,Private,Negative,2.0,No,Postgraduate,Near,Female,66
25.0,97.0,High,High,No,6.0,59.0,Low,Yes,0.0,Low,High,Public,Positive,2.0,No,High School,Near,Female,72
18.0,99.0,Medium,Medium,Yes,7.0,86.0,Medium,No,1.0,High,Medium,Public,Neutral,4.0,No,High School,Moderate,Female,70
28.0,94.0,Medium,Low,Yes,5.0,80.0,Medium,Yes,2.0,High,Medium,Public,Negative,2.0,No,High School,Moderate,Female,71
22.0,72.0,Low,Low,Yes,8.0,67.0,High,Yes,2.0,Medium,Medium,Public,Negative,4.0,No,College,Far,Male,64
21.0,68.0,Medium,Medium,Yes,5.0,85.0,Medium,No,3.0,High,Medium,Public,Positive,2.0,No,College,Moderate,Male,66
12.0,82.0,High,Low,No,5.0,62.0,Low,Yes,2.0,Medium,Medium,Public,Positive,4.0,No,High School,Near,Male,64
22.0,78.0,Medium,Medium,Yes,5.0,96.0,Medium,Yes,0.0,Low,Medium,Public,Neutral,3.0,No,High School,Moderate,Male,67
15.0,95.0,Low,Low,No,5.0,67.0,High,Yes,3.0,Medium,Medium,Public,Positive,3.0,No,High School,Moderate,Female,67
16.0,64.0,High,Low,No,9.0,88.0,Medium,Yes,1.0,Medium,High,Public,Positive,3.0,No,High School,Near,Male,64
15.0,70.0,Low,Medium,No,8.0,63.0,Low,Yes,0.0,Medium,Medium,Private,Positive,4.0,No,High School,Moderate,Female,61
14.0,90.0,High,High,Yes,8.0,86.0,Medium,Yes,4.0,Medium,Medium,Private,Negative,2.0,No,High School,Near,Female,99
33.0,64.0,Medium,Medium,No,8.0,52.0,Low,No,3.0,High,Medium,Public,Positive,4.0,No,High School,Near,Male,67
28.0,73.0,Medium,High,Yes,7.0,65.0,High,Yes,3.0,High,High,Public,Positive,3.0,No,Postgraduate,Near,Male,72
32.0,75.0,Low,Low,No,7.0,55.0,Medium,Yes,1.0,Medium,Medium,Public,Neutral,4.0,No,High School,Moderate,Male,66
13.0,85.0,Low,High,Yes,9.0,73.0,High,Yes,3.0,Medium,High,Public,Positive,2.0,No,Postgraduate,Moderate,Male,68
20.0,66.0,High,Low,No,9.0,72.0,Low,Yes,1.0,Medium,High,Public,Positive,1.0,No,College,Near,Female,64
12.0,94.0,High,High,No,5.0,68.0,High,Yes,1.0,High,Medium,Public,Neutral,2.0,No,High School,Near,Male,69
16.0,78.0,Medium,High,No,10.0,99.0,Low,Yes,0.0,Low,Medium,Public,Positive,4.0,No,High School,Far,Female,65
14.0,97.0,Low,High,No,5.0,62.0,Medium,No,1.0,Medium,Medium,Public,Neutral,4.0,Yes,Postgraduate,Far,Female,66
27.0,79.0,High,High,Yes,6.0,90.0,Low,Yes,3.0,Medium,High,Public,Positive,4.0,No,High School,Near,Male,73
18.0,71.0,Medium,Medium,Yes,7.0,72.0,Low,Yes,0.0,Low,Medium,Public,Neutral,4.0,No,High School,,Female,63
26.0,66.0,Medium,Medium,Yes,7.0,67.0,High,Yes,3.0,Medium,Medium,Public,Negative,4.0,No,High School,Moderate,Female,66
24.0,60.0,Medium,Medium,Yes,10.0,60.0,Low,Yes,3.0,Low,High,Private,Neutral,2.0,No,Postgraduate,Near,Female,65
34.0,81.0,Medium,Medium,Yes,9.0,82.0,Low,Yes,1.0,Medium,High,Public,Negative,2.0,No,High School,Near,Male,71
11.0,64.0,Medium,Low,Yes,8.0,67.0,High,No,1.0,Medium,Medium,Public,Neutral,2.0,Yes,College,Near,Male,58
28.0,76.0,Medium,Medium,No,9.0,91.0,Medium,Yes,0.0,Low,High,Private,Neutral,3.0,No,High School,Moderate,Male,68
27.0,84.0,Medium,Medium,No,8.0,98.0,Medium,Yes,0.0,Low,Medium,Public,Neutral,4.0,No,High School,Moderate,Male,69
14.0,71.0,High,Low,Yes,6.0,61.0,Low,Yes,0.0,Low,Medium,Public,Positive,3.0,No,Postgraduate,Near,Female,63
26.0,67.0,Medium,Medium,Yes,8.0,56.0,Medium,Yes,1.0,Medium,Medium,Public,Negative,5.0,No,College,Near,Female,66
22.0,91.0,Medium,Medium,Yes,7.0,66.0,Medium,No,0.0,High,High,Public,Negative,3.0,No,College,Near,Female,69
19.0,98.0,Medium,Low,Yes,6.0,73.0,Medium,Yes,3.0,Low,Medium,Private,Negative,3.0,No,College,Near,Male,69
15.0,64.0,High,Medium,No,9.0,65.0,Medium,Yes,2.0,Medium,Medium,Public,Neutral,2.0,No,High School,Near,Male,63
16.0,66.0,Low,High,Yes,7.0,99.0,Medium,Yes,1.0,Low,Medium,Public,Positive,3.0,No,College,Near,Female,65
32.0,98.0,Low,High,No,5.0,89.0,Medium,Yes,2.0,High,Low,Private,Positive,3.0,No,College,Near,Male,76
20.0,62.0,High,Medium,Yes,6.0,98.0,High,Yes,0.0,High,High,Public,Neutral,3.0,No,Postgraduate,Near,Male,67
25.0,99.0,Low,Medium,No,8.0,69.0,Medium,No,1.0,Low,High,Public,Positive,3.0,No,Postgraduate,Moderate,Male,70
15.0,60.0,Medium,Low,No,9.0,65.0,Medium,Yes,1.0,Medium,High,Public,Negative,5.0,No,College,Moderate,Male,60
15.0,95.0,High,Low,No,8.0,70.0,Medium,Yes,2.0,High,High,Public,Neutral,3.0,Yes,High School,Near,Female,68
26.0,72.0,Medium,Medium,Yes,8.0,76.0,Medium,Yes,1.0,Medium,Medium,Public,Negative,3.0,No,Postgraduate,Near,Male,68
12.0,98.0,Low,High,Yes,6.0,87.0,Medium,Yes,2.0,Low,Medium,Private,Neutral,3.0,No,Postgraduate,Near,Female,70
18.0,73.0,Medium,High,Yes,7.0,94.0,High,Yes,1.0,High,Medium,Private,Neutral,3.0,No,Postgraduate,Moderate,Female,68
20.0,86.0,High,High,No,7.0,73.0,Medium,Yes,3.0,Low,Low,Public,Neutral,3.0,Yes,High School,Near,Male,69
21.0,63.0,Medium,Medium,Yes,7.0,64.0,Medium,Yes,0.0,Low,Medium,Public,Negative,3.0,No,High School,Near,Female,62
19.0,70.0,High,Low,No,7.0,66.0,Medium,Yes,1.0,High,Low,Private,Neutral,4.0,No,College,Moderate,Male,64
22.0,91.0,High,Medium,No,6.0,85.0,Low,Yes,2.0,Medium,Medium,Private,Positive,2.0,No,High School,Moderate,Female,71
24.0,81.0,Medium,Medium,Yes,8.0,78.0,Medium,Yes,1.0,Low,Medium,Public,Positive,2.0,No,High School,Near,Male,68
24.0,97.0,High,Medium,No,5.0,74.0,High,Yes,0.0,Medium,Low,Public,Neutral,5.0,No,High School,Near,Female,72
14.0,77.0,Medium,Medium,Yes,5.0,60.0,Low,Yes,1.0,High,High,Private,Negative,3.0,No,Postgraduate,Far,Male,64
18.0,95.0,Medium,High,Yes,6.0,94.0,Medium,Yes,6.0,Low,High,Public,Neutral,3.0,No,High School,Far,Female,73
27.0,78.0,Medium,High,No,8.0,89.0,Low,Yes,0.0,Low,Medium,Public,Neutral,3.0,No,Postgraduate,Near,Female,69
25.0,99.0,Low,Medium,No,8.0,57.0,Medium,Yes,1.0,Medium,Low,Private,Positive,3.0,No,Postgraduate,Moderate,Male,70
12.0,98.0,Medium,High,No,4.0,68.0,Medium,Yes,3.0,Low,High,Public,Neutral,2.0,No,High School,Near,Female,69
22.0,73.0,Medium,Low,No,8.0,77.0,Medium,Yes,1.0,High,Medium,Public,Neutral,3.0,No,High School,Far,Male,64
8.0,95.0,Medium,Medium,No,7.0,73.0,Low,Yes,2.0,Medium,Medium,Private,Neutral,2.0,No,College,Near,Male,66
20.0,94.0,Medium,Medium,Yes,6.0,70.0,High,Yes,1.0,Medium,Medium,Public,Neutral,2.0,No,High School,Moderate,Female,69
31.0,68.0,High,Medium,No,7.0,86.0,Low,Yes,1.0,Low,Medium,Private,Positive,3.0,No,High School,Moderate,Female,68
14.0,85.0,Medium,Low,Yes,5.0,53.0,Medium,Yes,4.0,Medium,Medium,Public,Neutral,3.0,No,High School,Near,Male,65
15.0,63.0,High,Low,Yes,7.0,74.0,Medium,Yes,4.0,Low,Medium,Public,Negative,2.0,No,High School,Moderate,Male,62
25.0,93.0,High,High,Yes,5.0,63.0,Medium,Yes,2.0,High,Medium,Public,Positive,2.0,No,Postgraduate,Near,Female,75
11.0,67.0,Medium,Medium,Yes,6.0,54.0,Low,Yes,0.0,Low,Medium,Public,Positive,3.0,No,High School,Near,Female,60
16.0,63.0,Medium,High,Yes,6.0,73.0,Medium,Yes,0.0,Medium,Medium,Public,Neutral,4.0,No,College,Near,Male,63
24.0,76.0,Medium,Low,Yes,8.0,59.0,Medium,Yes,2.0,Medium,Medium,Public,Positive,4.0,No,College,Far,Male,66
16.0,83.0,High,Medium,Yes,7.0,63.0,Medium,Yes,0.0,Medium,Medium,Public,Neutral,3.0,No,Postgraduate,Near,Female,67
19.0,94.0,Low,Medium,Yes,8.0,75.0,Medium,Yes,1.0,Medium,Medium,Public,Negative,3.0,No,College,Moderate,Female,68
24.0,99.0,Medium,Medium,Yes,5.0,99.0,Medium,Yes,0.0,Low,Medium,Public,Positive,3.0,No,High School,Moderate,Female,72
23.0,78.0,Low,Medium,No,7.0,84.0,High,Yes,0.0,Low,Medium,Private,Neutral,3.0,No,College,Near,Male,66
22.0,62.0,Medium,Medium,Yes,8.0,64.0,Medium,Yes,0.0,Low,Medium,Public,Neutral,3.0,No,Postgraduate,Near,Female,63
18.0,90.0,Medium,High,Yes,9.0,69.0,Medium,Yes,1.0,High,High,Private,Positive,3.0,No,College,Moderate,Female,71
22.0,83.0,Low,Medium,Yes,5.0,70.0,High,Yes,2.0,Low,Medium,Public,Positive,3.0,No,College,Far,Male,67
19.0,78.0,Medium,Medium,Yes,6.0,58.0,Medium,Yes,1.0,Low,Medium,Public,Neutral,3.0,No,Postgraduate,Near,Male,66
23.0,72.0,High,Medium,No,8.0,58.0,Medium,No,2.0,Low,High,Private,Positive,2.0,No,College,Near,Female,66
17.0,80.0,High,High,No,9.0,57.0,Medium,Yes,4.0,Low,Medium,Public,Positive,2.0,No,College,Near,Male,68
19.0,74.0,Medium,Medium,No,7.0,76.0,High,Yes,1.0,High,Medium,Public,Neutral,3.0,No,College,Near,Female,66
14.0,90.0,High,Medium,Yes,5.0,84.0,Medium,Yes,0.0,Low,Medium,Public,Negative,3.0,No,Postgraduate,Near,Female,68
20.0,82.0,High,Medium,Yes,5.0,80.0,Medium,Yes,3.0,Low,Medium,Public,Neutral,1.0,Yes,College,Near,Female,68
15.0,95.0,Low,Medium,Yes,7.0,99.0,Low,Yes,0.0,High,High,Public,Neutral,2.0,No,High School,Near,Female,68
13.0,82.0,Medium,High,No,8.0,56.0,Low,Yes,2.0,Low,High,Private,Neutral,3.0,No,Postgraduate,Near,Male,66
22.0,70.0,High,Low,No,7.0,99.0,Medium,Yes,1.0,Low,High,Private,Positive,2.0,No,High School,Moderate,Male,66
21.0,94.0,Medium,High,No,5.0,73.0,Low,Yes,0.0,Medium,High,Public,Neutral,3.0,No,Postgraduate,Far,Female,70
25.0,82.0,High,Medium,Yes,9.0,61.0,Low,Yes,1.0,High,Medium,Public,Negative,2.0,No,High School,Near,Male,68
17.0,68.0,Medium,Medium,Yes,6.0,97.0,High,Yes,2.0,High,Low,Public,Negative,3.0,No,High School,Moderate,Male,65
22.0,85.0,Low,High,Yes,8.0,73.0,High,Yes,1.0,Medium,Medium,Private,Positive,3.0,No,College,Near,Male,70
23.0,74.0,Medium,Medium,No,4.0,67.0,Medium,Yes,3.0,High,Medium,Private,Negative,5.0,No,High School,Far,Male,66
23.0,94.0,Medium,High,Yes,9.0,61.0,Medium,No,0.0,Medium,Medium,Public,Negative,1.0,Yes,Postgraduate,Moderate,Female,68
15.0,78.0,Medium,Medium,Yes,6.0,63.0,High,Yes,1.0,Medium,Medium,Private,Neutral,2.0,Yes,College,Moderate,Male,64
21.0,89.0,Medium,Medium,No,9.0,99.0,Medium,Yes,0.0,Medium,Medium,Private,Negative,3.0,No,High School,Near,Male,69
22.0,64.0,Medium,Medium,No,8.0,65.0,Low,Yes,2.0,Medium,Medium,Private,Neutral,4.0,No,Postgraduate,Near,Female,65
20.0,76.0,Medium,High,Yes,5.0,99.0,Low,No,3.0,Medium,High,Public,Negative,3.0,No,Postgraduate,Near,Female,69
7.0,99.0,Low,High,Yes,7.0,67.0,Low,No,1.0,High,High,Private,Neutral,4.0,No,High School,Near,Female,66
21.0,92.0,High,Low,No,9.0,62.0,Medium,Yes,1.0,Medium,Low,Public,Positive,2.0,No,High School,Near,Female,68
33.0,66.0,Medium,Medium,Yes,6.0,59.0,Medium,Yes,3.0,High,Medium,Public,Positive,2.0,No,Postgraduate,Near,Female,70
18.0,71.0,High,Medium,No,9.0,71.0,Medium,Yes,1.0,Medium,High,Public,Positive,3.0,No,High School,Moderate,Female,65
16.0,73.0,High,Medium,Yes,8.0,62.0,Medium,Yes,0.0,High,High,Private,Neutral,2.0,No,High School,Near,Female,65
22.0,86.0,Medium,Low,No,9.0,85.0,Medium,Yes,1.0,Medium,Medium,Public,Negative,3.0,No,Postgraduate,Near,Female,68
22.0,90.0,Low,Medium,No,7.0,62.0,Low,Yes,0.0,Medium,Medium,Public,Positive,3.0,No,College,Near,Male,67
27.0,90.0,High,High,No,7.0,92.0,Medium,Yes,0.0,Low,Medium,Private,Neutral,3.0,No,High School,Near,Female,72
12.0,80.0,High,High,Yes,10.0,92.0,High,Yes,1.0,High,High,Public,Positive,3.0,No,Postgraduate,Moderate,Male,70
24.0,92.0,Low,High,Yes,8.0,64.0,High,Yes,1.0,High,High,Private,Neutral,3.0,No,College,Near,Male,72
24.0,77.0,High,High,Yes,7.0,88.0,Low,Yes,1.0,High,Medium,Public,Negative,5.0,No,College,Near,Male,71
19.0,65.0,Low,Medium,No,8.0,93.0,Low,Yes,1.0,Medium,High,Private,Neutral,4.0,No,College,Near,Male,64
22.0,83.0,Low,High,Yes,6.0,80.0,Medium,Yes,2.0,Medium,Medium,Public,Positive,5.0,No,High School,Moderate,Female,69
26.0,98.0,Medium,Medium,Yes,7.0,68.0,Medium,Yes,4.0,Low,Medium,Public,Positive,1.0,No,High School,Near,Female,73
25.0,92.0,Low,High,Yes,9.0,72.0,Medium,Yes,1.0,Low,Medium,Public,Negative,5.0,No,Postgraduate,Far,Female,70
13.0,83.0,High,Medium,No,7.0,89.0,Medium,Yes,1.0,Low,Medium,Public,Neutral,4.0,No,Postgraduate,Near,Female,68
25.0,86.0,High,Medium,No,6.0,65.0,Medium,Yes,2.0,Medium,High,Public,Positive,5.0,No,High School,Moderate,Male,71
20.0,97.0,Medium,High,No,6.0,67.0,Low,Yes,1.0,Low,High,Private,Positive,3.0,No,Postgraduate,Near,Female,71
20.0,77.0,Low,High,Yes,7.0,58.0,High,Yes,0.0,High,Medium,Public,Neutral,3.0,No,High School,Near,Male,66
20.0,73.0,Medium,High,No,6.0,70.0,Low,Yes,3.0,High,High,Public,Neutral,4.0,No,High School,Near,Female,68
19.0,99.0,Medium,High,Yes,5.0,54.0,Low,Yes,0.0,Medium,Medium,Public,Neutral,2.0,No,Postgraduate,Near,Male,70
27.0,95.0,Medium,Medium,No,5.0,66.0,Low,Yes,3.0,Medium,Medium,Public,Neutral,4.0,No,High School,Near,Male,72
19.0,73.0,Low,High,Yes,9.0,69.0,High,Yes,1.0,Low,Low,Public,Positive,4.0,No,Postgraduate,Near,Female,66
13.0,79.0,Medium,High,Yes,7.0,63.0,Low,No,3.0,High,Medium,Private,Neutral,2.0,No,High School,Near,Female,65
18.0,77.0,Medium,High,Yes,7.0,55.0,High,No,3.0,High,Medium,Private,Neutral,3.0,Yes,High School,Near,Female,66
21.0,66.0,High,Medium,Yes,6.0,76.0,Low,Yes,3.0,Low,Medium,Private,Neutral,1.0,No,High School,Moderate,Female,65
27.0,98.0,High,Low,Yes,6.0,93.0,Low,Yes,0.0,Low,Medium,Private,Neutral,4.0,No,High School,Moderate,Male,72
24.0,76.0,Medium,Medium,Yes,6.0,67.0,Medium,Yes,2.0,High,Medium,Public,Negative,3.0,No,College,Near,Female,68
15.0,95.0,Medium,Medium,Yes,7.0,62.0,High,Yes,0.0,High,Medium,Public,Negative,3.0,No,College,Near,Female,68
35.0,68.0,Low,High,Yes,5.0,64.0,Medium,Yes,0.0,High,Low,Public,Positive,4.0,Yes,High School,Near,Male,67
22.0,82.0,Medium,Medium,Yes,9.0,93.0,Low,Yes,2.0,Low,Medium,Public,Neutral,2.0,No,High School,Near,Male,68
28.0,61.0,High,Medium,No,7.0,76.0,High,Yes,1.0,Medium,High,Public,Positive,4.0,No,High School,Moderate,Male,67
19.0,91.0,Medium,High,No,7.0,57.0,Low,Yes,3.0,High,High,Public,Negative,3.0,No,High School,Moderate,Female,69
23.0,83.0,Low,Low,No,8.0,85.0,Medium,Yes,2.0,Low,Medium,Private,Neutral,2.0,Yes,High School,Near,Male,65
25.0,85.0,Medium,Medium,No,8.0,58.0,Medium,Yes,2.0,Medium,High,Public,Neutral,4.0,No,College,Near,Male,70
27.0,62.0,High,Medium,No,6.0,53.0,Low,Yes,1.0,Medium,Medium,Public,Positive,2.0,No,High School,Moderate,Male,64
26.0,68.0,Medium,Medium,No,8.0,63.0,Medium,Yes,2.0,Low,High,Public,Positive,3.0,No,High School,Near,Male,66
25.0,63.0,Low,Medium,No,8.0,58.0,Medium,Yes,1.0,High,Medium,Public,Positive,1.0,No,College,Near,Female,64
18.0,72.0,High,High,Yes,7.0,80.0,High,Yes,1.0,High,High,Public,Negative,2.0,Yes,High School,Moderate,Female,66
17.0,85.0,Medium,Medium,Yes,9.0,74.0,Medium,Yes,1.0,Medium,Medium,Private,Neutral,2.0,No,High School,Near,Male,67
22.0,83.0,Medium,Low,Yes,8.0,86.0,Medium,Yes,3.0,Medium,Low,Public,Negative,4.0,No,High School,Near,Male,68
26.0,84.0,Medium,Medium,No,8.0,76.0,Medium,Yes,5.0,Medium,High,Public,Neutral,2.0,No,High School,Moderate,Male,71
19.0,82.0,High,Low,No,9.0,71.0,Medium,Yes,1.0,Low,High,Private,Neutral,3.0,No,College,Near,Female,67
26.0,71.0,High,Medium,Yes,7.0,76.0,Medium,Yes,3.0,Low,Medium,Public,Positive,2.0,No,Postgraduate,Moderate,Male,69
29.0,70.0,Medium,Low,Yes,7.0,72.0,Low,Yes,1.0,Medium,Medium,Public,Positive,4.0,No,College,Near,Male,67
15.0,65.0,Low,High,Yes,8.0,52.0,Medium,Yes,4.0,Low,Medium,Private,Neutral,3.0,Yes,High School,Moderate,Female,61
15.0,94.0,Medium,Medium,No,7.0,84.0,Medium,Yes,0.0,Medium,High,Public,Positive,2.0,No,High School,Moderate,Male,68
19.0,85.0,Low,Low,Yes,8.0,98.0,Medium,Yes,2.0,Medium,Low,Private,Neutral,4.0,No,High School,Near,Female,67
22.0,67.0,Low,Medium,Yes,6.0,71.0,Low,Yes,1.0,Medium,High,Public,Neutral,4.0,No,College,Moderate,Male,64
17.0,67.0,Medium,Medium,Yes,4.0,71.0,Medium,Yes,3.0,Medium,High,Public,Negative,2.0,No,High School,Moderate,Female,63
28.0,95.0,Low,Medium,No,8.0,52.0,High,Yes,3.0,High,High,Public,Negative,4.0,No,College,Near,Male,72
23.0,90.0,High,Medium,No,5.0,95.0,Low,Yes,2.0,Low,Medium,Public,Negative,2.0,No,High School,Moderate,Male,69
20.0,86.0,Low,High,No,6.0,96.0,Medium,Yes,1.0,High,Low,Public,Neutral,2.0,Yes,High School,Far,Male,66
11.0,76.0,Medium,Medium,Yes,8.0,91.0,Low,Yes,1.0,High,High,Private,Neutral,3.0,Yes,College,Near,Female,64
12.0,70.0,Low,Medium,Yes,8.0,55.0,Medium,Yes,2.0,Medium,High,Public,Negative,4.0,No,High School,Near,Female,61
22.0,99.0,Medium,High,Yes,9.0,95.0,Medium,Yes,2.0,Low,Low,Public,Negative,4.0,Yes,High School,Near,Male,71
7.0,92.0,Low,Medium,Yes,4.0,51.0,Medium,Yes,0.0,High,Medium,Public,Positive,1.0,No,High School,Near,Female,63
26.0,72.0,Medium,Low,No,7.0,72.0,Low,Yes,2.0,Medium,Low,Public,Neutral,4.0,No,High School,Near,Female,65
19.0,94.0,High,Low,Yes,7.0,75.0,Medium,Yes,2.0,High,Medium,Public,Negative,5.0,No,College,Near,Female,71
39.0,90.0,High,High,No,8.0,92.0,High,Yes,2.0,Medium,High,Private,Neutral,1.0,No,High School,Near,Female,78
34.0,72.0,Medium,High,Yes,9.0,88.0,Low,Yes,1.0,High,Medium,Private,Positive,3.0,No,Postgraduate,Near,Male,73
19.0,77.0,Low,Medium,No,5.0,90.0,Low,Yes,1.0,Low,High,Private,Neutral,3.0,No,College,Near,Female,65
19.0,67.0,Low,Medium,Yes,7.0,93.0,High,Yes,0.0,Medium,Medium,Public,Positive,4.0,No,Postgraduate,Near,Male,66
26.0,64.0,High,Low,Yes,8.0,74.0,Low,Yes,3.0,Medium,High,Public,Neutral,2.0,No,High School,Near,Male,66
30.0,89.0,Medium,Medium,No,6.0,89.0,Medium,Yes,3.0,High,Medium,Public,Neutral,3.0,No,Postgraduate,Moderate,Male,74
10.0,71.0,Medium,Low,No,10.0,53.0,Low,Yes,4.0,High,Medium,Private,Positive,3.0,No,High School,Near,Female,62
9.0,93.0,High,Low,Yes,6.0,72.0,Low,Yes,1.0,Medium,Medium,Public,Positive,2.0,No,College,Near,Female,66
16.0,100.0,High,High,No,7.0,52.0,Medium,Yes,4.0,Low,Medium,Public,Negative,4.0,No,High School,Near,Female,71
23.0,63.0,High,Medium,Yes,5.0,96.0,Medium,Yes,2.0,High,Medium,Public,Neutral,2.0,No,High School,Near,Female,67
23.0,79.0,High,Low,Yes,7.0,98.0,Low,Yes,0.0,Medium,High,Public,Neutral,4.0,No,College,Near,Female,69
26.0,92.0,Medium,High,No,4.0,54.0,Medium,Yes,2.0,High,Medium,Public,Positive,4.0,No,High School,Moderate,Male,72
13.0,92.0,High,High,Yes,7.0,77.0,Medium,Yes,2.0,High,Medium,Public,Positive,4.0,No,Postgraduate,Near,Male,72
6.0,90.0,Medium,Medium,Yes,9.0,66.0,Medium,Yes,2.0,Medium,High,Public,Positive,2.0,No,High School,Far,Male,65
25.0,74.0,High,High,No,5.0,67.0,High,Yes,1.0,Medium,Medium,Public,Positive,5.0,No,Postgraduate,Near,Male,71
15.0,78.0,Medium,Medium,No,5.0,73.0,Medium,Yes,0.0,High,High,Private,Positive,1.0,Yes,College,Near,Male,64
8.0,84.0,Medium,Low,Yes,9.0,56.0,Low,Yes,1.0,Low,Medium,Public,Positive,2.0,No,High School,Moderate,Male,61
21.0,99.0,Medium,Low,Yes,9.0,59.0,Low,Yes,1.0,High,High,Public,Negative,2.0,No,College,Moderate,Female,69
25.0,73.0,Low,Medium,Yes,5.0,79.0,Medium,Yes,1.0,Low,Medium,Private,Neutral,5.0,No,High School,Moderate,Female,65
19.0,97.0,Medium,Low,Yes,10.0,51.0,High,Yes,3.0,Low,High,Public,Neutral,4.0,No,College,Far,Female,69
17.0,71.0,Medium,Medium,No,8.0,80.0,Low,Yes,2.0,High,Low,Public,Neutral,3.0,No,High School,Near,Female,64
19.0,100.0,Medium,Low,Yes,9.0,66.0,High,Yes,1.0,High,Medium,Public,Negative,4.0,Yes,Postgraduate,Moderate,Male,69
18.0,87.0,Medium,Medium,Yes,6.0,92.0,Low,Yes,1.0,Low,Medium,Private,Neutral,4.0,No,High School,Near,Female,68
12.0,79.0,Medium,Low,No,9.0,80.0,Low,Yes,1.0,High,Medium,Public,Positive,2.0,No,College,Moderate,Male,63
16.0,85.0,Low,Medium,No,7.0,85.0,High,Yes,1.0,Medium,High,Public,Neutral,2.0,No,High School,Near,Male,66
23.0,71.0,Medium,Medium,No,7.0,56.0,Low,Yes,1.0,Medium,,Private,Positive,4.0,No,,Near,Female,65
22.0,71.0,High,Medium,Yes,8.0,63.0,Medium,Yes,2.0,Medium,High,Public,Negative,2.0,No,High School,Moderate,Male,66
21.0,65.0,Medium,Medium,No,6.0,100.0,Medium,Yes,3.0,Medium,Medium,Public,Neutral,4.0,No,Postgraduate,Near,Male,67
14.0,65.0,Medium,High,Yes,5.0,72.0,Low,Yes,3.0,Low,High,Private,Negative,2.0,No,High School,Near,Male,62
19.0,74.0,Medium,High,Yes,7.0,68.0,Medium,Yes,2.0,Low,High,Public,Negative,2.0,No,High School,Near,Female,66
7.0,91.0,High,Medium,No,7.0,94.0,High,No,3.0,High,Medium,Public,Neutral,3.0,No,Postgraduate,Moderate,Female,68
21.0,84.0,Medium,Medium,Yes,6.0,52.0,Medium,Yes,2.0,High,High,Public,Negative,5.0,No,High School,Moderate,Male,68
29.0,64.0,Low,Medium,No,9.0,77.0,Medium,Yes,0.0,Low,High,Public,Negative,2.0,No,High School,Moderate,Female,63
11.0,94.0,High,Low,Yes,10.0,61.0,Medium,Yes,1.0,Medium,Low,Public,Neutral,3.0,No,College,Moderate,Male,66
16.0,84.0,High,Low,No,6.0,68.0,Low,No,3.0,Medium,Medium,Private,Neutral,3.0,No,,Near,Male,65
22.0,98.0,High,Medium,Yes,7.0,60.0,Medium,Yes,1.0,High,Medium,Public,Positive,1.0,No,High School,Near,Male,72
28.0,87.0,Medium,Medium,No,6.0,52.0,Medium,Yes,4.0,Low,Low,Private,Neutral,3.0,No,Postgraduate,Near,Female,70
17.0,67.0,High,Low,No,10.0,71.0,Medium,Yes,1.0,Medium,Medium,Public,Positive,3.0,No,High School,Near,Male,63
16.0,79.0,Medium,Medium,No,8.0,89.0,Medium,Yes,0.0,Low,High,Private,Neutral,4.0,No,High School,Near,Male,65
8.0,86.0,High,Low,Yes,8.0,98.0,Low,Yes,1.0,Low,Medium,Private,Neutral,1.0,No,College,Near,Male,65
21.0,61.0,High,High,No,9.0,81.0,Medium,Yes,1.0,Medium,Medium,Private,Neutral,3.0,No,Postgraduate,Near,Male,66
32.0,61.0,High,Medium,Yes,7.0,69.0,High,Yes,0.0,High,Medium,Public,Positive,3.0,No,High School,Moderate,Female,68
22.0,65.0,Medium,Low,Yes,7.0,88.0,Low,No,2.0,Medium,Medium,Public,Positive,4.0,No,College,Near,Male,64
20.0,70.0,High,Medium,No,9.0,75.0,Low,Yes,3.0,Medium,Medium,Public,Neutral,4.0,No,College,Moderate,Male,66
22.0,77.0,Low,Medium,Yes,8.0,68.0,Medium,Yes,3.0,High,High,Public,Positive,4.0,No,High School,Moderate,Male,68
20.0,79.0,Low,Medium,Yes,6.0,59.0,Medium,Yes,0.0,Low,Medium,Public,Positive,2.0,No,High School,Moderate,Male,64
15.0,66.0,Medium,Medium,No,6.0,90.0,Low,Yes,2.0,Medium,Medium,Public,Negative,3.0,No,College,Far,Female,62
25.0,87.0,Medium,Medium,Yes,6.0,75.0,Medium,No,0.0,Low,Medium,Private,Neutral,2.0,Yes,High School,Near,Male,67
21.0,84.0,Low,High,No,9.0,98.0,Medium,Yes,1.0,Low,Medium,Public,Negative,3.0,No,High School,Moderate,Male,67
20.0,72.0,Medium,Medium,No,9.0,90.0,Low,Yes,1.0,Medium,Medium,Private,Neutral,2.0,No,Postgraduate,Moderate,Male,65
14.0,61.0,Low,Medium,Yes,10.0,71.0,Medium,No,2.0,Low,Medium,Public,Neutral,4.0,No,High School,Near,Male,59
28.0,63.0,Medium,High,Yes,6.0,87.0,Low,Yes,0.0,Low,Medium,Public,Positive,2.0,No,High School,Moderate,Female,66
24.0,76.0,High,Low,No,7.0,73.0,Medium,Yes,4.0,Medium,Medium,Public,Neutral,2.0,No,High School,Near,Female,68
17.0,66.0,High,Medium,No,6.0,54.0,Medium,Yes,2.0,High,Low,Public,Positive,3.0,Yes,High School,Near,Female,63
26.0,75.0,Medium,Low,Yes,7.0,76.0,Medium,Yes,2.0,Medium,Medium,Public,Neutral,3.0,No,College,Near,Male,68
17.0,85.0,High,Low,Yes,8.0,93.0,Low,Yes,2.0,Medium,High,Public,Positive,3.0,No,College,Far,Female,68
15.0,82.0,Medium,Medium,Yes,7.0,93.0,Medium,Yes,3.0,Low,High,Public,Negative,2.0,No,High School,Moderate,Female,66
15.0,69.0,High,Low,No,9.0,79.0,Low,Yes,1.0,Medium,,Private,Positive,2.0,No,High School,Moderate,Female,63
9.0,74.0,Medium,Low,No,6.0,69.0,Low,Yes,3.0,Low,Medium,Private,Positive,2.0,No,,Moderate,Female,61
23.0,85.0,High,Medium,Yes,8.0,51.0,Low,Yes,0.0,High,Low,Public,Negative,4.0,No,College,Near,Female,68
9.0,94.0,High,Low,No,6.0,66.0,Low,Yes,0.0,Low,High,Public,Positive,3.0,No,College,Near,Male,66
13.0,90.0,Medium,High,No,4.0,99.0,High,Yes,1.0,High,Medium,Public,Neutral,4.0,Yes,College,Moderate,Male,69
8.0,82.0,Medium,High,Yes,5.0,86.0,Medium,No,0.0,Low,Medium,Public,Negative,3.0,No,Postgraduate,Near,Female,64
19.0,74.0,Medium,Medium,No,7.0,86.0,High,Yes,1.0,High,Medium,Private,Positive,3.0,No,Postgraduate,Near,Male,68
19.0,75.0,Medium,High,No,10.0,88.0,Low,Yes,0.0,Low,High,Public,Positive,2.0,No,High School,Near,Female,66
18.0,95.0,Medium,Medium,No,6.0,81.0,Medium,Yes,0.0,Low,Medium,Public,Positive,3.0,Yes,High School,Near,Female,68
14.0,62.0,Medium,High,Yes,7.0,79.0,Low,Yes,2.0,Medium,Medium,Private,Positive,2.0,No,High School,Moderate,Female,62
13.0,100.0,Medium,Low,Yes,8.0,73.0,Low,Yes,1.0,Low,Medium,Public,Neutral,3.0,No,Postgraduate,Near,Male,68
23.0,87.0,Medium,High,No,6.0,72.0,Medium,Yes,1.0,Low,High,Private,Negative,3.0,No,College,Moderate,Male,69
17.0,87.0,High,High,Yes,6.0,94.0,Medium,Yes,2.0,Low,Medium,Private,Neutral,3.0,No,High School,Moderate,Male,70
22.0,62.0,High,Medium,Yes,7.0,70.0,Low,Yes,4.0,Low,Medium,Public,Negative,2.0,No,College,Near,Female,65
15.0,84.0,Low,Medium,Yes,6.0,92.0,Medium,Yes,3.0,Medium,Medium,Public,Positive,3.0,No,College,Near,Female,68
21.0,79.0,Medium,High,No,4.0,92.0,Low,Yes,0.0,Low,Medium,Public,Negative,2.0,No,Postgraduate,Near,Female,67
28.0,64.0,Low,Medium,Yes,6.0,89.0,Medium,Yes,0.0,Low,Low,Public,Neutral,4.0,No,College,Far,Male,64
24.0,71.0,Low,Medium,No,8.0,52.0,Medium,No,2.0,Medium,Medium,Public,Negative,3.0,No,College,,Female,63
18.0,96.0,Medium,Low,Yes,8.0,57.0,Medium,Yes,1.0,Medium,Medium,Public,Negative,2.0,No,High School,Near,Female,67
22.0,82.0,High,Low,No,9.0,66.0,Medium,Yes,1.0,Low,High,Private,Negative,3.0,No,High School,Moderate,Male,66
19.0,77.0,High,Low,Yes,9.0,92.0,Medium,Yes,2.0,Low,Medium,Public,Positive,4.0,No,High School,Near,Female,67
20.0,63.0,Medium,Medium,Yes,6.0,94.0,Medium,No,2.0,Medium,Medium,Public,Neutral,3.0,No,High School,Far,Female,63
18.0,89.0,Medium,Medium,Yes,6.0,52.0,Medium,Yes,3.0,High,High,Public,Positive,3.0,No,High School,Moderate,Female,69
19.0,88.0,High,High,No,6.0,66.0,Medium,Yes,3.0,Medium,Medium,Public,Positive,2.0,No,High School,Near,Female,70
21.0,85.0,High,Medium,Yes,7.0,93.0,Medium,Yes,0.0,High,Medium,Public,Neutral,4.0,No,High School,Moderate,Male,70
14.0,80.0,High,Medium,No,6.0,62.0,Medium,Yes,0.0,High,Medium,Private,Negative,2.0,No,Postgraduate,Near,Male,65
14.0,77.0,Low,Low,No,7.0,99.0,Low,Yes,2.0,Medium,Medium,Public,Positive,2.0,No,Postgraduate,Moderate,Female,64
12.0,84.0,Medium,High,Yes,6.0,74.0,High,Yes,1.0,Medium,High,Public,Negative,3.0,No,College,Moderate,Female,67
10.0,69.0,Low,Medium,No,8.0,97.0,Medium,Yes,1.0,Medium,Medium,Private,Negative,3.0,No,High School,Near,Female,61
13.0,98.0,Medium,High,Yes,6.0,71.0,Medium,Yes,1.0,Low,High,Private,Positive,1.0,No,College,Near,Female,70
21.0,84.0,High,Low,No,6.0,66.0,High,Yes,2.0,High,Medium,Private,Positive,4.0,Yes,College,Far,Male,68
15.0,72.0,Medium,Medium,Yes,8.0,68.0,High,Yes,0.0,Medium,Medium,Public,Positive,2.0,No,High School,Near,Female,64
23.0,78.0,High,Medium,No,8.0,94.0,Medium,Yes,1.0,High,Medium,Private,Neutral,2.0,Yes,High School,Moderate,Male,68
20.0,92.0,Medium,Low,No,7.0,67.0,Low,Yes,1.0,Medium,Medium,Public,Positive,5.0,No,High School,Near,Male,68
8.0,66.0,High,High,Yes,8.0,83.0,Medium,Yes,0.0,Low,Medium,Private,Positive,4.0,No,College,,Male,63
24.0,72.0,Low,Medium,Yes,8.0,73.0,Low,Yes,1.0,Low,Medium,Public,Positive,2.0,No,College,Moderate,Female,65
25.0,87.0,Low,Medium,Yes,10.0,97.0,Medium,Yes,4.0,Low,Low,Private,Neutral,3.0,Yes,High School,Near,Female,69
14.0,73.0,Medium,High,No,8.0,58.0,Medium,Yes,2.0,Low,High,Public,Negative,2.0,No,College,Moderate,Male,63
23.0,92.0,Low,Medium,Yes,10.0,71.0,Medium,Yes,1.0,Low,Medium,Public,Neutral,3.0,No,College,Near,Male,69
15.0,65.0,High,Low,Yes,7.0,56.0,Medium,No,3.0,High,Medium,Private,Positive,3.0,Yes,High School,Near,Female,61
21.0,91.0,Low,High,Yes,9.0,79.0,Medium,Yes,2.0,Low,Medium,Private,Neutral,3.0,No,College,Far,Female,69
12.0,63.0,High,Medium,No,9.0,70.0,Low,Yes,1.0,High,Low,Public,Positive,3.0,No,College,Near,Female,62
9.0,61.0,Low,High,Yes,7.0,53.0,Medium,Yes,0.0,Medium,Medium,Public,Positive,2.0,Yes,Postgraduate,Far,Male,58
18.0,96.0,Medium,High,Yes,6.0,92.0,Medium,Yes,2.0,Medium,Medium,Public,Positive,3.0,No,High School,Far,Male,71
19.0,83.0,High,Low,No,6.0,69.0,Medium,Yes,5.0,Medium,Medium,Private,Positive,2.0,No,Postgraduate,Far,Male,69
18.0,74.0,High,Medium,No,8.0,75.0,High,Yes,1.0,High,High,Public,Positive,3.0,No,Postgraduate,Moderate,Male,68
13.0,69.0,Medium,Low,No,5.0,70.0,Medium,Yes,0.0,Medium,High,Private,Negative,2.0,No,College,Near,Male,61
18.0,85.0,High,Medium,Yes,6.0,74.0,Medium,Yes,3.0,Low,Medium,Private,Negative,2.0,No,College,Far,Male,67
22.0,80.0,Medium,High,Yes,9.0,51.0,Medium,Yes,2.0,Medium,Medium,Public,Negative,3.0,No,Postgraduate,Near,Male,68
20.0,100.0,Medium,Medium,Yes,8.0,91.0,Medium,Yes,3.0,Low,Medium,Public,Positive,3.0,No,High School,Near,Male,72
21.0,99.0,High,Low,Yes,4.0,67.0,Medium,Yes,1.0,Medium,Medium,Private,Negative,4.0,No,College,Near,Female,71
16.0,85.0,Medium,Medium,Yes,5.0,86.0,Low,No,3.0,Medium,Medium,Public,Positive,2.0,No,High School,Near,Male,67
27.0,78.0,Medium,Medium,No,10.0,53.0,Medium,Yes,3.0,Medium,Medium,Private,Neutral,4.0,Yes,Postgraduate,Moderate,Male,68
13.0,80.0,Medium,Medium,No,9.0,76.0,Medium,Yes,0.0,High,Medium,Public,Neutral,2.0,No,High School,Near,Female,64
23.0,87.0,Medium,High,No,6.0,95.0,High,Yes,3.0,High,Medium,Private,Positive,0.0,No,High School,Near,Female,73
27.0,64.0,Low,Medium,Yes,5.0,70.0,Medium,Yes,0.0,Low,High,Public,Positive,4.0,No,High School,Near,Female,65
23.0,73.0,Low,High,No,5.0,60.0,High,Yes,1.0,Medium,Medium,Private,Positive,2.0,No,Postgraduate,Near,Female,67
19.0,63.0,High,Medium,Yes,8.0,55.0,Low,Yes,0.0,Medium,Medium,Private,Positive,4.0,No,College,Moderate,Female,63
17.0,63.0,Medium,Medium,Yes,10.0,93.0,Medium,Yes,0.0,Low,Medium,Public,Positive,2.0,Yes,Postgraduate,Near,Female,63
26.0,68.0,Medium,Medium,Yes,10.0,62.0,High,Yes,4.0,Medium,Medium,Public,Neutral,2.0,No,Postgraduate,Near,Female,69
11.0,79.0,High,High,Yes,5.0,99.0,Medium,Yes,1.0,High,Low,Public,Positive,3.0,No,High School,Near,Female,68
14.0,91.0,Medium,Medium,Yes,7.0,62.0,Medium,Yes,2.0,Low,High,Public,Neutral,2.0,No,College,Near,Male,68
18.0,79.0,High,High,Yes,6.0,74.0,Medium,Yes,3.0,Low,Medium,Public,Positive,4.0,No,High School,Near,Male,69
27.0,73.0,High,High,Yes,7.0,73.0,High,Yes,5.0,High,High,Public,Negative,3.0,No,High School,Near,Female,73
22.0,63.0,High,High,Yes,5.0,53.0,High,Yes,3.0,Low,High,Public,Negative,2.0,No,High School,Near,Male,66
14.0,82.0,Medium,Medium,Yes,6.0,77.0,Medium,Yes,3.0,Medium,Medium,Public,Positive,3.0,No,College,Near,Female,68
18.0,71.0,Medium,Medium,No,6.0,84.0,Medium,Yes,2.0,Medium,Low,Public,Neutral,2.0,No,Postgraduate,Near,Male,65
16.0,85.0,Medium,Medium,No,8.0,87.0,High,Yes,4.0,Low,Medium,Private,Negative,3.0,No,High School,Far,Male,67
16.0,99.0,Medium,Medium,No,6.0,76.0,Low,Yes,2.0,Medium,Medium,Private,Positive,4.0,No,College,Near,Female,70
26.0,64.0,Medium,High,No,6.0,91.0,Medium,Yes,1.0,Low,Medium,Private,Neutral,4.0,No,High School,Moderate,Male,66
12.0,68.0,Medium,High,No,8.0,88.0,High,Yes,3.0,Low,Medium,Public,Negative,3.0,No,Postgraduate,Moderate,Female,64
30.0,79.0,Medium,High,No,9.0,60.0,Medium,Yes,1.0,Low,Medium,Public,Neutral,3.0,No,High School,Near,Female,69
25.0,99.0,Low,Medium,No,10.0,70.0,Medium,Yes,1.0,Medium,Medium,Public,Positive,5.0,No,College,Far,Female,71
27.0,91.0,Medium,Low,No,8.0,57.0,Medium,Yes,0.0,Low,Low,Private,Neutral,4.0,No,Postgraduate,Moderate,Male,68
17.0,96.0,High,Medium,No,7.0,57.0,Low,Yes,2.0,Medium,Medium,Private,Negative,3.0,No,College,Moderate,Female,68
19.0,73.0,Low,Medium,Yes,9.0,86.0,High,Yes,0.0,Medium,High,Public,Positive,3.0,No,College,Near,Female,66
11.0,100.0,Low,High,No,9.0,77.0,Medium,Yes,2.0,Medium,High,Public,Positive,3.0,No,Postgraduate,Near,Female,70
17.0,64.0,Medium,High,No,8.0,80.0,Medium,Yes,0.0,High,High,Public,Positive,2.0,No,Postgraduate,Near,Female,65
23.0,62.0,Medium,Low,Yes,5.0,87.0,Medium,Yes,1.0,Medium,Medium,Public,Negative,4.0,No,High School,Near,Female,63
28.0,94.0,Low,Medium,Yes,9.0,64.0,Medium,Yes,0.0,Medium,Medium,Public,Neutral,3.0,No,High School,Moderate,Female,70
13.0,97.0,Low,Medium,Yes,8.0,70.0,Medium,Yes,0.0,High,Medium,Private,Neutral,2.0,No,Postgraduate,Moderate,Female,67
18.0,64.0,Medium,Medium,No,6.0,80.0,Medium,Yes,1.0,Medium,Medium,Public,Positive,5.0,Yes,High School,Near,Male,63
19.0,65.0,High,Medium,No,6.0,55.0,Medium,Yes,1.0,Low,High,Public,Positive,3.0,No,Postgraduate,Moderate,Male,64
12.0,61.0,Low,Medium,Yes,8.0,92.0,Medium,Yes,2.0,High,Medium,Public,Neutral,4.0,Yes,High School,Moderate,Male,60
24.0,64.0,Medium,Medium,Yes,4.0,67.0,Low,Yes,0.0,Low,Medium,Public,Neutral,1.0,No,High School,Near,Male,62
16.0,68.0,Medium,High,No,7.0,83.0,High,Yes,2.0,Low,High,Public,Positive,2.0,No,High School,Near,Female,65
19.0,99.0,Low,Low,No,6.0,100.0,Medium,Yes,0.0,High,Low,Private,Negative,3.0,No,Postgraduate,Near,Male,69
17.0,87.0,Medium,High,Yes,6.0,74.0,Low,Yes,1.0,Low,High,Private,Neutral,3.0,No,College,Moderate,Female,68
15.0,91.0,Medium,Medium,No,6.0,61.0,Medium,No,1.0,Medium,High,Public,Positive,2.0,No,High School,Moderate,Male,66
20.0,91.0,High,High,Yes,5.0,61.0,Low,Yes,4.0,Low,Medium,Public,Positive,2.0,No,Postgraduate,Near,Male,72
19.0,81.0,Medium,High,Yes,9.0,53.0,Medium,Yes,2.0,High,Medium,Public,Positive,3.0,No,High School,Near,Male,68
18.0,92.0,Medium,Medium,No,4.0,88.0,Medium,Yes,3.0,High,Medium,Public,Neutral,2.0,No,High School,Moderate,Male,69
16.0,84.0,Medium,Medium,No,7.0,65.0,Low,Yes,1.0,High,High,Public,Negative,3.0,No,High School,Moderate,Male,65
22.0,73.0,High,Medium,Yes,6.0,59.0,Low,Yes,0.0,Low,Medium,Public,Positive,1.0,No,High School,Near,Male,65
30.0,82.0,Low,Medium,Yes,10.0,86.0,Low,Yes,2.0,Low,High,Public,Neutral,4.0,No,High School,Near,Female,70
21.0,81.0,Medium,Low,Yes,7.0,65.0,High,Yes,1.0,Medium,Medium,Public,Positive,2.0,No,College,Moderate,Male,67
26.0,93.0,High,Medium,No,4.0,80.0,Medium,Yes,4.0,Low,Medium,Private,Positive,3.0,Yes,College,Near,Male,73
12.0,99.0,High,High,No,8.0,71.0,Medium,Yes,2.0,Medium,Low,Public,Neutral,2.0,No,College,Near,Female,70
21.0,76.0,Medium,Medium,Yes,5.0,67.0,Medium,Yes,1.0,High,Low,Private,Positive,3.0,No,High School,Moderate,Male,66
13.0,91.0,Medium,Medium,Yes,8.0,74.0,Medium,Yes,1.0,Low,Medium,Private,Positive,1.0,No,Postgraduate,Near,Male,68
11.0,64.0,Medium,Medium,Yes,8.0,66.0,Medium,Yes,2.0,Low,Medium,Public,Positive,2.0,No,College,Moderate,Male,61
16.0,91.0,Medium,High,No,9.0,94.0,Low,Yes,0.0,High,Medium,Public,Positive,3.0,No,Postgraduate,Near,Male,70
27.0,75.0,Medium,Low,Yes,7.0,54.0,Low,Yes,2.0,Medium,Medium,Public,Negative,3.0,No,Postgraduate,Near,Female,66
26.0,62.0,High,Medium,Yes,8.0,52.0,Medium,Yes,4.0,Low,Medium,Public,Neutral,5.0,No,College,Near,Male,67
21.0,75.0,High,High,No,7.0,70.0,High,Yes,1.0,Medium,High,Private,Neutral,3.0,No,Postgraduate,Near,Female,69
11.0,84.0,Medium,Low,Yes,6.0,59.0,Low,Yes,2.0,Medium,Medium,Public,Positive,3.0,No,High School,Near,Female,64
19.0,65.0,High,Medium,Yes,9.0,87.0,Low,Yes,0.0,High,High,Public,Positive,2.0,No,College,Moderate,Male,65
22.0,97.0,High,Medium,Yes,5.0,68.0,Low,Yes,7.0,Medium,High,Private,Negative,5.0,No,College,Near,Female,75
21.0,63.0,High,Medium,No,7.0,63.0,Medium,Yes,2.0,Medium,Medium,Public,Neutral,2.0,No,High School,Far,Male,63
9.0,97.0,High,Medium,No,6.0,68.0,Low,Yes,5.0,Medium,Medium,Private,Neutral,3.0,No,College,Near,Male,69
15.0,88.0,Medium,High,Yes,8.0,61.0,Low,Yes,2.0,Medium,High,Public,Positive,4.0,Yes,High School,Near,Male,68
20.0,73.0,Medium,Low,Yes,6.0,65.0,Medium,Yes,2.0,High,High,Private,Positive,2.0,No,College,Near,Male,66
23.0,76.0,Low,Medium,Yes,6.0,78.0,Low,Yes,2.0,High,Medium,Public,Positive,2.0,No,High School,Moderate,Female,66
7.0,90.0,Low,Medium,Yes,7.0,93.0,Low,Yes,4.0,Medium,Medium,Public,Neutral,3.0,No,College,Near,Male,66
19.0,84.0,Medium,Medium,Yes,9.0,69.0,Medium,Yes,2.0,Medium,Low,Public,Neutral,4.0,No,College,Near,Female,68
21.0,87.0,Low,Medium,Yes,6.0,66.0,Medium,Yes,1.0,Low,Low,Public,Negative,2.0,No,High School,Moderate,Female,65
25.0,76.0,Medium,High,No,6.0,89.0,High,Yes,3.0,Low,Medium,Public,Neutral,3.0,No,College,Near,Male,70
24.0,80.0,Medium,High,No,5.0,51.0,Medium,Yes,3.0,High,Low,Public,Positive,2.0,No,High School,Near,Female,68
23.0,100.0,Medium,Medium,No,6.0,65.0,Low,Yes,1.0,Medium,High,Public,Neutral,2.0,Yes,High School,Near,Female,70
15.0,69.0,Low,Medium,No,8.0,73.0,Medium,Yes,2.0,Medium,Medium,Public,Neutral,2.0,No,High School,Moderate,Male,61
9.0,77.0,Low,Low,No,7.0,80.0,Medium,Yes,3.0,Medium,Medium,Public,Positive,3.0,Yes,High School,Near,Male,61
18.0,72.0,Low,High,No,7.0,58.0,Low,Yes,6.0,Low,Medium,Public,Positive,0.0,No,High School,Moderate,Male,64
26.0,91.0,Low,Medium,No,10.0,72.0,Low,Yes,4.0,High,Medium,Public,Neutral,3.0,No,College,Moderate,Male,71
28.0,91.0,High,Medium,Yes,4.0,78.0,Low,Yes,1.0,Medium,Low,Public,Positive,3.0,No,High School,Moderate,Male,72
24.0,72.0,Medium,High,Yes,10.0,76.0,High,No,1.0,Low,Medium,Public,Negative,3.0,No,High School,Near,Male,66
23.0,63.0,Medium,Medium,Yes,9.0,79.0,High,Yes,0.0,Low,Medium,Private,Negative,4.0,No,High School,Far,Female,63
22.0,60.0,Low,Low,No,7.0,83.0,Medium,No,3.0,Medium,Medium,Public,Positive,1.0,No,College,Near,Female,62
17.0,77.0,Medium,Medium,Yes,8.0,69.0,Low,Yes,3.0,High,Medium,Public,Neutral,3.0,Yes,,Near,Male,65
19.0,76.0,Medium,Medium,Yes,6.0,53.0,Medium,Yes,2.0,Medium,Medium,Public,Positive,5.0,No,High School,Near,Male,66
30.0,100.0,Low,High,No,7.0,53.0,Medium,Yes,2.0,Low,High,Private,Neutral,3.0,No,High School,Moderate,Male,72
14.0,79.0,High,Medium,Yes,10.0,93.0,Medium,Yes,2.0,Medium,Medium,Public,Neutral,3.0,No,College,Near,Male,68
30.0,70.0,High,Low,No,6.0,84.0,High,Yes,2.0,Medium,Medium,Public,Positive,3.0,No,Postgraduate,Near,Male,70
18.0,96.0,Medium,Medium,Yes,7.0,88.0,Medium,Yes,1.0,Medium,High,Private,Negative,3.0,No,High School,Moderate,Female,70
28.0,80.0,Medium,High,No,6.0,96.0,High,Yes,2.0,Low,Medium,Public,Positive,6.0,No,High School,Near,Male,73
12.0,84.0,Medium,High,No,6.0,88.0,High,No,2.0,High,High,Public,Positive,2.0,No,High School,Near,Male,67
24.0,64.0,Medium,Low,No,6.0,85.0,Medium,Yes,3.0,Medium,Medium,Public,Positive,2.0,No,Postgraduate,Moderate,Male,65
16.0,75.0,High,Low,Yes,5.0,83.0,Medium,Yes,1.0,Medium,High,Private,Negative,3.0,No,College,Moderate,Female,65
12.0,98.0,Low,Medium,No,7.0,63.0,Medium,Yes,0.0,High,Medium,Private,Neutral,3.0,Yes,High School,Near,Female,65
21.0,84.0,Medium,Medium,Yes,7.0,98.0,Medium,Yes,0.0,Medium,Medium,Public,Neutral,4.0,No,College,Near,Male,70
26.0,74.0,Medium,Low,Yes,6.0,77.0,Medium,Yes,3.0,Medium,Medium,Private,Negative,2.0,No,High School,Far,Male,66
15.0,85.0,Medium,Medium,Yes,4.0,61.0,Medium,Yes,0.0,Medium,Low,Public,Neutral,1.0,No,College,Near,Male,65
11.0,96.0,High,High,No,7.0,60.0,Medium,Yes,2.0,Low,Medium,Public,Neutral,1.0,No,High School,Near,Male,68
19.0,71.0,Medium,Medium,Yes,7.0,91.0,Medium,Yes,3.0,High,Medium,Public,Negative,1.0,No,High School,Moderate,Female,66
19.0,80.0,Low,Medium,Yes,10.0,63.0,High,No,1.0,Medium,Medium,Public,Neutral,2.0,No,College,Near,Female,65
23.0,98.0,Medium,High,Yes,7.0,52.0,Low,Yes,2.0,Low,High,Private,Positive,4.0,Yes,High School,Near,Female,71
26.0,67.0,Low,Medium,Yes,8.0,71.0,Medium,Yes,2.0,High,Medium,Private,Negative,3.0,No,High School,Near,Male,65
20.0,89.0,Low,Medium,Yes,6.0,91.0,High,Yes,0.0,Medium,Medium,Private,Positive,4.0,No,College,Near,Male,70
31.0,85.0,Medium,Medium,Yes,9.0,71.0,Low,Yes,0.0,Medium,High,Public,Negative,2.0,Yes,College,Moderate,Female,69
21.0,87.0,Medium,Medium,No,6.0,90.0,High,Yes,3.0,High,Medium,Public,Negative,4.0,No,High School,Near,Male,71
18.0,74.0,Medium,High,Yes,8.0,91.0,Medium,Yes,0.0,Medium,High,Private,Positive,2.0,No,High School,Near,Female,67
10.0,73.0,Medium,Medium,Yes,8.0,93.0,High,Yes,3.0,Low,Medium,Public,Positive,2.0,Yes,,Moderate,Male,64
18.0,87.0,Low,Low,No,8.0,79.0,High,Yes,1.0,Low,High,Public,Negative,4.0,No,College,Near,Male,82
18.0,69.0,Medium,High,Yes,10.0,85.0,Medium,Yes,2.0,High,Medium,Private,Positive,0.0,No,College,Moderate,Female,66
26.0,77.0,Low,Medium,Yes,6.0,63.0,Low,Yes,1.0,Low,High,Public,Negative,4.0,No,High School,Near,Male,66
23.0,68.0,High,Medium,Yes,9.0,55.0,Medium,Yes,1.0,Medium,Medium,Public,Positive,3.0,No,High School,Moderate,Male,65
13.0,60.0,Medium,Medium,No,9.0,77.0,Low,Yes,2.0,Medium,High,Private,Positive,5.0,Yes,High School,Near,Male,61
21.0,99.0,Medium,High,No,7.0,51.0,High,Yes,2.0,Medium,Low,Private,Neutral,2.0,No,Postgraduate,Near,Female,72
24.0,77.0,High,Medium,Yes,10.0,73.0,Medium,Yes,3.0,Medium,Medium,Public,Positive,3.0,No,High School,Near,Male,70
29.0,99.0,Medium,Medium,Yes,7.0,55.0,Low,Yes,0.0,Medium,Medium,Private,Positive,3.0,No,High School,Moderate,Male,71
25.0,66.0,High,Medium,Yes,7.0,55.0,Medium,Yes,4.0,Medium,Medium,Public,Neutral,2.0,Yes,High School,Moderate,Female,84
25.0,83.0,High,High,Yes,7.0,94.0,Low,Yes,2.0,Low,High,Public,Positive,3.0,Yes,College,Moderate,Male,72
20.0,68.0,Medium,High,Yes,5.0,82.0,Medium,No,1.0,Low,High,Public,Positive,3.0,No,Postgraduate,Near,Female,67
22.0,92.0,High,Low,No,8.0,82.0,Medium,Yes,2.0,Medium,Medium,Private,Neutral,5.0,No,Postgraduate,Near,Male,72
27.0,91.0,Low,High,Yes,8.0,70.0,Low,Yes,1.0,Medium,Low,Public,Neutral,6.0,No,High School,Moderate,Female,70
12.0,65.0,Medium,High,No,7.0,71.0,Medium,Yes,1.0,Low,High,Public,Neutral,4.0,No,High School,Moderate,Male,62
18.0,96.0,High,Medium,Yes,10.0,65.0,Low,Yes,3.0,Medium,Medium,Public,Positive,2.0,No,College,Moderate,Female,71
15.0,68.0,Low,Medium,No,6.0,72.0,Low,Yes,3.0,High,Low,Public,Neutral,3.0,No,High School,Near,Female,62
22.0,85.0,Medium,Medium,Yes,4.0,79.0,Low,Yes,1.0,Low,Low,Public,Positive,3.0,No,High School,Near,Female,68
27.0,99.0,High,Medium,No,10.0,59.0,High,Yes,2.0,Low,Medium,Public,Positive,3.0,No,High School,Near,Male,74
16.0,95.0,High,High,No,9.0,63.0,Medium,No,0.0,Medium,Low,Private,Positive,3.0,No,High School,Near,Male,68
6.0,98.0,Medium,Low,No,8.0,75.0,Medium,Yes,1.0,High,Medium,Public,Neutral,3.0,Yes,Postgraduate,Far,Female,64
18.0,74.0,High,Medium,Yes,6.0,69.0,Medium,Yes,0.0,Low,Medium,Public,Positive,4.0,No,High School,Moderate,Male,65
25.0,64.0,Medium,Low,Yes,8.0,91.0,Medium,Yes,1.0,Low,Low,Public,Positive,5.0,No,College,Near,Male,66
23.0,68.0,Medium,High,No,5.0,91.0,Low,Yes,5.0,Low,Medium,Public,Neutral,1.0,No,College,Near,Female,68
23.0,80.0,Medium,Medium,No,7.0,67.0,Low,Yes,2.0,Low,High,Public,Neutral,4.0,No,High School,Near,Male,67
18.0,92.0,Medium,Medium,Yes,6.0,73.0,Low,Yes,1.0,Medium,High,Public,Neutral,5.0,Yes,High School,Moderate,Female,67
12.0,66.0,Medium,High,Yes,7.0,99.0,Low,Yes,2.0,Medium,Low,Public,Neutral,3.0,No,High School,Moderate,Male,63
23.0,86.0,Medium,High,Yes,8.0,91.0,Medium,Yes,2.0,Low,Medium,Public,Negative,1.0,No,College,Near,Female,71
15.0,73.0,Medium,High,No,5.0,61.0,Low,No,1.0,Low,High,Private,Positive,2.0,No,Postgraduate,Moderate,Male,63
33.0,74.0,Medium,Low,No,8.0,64.0,Medium,Yes,0.0,Medium,Medium,Public,Negative,3.0,Yes,High School,Near,Male,66
23.0,86.0,High,Medium,No,7.0,54.0,Low,Yes,2.0,Medium,Medium,Public,Negative,2.0,Yes,High School,Near,Female,67
17.0,79.0,Medium,High,Yes,8.0,84.0,Medium,Yes,0.0,Medium,Medium,Public,Neutral,2.0,No,High School,Moderate,Male,66
16.0,92.0,Medium,Medium,Yes,7.0,66.0,High,Yes,2.0,Medium,Medium,Public,Positive,4.0,No,Postgraduate,Moderate,Female,70
19.0,66.0,High,Medium,No,8.0,77.0,Low,No,3.0,Medium,Medium,Public,Negative,4.0,No,College,Moderate,Female,64
19.0,92.0,Medium,Medium,Yes,6.0,88.0,Low,Yes,1.0,High,Medium,Public,Positive,2.0,No,Postgraduate,Near,Male,71
27.0,63.0,High,High,Yes,4.0,92.0,Medium,Yes,0.0,Low,Medium,Public,Neutral,3.0,No,College,Near,Female,68
21.0,68.0,Low,Medium,Yes,5.0,66.0,Low,Yes,2.0,High,Medium,Private,Neutral,3.0,No,High School,Near,Male,64
16.0,86.0,Medium,Medium,Yes,6.0,62.0,Low,Yes,1.0,Low,High,Public,Positive,4.0,No,High School,Near,Female,66
31.0,94.0,Low,Medium,No,5.0,92.0,Low,Yes,1.0,High,Low,Private,Neutral,4.0,No,High School,Near,Male,72
20.0,70.0,Low,Medium,Yes,9.0,69.0,High,Yes,2.0,Medium,High,Public,Neutral,3.0,No,Postgraduate,Near,Female,66
25.0,73.0,Medium,High,Yes,7.0,91.0,Medium,Yes,0.0,Medium,High,Public,Neutral,4.0,No,,Near,Female,70
16.0,81.0,Medium,Medium,Yes,8.0,57.0,High,Yes,1.0,Medium,Medium,Private,Positive,2.0,No,High School,Near,Male,66
22.0,68.0,High,Medium,No,8.0,96.0,Medium,Yes,1.0,Medium,Medium,Public,Positive,3.0,No,Postgraduate,Moderate,Female,68
22.0,92.0,Medium,Low,Yes,7.0,74.0,High,Yes,2.0,Medium,Low,Public,Positive,4.0,No,College,Moderate,Male,70
9.0,91.0,Medium,Medium,No,10.0,59.0,High,Yes,0.0,Low,Medium,Private,Positive,2.0,No,College,Moderate,Male,64
32.0,66.0,High,High,Yes,10.0,77.0,High,Yes,3.0,Medium,Medium,Public,Neutral,1.0,No,College,Near,Male,71
28.0,79.0,Medium,High,Yes,9.0,94.0,Low,Yes,2.0,Low,Medium,Private,Positive,5.0,No,College,Near,Male,72
18.0,91.0,High,Medium,Yes,6.0,69.0,Medium,Yes,5.0,Low,High,Public,Positive,2.0,No,High School,Near,Male,71
13.0,73.0,Medium,Low,No,9.0,59.0,Medium,Yes,0.0,Medium,High,Public,Neutral,4.0,No,Postgraduate,Near,Male,63
22.0,85.0,Low,Medium,Yes,4.0,79.0,Medium,Yes,1.0,High,Low,Public,Positive,2.0,No,College,Near,Male,68
21.0,62.0,Medium,Medium,No,9.0,92.0,Medium,Yes,1.0,Medium,Medium,Private,Positive,4.0,Yes,High School,Near,Male,63
22.0,84.0,Medium,Medium,No,4.0,56.0,Medium,Yes,0.0,High,Low,Private,Positive,2.0,No,High School,Moderate,Male,66
21.0,66.0,Medium,Medium,Yes,7.0,52.0,High,Yes,1.0,Medium,Medium,Public,Neutral,3.0,No,High School,Far,Female,63
23.0,93.0,High,High,No,9.0,53.0,High,Yes,1.0,Low,Medium,Private,Neutral,4.0,No,College,Near,Female,72
29.0,74.0,Medium,High,Yes,8.0,62.0,High,Yes,3.0,Low,High,Public,Positive,3.0,Yes,Postgraduate,Moderate,Male,70
23.0,71.0,Medium,Medium,Yes,5.0,50.0,Medium,Yes,1.0,Low,High,Public,Positive,1.0,No,College,Near,Female,65
14.0,94.0,Medium,High,Yes,7.0,71.0,Medium,Yes,0.0,Medium,Medium,Private,Negative,3.0,Yes,College,Moderate,Female,67
28.0,62.0,Low,High,No,8.0,85.0,Medium,Yes,2.0,Low,High,Public,Positive,3.0,No,High School,Moderate,Female,66
30.0,76.0,Medium,Medium,Yes,7.0,86.0,Medium,Yes,1.0,Medium,High,Public,Neutral,2.0,Yes,Postgraduate,Far,Male,69
39.0,75.0,Medium,High,Yes,6.0,82.0,High,Yes,1.0,High,Low,Public,Negative,3.0,No,College,Near,Male,73
13.0,71.0,Medium,High,Yes,8.0,65.0,High,Yes,2.0,Medium,Medium,Public,Neutral,4.0,No,Postgraduate,Near,Female,66
21.0,96.0,Medium,Medium,Yes,9.0,87.0,Medium,Yes,0.0,Medium,Medium,Public,Neutral,6.0,Yes,High School,Near,Female,70
8.0,90.0,High,High,No,7.0,79.0,High,Yes,2.0,Low,Medium,Public,Negative,4.0,No,College,Near,Male,68
23.0,63.0,Low,Medium,Yes,9.0,93.0,Medium,Yes,2.0,Medium,High,Private,Positive,2.0,No,High School,Far,Male,65
17.0,89.0,Medium,Medium,No,7.0,74.0,Medium,Yes,1.0,Low,Medium,Private,Positive,2.0,No,Postgraduate,Moderate,Female,67
32.0,81.0,High,Medium,No,6.0,59.0,High,Yes,2.0,High,Medium,Public,Neutral,2.0,No,High School,Moderate,Female,71
15.0,96.0,High,High,No,9.0,82.0,Medium,Yes,2.0,Low,Low,Private,Neutral,3.0,No,High School,Near,Female,70
10.0,73.0,Medium,Low,Yes,9.0,58.0,Low,Yes,5.0,Low,Medium,Private,Negative,3.0,No,High School,Moderate,Male,61
17.0,83.0,High,Medium,Yes,6.0,98.0,Medium,Yes,0.0,Medium,Medium,Public,Positive,3.0,No,High School,Near,Male,69
8.0,80.0,Low,Medium,Yes,6.0,85.0,Medium,Yes,1.0,Low,High,Public,Negative,3.0,No,Postgraduate,Near,Male,63
25.0,80.0,Medium,Medium,Yes,10.0,88.0,Low,Yes,0.0,Low,High,Private,Negative,2.0,No,College,Moderate,Male,67
8.0,78.0,High,Medium,Yes,7.0,84.0,Medium,Yes,0.0,Medium,Medium,Public,Positive,2.0,No,College,Near,Male,65
20.0,68.0,High,Medium,Yes,7.0,55.0,High,Yes,0.0,Low,Low,Public,Positive,3.0,Yes,High School,Near,Female,63
8.0,90.0,Medium,Medium,No,7.0,73.0,High,Yes,3.0,High,Low,Private,Negative,4.0,No,Postgraduate,Near,Male,67
18.0,78.0,Low,High,Yes,9.0,83.0,Medium,Yes,2.0,Low,Medium,Private,Negative,2.0,No,Postgraduate,Moderate,Female,66
30.0,98.0,Low,Medium,Yes,10.0,61.0,Medium,Yes,0.0,Low,Medium,Public,Positive,3.0,No,Postgraduate,Moderate,Male,72
22.0,70.0,Medium,High,No,7.0,84.0,Low,Yes,3.0,Low,High,Public,Positive,5.0,No,High School,Near,Male,68
15.0,87.0,High,Medium,Yes,10.0,91.0,Medium,Yes,1.0,Low,Low,Public,Neutral,4.0,No,High School,Moderate,Male,67
20.0,98.0,Medium,Medium,Yes,6.0,64.0,Medium,Yes,1.0,High,High,Private,Positive,3.0,No,Postgraduate,Moderate,Male,72
20.0,87.0,Medium,High,Yes,7.0,60.0,Medium,Yes,0.0,Low,Medium,Public,Positive,2.0,Yes,High School,Far,Female,66
23.0,95.0,Medium,Medium,Yes,8.0,94.0,Medium,Yes,1.0,Medium,Medium,Public,Positive,4.0,No,High School,Near,Male,73
12.0,93.0,High,High,Yes,6.0,50.0,Low,Yes,4.0,High,High,Public,Positive,3.0,No,Postgraduate,Moderate,Male,71
24.0,74.0,Low,Low,Yes,8.0,63.0,High,Yes,1.0,Low,High,Public,Positive,3.0,No,High School,Moderate,Male,65
4.0,84.0,Medium,Medium,Yes,6.0,70.0,Medium,Yes,5.0,Medium,High,Private,Neutral,4.0,No,High School,Near,Male,65
16.0,66.0,High,Medium,Yes,5.0,84.0,Medium,Yes,2.0,Medium,Medium,Private,Neutral,3.0,No,High School,Near,Female,65
17.0,81.0,Medium,Medium,Yes,4.0,100.0,Low,Yes,2.0,Medium,High,Private,Neutral,2.0,No,College,Near,Male,68
24.0,69.0,High,Medium,No,7.0,69.0,Medium,No,7.0,High,Medium,Public,Positive,3.0,No,College,Near,Female,70
20.0,90.0,Medium,Low,Yes,8.0,97.0,Low,Yes,1.0,Medium,Low,Private,Neutral,2.0,No,High School,Near,Female,68
12.0,81.0,Low,Medium,Yes,5.0,68.0,High,Yes,0.0,Low,High,Private,Negative,2.0,No,High School,Near,Male,62
14.0,76.0,Medium,Medium,No,7.0,85.0,High,Yes,3.0,Low,Medium,Private,Neutral,3.0,No,College,Near,Male,66
21.0,71.0,Medium,Medium,No,7.0,58.0,Low,Yes,3.0,Low,Medium,Public,Negative,5.0,No,College,Near,Female,65
20.0,100.0,Medium,Medium,Yes,7.0,73.0,Medium,Yes,1.0,Low,Medium,Public,Neutral,4.0,No,College,Near,Female,71
17.0,63.0,Medium,Medium,No,6.0,94.0,Low,Yes,0.0,Medium,Medium,Public,Negative,2.0,No,High School,Moderate,Male,61
17.0,62.0,Medium,Medium,No,7.0,66.0,High,Yes,2.0,High,Medium,Public,Neutral,4.0,No,High School,Moderate,Male,63
24.0,69.0,Medium,High,Yes,7.0,55.0,Low,Yes,3.0,Medium,High,Public,Neutral,4.0,No,High School,Near,Male,67
17.0,99.0,Medium,Medium,No,8.0,76.0,Low,No,2.0,High,Medium,Public,Positive,4.0,No,Postgraduate,Near,Male,70
19.0,99.0,Medium,Medium,Yes,5.0,72.0,Low,Yes,3.0,Medium,High,Private,Neutral,4.0,No,Postgraduate,Near,Male,73
33.0,86.0,Medium,Medium,No,7.0,61.0,Medium,Yes,1.0,High,,Public,Positive,3.0,No,High School,Near,Male,72
11.0,95.0,Medium,Medium,Yes,5.0,95.0,Low,Yes,1.0,Low,High,Public,Positive,3.0,No,Postgraduate,Near,Male,69
9.0,69.0,Low,Medium,Yes,7.0,80.0,Medium,Yes,1.0,Medium,Medium,Private,Neutral,3.0,No,College,Moderate,Male,61
25.0,99.0,Medium,Medium,No,5.0,67.0,Medium,Yes,1.0,Low,High,Public,Neutral,3.0,No,,Near,Male,71
16.0,66.0,Medium,Medium,Yes,6.0,100.0,Medium,Yes,1.0,Medium,Medium,Public,Neutral,3.0,No,High School,Moderate,Female,64
18.0,64.0,Low,Medium,Yes,7.0,57.0,Medium,Yes,1.0,High,Medium,Public,Neutral,3.0,No,High School,Moderate,Male,61
15.0,64.0,Medium,Medium,No,6.0,92.0,Low,Yes,3.0,Low,Medium,Public,Negative,4.0,No,College,Near,Female,63
18.0,83.0,Medium,Low,Yes,9.0,62.0,High,Yes,2.0,Low,Medium,Public,Negative,2.0,No,High School,Near,Male,65
30.0,91.0,High,Medium,No,9.0,62.0,Low,Yes,3.0,Low,High,Public,Negative,4.0,No,Postgraduate,Near,Female,73
25.0,75.0,Medium,Low,Yes,8.0,75.0,High,Yes,2.0,High,High,Private,Negative,4.0,Yes,Postgraduate,Near,Male,68
25.0,99.0,Medium,Medium,No,8.0,83.0,Medium,Yes,1.0,Medium,Medium,Public,Neutral,2.0,No,College,Near,Female,72
12.0,77.0,Low,Low,Yes,7.0,85.0,Medium,Yes,1.0,Medium,Medium,Public,Positive,3.0,No,College,Far,Male,62
13.0,66.0,High,Medium,Yes,9.0,51.0,Low,Yes,3.0,Medium,Medium,Private,Positive,2.0,No,Postgraduate,Moderate,Male,63
3.0,79.0,Low,Medium,Yes,7.0,64.0,Low,Yes,0.0,Medium,Medium,Public,Negative,3.0,No,Postgraduate,Far,Female,58
15.0,87.0,Medium,Medium,No,10.0,83.0,Medium,Yes,1.0,High,High,Private,Positive,3.0,No,High School,Near,Male,68
26.0,93.0,High,High,Yes,6.0,94.0,Low,Yes,1.0,Medium,High,Public,Negative,2.0,No,High School,Near,Female,74
23.0,78.0,Medium,Medium,Yes,5.0,83.0,Medium,Yes,1.0,Medium,Medium,Public,Positive,3.0,No,High School,Near,Male,68
19.0,84.0,Medium,Medium,Yes,5.0,63.0,Medium,Yes,1.0,High,Medium,Private,Positive,2.0,No,High School,Near,Male,67
20.0,71.0,Medium,Medium,Yes,5.0,75.0,Low,Yes,0.0,Medium,Medium,Private,Positive,4.0,No,High School,Near,Male,65
16.0,86.0,Low,Low,Yes,5.0,82.0,Low,Yes,0.0,Low,Medium,Public,Neutral,4.0,No,High School,Moderate,Female,63
21.0,99.0,Medium,Low,No,7.0,57.0,High,Yes,2.0,Medium,Medium,Public,Neutral,2.0,No,Postgraduate,Near,Male,71
25.0,62.0,Medium,Low,Yes,8.0,77.0,Medium,Yes,0.0,Medium,Low,Public,Negative,4.0,No,College,Far,Female,62
10.0,95.0,High,Low,Yes,7.0,74.0,High,Yes,2.0,Low,Medium,Public,Negative,3.0,No,High School,Far,Male,66
22.0,82.0,Low,Medium,No,5.0,67.0,Low,Yes,1.0,Low,High,Private,Neutral,1.0,Yes,Postgraduate,Near,Female,65
26.0,70.0,High,Medium,No,6.0,81.0,Low,Yes,0.0,Low,High,Public,Neutral,3.0,No,High School,Moderate,Male,66
18.0,98.0,High,Low,No,8.0,82.0,Medium,Yes,3.0,Medium,High,Public,Negative,3.0,No,College,Near,Male,71
24.0,79.0,Low,High,No,6.0,99.0,High,No,2.0,Low,High,Public,Negative,3.0,No,High School,Near,Male,68
37.0,73.0,Medium,High,Yes,6.0,71.0,Medium,Yes,0.0,High,High,Public,Positive,5.0,No,High School,Moderate,Male,72
19.0,67.0,Medium,High,No,5.0,77.0,Medium,Yes,1.0,Medium,High,Private,Negative,4.0,No,Postgraduate,Near,Male,66
22.0,70.0,Medium,Low,Yes,6.0,58.0,Low,Yes,4.0,High,Medium,Public,Positive,2.0,No,Postgraduate,Moderate,Male,66
16.0,93.0,Low,High,No,6.0,77.0,High,Yes,2.0,Low,Medium,Public,Negative,1.0,No,High School,Moderate,Male,67
21.0,85.0,Low,High,Yes,7.0,52.0,Medium,Yes,5.0,High,High,Public,Positive,3.0,No,Postgraduate,Moderate,Male,71
23.0,97.0,High,High,Yes,8.0,57.0,Low,No,2.0,High,Medium,Public,Positive,1.0,No,Postgraduate,Far,Male,72
21.0,69.0,Low,Medium,No,7.0,59.0,Medium,Yes,3.0,Low,Medium,Public,Neutral,3.0,No,Postgraduate,Near,Male,64
14.0,65.0,Low,High,No,7.0,82.0,Low,Yes,1.0,Low,Low,Public,Negative,3.0,No,High School,Near,Male,60
21.0,60.0,High,Low,No,8.0,78.0,Medium,Yes,2.0,Medium,High,Public,Positive,2.0,No,High School,Near,Female,64
29.0,80.0,Medium,Low,Yes,5.0,90.0,Medium,Yes,2.0,Medium,Low,Public,Positive,1.0,No,College,Near,Female,70
23.0,100.0,Medium,Low,Yes,10.0,73.0,Medium,Yes,3.0,Medium,Medium,Private,Neutral,2.0,No,College,Near,Male,72
26.0,88.0,Medium,High,No,6.0,74.0,Medium,Yes,0.0,Low,Medium,Public,Negative,2.0,No,High School,Moderate,Female,68
19.0,72.0,Medium,Low,Yes,8.0,58.0,Medium,Yes,0.0,Medium,Low,Public,Neutral,3.0,No,High School,Near,Female,62
24.0,95.0,Medium,Low,No,5.0,87.0,Medium,Yes,0.0,Low,Medium,Public,Neutral,2.0,No,High School,Far,Male,68
22.0,91.0,High,High,Yes,7.0,50.0,Medium,Yes,2.0,Low,,Public,Positive,5.0,No,Postgraduate,Moderate,Male,72
14.0,61.0,Medium,Low,Yes,7.0,71.0,Medium,Yes,0.0,Medium,Low,Private,Neutral,1.0,No,Postgraduate,Near,Female,60
22.0,93.0,Medium,High,No,9.0,59.0,Low,Yes,3.0,Low,High,Public,Positive,4.0,No,Postgraduate,Near,Female,72
14.0,72.0,Low,High,No,7.0,89.0,Medium,Yes,2.0,Medium,Medium,Public,Positive,3.0,No,High School,Near,Female,65
16.0,66.0,Medium,Low,No,9.0,84.0,High,Yes,3.0,Low,Low,Public,Positive,4.0,No,High School,Near,Female,63
21.0,69.0,Medium,Low,Yes,7.0,85.0,Medium,Yes,2.0,Medium,Medium,Private,Positive,0.0,No,Postgraduate,Near,Male,66
22.0,79.0,Low,Medium,No,10.0,57.0,Low,Yes,1.0,Medium,High,Public,Positive,2.0,No,High School,Near,Male,65
13.0,77.0,Medium,High,No,4.0,83.0,Medium,Yes,1.0,Medium,High,Public,Negative,2.0,No,Postgraduate,Moderate,Male,65
26.0,72.0,Low,High,No,8.0,85.0,Medium,Yes,2.0,Low,Medium,Public,Negative,3.0,No,High School,Near,Male,67
23.0,67.0,Medium,Medium,No,4.0,50.0,Low,Yes,4.0,Low,Medium,Private,Positive,3.0,No,College,Moderate,Male,65
16.0,90.0,High,Medium,No,7.0,66.0,Medium,Yes,0.0,High,High,Public,Negative,3.0,No,High School,Moderate,Male,67
11.0,100.0,Medium,Medium,Yes,9.0,54.0,Low,Yes,1.0,Low,Medium,Public,Negative,3.0,No,Postgraduate,Near,Male,66
19.0,91.0,Low,High,Yes,9.0,84.0,High,Yes,2.0,High,High,Public,Positive,3.0,Yes,High School,Near,Male,71
17.0,72.0,Medium,Medium,No,8.0,61.0,Medium,Yes,1.0,Medium,Medium,Public,Neutral,4.0,No,Postgraduate,Moderate,Male,64
21.0,70.0,Low,Low,No,7.0,63.0,Medium,Yes,0.0,Medium,Medium,Public,Positive,2.0,No,High School,Far,Male,61
18.0,69.0,High,High,Yes,8.0,54.0,Low,Yes,1.0,High,High,Private,Neutral,2.0,No,High School,Near,Male,65
8.0,65.0,Medium,Medium,No,10.0,74.0,Medium,Yes,1.0,Medium,High,Private,Positive,5.0,No,High School,Near,Male,61
18.0,82.0,High,Low,No,7.0,52.0,Low,Yes,1.0,Low,Medium,Public,Negative,4.0,No,High School,Near,Female,64
18.0,84.0,High,High,Yes,8.0,92.0,Low,Yes,0.0,Low,High,Public,Negative,3.0,No,College,Near,Female,69
24.0,88.0,Medium,Medium,Yes,6.0,51.0,High,Yes,4.0,Medium,Low,Public,Positive,4.0,No,High School,Near,Male,71
16.0,87.0,High,Medium,No,9.0,53.0,High,Yes,3.0,Medium,High,Private,Neutral,5.0,No,College,Near,Male,70
30.0,72.0,High,Medium,Yes,8.0,82.0,High,Yes,1.0,Low,Medium,Public,Positive,1.0,No,College,Moderate,Female,70
9.0,73.0,Medium,Medium,Yes,6.0,96.0,Low,Yes,0.0,Low,High,Public,Positive,2.0,No,High School,Near,Male,62
28.0,87.0,Medium,Medium,No,8.0,95.0,Medium,Yes,2.0,Medium,Low,Private,Positive,3.0,No,Postgraduate,Near,Female,73
19.0,74.0,Medium,High,No,8.0,54.0,High,Yes,0.0,Medium,Medium,Public,Positive,3.0,No,College,Near,Male,66
25.0,69.0,Medium,Medium,Yes,8.0,64.0,Medium,Yes,1.0,High,Low,Public,Negative,3.0,No,Postgraduate,Moderate,Female,66
20.0,75.0,Low,Medium,No,7.0,76.0,Medium,Yes,3.0,High,High,Private,Negative,3.0,No,College,Near,Female,66
27.0,71.0,Medium,Medium,Yes,9.0,51.0,Medium,No,3.0,High,Medium,Public,Neutral,1.0,No,College,Far,Female,66
18.0,64.0,Medium,Medium,Yes,6.0,76.0,Medium,Yes,2.0,Medium,High,Public,Positive,4.0,No,High School,Near,Male,65
13.0,93.0,Low,Low,No,7.0,72.0,High,Yes,2.0,Medium,Medium,Private,Positive,2.0,No,Postgraduate,Near,Female,67
29.0,94.0,High,Medium,No,7.0,79.0,Medium,Yes,6.0,Low,High,Private,Neutral,4.0,No,College,Near,Female,76
19.0,69.0,Medium,Medium,Yes,9.0,96.0,Medium,Yes,0.0,High,High,Private,Positive,3.0,No,High School,Moderate,Female,66
21.0,63.0,Medium,Medium,Yes,6.0,64.0,Low,Yes,1.0,High,High,Public,Negative,3.0,No,High School,Near,Male,63
27.0,90.0,Medium,Medium,No,7.0,82.0,Medium,Yes,0.0,Medium,Medium,Public,Positive,3.0,No,College,Moderate,Female,71
14.0,68.0,Medium,High,No,6.0,71.0,Low,Yes,1.0,Medium,Medium,Public,Positive,3.0,No,College,Moderate,Male,63
24.0,76.0,High,Low,Yes,7.0,72.0,Low,Yes,1.0,High,Medium,Public,Positive,2.0,No,College,Moderate,Male,67
16.0,63.0,Medium,Medium,Yes,8.0,82.0,Medium,Yes,0.0,High,Medium,Public,Neutral,3.0,No,High School,Near,Male,63
19.0,69.0,High,Medium,Yes,5.0,98.0,Medium,Yes,0.0,High,Medium,Public,Neutral,4.0,No,High School,Moderate,Male,66
20.0,92.0,Medium,Medium,Yes,9.0,93.0,Low,Yes,3.0,High,Medium,Public,Positive,2.0,No,College,Near,Female,72
11.0,92.0,High,Medium,Yes,8.0,82.0,High,Yes,4.0,Medium,Medium,Private,Negative,2.0,No,Postgraduate,Near,Female,70
15.0,68.0,High,Low,Yes,6.0,73.0,Medium,No,0.0,Medium,Medium,Public,Positive,3.0,No,College,Near,Male,62
28.0,73.0,High,Medium,Yes,6.0,71.0,Medium,Yes,0.0,Medium,High,Private,Positive,2.0,No,College,Moderate,Female,69
25.0,65.0,Low,Medium,Yes,9.0,89.0,Medium,Yes,2.0,Medium,High,Public,Neutral,3.0,No,High School,Near,Female,66
20.0,63.0,Medium,Medium,Yes,8.0,61.0,Medium,Yes,2.0,High,Medium,Public,Neutral,3.0,No,High School,Near,Male,64
21.0,100.0,Low,Medium,Yes,6.0,79.0,Medium,Yes,2.0,Low,Medium,Public,Neutral,1.0,No,High School,Near,Female,70
18.0,86.0,Medium,Medium,No,6.0,75.0,High,Yes,0.0,Low,High,Public,Neutral,4.0,No,High School,Near,Male,67
28.0,82.0,Medium,High,Yes,8.0,82.0,Low,Yes,1.0,Medium,Medium,Private,Negative,2.0,No,Postgraduate,Near,Male,71
19.0,91.0,Medium,Medium,No,8.0,59.0,High,Yes,1.0,High,Medium,Public,Neutral,2.0,No,Postgraduate,Near,Male,69
21.0,94.0,High,Low,No,8.0,85.0,Medium,Yes,1.0,Medium,Medium,Public,Negative,4.0,No,College,Near,Male,70
27.0,92.0,Medium,Medium,Yes,7.0,81.0,Medium,Yes,0.0,Low,Medium,Public,Negative,1.0,No,College,Near,Male,70
15.0,61.0,High,Low,Yes,8.0,59.0,Medium,Yes,1.0,Medium,Medium,Public,Neutral,2.0,No,Postgraduate,Moderate,Female,61
29.0,67.0,Low,High,No,7.0,72.0,Medium,No,0.0,Medium,High,Public,Neutral,3.0,No,High School,Near,Female,65
11.0,86.0,Medium,High,Yes,6.0,84.0,Medium,Yes,0.0,High,High,Private,Neutral,3.0,No,High School,Near,Male,67
30.0,75.0,Medium,Low,Yes,9.0,95.0,Low,Yes,1.0,High,Medium,Public,Negative,5.0,No,Postgraduate,Near,Male,70
18.0,99.0,Medium,Medium,No,8.0,56.0,Medium,No,2.0,Low,High,Private,Negative,3.0,No,High School,,Male,67
19.0,87.0,Low,High,Yes,6.0,50.0,Medium,Yes,3.0,Low,Medium,Public,Neutral,2.0,No,Postgraduate,Near,Male,68
9.0,98.0,High,High,No,7.0,58.0,Medium,Yes,2.0,Medium,Medium,Public,Negative,4.0,No,College,Near,Male,69
17.0,68.0,Medium,Medium,No,7.0,99.0,Medium,Yes,1.0,Medium,Low,Private,Neutral,1.0,No,Postgraduate,Near,Male,65
14.0,95.0,High,Medium,Yes,6.0,88.0,Medium,Yes,2.0,Low,Low,Public,Neutral,2.0,No,High School,Far,Male,68
16.0,73.0,High,Medium,Yes,7.0,81.0,Medium,Yes,1.0,High,High,Public,Negative,4.0,No,Postgraduate,Near,Male,67
19.0,100.0,Medium,High,Yes,6.0,57.0,Medium,Yes,1.0,High,Medium,Private,Positive,2.0,Yes,High School,Near,Male,70
26.0,66.0,High,High,No,8.0,71.0,High,Yes,2.0,Medium,Medium,Public,Neutral,3.0,No,High School,Near,Female,68
21.0,81.0,High,Medium,Yes,7.0,86.0,Medium,Yes,1.0,Low,Medium,Public,Neutral,4.0,No,College,Near,Male,69
22.0,92.0,High,Low,Yes,5.0,95.0,Low,Yes,0.0,Low,Low,Public,Positive,3.0,No,Postgraduate,Near,Male,70
13.0,77.0,High,High,Yes,7.0,69.0,Medium,Yes,2.0,Low,High,Private,Neutral,5.0,No,College,Moderate,Male,67
15.0,79.0,High,High,Yes,6.0,100.0,Medium,Yes,4.0,Low,Medium,Public,Neutral,3.0,No,College,Near,Female,70
31.0,99.0,Medium,Low,Yes,4.0,57.0,High,Yes,1.0,High,High,Public,Neutral,2.0,No,Postgraduate,Moderate,Female,74
16.0,77.0,Medium,Low,Yes,7.0,69.0,Low,Yes,1.0,Low,High,Public,Neutral,4.0,No,High School,Near,Female,63
30.0,84.0,High,Medium,Yes,9.0,94.0,Medium,Yes,1.0,Low,High,Private,Positive,2.0,Yes,High School,Near,Female,72
19.0,62.0,High,Medium,No,7.0,82.0,Low,Yes,0.0,Low,Low,Private,Neutral,5.0,Yes,Postgraduate,Near,Male,62
20.0,94.0,Medium,Medium,No,8.0,91.0,Medium,Yes,1.0,Low,Medium,Public,Positive,2.0,No,Postgraduate,Near,Female,71
26.0,86.0,Medium,Low,No,7.0,95.0,Medium,Yes,0.0,Low,High,Public,Negative,5.0,No,High School,Moderate,Male,68
28.0,76.0,Medium,High,Yes,6.0,75.0,High,Yes,3.0,High,Medium,Public,Positive,3.0,No,High School,Near,Male,72
19.0,61.0,Medium,High,Yes,6.0,62.0,High,Yes,1.0,High,Medium,Public,Neutral,2.0,No,Postgraduate,Moderate,Female,64
18.0,84.0,Low,Low,No,5.0,85.0,Medium,Yes,0.0,Medium,Medium,Public,Neutral,4.0,No,High School,Moderate,Male,64
20.0,61.0,Low,High,Yes,8.0,78.0,Medium,Yes,0.0,Low,Medium,Private,Positive,5.0,No,High School,Near,Female,63
22.0,60.0,High,Medium,Yes,8.0,89.0,Medium,Yes,2.0,Medium,High,Private,Neutral,4.0,No,College,Moderate,Male,66
25.0,85.0,Medium,Medium,Yes,7.0,76.0,Medium,Yes,2.0,High,Medium,Public,Positive,2.0,No,College,Near,Female,71
20.0,68.0,Medium,High,Yes,4.0,91.0,High,Yes,4.0,High,Medium,Private,Positive,4.0,No,College,Near,Male,70
24.0,68.0,High,Medium,Yes,8.0,95.0,Low,Yes,3.0,Medium,Medium,Public,Positive,0.0,No,High School,Moderate,Male,67
30.0,86.0,High,High,Yes,6.0,87.0,Medium,Yes,0.0,Low,Low,Private,Positive,4.0,No,College,Near,Female,73
22.0,62.0,Low,Medium,Yes,7.0,87.0,Medium,Yes,2.0,High,Low,Public,Neutral,3.0,No,High School,Near,Female,64
22.0,73.0,Low,Medium,No,5.0,79.0,Medium,Yes,4.0,Medium,Low,Public,Negative,1.0,No,Postgraduate,Moderate,Female,65
11.0,66.0,Medium,Medium,Yes,7.0,74.0,Medium,Yes,3.0,Medium,High,Private,Neutral,3.0,No,High School,Far,Female,62
4.0,83.0,High,Medium,No,7.0,99.0,Low,Yes,1.0,Low,Low,Private,Neutral,3.0,No,College,Near,Female,64
22.0,86.0,Low,Medium,No,4.0,82.0,Low,Yes,1.0,Low,Low,Private,Positive,5.0,No,College,Moderate,Male,67
19.0,89.0,Medium,High,No,9.0,92.0,High,Yes,5.0,Medium,Medium,Private,Positive,3.0,No,Postgraduate,Near,Male,74
17.0,70.0,High,Medium,No,7.0,75.0,Medium,Yes,1.0,Low,Medium,Private,Neutral,4.0,Yes,College,Far,Male,63
21.0,64.0,High,Low,Yes,7.0,78.0,Low,Yes,1.0,Medium,Medium,Public,Positive,4.0,No,High School,Near,Male,64
20.0,63.0,Medium,Low,No,8.0,83.0,Low,Yes,4.0,Medium,Medium,Public,Neutral,3.0,No,Postgraduate,Moderate,Female,64
27.0,77.0,Low,High,No,7.0,86.0,High,Yes,1.0,High,High,Public,Negative,3.0,No,College,Near,Male,70
21.0,98.0,Medium,Medium,Yes,8.0,72.0,Medium,Yes,3.0,Low,Low,Public,Positive,3.0,No,High School,Moderate,Female,71
16.0,69.0,Medium,Medium,Yes,5.0,68.0,Medium,Yes,0.0,Medium,High,Public,Neutral,4.0,No,College,Moderate,Male,63
26.0,70.0,Medium,High,Yes,7.0,62.0,Medium,Yes,0.0,Low,,Private,Negative,1.0,No,College,Near,Female,66
19.0,64.0,Medium,High,Yes,4.0,71.0,Medium,Yes,1.0,High,Medium,Public,Neutral,3.0,No,High School,Near,Male,65
23.0,84.0,Medium,High,No,7.0,61.0,Medium,Yes,2.0,Medium,High,Public,Neutral,5.0,No,College,Moderate,Male,70
17.0,87.0,Low,Low,Yes,9.0,71.0,Medium,Yes,2.0,Low,Medium,Public,Neutral,3.0,No,College,Moderate,Female,65
16.0,86.0,High,Medium,Yes,5.0,94.0,High,Yes,0.0,Medium,Medium,Public,Negative,2.0,No,High School,Near,Male,68
21.0,94.0,Medium,High,No,6.0,99.0,Medium,Yes,1.0,Medium,High,Private,Neutral,2.0,No,High School,Near,Male,72
20.0,79.0,Medium,High,Yes,4.0,79.0,Low,Yes,0.0,Medium,High,Private,Neutral,4.0,No,High School,Moderate,Male,67
23.0,65.0,High,High,No,7.0,57.0,Low,No,1.0,High,Medium,Public,Neutral,4.0,No,High School,Near,Male,65
18.0,72.0,Medium,Medium,No,8.0,71.0,Low,Yes,2.0,High,Medium,Public,Positive,4.0,No,Postgraduate,Near,Male,66
9.0,86.0,High,High,No,8.0,80.0,Medium,Yes,1.0,Low,Medium,Public,Positive,5.0,No,College,Far,Female,67
17.0,85.0,Medium,Low,No,6.0,69.0,Medium,Yes,1.0,Medium,Medium,Private,Neutral,3.0,Yes,Postgraduate,Near,Male,65
25.0,81.0,Medium,Medium,No,4.0,60.0,Medium,Yes,2.0,Medium,Medium,Private,Neutral,3.0,No,High School,Near,Male,68
18.0,87.0,Medium,Medium,No,5.0,61.0,High,Yes,2.0,Medium,Medium,Public,Positive,1.0,No,High School,Near,Male,68
19.0,85.0,Medium,High,Yes,9.0,74.0,Medium,Yes,1.0,High,Medium,Public,Neutral,3.0,No,College,Moderate,Female,69
26.0,95.0,Medium,Low,Yes,8.0,61.0,Medium,Yes,2.0,Medium,Medium,Private,Neutral,2.0,No,Postgraduate,Near,Female,71
16.0,83.0,Medium,Medium,Yes,7.0,62.0,Medium,Yes,0.0,Low,Medium,Private,Neutral,1.0,Yes,Postgraduate,Moderate,Male,64
11.0,91.0,Low,High,No,7.0,94.0,Medium,Yes,1.0,Medium,Medium,Public,Neutral,3.0,Yes,,Moderate,Male,65
19.0,70.0,Medium,Medium,No,5.0,89.0,Medium,Yes,1.0,Low,High,Private,Neutral,2.0,No,High School,Near,Male,64
17.0,87.0,Medium,Medium,Yes,9.0,53.0,Low,Yes,3.0,Low,Medium,Public,Positive,3.0,No,Postgraduate,Moderate,Female,67
14.0,96.0,Medium,High,No,6.0,66.0,Medium,Yes,3.0,Medium,Medium,Public,Positive,2.0,No,College,Near,Female,70
19.0,75.0,Medium,High,No,8.0,77.0,Medium,Yes,1.0,Low,Low,Public,Positive,4.0,No,High School,Moderate,Female,66
23.0,91.0,High,Medium,No,5.0,53.0,Low,Yes,3.0,Medium,High,Private,Negative,3.0,No,High School,Near,Male,70
20.0,89.0,Medium,High,Yes,7.0,84.0,Low,Yes,1.0,High,High,Public,Neutral,4.0,No,High School,Moderate,Male,70
22.0,62.0,High,Medium,Yes,9.0,69.0,Low,Yes,1.0,High,Low,Private,Negative,3.0,No,College,Near,Male,64
31.0,83.0,Low,High,Yes,6.0,70.0,Medium,Yes,3.0,Low,Medium,Private,Negative,3.0,No,College,Near,Male,71
18.0,65.0,Medium,High,Yes,8.0,63.0,Medium,Yes,1.0,Medium,Medium,Public,Positive,3.0,No,High School,Far,Male,63
22.0,99.0,Medium,Medium,Yes,5.0,67.0,High,Yes,1.0,Medium,High,Private,Negative,3.0,No,College,Near,Male,72
17.0,92.0,High,High,No,6.0,93.0,Medium,Yes,4.0,Medium,Low,Private,Neutral,4.0,No,College,Moderate,Female,72
15.0,64.0,High,Low,Yes,7.0,89.0,Low,Yes,0.0,Low,Medium,Public,Negative,2.0,No,High School,Near,Male,61
16.0,65.0,High,Low,Yes,8.0,97.0,High,Yes,2.0,Low,Medium,Public,Negative,4.0,Yes,High School,Near,Female,63
17.0,84.0,Low,High,No,7.0,85.0,High,Yes,0.0,Medium,Medium,Private,Positive,2.0,No,College,Moderate,Male,67
22.0,74.0,High,Low,Yes,8.0,79.0,Low,Yes,3.0,Medium,Medium,Public,Neutral,1.0,No,High School,Near,Female,67
34.0,61.0,Medium,Low,No,9.0,63.0,Low,Yes,2.0,Medium,Medium,Public,Neutral,5.0,No,High School,Moderate,Female,65
16.0,82.0,Low,Medium,No,6.0,83.0,Medium,Yes,0.0,Medium,Medium,Public,Negative,2.0,No,High School,Near,Female,64
18.0,76.0,Medium,Low,No,5.0,95.0,High,Yes,2.0,High,High,Public,Positive,6.0,No,Postgraduate,Near,Female,69
20.0,64.0,Medium,High,No,6.0,53.0,High,No,4.0,High,Medium,Private,Neutral,4.0,No,College,Moderate,Female,65
22.0,92.0,High,High,No,9.0,72.0,Low,Yes,1.0,Low,High,Public,Neutral,4.0,Yes,Postgraduate,Near,Male,71
22.0,97.0,Medium,Medium,Yes,6.0,57.0,Medium,Yes,0.0,Medium,High,Private,Positive,2.0,No,High School,Near,Male,70
28.0,90.0,Low,Medium,Yes,9.0,91.0,Medium,Yes,0.0,Medium,Medium,Public,Positive,2.0,No,College,Moderate,Female,98
5.0,93.0,Medium,Medium,Yes,7.0,81.0,Medium,No,1.0,Low,High,Public,Neutral,2.0,No,College,Near,Female,65
6.0,69.0,High,Medium,Yes,10.0,94.0,Medium,No,1.0,Medium,Medium,Private,Neutral,4.0,No,Postgraduate,Near,Female,63
17.0,71.0,Medium,Medium,Yes,10.0,53.0,Low,Yes,0.0,Low,Low,Public,Positive,3.0,No,High School,Moderate,Male,61
27.0,68.0,Medium,Low,Yes,9.0,95.0,Medium,Yes,1.0,Low,Medium,Public,Positive,3.0,No,College,Moderate,Male,67
11.0,91.0,Medium,Medium,No,5.0,53.0,Medium,Yes,0.0,Low,Medium,Private,Neutral,2.0,No,Postgraduate,Near,Female,64
2.0,98.0,High,Medium,No,4.0,64.0,Medium,Yes,1.0,Low,High,Private,Neutral,2.0,No,High School,Near,Female,65
23.0,89.0,High,High,Yes,7.0,58.0,Medium,Yes,2.0,Medium,High,Private,Positive,3.0,No,Postgraduate,Moderate,Male,73
21.0,95.0,Medium,High,Yes,8.0,57.0,Low,No,1.0,Low,Medium,Public,Positive,3.0,No,High School,Near,Male,69
13.0,86.0,Medium,High,No,8.0,59.0,Medium,Yes,3.0,Medium,Medium,Public,Neutral,3.0,No,High School,Near,Male,67
14.0,76.0,High,Medium,No,6.0,74.0,Low,Yes,0.0,High,Medium,Private,Positive,2.0,Yes,College,Far,Male,63
14.0,77.0,High,High,Yes,5.0,89.0,Low,Yes,0.0,Medium,Medium,Private,Positive,2.0,No,College,Near,Male,67
21.0,63.0,Low,High,Yes,8.0,95.0,Medium,Yes,2.0,High,Medium,Public,Neutral,5.0,No,High School,Near,Male,66
16.0,61.0,Medium,High,Yes,10.0,78.0,Medium,Yes,2.0,Low,High,Public,Positive,2.0,No,College,Moderate,Female,64
23.0,88.0,High,Low,Yes,6.0,58.0,Medium,Yes,2.0,Low,Medium,Public,Neutral,2.0,No,High School,Moderate,Male,68
3.0,78.0,Medium,Medium,No,8.0,54.0,High,Yes,2.0,High,Medium,Public,Positive,4.0,No,High School,Moderate,Male,61
15.0,82.0,Medium,Medium,Yes,10.0,75.0,Medium,Yes,1.0,High,Medium,Public,Negative,1.0,No,College,Near,Female,66
13.0,82.0,Medium,Medium,Yes,7.0,88.0,Medium,Yes,0.0,Low,Medium,Public,Neutral,2.0,No,High School,Near,Female,65
18.0,71.0,Medium,High,Yes,7.0,81.0,Medium,Yes,0.0,Medium,Medium,Public,Negative,4.0,No,College,Moderate,Female,65
17.0,79.0,Medium,Medium,No,8.0,79.0,Medium,Yes,3.0,Medium,High,Private,Neutral,5.0,Yes,Postgraduate,Near,Male,67
25.0,79.0,High,Medium,Yes,7.0,52.0,Medium,Yes,1.0,Medium,Medium,Public,Negative,2.0,No,Postgraduate,Moderate,Female,68
9.0,76.0,Medium,Medium,Yes,9.0,71.0,Medium,Yes,1.0,Medium,High,Public,Neutral,3.0,No,College,Near,Male,63
20.0,93.0,High,Medium,No,6.0,78.0,Low,Yes,1.0,Low,Medium,Public,Positive,3.0,No,College,Moderate,Female,70
23.0,78.0,High,High,No,7.0,80.0,Medium,Yes,0.0,Low,Medium,Private,Neutral,2.0,No,High School,Near,Female,68
31.0,84.0,Medium,Medium,No,5.0,50.0,Medium,No,2.0,Low,High,Private,Positive,3.0,No,High School,Near,Male,69
17.0,96.0,High,Medium,Yes,7.0,60.0,Low,Yes,0.0,Low,Medium,Private,Neutral,2.0,Yes,College,Near,Male,67
22.0,95.0,Medium,Medium,No,5.0,97.0,Medium,Yes,0.0,Low,Low,Public,Neutral,3.0,No,High School,Moderate,Male,69
9.0,96.0,Medium,Low,Yes,8.0,75.0,Low,Yes,1.0,Low,High,Private,Positive,4.0,Yes,High School,Near,Female,65
6.0,71.0,Medium,High,Yes,5.0,85.0,Medium,Yes,1.0,Low,Medium,Public,Positive,2.0,No,High School,Moderate,Male,61
25.0,61.0,Medium,High,Yes,8.0,65.0,Low,Yes,3.0,Low,Low,Public,Neutral,3.0,No,College,Near,Female,65
20.0,70.0,Low,Medium,Yes,6.0,79.0,Low,Yes,4.0,Medium,Medium,Public,Positive,4.0,No,Postgraduate,Near,Male,67
27.0,71.0,Medium,High,Yes,10.0,68.0,Medium,Yes,1.0,Low,Medium,Public,Negative,2.0,No,High School,Moderate,Male,66
12.0,96.0,Medium,Medium,No,9.0,65.0,Medium,Yes,2.0,High,High,Private,Neutral,4.0,Yes,Postgraduate,Near,Female,69
23.0,86.0,Medium,Medium,Yes,8.0,71.0,High,Yes,3.0,Medium,Medium,Public,Neutral,4.0,No,College,Near,Female,71
31.0,63.0,High,High,No,5.0,73.0,Medium,Yes,1.0,High,Low,Public,Positive,2.0,No,High School,Near,Female,68
23.0,65.0,High,Medium,No,6.0,67.0,High,No,3.0,Medium,Medium,Private,Negative,5.0,No,High School,Moderate,Male,65
22.0,66.0,Medium,Medium,No,6.0,63.0,High,Yes,1.0,Low,Medium,Private,Neutral,5.0,No,Postgraduate,Far,Male,64
20.0,85.0,Medium,Low,No,6.0,81.0,Low,Yes,1.0,High,High,Private,Positive,3.0,No,College,Near,Male,68
11.0,89.0,Low,High,No,9.0,69.0,Low,Yes,1.0,Low,Low,Public,Neutral,3.0,No,High School,Near,Male,64
28.0,94.0,Medium,High,No,7.0,60.0,Low,Yes,1.0,Low,Medium,Public,Positive,3.0,No,High School,Near,Male,71
16.0,98.0,High,Medium,No,6.0,88.0,Medium,Yes,1.0,Low,Medium,Public,Neutral,3.0,No,Postgraduate,Moderate,Female,70
23.0,68.0,High,Medium,Yes,6.0,86.0,Medium,Yes,0.0,Medium,Medium,Public,Positive,2.0,No,Postgraduate,Near,Male,68
11.0,72.0,Medium,Medium,Yes,6.0,94.0,Low,Yes,2.0,Medium,Medium,Public,Positive,3.0,No,High School,Moderate,Male,63
13.0,70.0,Medium,High,Yes,8.0,78.0,Medium,Yes,0.0,Low,Medium,Private,Negative,3.0,Yes,High School,Near,Male,61
29.0,74.0,Medium,Low,No,5.0,64.0,Medium,Yes,2.0,Medium,Medium,Public,Neutral,1.0,No,College,Moderate,Male,66
18.0,97.0,Medium,High,Yes,7.0,93.0,Medium,Yes,5.0,High,Medium,Public,Positive,4.0,No,College,Near,Female,75
29.0,83.0,High,High,Yes,8.0,64.0,Medium,Yes,2.0,Medium,High,Public,Neutral,1.0,No,High School,Far,Male,71
20.0,90.0,Medium,Medium,Yes,4.0,83.0,High,Yes,1.0,Low,Low,Public,Positive,3.0,No,College,Near,Male,69
9.0,80.0,High,Low,No,5.0,60.0,Medium,Yes,2.0,Low,Medium,Private,Neutral,3.0,No,High School,Near,Male,62
25.0,61.0,Medium,Medium,No,7.0,81.0,High,Yes,0.0,Medium,Medium,Public,Positive,4.0,No,High School,Moderate,Female,65
16.0,63.0,Medium,Low,No,9.0,92.0,Medium,Yes,0.0,Low,Medium,Private,Positive,3.0,No,College,Moderate,Female,61
24.0,82.0,Medium,Medium,No,9.0,77.0,Medium,Yes,3.0,Medium,Medium,Public,Positive,2.0,No,High School,Near,Female,69
20.0,89.0,Low,Low,Yes,6.0,74.0,Low,Yes,1.0,Medium,Low,Private,Positive,3.0,No,Postgraduate,Far,Male,66
11.0,69.0,High,Medium,Yes,9.0,100.0,Low,Yes,1.0,Low,Medium,Public,Neutral,5.0,No,High School,Near,Male,64
21.0,89.0,High,Medium,Yes,7.0,51.0,Low,Yes,1.0,Medium,Medium,Public,Positive,4.0,No,High School,Near,Female,69
33.0,92.0,High,High,Yes,7.0,67.0,Low,Yes,6.0,High,Medium,Public,Positive,5.0,No,High School,Near,Female,78
23.0,76.0,Low,High,Yes,7.0,96.0,Low,Yes,2.0,Medium,Medium,Private,Neutral,4.0,No,High School,Near,Female,68
20.0,90.0,High,High,No,8.0,82.0,Medium,Yes,2.0,High,,Private,Negative,4.0,Yes,High School,Moderate,Female,70
26.0,76.0,Low,Medium,Yes,6.0,77.0,Medium,Yes,1.0,Medium,Medium,Private,Neutral,5.0,No,High School,Near,Male,68
21.0,87.0,Low,Low,Yes,6.0,82.0,Medium,Yes,0.0,Medium,High,Public,Neutral,5.0,No,Postgraduate,Near,Female,68
21.0,91.0,Medium,Medium,No,5.0,66.0,Low,Yes,1.0,High,Medium,Public,Positive,3.0,No,College,Near,Female,69
13.0,100.0,Medium,Low,Yes,8.0,54.0,Medium,Yes,0.0,Medium,High,Public,Positive,3.0,No,College,Near,Female,68
21.0,74.0,High,Low,Yes,8.0,64.0,Medium,Yes,3.0,Low,Low,Public,Neutral,1.0,No,College,Far,Male,80
26.0,76.0,Medium,Medium,Yes,8.0,67.0,High,Yes,1.0,Low,Medium,Public,Negative,3.0,No,High School,Moderate,Male,67
15.0,67.0,Low,Medium,Yes,5.0,74.0,Medium,Yes,1.0,High,High,Public,Positive,2.0,No,Postgraduate,Near,Male,64
29.0,68.0,Medium,Low,No,6.0,70.0,Low,Yes,0.0,Medium,Medium,Public,Negative,2.0,No,Postgraduate,Near,Male,64
19.0,88.0,Medium,Medium,Yes,9.0,76.0,Low,Yes,1.0,Medium,High,Public,Positive,3.0,No,High School,Far,Male,68
15.0,97.0,Low,Medium,No,7.0,60.0,Low,Yes,4.0,Medium,Medium,Public,Negative,3.0,No,High School,Near,Female,67
26.0,76.0,Medium,Medium,No,7.0,59.0,Low,Yes,0.0,Medium,Medium,Public,Neutral,1.0,Yes,Postgraduate,Near,Male,65
18.0,67.0,High,High,Yes,7.0,68.0,Medium,Yes,0.0,Medium,Medium,Public,Positive,4.0,No,High School,Near,Male,66
25.0,71.0,Medium,Low,Yes,8.0,74.0,Low,Yes,4.0,Medium,Medium,Public,Positive,4.0,Yes,Postgraduate,Near,Male,67
18.0,78.0,High,Medium,No,7.0,67.0,Low,No,0.0,High,Medium,Public,Negative,3.0,No,College,Moderate,Male,64
20.0,72.0,Medium,Low,Yes,6.0,79.0,Medium,Yes,1.0,Low,Medium,Private,Positive,4.0,No,Postgraduate,Near,Female,66
23.0,69.0,Medium,Low,Yes,8.0,66.0,Low,No,1.0,Medium,Medium,Public,Positive,3.0,No,College,Far,Male,63
22.0,89.0,Medium,High,No,5.0,59.0,High,Yes,5.0,Medium,Medium,Private,Positive,4.0,Yes,High School,Near,Male,71
8.0,60.0,High,Medium,Yes,9.0,93.0,High,Yes,0.0,Low,High,Public,Neutral,3.0,No,Postgraduate,Near,Female,62
13.0,82.0,Medium,High,No,6.0,60.0,Medium,Yes,1.0,Low,Low,Public,Positive,4.0,No,College,Far,Female,64
26.0,92.0,Low,Medium,Yes,8.0,98.0,Medium,Yes,2.0,Medium,Medium,Public,Neutral,3.0,No,Postgraduate,Moderate,Male,72
19.0,71.0,High,Medium,Yes,7.0,99.0,Low,Yes,0.0,Low,High,Public,Negative,4.0,No,High School,Moderate,Female,65
17.0,84.0,Low,High,No,6.0,85.0,Medium,Yes,1.0,Medium,Low,Public,Positive,2.0,No,College,Near,Female,67
12.0,87.0,High,High,Yes,9.0,75.0,Medium,No,1.0,Low,Medium,Private,Neutral,3.0,Yes,College,Moderate,Female,65
14.0,86.0,Low,Low,Yes,8.0,90.0,Low,Yes,0.0,Low,Medium,Private,Neutral,1.0,No,High School,Near,Male,63
8.0,78.0,High,High,No,7.0,94.0,Low,Yes,1.0,High,High,Public,Neutral,3.0,Yes,High School,Near,Female,65
19.0,74.0,Medium,Medium,Yes,10.0,85.0,Medium,Yes,1.0,Low,Medium,Public,Positive,5.0,No,Postgraduate,Moderate,Male,67
16.0,93.0,Medium,Medium,Yes,8.0,55.0,Low,Yes,0.0,High,Medium,Public,Neutral,4.0,No,High School,Moderate,Male,67
14.0,90.0,Low,Medium,Yes,6.0,50.0,Medium,Yes,0.0,Medium,High,Private,Positive,3.0,No,College,Moderate,Male,65
20.0,73.0,Medium,High,Yes,4.0,60.0,Medium,Yes,1.0,Low,Medium,Private,Positive,3.0,Yes,High School,Moderate,Male,64
22.0,64.0,High,Low,No,7.0,59.0,High,Yes,0.0,Medium,High,Private,Positive,5.0,Yes,High School,Near,Female,64
33.0,63.0,High,High,Yes,9.0,59.0,Medium,Yes,1.0,Medium,Medium,Public,Positive,4.0,No,High School,Near,Male,69
11.0,64.0,Medium,Medium,No,8.0,75.0,Low,Yes,1.0,High,Medium,Private,Positive,3.0,No,High School,Moderate,Male,60
27.0,83.0,Medium,Medium,Yes,9.0,76.0,Medium,Yes,1.0,Low,High,Public,Positive,4.0,No,High School,Near,Male,70
26.0,62.0,Low,High,No,6.0,86.0,Medium,Yes,2.0,Medium,Medium,Public,Positive,3.0,No,High School,Near,Male,66
15.0,73.0,Medium,Medium,Yes,7.0,60.0,High,Yes,3.0,Medium,Medium,Public,Neutral,4.0,No,College,Near,Female,66
21.0,90.0,Medium,Low,No,7.0,55.0,Medium,Yes,2.0,Medium,Medium,Public,Neutral,2.0,No,College,Near,Female,68
17.0,72.0,Low,Medium,No,7.0,83.0,Low,Yes,3.0,Medium,High,Public,Negative,3.0,Yes,,Far,Female,62
21.0,91.0,Medium,High,Yes,8.0,74.0,Low,Yes,0.0,Medium,Medium,Public,Negative,2.0,No,Postgraduate,Near,Female,70
29.0,90.0,Medium,Medium,Yes,9.0,83.0,Medium,Yes,0.0,Medium,High,Private,Positive,3.0,No,High School,Near,Female,72
24.0,70.0,Low,Low,Yes,10.0,69.0,High,Yes,1.0,High,Medium,Public,Negative,2.0,No,High School,Moderate,Female,64
23.0,89.0,Low,Medium,No,9.0,88.0,High,Yes,1.0,High,Medium,Public,Neutral,5.0,No,Postgraduate,,Male,71
17.0,90.0,Medium,High,No,8.0,84.0,Medium,Yes,1.0,Low,Low,Public,Negative,4.0,No,High School,Far,Female,67
11.0,76.0,Low,Medium,No,6.0,83.0,High,Yes,3.0,Medium,Medium,Public,Positive,1.0,No,High School,Near,Female,64
19.0,68.0,High,High,No,7.0,51.0,Medium,No,1.0,High,Medium,Public,Positive,1.0,No,High School,Moderate,Female,64
27.0,81.0,Medium,High,Yes,8.0,93.0,Medium,Yes,0.0,High,High,Public,Neutral,3.0,No,College,Near,Female,72
11.0,97.0,Low,Low,Yes,7.0,69.0,Medium,Yes,3.0,Low,Medium,Public,Positive,2.0,No,High School,Near,Female,66
14.0,86.0,High,Medium,No,6.0,57.0,Medium,Yes,3.0,High,High,Private,Neutral,2.0,No,College,Near,Female,68
21.0,67.0,Medium,Medium,Yes,6.0,88.0,Medium,Yes,1.0,Low,Medium,Private,Positive,5.0,No,Postgraduate,Near,Female,95
14.0,87.0,Medium,Low,Yes,8.0,74.0,Medium,Yes,0.0,Medium,High,Public,Neutral,3.0,Yes,College,Moderate,Male,64
15.0,77.0,Medium,Medium,Yes,7.0,52.0,Medium,Yes,1.0,Medium,Medium,Public,Neutral,2.0,No,College,Near,Male,64
17.0,84.0,Low,High,Yes,7.0,89.0,Medium,Yes,2.0,High,Medium,Public,Positive,2.0,No,High School,Moderate,Male,68
12.0,89.0,Medium,Low,Yes,7.0,72.0,Medium,Yes,1.0,High,High,Public,Neutral,5.0,No,College,Near,Male,67
14.0,81.0,Medium,Medium,No,6.0,88.0,Medium,Yes,1.0,High,Medium,Public,Positive,3.0,No,Postgraduate,Moderate,Female,67
24.0,93.0,High,Medium,Yes,7.0,88.0,Low,Yes,1.0,Medium,High,Public,Negative,3.0,No,High School,Moderate,Female,71
12.0,89.0,Medium,Low,Yes,6.0,55.0,Low,Yes,1.0,Low,High,Public,Negative,3.0,No,High School,Near,Female,63
10.0,85.0,Medium,Medium,Yes,6.0,81.0,Medium,Yes,3.0,Low,Medium,Public,Neutral,3.0,No,High School,Near,Female,66
16.0,66.0,High,High,No,5.0,68.0,High,No,2.0,Low,Medium,Public,Positive,5.0,No,Postgraduate,Moderate,Male,65
24.0,93.0,Medium,Low,Yes,7.0,77.0,Medium,Yes,0.0,Low,Medium,Private,Negative,3.0,No,High School,Near,Female,68
19.0,97.0,Medium,Low,Yes,8.0,54.0,Medium,Yes,0.0,High,Medium,Public,Neutral,2.0,No,High School,Near,Male,68
17.0,65.0,Medium,High,No,9.0,79.0,Medium,Yes,0.0,Medium,Medium,Public,Positive,2.0,Yes,High School,Moderate,Male,62
20.0,80.0,Low,Medium,Yes,5.0,89.0,Medium,Yes,0.0,High,High,Public,Neutral,3.0,No,Postgraduate,Far,Male,67
10.0,70.0,High,High,Yes,9.0,99.0,Medium,Yes,1.0,Medium,Medium,Public,Neutral,4.0,No,High School,Moderate,Female,65
23.0,90.0,High,Medium,Yes,7.0,66.0,Low,Yes,2.0,High,High,Public,Neutral,3.0,No,High School,Near,Female,71
22.0,89.0,Medium,High,Yes,5.0,58.0,Medium,Yes,4.0,High,High,Public,Neutral,2.0,Yes,College,Near,Female,71
18.0,66.0,High,Medium,Yes,6.0,68.0,Low,No,1.0,Medium,High,Public,Positive,3.0,Yes,High School,Far,Male,61
26.0,95.0,Medium,Medium,No,4.0,51.0,Medium,Yes,1.0,Low,Medium,Public,Positive,2.0,No,High School,Near,Male,70
13.0,67.0,Medium,Low,Yes,5.0,70.0,Medium,Yes,0.0,Low,High,Private,Negative,2.0,No,High School,Near,Male,60
27.0,92.0,Low,Medium,No,10.0,96.0,Medium,Yes,0.0,Low,Medium,Public,Neutral,2.0,No,Postgraduate,Far,Male,70
21.0,78.0,Medium,High,No,6.0,60.0,High,Yes,1.0,Low,High,Private,Neutral,2.0,No,College,Near,Female,67
18.0,73.0,Medium,Medium,Yes,8.0,74.0,Low,No,3.0,Medium,High,Private,Neutral,2.0,No,Postgraduate,Near,Male,66
20.0,66.0,Low,Low,Yes,7.0,79.0,Medium,Yes,2.0,Medium,Medium,Private,Positive,2.0,No,High School,Moderate,Female,63
19.0,67.0,Medium,Medium,No,7.0,59.0,Low,Yes,3.0,Low,High,Private,Positive,3.0,No,Postgraduate,Near,Female,65
27.0,86.0,High,Medium,Yes,8.0,67.0,High,Yes,5.0,High,High,Public,Positive,2.0,Yes,Postgraduate,Near,Female,75
14.0,82.0,High,Medium,No,4.0,96.0,Low,Yes,2.0,High,Medium,Private,Negative,4.0,Yes,High School,Near,Male,66
15.0,65.0,Medium,Medium,No,9.0,65.0,Medium,Yes,1.0,Low,Medium,Public,Neutral,2.0,No,College,Near,Female,61
26.0,65.0,Medium,Medium,Yes,7.0,82.0,Low,Yes,1.0,Low,Medium,Public,Positive,1.0,No,Postgraduate,Far,Male,65
16.0,63.0,Low,Medium,Yes,6.0,57.0,Medium,Yes,2.0,Low,Low,Public,Neutral,3.0,No,Postgraduate,Near,Male,61
25.0,90.0,High,High,Yes,8.0,83.0,Medium,Yes,2.0,Medium,Medium,Public,Negative,3.0,No,College,Near,Male,73
30.0,88.0,High,Medium,Yes,6.0,64.0,Medium,Yes,1.0,High,Medium,Public,Neutral,2.0,No,College,Near,Female,73
18.0,62.0,Medium,Medium,Yes,7.0,62.0,Medium,Yes,1.0,Medium,Medium,Public,Positive,5.0,No,College,Moderate,Male,63
24.0,82.0,Low,Medium,No,7.0,56.0,Medium,Yes,1.0,Medium,Medium,Public,Positive,3.0,No,Postgraduate,Moderate,Male,67
13.0,63.0,Medium,High,Yes,8.0,52.0,Medium,Yes,2.0,Low,Medium,Public,Positive,4.0,No,High School,Near,Male,62
25.0,96.0,Low,Low,No,7.0,98.0,Medium,Yes,1.0,Medium,Medium,Private,Neutral,3.0,No,College,Near,Male,71
21.0,96.0,Medium,Medium,Yes,5.0,71.0,Medium,Yes,2.0,Low,High,Public,Negative,4.0,No,High School,Moderate,Male,70
23.0,88.0,Medium,Medium,No,8.0,89.0,Medium,Yes,0.0,Medium,High,Private,Positive,5.0,No,High School,Near,Female,70
16.0,97.0,Medium,Medium,No,7.0,96.0,Low,No,4.0,Low,High,Private,Neutral,2.0,No,High School,Near,Female,69
10.0,92.0,Medium,Medium,No,4.0,60.0,High,Yes,3.0,Low,Low,Public,Positive,2.0,No,College,Near,Female,66
23.0,93.0,Low,High,Yes,7.0,93.0,High,Yes,1.0,Medium,High,Public,Negative,3.0,No,High School,Near,Female,72
8.0,83.0,High,Low,Yes,6.0,85.0,Low,Yes,1.0,Low,High,Public,Neutral,3.0,No,High School,Far,Female,63
18.0,72.0,Low,Medium,Yes,8.0,79.0,Medium,Yes,1.0,Medium,High,Public,Positive,4.0,No,High School,Moderate,Male,65
26.0,69.0,High,High,Yes,6.0,90.0,Medium,Yes,3.0,Medium,Medium,Public,Positive,3.0,No,College,Moderate,Female,71
21.0,73.0,Medium,Medium,No,5.0,56.0,Medium,Yes,5.0,High,Medium,Private,Neutral,3.0,No,High School,Moderate,Male,66
32.0,85.0,Medium,Low,Yes,9.0,63.0,Low,No,2.0,High,Medium,Public,Neutral,3.0,No,High School,Moderate,Male,69
26.0,67.0,Low,Medium,No,8.0,57.0,Medium,Yes,0.0,Medium,Medium,Public,Negative,4.0,No,College,Far,Female,62
16.0,70.0,High,High,No,7.0,95.0,High,No,1.0,Medium,Medium,Public,Neutral,3.0,No,High School,Near,Female,66
20.0,79.0,Medium,Low,Yes,8.0,55.0,Low,Yes,3.0,Low,Medium,Private,Positive,4.0,No,High School,Near,Female,66
20.0,69.0,Medium,Low,Yes,8.0,99.0,High,Yes,1.0,Medium,High,Public,Negative,3.0,Yes,High School,Moderate,Female,64
11.0,84.0,Low,Medium,Yes,7.0,55.0,High,Yes,0.0,Medium,High,Public,Negative,3.0,No,,Near,Male,63
14.0,97.0,Medium,Medium,Yes,5.0,83.0,Medium,Yes,0.0,Low,Medium,Public,Positive,2.0,No,High School,Near,Female,68
17.0,90.0,Medium,Medium,No,7.0,83.0,Low,Yes,5.0,Medium,High,Public,Negative,3.0,Yes,High School,Near,Male,68
8.0,87.0,High,High,No,9.0,97.0,Low,Yes,2.0,Low,Medium,Public,Positive,3.0,No,High School,Near,Male,67
20.0,83.0,High,Low,Yes,8.0,66.0,Medium,Yes,1.0,High,Medium,Private,Neutral,3.0,Yes,College,Near,Female,67
19.0,80.0,High,High,Yes,7.0,67.0,Medium,Yes,2.0,Low,High,Public,Neutral,2.0,Yes,Postgraduate,Near,Female,68
10.0,67.0,High,Medium,Yes,8.0,92.0,Medium,Yes,1.0,Medium,High,Public,Negative,4.0,No,Postgraduate,Near,Male,65
22.0,96.0,Low,High,Yes,7.0,99.0,High,Yes,4.0,Low,Medium,Public,Positive,4.0,No,College,Moderate,Male,74
24.0,70.0,Medium,High,Yes,9.0,52.0,High,Yes,1.0,Low,Medium,Public,Positive,2.0,No,Postgraduate,Moderate,Male,85
21.0,64.0,Medium,Medium,No,9.0,82.0,Medium,Yes,2.0,Low,Medium,Public,Neutral,3.0,No,College,Moderate,Male,64
18.0,90.0,Low,Medium,Yes,5.0,62.0,High,Yes,3.0,Medium,Medium,Private,Neutral,2.0,No,High School,Moderate,Female,67
24.0,67.0,High,High,Yes,9.0,86.0,Medium,Yes,2.0,Medium,Medium,Public,Negative,2.0,No,College,Near,Female,68
24.0,75.0,Low,Medium,Yes,10.0,89.0,Low,Yes,0.0,Medium,High,Private,Positive,3.0,No,College,Near,Female,67
22.0,61.0,High,Medium,No,8.0,88.0,Low,Yes,1.0,Medium,High,Public,Neutral,4.0,No,High School,Near,Female,65
15.0,65.0,High,High,Yes,8.0,72.0,Low,Yes,2.0,Low,Medium,Private,Neutral,2.0,Yes,Postgraduate,Far,Male,63
22.0,67.0,Medium,Medium,Yes,6.0,58.0,Medium,Yes,1.0,Low,Medium,Public,Neutral,2.0,No,Postgraduate,Near,Male,64
27.0,62.0,Low,Low,Yes,6.0,79.0,Medium,Yes,0.0,Low,Medium,Private,Negative,3.0,No,College,Moderate,Male,62
16.0,86.0,Low,High,Yes,7.0,89.0,Low,Yes,1.0,Medium,Low,Public,Positive,2.0,No,Postgraduate,Near,Female,68
33.0,93.0,Medium,Medium,Yes,6.0,96.0,High,Yes,0.0,Low,Medium,Private,Positive,4.0,No,Postgraduate,Far,Female,75
17.0,75.0,Medium,Low,No,5.0,73.0,High,Yes,0.0,Low,Medium,Private,Neutral,4.0,No,High School,Near,Female,63
20.0,95.0,Medium,Low,Yes,7.0,62.0,Low,Yes,2.0,Low,Medium,Public,Neutral,4.0,No,College,Moderate,Male,68
16.0,69.0,Medium,Medium,No,8.0,56.0,Low,Yes,2.0,Medium,Medium,Private,Neutral,3.0,No,Postgraduate,Near,Male,63
21.0,73.0,High,High,No,5.0,90.0,Medium,Yes,0.0,Medium,Medium,Public,Neutral,2.0,No,College,Near,Female,68
10.0,66.0,Medium,High,No,7.0,77.0,Medium,Yes,0.0,Medium,High,Public,Positive,2.0,No,High School,Near,Male,62
17.0,85.0,Low,Medium,Yes,7.0,84.0,Medium,Yes,3.0,Medium,Medium,Public,Positive,2.0,No,College,Far,Female,67
13.0,77.0,High,High,No,7.0,58.0,Medium,Yes,2.0,Low,Medium,Public,Positive,3.0,No,High School,Near,Male,66
21.0,85.0,Medium,Medium,No,8.0,50.0,Low,Yes,1.0,Medium,High,Private,Neutral,2.0,No,High School,Far,Male,65
26.0,90.0,Medium,Medium,Yes,8.0,98.0,Medium,Yes,0.0,Low,Low,Private,Negative,3.0,Yes,Postgraduate,Moderate,Female,69
24.0,82.0,High,Medium,No,6.0,91.0,Medium,Yes,2.0,High,Medium,Public,Positive,1.0,No,High School,,Male,70
6.0,85.0,High,Medium,Yes,9.0,70.0,High,Yes,0.0,Low,Medium,Public,Positive,3.0,Yes,Postgraduate,Near,Female,64
32.0,97.0,High,Medium,Yes,8.0,73.0,Medium,Yes,0.0,High,Medium,Public,Negative,3.0,No,College,Near,Female,75
22.0,72.0,Low,Low,Yes,9.0,96.0,High,Yes,1.0,Low,Medium,Private,Positive,3.0,No,College,Near,Male,66
15.0,74.0,Medium,Low,No,7.0,60.0,Low,Yes,2.0,Medium,Medium,Public,Positive,3.0,No,High School,Far,Female,62
21.0,89.0,Low,Medium,No,7.0,90.0,Low,Yes,4.0,High,Medium,Public,Neutral,5.0,No,Postgraduate,Far,Male,70
21.0,84.0,High,High,No,7.0,51.0,Medium,Yes,0.0,Medium,Medium,Public,Positive,3.0,No,High School,Moderate,Male,68
16.0,67.0,Medium,High,Yes,9.0,94.0,High,Yes,1.0,Medium,Medium,Private,Neutral,2.0,No,Postgraduate,Near,Female,66
21.0,75.0,Low,High,Yes,7.0,79.0,Medium,Yes,0.0,Low,Medium,Public,Neutral,2.0,No,High School,Near,Male,65
16.0,79.0,High,Medium,Yes,7.0,74.0,High,Yes,3.0,Medium,Medium,Private,Positive,2.0,No,Postgraduate,Far,Male,68
18.0,77.0,High,Medium,No,10.0,85.0,Low,Yes,2.0,Medium,Medium,Public,Positive,3.0,No,Postgraduate,Near,Female,68
16.0,67.0,Medium,Medium,Yes,5.0,53.0,Low,Yes,2.0,Medium,Medium,Private,Positive,3.0,No,High School,Moderate,Male,62
11.0,97.0,Low,Medium,Yes,8.0,60.0,Low,Yes,2.0,Low,Medium,Public,Positive,3.0,No,College,Near,Female,66
21.0,90.0,Medium,Low,No,7.0,70.0,Medium,Yes,2.0,Low,Medium,Public,Negative,2.0,No,Postgraduate,Near,Female,68
24.0,79.0,High,Medium,No,7.0,81.0,High,Yes,0.0,High,Medium,Public,Positive,2.0,No,High School,Moderate,Male,69
23.0,87.0,Medium,Low,No,6.0,57.0,Medium,Yes,2.0,High,Medium,Public,Positive,3.0,Yes,High School,Near,Male,67
25.0,96.0,Low,High,Yes,6.0,69.0,Low,Yes,3.0,High,Medium,Public,Positive,2.0,No,Postgraduate,Near,Male,74
22.0,65.0,Low,Medium,No,6.0,63.0,Medium,No,2.0,Medium,Medium,Public,Neutral,3.0,No,High School,Far,Male,61
17.0,70.0,High,Medium,No,8.0,82.0,Low,Yes,2.0,High,High,Public,Negative,2.0,Yes,High School,Moderate,Female,64
25.0,82.0,Medium,Medium,No,8.0,96.0,Medium,Yes,1.0,Low,Medium,Private,Positive,2.0,No,High School,Moderate,Female,69
12.0,92.0,High,Medium,No,4.0,58.0,Low,Yes,2.0,Medium,Medium,Public,Positive,2.0,Yes,College,Moderate,Male,66
15.0,61.0,Medium,Medium,No,5.0,59.0,High,Yes,0.0,Low,High,Public,Neutral,4.0,No,High School,Near,Female,61
14.0,99.0,Medium,Medium,Yes,8.0,80.0,High,Yes,3.0,Medium,Low,Private,Neutral,4.0,No,College,Near,Female,71
26.0,78.0,High,High,Yes,8.0,73.0,Medium,No,2.0,Low,Medium,Private,Positive,4.0,No,College,Near,Female,71
26.0,74.0,Medium,Medium,No,5.0,86.0,Low,Yes,2.0,Low,High,Public,Positive,4.0,No,College,Near,Female,69
23.0,72.0,Medium,Medium,Yes,8.0,64.0,Low,Yes,1.0,Low,Medium,Public,Neutral,4.0,No,Postgraduate,Near,Female,66
26.0,67.0,Low,Medium,Yes,7.0,77.0,Low,Yes,2.0,Low,High,Private,Neutral,3.0,Yes,High School,Moderate,Male,64
15.0,92.0,Low,Medium,No,8.0,69.0,Medium,Yes,1.0,High,Medium,Private,Neutral,4.0,No,Postgraduate,Near,Male,68
22.0,98.0,High,Medium,Yes,6.0,64.0,Low,Yes,0.0,Medium,High,Public,Positive,3.0,No,High School,Moderate,Female,71
19.0,77.0,High,Medium,Yes,5.0,86.0,High,Yes,0.0,Medium,Low,Public,Negative,4.0,Yes,High School,Near,Male,66
25.0,98.0,Medium,Medium,Yes,7.0,90.0,High,Yes,1.0,High,Low,Public,Neutral,4.0,No,Postgraduate,Near,Male,94
19.0,93.0,Low,High,Yes,7.0,66.0,Low,Yes,1.0,Medium,Medium,Private,Neutral,3.0,No,High School,Near,Female,68
18.0,79.0,Medium,Medium,No,7.0,81.0,Medium,No,1.0,Medium,High,Private,Positive,4.0,No,College,Moderate,Female,66
23.0,87.0,High,Low,No,6.0,59.0,Medium,Yes,4.0,Medium,High,Public,Neutral,2.0,No,High School,Near,Male,70
25.0,77.0,Medium,Medium,No,10.0,90.0,Medium,Yes,1.0,Low,Medium,Public,Neutral,3.0,No,High School,Near,Male,68
16.0,82.0,High,Low,No,4.0,64.0,Low,Yes,1.0,Medium,,Private,Neutral,2.0,No,Postgraduate,Moderate,Male,65
20.0,62.0,Medium,Medium,Yes,6.0,59.0,Low,Yes,3.0,Medium,Medium,Public,Positive,4.0,No,High School,Near,Male,64
14.0,88.0,High,Medium,Yes,6.0,97.0,Medium,Yes,0.0,Low,Medium,Public,Positive,3.0,No,College,Near,Male,69
5.0,62.0,High,High,No,7.0,71.0,Low,Yes,1.0,Low,Medium,Private,Positive,4.0,No,College,Far,Male,59
21.0,93.0,Low,Medium,No,8.0,82.0,Medium,Yes,2.0,Medium,High,Private,Neutral,4.0,No,College,Near,Male,70
24.0,93.0,High,Low,Yes,8.0,90.0,High,Yes,0.0,High,Medium,Private,Negative,2.0,No,College,Near,Male,72
22.0,69.0,Low,Medium,No,9.0,84.0,Medium,Yes,0.0,Medium,Medium,Public,Neutral,3.0,No,College,Moderate,Male,64
8.0,73.0,Medium,High,No,8.0,78.0,High,Yes,0.0,Medium,High,Private,Negative,3.0,No,High School,Near,Male,63
18.0,79.0,Medium,Medium,Yes,4.0,69.0,Medium,Yes,2.0,High,Low,Private,Positive,3.0,No,College,Near,Male,67
7.0,84.0,Medium,Medium,Yes,5.0,96.0,Medium,No,1.0,Low,Low,Public,Positive,3.0,Yes,High School,Near,Male,62
28.0,71.0,Medium,Medium,Yes,9.0,57.0,High,Yes,1.0,Low,High,Public,Neutral,4.0,No,Postgraduate,Near,Female,69
13.0,84.0,Medium,Medium,Yes,9.0,94.0,Medium,Yes,3.0,Medium,Medium,Public,Negative,2.0,Yes,High School,Near,Male,66
28.0,72.0,Low,Low,No,8.0,85.0,High,Yes,4.0,Low,Medium,Private,Negative,2.0,No,High School,Near,Female,66
26.0,62.0,Low,Medium,No,6.0,79.0,Medium,Yes,1.0,Low,Medium,Public,Positive,3.0,Yes,College,Near,Female,63
15.0,60.0,Medium,Medium,No,7.0,66.0,High,Yes,2.0,High,Medium,Public,Neutral,4.0,No,High School,Near,Male,62
13.0,64.0,Medium,High,No,6.0,57.0,Low,Yes,1.0,Low,Low,Public,Neutral,3.0,Yes,High School,Moderate,Female,58
22.0,92.0,Medium,Low,No,5.0,72.0,Low,Yes,0.0,Medium,Medium,Private,Negative,4.0,No,College,Moderate,Male,67
15.0,98.0,Medium,Medium,Yes,7.0,89.0,Low,No,2.0,Low,Low,Public,Neutral,3.0,No,College,Moderate,Male,68
21.0,77.0,High,Medium,No,10.0,87.0,Low,Yes,1.0,Low,Medium,Public,Neutral,3.0,No,College,Near,Male,67
17.0,81.0,Medium,Medium,No,6.0,82.0,Medium,Yes,3.0,Low,Medium,Private,Neutral,4.0,No,College,Near,Male,67
9.0,66.0,Low,Medium,No,9.0,100.0,Low,Yes,3.0,Medium,Medium,Public,Neutral,3.0,No,College,Near,Male,62
7.0,82.0,Medium,High,Yes,6.0,99.0,Medium,Yes,2.0,Medium,High,Public,Negative,2.0,No,Postgraduate,Moderate,Male,66
21.0,66.0,Medium,Medium,Yes,5.0,70.0,Medium,Yes,1.0,Low,High,Private,Positive,5.0,No,High School,Near,Female,65
17.0,84.0,Medium,High,Yes,8.0,60.0,Medium,Yes,0.0,Low,Low,Private,Positive,5.0,No,College,Near,Female,67
17.0,97.0,Medium,Low,No,7.0,73.0,High,No,1.0,Medium,High,Private,Neutral,4.0,No,College,Near,Male,69
24.0,68.0,Medium,High,Yes,9.0,92.0,Low,Yes,1.0,Low,High,Public,Positive,2.0,No,High School,Near,Male,67
27.0,91.0,Low,Medium,Yes,9.0,73.0,Low,Yes,0.0,Low,Medium,Private,Neutral,3.0,No,College,Near,Male,69
18.0,61.0,Medium,Low,No,7.0,67.0,Low,Yes,2.0,High,Medium,Public,Positive,4.0,No,High School,Near,Male,62
18.0,75.0,Medium,Medium,Yes,9.0,87.0,Low,Yes,3.0,Low,Medium,Public,Negative,3.0,No,Postgraduate,Near,Female,67
23.0,64.0,Medium,Low,Yes,6.0,83.0,Medium,Yes,0.0,Medium,Medium,Public,Neutral,3.0,No,High School,Moderate,Male,63
12.0,74.0,Medium,Medium,No,6.0,98.0,High,Yes,2.0,Low,Medium,Public,Neutral,3.0,No,College,Near,Male,65
21.0,67.0,Medium,Medium,Yes,9.0,77.0,Medium,Yes,3.0,High,Low,Public,Neutral,3.0,No,College,Moderate,Female,66
23.0,75.0,Medium,High,Yes,5.0,98.0,Medium,Yes,3.0,Medium,High,Public,Positive,1.0,No,College,Near,Female,71
24.0,77.0,Low,High,Yes,7.0,65.0,High,Yes,1.0,Medium,High,Private,Positive,4.0,No,Postgraduate,Near,Male,70
8.0,72.0,High,High,Yes,9.0,93.0,High,Yes,4.0,Medium,Medium,Public,Positive,4.0,No,High School,Near,Male,68
15.0,86.0,High,Medium,Yes,9.0,68.0,High,Yes,0.0,Medium,Low,Public,Neutral,3.0,No,High School,Near,Male,67
15.0,97.0,Medium,High,No,6.0,90.0,High,Yes,2.0,High,High,Private,Neutral,0.0,No,High School,Near,Male,71
21.0,76.0,Low,Medium,Yes,9.0,96.0,Medium,Yes,1.0,Low,Low,Public,Negative,5.0,No,High School,Near,Male,65
23.0,68.0,Low,Medium,Yes,5.0,81.0,Low,Yes,1.0,Low,Low,Public,Neutral,2.0,No,Postgraduate,Near,Male,64
29.0,71.0,Medium,Medium,Yes,6.0,86.0,Medium,Yes,1.0,Low,Medium,Public,Positive,2.0,No,College,Near,Female,69
17.0,94.0,Medium,Low,Yes,7.0,98.0,Low,Yes,1.0,Medium,High,Public,Negative,2.0,No,High School,Near,Male,68
17.0,83.0,Medium,Low,Yes,8.0,69.0,Low,Yes,4.0,Low,High,Public,Neutral,3.0,No,College,Near,Male,67
27.0,78.0,Medium,Medium,Yes,5.0,76.0,High,Yes,1.0,Medium,Medium,Private,Positive,4.0,No,Postgraduate,Near,Male,71
22.0,66.0,Medium,Low,Yes,10.0,95.0,Medium,Yes,1.0,Medium,Medium,Private,Negative,3.0,No,High School,Near,Male,64
28.0,78.0,Medium,High,Yes,4.0,84.0,Medium,Yes,2.0,Low,Low,Public,Negative,3.0,No,College,Far,Female,69
22.0,71.0,Medium,High,Yes,7.0,94.0,Medium,Yes,1.0,Medium,Medium,Public,Neutral,4.0,No,High School,Near,Male,68
13.0,98.0,High,Low,Yes,7.0,81.0,Medium,Yes,1.0,Medium,Low,Private,Negative,3.0,No,Postgraduate,Near,Male,69
12.0,95.0,Medium,Medium,No,4.0,87.0,Medium,Yes,0.0,Low,Medium,Public,Positive,3.0,No,High School,Moderate,Male,67
11.0,63.0,Medium,High,Yes,9.0,51.0,High,Yes,0.0,Low,Low,Public,Negative,3.0,Yes,College,Moderate,Male,58
24.0,81.0,Low,Medium,Yes,6.0,67.0,High,Yes,0.0,Medium,High,Public,Negative,2.0,No,High School,Far,Male,66
27.0,69.0,Medium,High,Yes,7.0,89.0,Low,Yes,2.0,High,High,Private,Neutral,1.0,No,High School,Moderate,Male,69
31.0,76.0,Medium,High,Yes,7.0,70.0,Low,Yes,3.0,Low,Medium,Public,Neutral,3.0,No,College,Moderate,Male,70
25.0,95.0,Medium,Low,Yes,5.0,68.0,Medium,Yes,1.0,Medium,High,Public,Positive,3.0,No,High School,Far,Male,70
27.0,81.0,Medium,Low,Yes,5.0,98.0,Medium,Yes,0.0,High,Medium,Public,Positive,3.0,No,High School,Near,Male,70
17.0,73.0,High,High,No,9.0,78.0,Medium,Yes,0.0,Low,High,Public,Negative,3.0,No,Postgraduate,Moderate,Female,66
13.0,68.0,Low,High,No,7.0,60.0,Medium,Yes,1.0,Medium,Low,Private,Positive,3.0,No,College,Moderate,Female,61
25.0,92.0,Medium,Medium,Yes,4.0,74.0,Medium,Yes,3.0,Low,High,Public,Positive,2.0,Yes,High School,Moderate,Female,71
23.0,85.0,High,Low,Yes,7.0,76.0,High,Yes,2.0,Low,Medium,Public,Neutral,3.0,No,College,,Female,69
21.0,79.0,Medium,Medium,Yes,7.0,99.0,Medium,Yes,2.0,Low,Medium,Public,Positive,2.0,No,Postgraduate,Near,Male,69
22.0,69.0,High,Medium,No,7.0,86.0,Low,Yes,0.0,Medium,Medium,Public,Neutral,1.0,No,High School,Near,Female,65
22.0,73.0,High,High,Yes,4.0,76.0,High,Yes,3.0,Medium,Medium,Public,Negative,4.0,No,College,Far,Male,69
28.0,98.0,Medium,High,Yes,7.0,72.0,Medium,Yes,1.0,Low,High,Private,Positive,2.0,No,College,Near,Male,74
28.0,81.0,Medium,Medium,Yes,6.0,96.0,High,Yes,2.0,Low,Medium,Private,Positive,5.0,No,High School,Moderate,Male,71
23.0,76.0,High,Medium,No,7.0,82.0,High,Yes,0.0,Medium,High,Private,Neutral,1.0,No,College,Near,Male,68
25.0,81.0,High,High,Yes,8.0,68.0,Low,Yes,0.0,Low,High,Public,Neutral,3.0,No,College,Moderate,Female,69
23.0,91.0,Low,Medium,Yes,8.0,73.0,Medium,No,3.0,Medium,Medium,Public,Negative,5.0,No,High School,Far,Male,68
17.0,74.0,Medium,Low,No,9.0,64.0,Medium,Yes,2.0,Medium,Medium,Public,Neutral,3.0,No,High School,Near,Male,63
25.0,67.0,Medium,Medium,Yes,10.0,98.0,High,Yes,0.0,High,Medium,Public,Positive,2.0,No,High School,Near,Male,68
12.0,83.0,High,Medium,Yes,5.0,85.0,Medium,Yes,2.0,Low,High,Private,Negative,2.0,No,College,Near,Male,67
26.0,87.0,Medium,High,No,6.0,70.0,Low,Yes,3.0,Medium,Medium,Public,Neutral,3.0,No,College,Moderate,Male,71
13.0,89.0,High,High,No,8.0,59.0,Low,Yes,0.0,Low,High,Public,Neutral,2.0,No,Postgraduate,Moderate,Male,66
22.0,95.0,High,Medium,No,7.0,59.0,Medium,Yes,2.0,Low,Medium,Public,Negative,3.0,Yes,High School,Near,Male,69
15.0,75.0,High,Medium,Yes,4.0,74.0,Medium,Yes,3.0,Medium,High,Public,Positive,4.0,No,College,Near,Female,68
23.0,63.0,Medium,Medium,No,7.0,73.0,Low,Yes,1.0,Low,Medium,Public,Neutral,3.0,No,College,Moderate,Male,63
20.0,98.0,Medium,Medium,No,9.0,71.0,Medium,Yes,0.0,Low,Medium,Public,Negative,4.0,No,College,Moderate,Male,69
10.0,77.0,Low,High,Yes,5.0,93.0,Medium,Yes,3.0,Low,Medium,Public,Positive,3.0,No,College,Near,Female,66
23.0,85.0,Medium,Medium,Yes,7.0,99.0,High,Yes,1.0,Low,High,Public,Neutral,5.0,No,College,Near,Female,71
17.0,87.0,Medium,High,No,4.0,68.0,Medium,Yes,2.0,Low,Low,Public,Positive,4.0,No,Postgraduate,Moderate,Male,68
25.0,82.0,Medium,Medium,Yes,8.0,65.0,Medium,Yes,0.0,High,Medium,Private,Neutral,4.0,No,High School,Near,Male,69
20.0,68.0,Medium,Medium,Yes,7.0,89.0,Medium,Yes,0.0,Medium,High,Private,Positive,3.0,No,High School,Far,Female,65
22.0,90.0,Medium,Low,Yes,6.0,72.0,Medium,Yes,0.0,Low,Medium,Public,Neutral,4.0,No,College,Near,Male,68
14.0,92.0,High,Medium,Yes,6.0,61.0,High,Yes,0.0,Low,Medium,Private,Neutral,2.0,No,College,Moderate,Male,67
16.0,82.0,Medium,Medium,No,5.0,59.0,Medium,Yes,1.0,Medium,Medium,Public,Positive,3.0,No,High School,Near,Male,65
17.0,80.0,Low,Medium,Yes,9.0,64.0,Medium,Yes,1.0,Low,Medium,Private,Positive,4.0,No,Postgraduate,Far,Female,65
25.0,65.0,Medium,Low,Yes,6.0,50.0,Medium,Yes,2.0,Low,Medium,Public,Positive,2.0,No,College,Near,Female,64
30.0,63.0,High,High,No,8.0,97.0,Medium,Yes,1.0,Low,High,Public,Neutral,3.0,No,High School,Near,Female,69
15.0,74.0,High,Low,No,6.0,72.0,Low,Yes,2.0,Low,Medium,Public,Positive,3.0,No,High School,Near,Male,64
26.0,72.0,Medium,Medium,No,10.0,54.0,Medium,No,2.0,High,High,Public,Neutral,2.0,No,College,Moderate,Male,66
7.0,98.0,Medium,Low,Yes,9.0,58.0,Medium,Yes,2.0,Medium,Medium,Private,Neutral,5.0,Yes,College,Near,Male,65
13.0,91.0,High,Medium,Yes,10.0,66.0,Medium,Yes,2.0,Medium,Medium,Public,Positive,4.0,No,High School,Near,Female,69
14.0,86.0,Low,Medium,Yes,10.0,78.0,Medium,Yes,3.0,Medium,High,Private,Negative,4.0,Yes,High School,Near,Female,66
12.0,81.0,Medium,Medium,Yes,6.0,85.0,High,Yes,0.0,Low,Medium,Private,Positive,2.0,Yes,High School,Near,Male,64
10.0,67.0,Medium,Medium,Yes,6.0,65.0,Medium,Yes,1.0,Medium,High,Public,Negative,4.0,No,High School,Near,Female,61
22.0,99.0,Medium,Medium,No,10.0,98.0,Low,Yes,1.0,Medium,Medium,Private,Neutral,1.0,No,College,Near,Male,72
19.0,75.0,Medium,Medium,Yes,7.0,88.0,Low,Yes,1.0,Medium,Medium,Private,Positive,3.0,No,Postgraduate,Moderate,Male,67
22.0,64.0,Low,Medium,Yes,8.0,91.0,Low,Yes,0.0,Low,Medium,Public,Neutral,4.0,No,College,Moderate,Female,63
24.0,80.0,Medium,High,No,6.0,66.0,High,Yes,1.0,Medium,Medium,Public,Neutral,3.0,No,College,Moderate,Male,69
22.0,95.0,Low,High,Yes,6.0,69.0,High,Yes,3.0,Medium,Medium,Public,Neutral,2.0,Yes,Postgraduate,Far,Male,70
24.0,95.0,Medium,High,Yes,8.0,77.0,Low,Yes,1.0,Low,Medium,Public,Positive,3.0,Yes,High School,Near,Male,71
20.0,60.0,Medium,Low,Yes,4.0,73.0,Medium,Yes,0.0,Low,Low,Public,Neutral,1.0,No,Postgraduate,Moderate,Female,60
13.0,95.0,Medium,High,Yes,8.0,63.0,Medium,Yes,3.0,Medium,Medium,Private,Neutral,2.0,No,Postgraduate,Near,Female,70
26.0,71.0,Low,High,No,8.0,100.0,Low,Yes,1.0,Low,High,Private,Positive,4.0,No,College,Near,Female,69
16.0,62.0,Medium,High,No,6.0,92.0,Medium,No,0.0,Medium,Medium,Private,Positive,4.0,No,High School,Near,Female,63
14.0,94.0,Medium,Medium,Yes,7.0,62.0,High,Yes,2.0,Medium,High,Private,Negative,1.0,No,Postgraduate,Near,Male,69
19.0,95.0,Medium,Medium,Yes,7.0,95.0,High,Yes,0.0,Medium,High,Private,Negative,2.0,No,College,Near,Male,71
15.0,84.0,Medium,High,Yes,7.0,79.0,Medium,Yes,1.0,Medium,High,Public,Neutral,4.0,No,High School,Near,Female,68
17.0,83.0,Medium,High,No,8.0,51.0,Low,Yes,0.0,Low,Medium,Public,Negative,4.0,No,High School,Moderate,Male,64
22.0,93.0,Low,Medium,No,6.0,67.0,Medium,Yes,0.0,Medium,Medium,Public,Neutral,3.0,No,College,Near,Female,68
22.0,91.0,Low,Medium,Yes,10.0,51.0,High,Yes,2.0,High,Medium,Public,Neutral,3.0,No,High School,Near,Female,69
15.0,96.0,Medium,Low,No,7.0,54.0,Low,Yes,0.0,Low,Medium,Public,Neutral,3.0,No,College,Near,Female,65
17.0,82.0,Medium,Medium,Yes,7.0,59.0,Medium,Yes,3.0,Medium,Medium,Public,Positive,4.0,No,College,Near,Male,68
26.0,99.0,Medium,High,Yes,10.0,74.0,Medium,Yes,1.0,Medium,Medium,Private,Neutral,2.0,No,College,Near,Male,74
23.0,100.0,High,Low,Yes,4.0,69.0,Low,Yes,0.0,Low,High,Public,Positive,4.0,No,Postgraduate,Near,Female,72
32.0,65.0,High,Medium,No,10.0,57.0,Medium,Yes,1.0,High,Medium,Private,Negative,2.0,No,High School,Near,Female,67
27.0,94.0,High,High,Yes,7.0,70.0,Low,Yes,1.0,Medium,High,Public,Neutral,2.0,No,High School,Moderate,Female,73
27.0,80.0,Medium,Medium,No,6.0,65.0,High,No,1.0,High,Medium,Private,Neutral,4.0,No,College,Moderate,Male,68
12.0,76.0,Medium,Low,Yes,5.0,71.0,Low,Yes,0.0,Medium,Medium,Public,Negative,4.0,No,High School,Near,Male,61
25.0,85.0,High,High,No,5.0,59.0,Medium,Yes,3.0,Low,Medium,Public,Neutral,4.0,No,High School,Near,Female,70
20.0,62.0,Medium,Low,Yes,6.0,80.0,High,No,1.0,Medium,High,Public,Neutral,3.0,No,College,Moderate,Female,62
17.0,80.0,Medium,Medium,Yes,7.0,52.0,High,Yes,2.0,Medium,Medium,Private,Neutral,3.0,No,Postgraduate,Near,Female,67
21.0,95.0,Low,High,Yes,8.0,69.0,Medium,No,0.0,Low,High,Public,Negative,3.0,No,Postgraduate,Near,Male,69
26.0,69.0,High,High,No,7.0,95.0,Low,No,0.0,Medium,Medium,Public,Negative,3.0,No,Postgraduate,Near,Female,93
23.0,77.0,Medium,High,No,6.0,71.0,Low,Yes,3.0,Medium,Low,Private,Positive,4.0,No,High School,Moderate,Male,68
15.0,98.0,Medium,Medium,Yes,9.0,72.0,Medium,Yes,1.0,Low,High,Public,Neutral,2.0,No,College,Near,Female,69
24.0,77.0,Medium,Medium,Yes,10.0,53.0,High,Yes,2.0,High,Medium,Public,Neutral,4.0,No,College,Moderate,Male,68
16.0,74.0,Medium,High,No,9.0,80.0,Low,Yes,0.0,Medium,Medium,Public,Negative,5.0,No,High School,Near,Male,64
21.0,78.0,High,Medium,Yes,6.0,97.0,Medium,Yes,0.0,Medium,Medium,Public,Positive,2.0,No,High School,Near,Female,69
18.0,81.0,Medium,Medium,No,8.0,65.0,Low,Yes,2.0,Low,Medium,Public,Neutral,4.0,No,Postgraduate,Near,Male,66
19.0,85.0,Medium,Medium,No,8.0,70.0,Low,Yes,4.0,High,Medium,Public,Neutral,3.0,No,High School,Moderate,Male,68
25.0,92.0,Medium,Medium,Yes,9.0,79.0,Medium,Yes,3.0,Medium,High,Public,Negative,4.0,No,College,Moderate,Male,72
14.0,78.0,High,Medium,No,6.0,55.0,Low,Yes,2.0,Low,Medium,Private,Neutral,2.0,No,High School,Near,Female,63
32.0,93.0,High,Medium,No,6.0,98.0,Medium,Yes,0.0,Medium,Medium,Public,Neutral,4.0,Yes,High School,Near,Male,73
9.0,81.0,High,Medium,Yes,9.0,73.0,Medium,Yes,1.0,Medium,Medium,Public,Negative,1.0,No,Postgraduate,Near,Male,65
16.0,74.0,High,High,Yes,8.0,56.0,Low,Yes,1.0,Low,Medium,Private,Positive,2.0,No,High School,Near,Female,65
22.0,86.0,Low,Medium,Yes,5.0,67.0,Medium,Yes,0.0,High,Medium,Public,Positive,2.0,No,College,Near,Male,68
24.0,89.0,High,Medium,No,8.0,69.0,Low,No,3.0,High,Medium,Public,Neutral,2.0,No,College,Near,Male,70
19.0,82.0,Medium,Medium,No,10.0,67.0,Medium,Yes,0.0,Low,Low,Public,Positive,2.0,No,Postgraduate,Far,Male,65
20.0,62.0,High,Medium,Yes,6.0,85.0,Medium,Yes,2.0,Medium,Medium,Public,Neutral,3.0,No,College,Near,Female,66
22.0,67.0,Medium,High,Yes,6.0,67.0,High,Yes,1.0,Low,Medium,Private,Neutral,1.0,No,College,Near,Male,66
19.0,71.0,Medium,High,Yes,7.0,66.0,Low,Yes,2.0,Low,Medium,Public,Neutral,3.0,No,,Near,Female,65
28.0,71.0,Medium,High,No,8.0,66.0,Medium,Yes,2.0,Low,Medium,Private,Positive,3.0,No,College,Near,Male,69
25.0,87.0,Low,High,Yes,7.0,89.0,Medium,Yes,1.0,Low,Medium,Public,Neutral,4.0,Yes,High School,Near,Female,69
25.0,61.0,Medium,High,No,9.0,65.0,Medium,Yes,2.0,Medium,Medium,Private,Neutral,4.0,Yes,High School,Moderate,Female,64
14.0,90.0,Medium,Medium,Yes,7.0,51.0,Medium,Yes,1.0,Medium,Medium,Public,Positive,4.0,Yes,High School,Near,Female,66
20.0,71.0,Low,Medium,Yes,9.0,68.0,Medium,Yes,1.0,Low,Medium,Private,Positive,3.0,No,High School,Far,Male,63
18.0,72.0,High,Medium,Yes,6.0,64.0,Medium,Yes,4.0,Low,Medium,Public,Positive,3.0,No,Postgraduate,Near,Female,68
14.0,81.0,High,Medium,Yes,5.0,95.0,Low,Yes,2.0,Low,High,Public,Positive,3.0,No,High School,Near,Male,68
22.0,69.0,High,Medium,No,6.0,74.0,High,Yes,1.0,Medium,Low,Public,Negative,3.0,Yes,College,Near,Female,65
17.0,95.0,High,Medium,No,5.0,62.0,High,Yes,1.0,Medium,Medium,Private,Positive,3.0,No,High School,Moderate,Male,69
24.0,63.0,Medium,Medium,No,8.0,99.0,Low,Yes,2.0,Low,High,Public,Neutral,1.0,No,Postgraduate,Near,Female,66
14.0,78.0,Medium,Medium,No,4.0,62.0,Medium,Yes,1.0,Low,Medium,Public,Neutral,4.0,No,College,,Male,63
30.0,94.0,Low,Medium,Yes,6.0,88.0,Low,Yes,2.0,Low,Medium,Private,Neutral,3.0,Yes,College,Near,Female,72
15.0,85.0,High,Medium,No,7.0,82.0,High,Yes,2.0,Medium,Medium,Public,Negative,4.0,No,High School,Far,Male,67
21.0,72.0,High,High,No,5.0,73.0,Medium,Yes,1.0,Medium,Medium,Public,Neutral,3.0,No,High School,Near,Male,67
25.0,77.0,High,Medium,Yes,7.0,70.0,Medium,Yes,0.0,Medium,Medium,Public,Neutral,5.0,No,High School,Near,Male,68
17.0,88.0,High,High,Yes,7.0,94.0,Medium,No,2.0,Medium,High,Public,Positive,3.0,No,High School,Near,Male,71
25.0,99.0,Medium,High,No,9.0,74.0,Medium,Yes,1.0,Medium,High,Private,Negative,3.0,No,High School,Near,Male,73
13.0,96.0,Medium,Medium,No,5.0,69.0,Medium,Yes,2.0,Medium,Low,Public,Positive,3.0,No,High School,Near,Male,68
29.0,74.0,High,Medium,No,8.0,68.0,Medium,Yes,0.0,Medium,High,Public,Positive,4.0,No,High School,Near,Female,69
20.0,100.0,Medium,Medium,Yes,8.0,64.0,Medium,Yes,0.0,Low,Medium,Public,Neutral,2.0,No,High School,Moderate,Male,69
16.0,60.0,Medium,High,No,7.0,70.0,Low,Yes,3.0,High,High,Private,Negative,4.0,No,High School,Near,Female,63
18.0,61.0,Medium,Medium,Yes,6.0,56.0,Medium,Yes,3.0,Low,Medium,Public,Neutral,3.0,No,High School,Moderate,Male,62
25.0,93.0,Medium,Medium,Yes,5.0,53.0,Medium,Yes,0.0,High,Medium,Private,Neutral,5.0,No,College,Moderate,Female,70
16.0,68.0,High,Medium,No,10.0,77.0,Medium,Yes,1.0,High,Medium,Public,Positive,3.0,No,Postgraduate,Near,Male,66
16.0,62.0,Medium,Medium,No,7.0,73.0,Low,Yes,3.0,High,Medium,Public,Negative,3.0,No,High School,Near,Female,62
19.0,69.0,Medium,High,Yes,7.0,59.0,Low,Yes,2.0,Low,Low,Private,Neutral,2.0,No,Postgraduate,Moderate,Female,64
13.0,77.0,Medium,Medium,Yes,10.0,55.0,Low,Yes,2.0,Low,Medium,Private,Positive,3.0,No,College,Moderate,Male,63
31.0,89.0,Medium,Medium,Yes,7.0,57.0,Medium,Yes,1.0,High,Low,Public,Positive,2.0,No,College,Moderate,Female,71
17.0,85.0,High,Medium,Yes,10.0,66.0,Medium,Yes,1.0,High,Medium,Public,Neutral,1.0,Yes,Postgraduate,Moderate,Male,67
25.0,70.0,Low,High,Yes,5.0,73.0,Medium,Yes,2.0,Medium,Medium,Private,Neutral,1.0,No,Postgraduate,Near,Male,67
21.0,80.0,Low,High,Yes,7.0,60.0,Medium,Yes,1.0,Medium,High,Public,Positive,2.0,No,College,Moderate,Male,67
14.0,97.0,Low,Medium,Yes,5.0,88.0,Medium,Yes,2.0,High,Medium,Public,Positive,3.0,No,Postgraduate,Near,Male,71
20.0,93.0,High,Medium,No,7.0,60.0,High,Yes,0.0,Low,High,Public,Neutral,3.0,No,High School,Near,Male,69
25.0,73.0,Medium,Medium,Yes,7.0,56.0,Medium,Yes,2.0,High,Medium,Public,Neutral,4.0,No,High School,Near,Female,93
19.0,99.0,High,Medium,Yes,6.0,100.0,Medium,Yes,1.0,Low,Medium,Private,Positive,1.0,No,High School,Moderate,Male,72
27.0,88.0,Medium,High,No,7.0,72.0,Medium,Yes,1.0,Low,High,Public,Positive,1.0,No,High School,Near,Female,71
26.0,62.0,Medium,Medium,No,6.0,59.0,Medium,Yes,1.0,Medium,Medium,Public,Neutral,3.0,No,High School,Moderate,Male,63
26.0,61.0,High,Low,Yes,7.0,95.0,Low,No,0.0,Medium,High,Public,Neutral,3.0,No,Postgraduate,Moderate,Male,65
17.0,67.0,Low,Medium,Yes,6.0,62.0,Medium,Yes,0.0,Medium,Medium,Public,Neutral,3.0,No,College,Moderate,Female,61
14.0,89.0,Medium,Low,No,9.0,96.0,Low,Yes,2.0,Low,High,Private,Neutral,3.0,No,College,Moderate,Female,66
16.0,67.0,Medium,Medium,Yes,5.0,56.0,Low,Yes,1.0,Low,Medium,Public,Negative,2.0,No,College,Near,Female,61
21.0,80.0,Medium,Medium,No,7.0,92.0,Low,Yes,1.0,Medium,Medium,Public,Positive,3.0,No,High School,Moderate,Male,67
23.0,64.0,Medium,Low,Yes,5.0,59.0,Medium,Yes,3.0,Low,Medium,Public,Positive,5.0,No,High School,Moderate,Female,64
7.0,97.0,Low,High,No,6.0,97.0,Medium,Yes,3.0,Medium,High,Private,Positive,2.0,No,College,Moderate,Female,69
20.0,74.0,Low,Medium,No,6.0,79.0,Medium,Yes,1.0,High,,Public,Neutral,2.0,Yes,College,Far,Male,64
21.0,96.0,Medium,Medium,Yes,7.0,59.0,Low,Yes,2.0,High,Medium,Public,Negative,2.0,No,College,Near,Male,70
18.0,98.0,High,Medium,Yes,7.0,92.0,Medium,Yes,2.0,Low,High,Private,Neutral,4.0,No,High School,Near,Male,73
28.0,60.0,Low,Medium,Yes,5.0,70.0,Low,Yes,0.0,Low,Medium,Private,Neutral,5.0,No,High School,Near,Male,63
23.0,79.0,Medium,Medium,Yes,6.0,87.0,Medium,No,2.0,Low,High,Public,Neutral,4.0,No,College,Moderate,Male,68
28.0,61.0,Low,Low,Yes,6.0,82.0,Low,Yes,0.0,Medium,High,Public,Positive,3.0,No,College,Near,Female,64
19.0,96.0,Medium,Low,Yes,5.0,86.0,Medium,No,3.0,Medium,Medium,Public,Positive,3.0,No,High School,Moderate,Male,69
26.0,81.0,Medium,Medium,Yes,9.0,67.0,Medium,Yes,3.0,Low,Medium,Public,Neutral,2.0,No,College,Near,Female,69
30.0,63.0,High,Low,No,5.0,97.0,High,Yes,2.0,Low,High,Public,Positive,2.0,Yes,College,Moderate,Female,67
28.0,64.0,High,Low,Yes,7.0,78.0,Medium,Yes,3.0,Medium,High,Private,Positive,4.0,No,Postgraduate,Moderate,Male,69
13.0,75.0,Medium,High,No,10.0,54.0,Medium,Yes,1.0,Low,Medium,Private,Negative,3.0,Yes,College,Near,Male,62
18.0,98.0,Low,Medium,No,9.0,53.0,Medium,Yes,0.0,High,Medium,Public,Neutral,1.0,No,High School,Moderate,Male,66
18.0,88.0,Low,Medium,No,8.0,87.0,Medium,Yes,2.0,Medium,High,Public,Neutral,2.0,No,Postgraduate,Moderate,Female,68
23.0,95.0,High,Low,No,7.0,92.0,High,Yes,1.0,Low,Medium,Public,Positive,1.0,No,High School,Near,Female,71
24.0,75.0,Medium,Low,No,8.0,85.0,Medium,Yes,1.0,Low,Medium,Public,Positive,2.0,Yes,Postgraduate,Near,Male,66
15.0,62.0,Low,High,No,8.0,64.0,High,Yes,2.0,Low,Medium,Public,Neutral,4.0,No,College,Near,Female,62
20.0,99.0,Low,Low,Yes,9.0,61.0,Low,Yes,1.0,High,Medium,Private,Neutral,4.0,No,High School,Moderate,Male,68
8.0,61.0,Medium,Low,Yes,7.0,78.0,Medium,Yes,0.0,Medium,Medium,Private,Positive,3.0,No,High School,Near,Female,59
29.0,98.0,Medium,Medium,Yes,9.0,60.0,Low,Yes,0.0,Low,Medium,Private,Negative,4.0,No,High School,Near,Female,70
17.0,75.0,High,Low,Yes,7.0,69.0,Medium,Yes,1.0,High,Medium,Public,Positive,4.0,No,High School,Near,Male,66
20.0,60.0,Medium,Medium,Yes,10.0,81.0,Medium,Yes,3.0,Low,Medium,Public,Positive,3.0,No,College,Near,Male,65
18.0,88.0,Medium,Medium,No,7.0,64.0,Low,Yes,0.0,Medium,Low,Public,Positive,4.0,No,College,Moderate,Male,66
27.0,99.0,Medium,Medium,Yes,5.0,69.0,Medium,Yes,2.0,Medium,Low,Public,Positive,2.0,No,Postgraduate,Moderate,Male,73
3.0,99.0,Medium,Low,Yes,7.0,68.0,Medium,Yes,2.0,High,Medium,Private,Neutral,3.0,No,High School,Near,Female,65
20.0,66.0,Medium,High,Yes,8.0,73.0,Medium,Yes,0.0,High,Low,Public,Positive,3.0,No,High School,Moderate,Male,65
19.0,67.0,High,Medium,No,9.0,84.0,Low,Yes,0.0,Medium,Medium,Public,Positive,3.0,No,,Moderate,Female,64
17.0,83.0,Medium,Medium,Yes,6.0,89.0,High,Yes,0.0,Low,Medium,Public,Positive,4.0,No,Postgraduate,Near,Male,69
30.0,85.0,Medium,Medium,No,4.0,83.0,Low,Yes,2.0,High,High,Public,Positive,3.0,No,Postgraduate,Near,Female,74
15.0,90.0,High,High,Yes,8.0,51.0,High,Yes,2.0,High,Medium,Public,Negative,2.0,No,High School,Moderate,Female,68
25.0,67.0,Low,Medium,No,8.0,95.0,Medium,Yes,0.0,Medium,Medium,Public,Neutral,4.0,No,Postgraduate,Moderate,Female,65
22.0,98.0,Medium,High,Yes,5.0,79.0,Medium,No,2.0,High,Medium,Public,Neutral,5.0,No,High School,Moderate,Male,72
28.0,86.0,Medium,Medium,Yes,7.0,96.0,Medium,Yes,2.0,Medium,Low,Public,Neutral,4.0,No,High School,Near,Male,71
16.0,94.0,High,Medium,No,7.0,98.0,Medium,Yes,0.0,Low,Medium,Public,Neutral,4.0,No,High School,Moderate,Female,69
16.0,82.0,Low,High,Yes,8.0,73.0,Low,Yes,3.0,Low,High,Public,Positive,1.0,No,College,Near,Male,67
27.0,77.0,Medium,High,Yes,6.0,96.0,Low,Yes,0.0,Medium,High,Public,Positive,3.0,No,Postgraduate,Moderate,Male,71
23.0,99.0,Low,Low,Yes,6.0,68.0,High,Yes,1.0,Medium,Medium,Public,Neutral,3.0,Yes,College,Far,Male,68
11.0,83.0,Low,Medium,No,7.0,63.0,High,Yes,3.0,High,Medium,Public,Negative,2.0,No,,Far,Female,63
17.0,95.0,High,Medium,No,5.0,54.0,Low,Yes,2.0,High,High,Public,Neutral,2.0,No,College,Moderate,Female,69
22.0,98.0,Medium,Low,No,10.0,73.0,Medium,Yes,1.0,Low,Low,Public,Negative,4.0,Yes,College,Near,Female,68
25.0,87.0,High,High,Yes,8.0,84.0,Low,Yes,2.0,High,Medium,Public,Positive,4.0,No,College,Moderate,Male,73
16.0,82.0,Medium,Medium,Yes,6.0,99.0,Medium,Yes,3.0,High,Medium,Public,Positive,2.0,No,High School,Near,Male,69
3.0,60.0,Medium,Medium,Yes,5.0,76.0,Medium,Yes,0.0,Medium,High,Private,Neutral,4.0,No,High School,Moderate,Female,58
23.0,62.0,High,Low,No,5.0,87.0,Medium,Yes,1.0,High,Low,Private,Positive,3.0,No,High School,Near,Male,65
13.0,68.0,Medium,Medium,Yes,8.0,95.0,Medium,Yes,2.0,Low,Low,Private,Positive,4.0,No,High School,Moderate,Male,63
8.0,67.0,Low,Low,No,5.0,77.0,Low,Yes,1.0,Medium,High,Public,Positive,2.0,No,College,,Male,59
3.0,70.0,Medium,Medium,Yes,7.0,58.0,Medium,Yes,0.0,Medium,Medium,Private,Neutral,2.0,No,High School,Moderate,Male,58
25.0,72.0,Medium,Medium,Yes,4.0,92.0,High,Yes,1.0,Low,Medium,Private,Negative,2.0,Yes,High School,Near,Male,66
21.0,74.0,Medium,High,Yes,8.0,79.0,Medium,Yes,0.0,Low,High,Private,Positive,4.0,No,High School,Near,Male,67
19.0,77.0,High,Medium,Yes,8.0,88.0,Medium,No,3.0,Low,Medium,Public,Positive,3.0,No,College,Moderate,Male,67
28.0,64.0,High,Medium,No,7.0,83.0,Low,Yes,2.0,High,Medium,Private,Neutral,4.0,No,High School,Moderate,Male,67
24.0,62.0,High,Low,Yes,7.0,53.0,Medium,Yes,0.0,Medium,Medium,Public,Positive,6.0,No,Postgraduate,Near,Female,65
30.0,87.0,High,Medium,Yes,8.0,58.0,High,Yes,1.0,Low,Medium,Public,Negative,1.0,No,College,Near,Male,71
12.0,81.0,Medium,Medium,Yes,7.0,64.0,High,Yes,2.0,High,Medium,Public,Neutral,3.0,No,High School,Near,Male,66
20.0,78.0,Medium,High,Yes,8.0,64.0,Medium,Yes,2.0,High,Medium,Private,Positive,2.0,No,High School,Moderate,Female,68
10.0,85.0,Medium,High,Yes,5.0,92.0,Medium,Yes,0.0,Low,High,Private,Positive,4.0,Yes,High School,Far,Female,65
19.0,93.0,High,High,No,8.0,80.0,Medium,Yes,1.0,Medium,Medium,Private,Neutral,3.0,No,College,Moderate,Male,71
19.0,77.0,Medium,Low,Yes,7.0,54.0,Low,Yes,2.0,Low,Medium,Private,Positive,4.0,No,High School,Near,Female,64
24.0,86.0,Medium,High,Yes,9.0,69.0,High,Yes,1.0,Medium,High,Public,Neutral,3.0,No,Postgraduate,Near,Male,72
20.0,98.0,Low,Low,No,7.0,78.0,Low,Yes,4.0,High,High,Public,Neutral,2.0,No,High School,Far,Male,69
24.0,94.0,Medium,Medium,No,7.0,63.0,Medium,Yes,1.0,Low,High,Public,Neutral,3.0,No,High School,Near,Male,70
24.0,77.0,Medium,Medium,Yes,6.0,52.0,Medium,Yes,0.0,Medium,Medium,Private,Negative,4.0,No,High School,Near,Male,66
33.0,86.0,Medium,Medium,No,9.0,69.0,Medium,No,0.0,Medium,Medium,Public,Neutral,3.0,No,College,Near,Female,70
18.0,67.0,High,Low,No,4.0,73.0,Low,Yes,0.0,Medium,Medium,Private,Neutral,2.0,No,Postgraduate,Moderate,Male,62
14.0,82.0,Low,Medium,Yes,8.0,95.0,Medium,Yes,1.0,Low,Medium,Private,Neutral,3.0,No,Postgraduate,Moderate,Male,66
21.0,99.0,High,Low,No,7.0,95.0,Low,Yes,2.0,Low,Medium,Public,Negative,1.0,No,High School,Near,Female,70
15.0,81.0,Low,Low,Yes,7.0,75.0,Low,Yes,1.0,Medium,High,Public,Negative,1.0,No,Postgraduate,Moderate,Male,63
29.0,97.0,High,Medium,Yes,7.0,74.0,Medium,Yes,1.0,Medium,Low,Public,Positive,4.0,Yes,High School,Near,Female,73
18.0,76.0,Medium,High,Yes,7.0,82.0,High,Yes,2.0,Medium,High,Public,Neutral,4.0,No,Postgraduate,Near,Female,70
17.0,100.0,High,High,No,8.0,63.0,Low,Yes,1.0,Low,Medium,Private,Positive,5.0,No,High School,Near,Male,71
17.0,83.0,Low,Medium,No,6.0,64.0,Medium,Yes,1.0,Medium,Medium,Private,Positive,4.0,No,High School,Near,Female,65
24.0,62.0,Medium,Low,Yes,7.0,50.0,Medium,Yes,1.0,High,High,Private,Negative,2.0,No,Postgraduate,Near,Male,64
19.0,83.0,High,Low,Yes,8.0,54.0,Medium,Yes,1.0,Low,Medium,Private,Positive,4.0,No,High School,Moderate,Male,66
16.0,71.0,Low,Low,Yes,6.0,59.0,High,Yes,1.0,Low,High,Public,Positive,3.0,No,Postgraduate,Near,Male,82
30.0,61.0,Low,High,Yes,8.0,82.0,Low,Yes,2.0,Low,High,Public,Neutral,3.0,No,Postgraduate,Near,Female,68
15.0,93.0,Medium,Medium,No,8.0,61.0,High,Yes,1.0,Medium,Medium,Public,Neutral,4.0,No,High School,Near,Female,67
20.0,71.0,Low,High,Yes,6.0,56.0,High,Yes,5.0,Medium,Medium,Private,Positive,5.0,No,College,Near,Male,68
24.0,92.0,Low,High,Yes,5.0,81.0,Medium,Yes,2.0,Low,Medium,Private,Negative,3.0,Yes,High School,Near,Male,69
10.0,72.0,Medium,Medium,Yes,6.0,83.0,Medium,Yes,0.0,Medium,Medium,Public,Positive,4.0,No,High School,Near,Male,63
23.0,68.0,Medium,High,No,7.0,53.0,High,Yes,3.0,High,Medium,Public,Neutral,3.0,No,High School,Moderate,Female,66
14.0,99.0,Medium,Medium,No,7.0,89.0,High,No,0.0,Medium,Medium,Private,Positive,2.0,No,Postgraduate,Far,Female,68
25.0,74.0,High,Medium,Yes,9.0,80.0,Medium,Yes,4.0,Medium,Medium,Public,Positive,3.0,No,College,Moderate,Female,71
14.0,84.0,Medium,High,Yes,6.0,70.0,High,Yes,2.0,High,Medium,Public,Positive,3.0,No,College,Near,Female,69
24.0,84.0,Low,Medium,Yes,6.0,99.0,Medium,Yes,1.0,Medium,High,Public,Positive,2.0,No,Postgraduate,Far,Female,70
27.0,82.0,Medium,Medium,No,8.0,51.0,High,Yes,3.0,High,Medium,Public,Neutral,2.0,No,College,Near,Male,70
25.0,97.0,Medium,Medium,Yes,6.0,77.0,Low,Yes,1.0,Low,High,Private,Positive,4.0,No,Postgraduate,Near,Male,73
22.0,87.0,Medium,High,Yes,6.0,58.0,Medium,Yes,0.0,Low,Medium,Private,Neutral,4.0,No,High School,Near,Female,68
19.0,76.0,Medium,Low,Yes,6.0,66.0,Medium,Yes,1.0,High,Medium,Public,Positive,3.0,No,High School,Near,Male,65
17.0,94.0,High,High,Yes,4.0,57.0,Medium,Yes,4.0,Medium,High,Public,Neutral,4.0,No,High School,Moderate,Male,72
29.0,67.0,High,Low,Yes,8.0,83.0,Medium,Yes,2.0,Low,Medium,Private,Positive,4.0,Yes,High School,Near,Female,67
16.0,82.0,Low,Medium,Yes,8.0,70.0,High,Yes,4.0,Low,High,Public,Neutral,4.0,No,College,Near,Female,68
14.0,98.0,Medium,Medium,Yes,8.0,99.0,Low,Yes,0.0,High,Medium,Public,Neutral,3.0,No,High School,Near,Male,69
24.0,85.0,Medium,Medium,Yes,10.0,83.0,Low,Yes,1.0,Medium,High,Public,Positive,4.0,No,College,Moderate,Female,70
15.0,93.0,High,Medium,Yes,9.0,96.0,Medium,Yes,1.0,Medium,Medium,Public,Negative,2.0,No,High School,Moderate,Female,69
14.0,86.0,High,High,Yes,6.0,62.0,Medium,Yes,1.0,Medium,Medium,Private,Positive,2.0,No,High School,Near,Male,68
11.0,94.0,Medium,Medium,No,9.0,66.0,Medium,No,2.0,Low,High,Private,Positive,2.0,No,High School,Moderate,Male,65
17.0,98.0,Medium,High,Yes,7.0,68.0,Medium,Yes,1.0,Low,Medium,Public,Positive,4.0,No,College,Moderate,Male,70
20.0,71.0,Medium,Low,Yes,6.0,92.0,High,Yes,1.0,Low,Medium,Private,Negative,4.0,No,College,Near,Male,65
21.0,67.0,Medium,Low,No,6.0,61.0,Medium,Yes,0.0,Low,Medium,Private,Positive,3.0,No,High School,Moderate,Female,61
26.0,79.0,Medium,Low,No,7.0,97.0,Medium,Yes,1.0,High,Medium,Private,Positive,2.0,No,High School,Near,Male,69
23.0,88.0,Medium,Low,Yes,7.0,52.0,Medium,Yes,0.0,Medium,Low,Public,Neutral,4.0,No,High School,Near,Male,67
19.0,69.0,Medium,Medium,Yes,9.0,94.0,Medium,Yes,1.0,Low,High,Public,Positive,3.0,No,High School,Moderate,Male,65
19.0,60.0,Medium,Medium,No,8.0,73.0,High,Yes,3.0,Medium,Low,Private,Neutral,3.0,No,High School,Near,Male,63
23.0,74.0,Medium,High,Yes,6.0,76.0,Medium,Yes,0.0,Medium,High,Private,Negative,4.0,No,High School,Near,Male,67
28.0,99.0,High,Low,No,5.0,100.0,Medium,Yes,6.0,Medium,Medium,Private,Neutral,5.0,No,High School,Moderate,Female,76
21.0,88.0,Medium,Medium,No,8.0,94.0,Medium,Yes,0.0,Medium,High,Public,Neutral,3.0,No,College,Near,Male,70
17.0,76.0,Medium,High,Yes,8.0,95.0,Low,Yes,1.0,Low,Medium,Private,Neutral,4.0,No,Postgraduate,Near,Female,67
14.0,68.0,High,High,Yes,9.0,79.0,Low,Yes,2.0,Low,Medium,Private,Positive,4.0,No,College,Near,Female,66
11.0,74.0,Medium,High,Yes,7.0,98.0,Low,Yes,1.0,Low,Medium,Public,Positive,2.0,No,High School,Near,Male,65
24.0,67.0,Low,High,No,8.0,84.0,High,Yes,0.0,Low,Medium,Public,Neutral,1.0,No,College,Near,Female,65
23.0,64.0,Low,Medium,No,8.0,91.0,Medium,Yes,2.0,Low,Medium,Public,Negative,3.0,No,High School,Far,Female,63
23.0,96.0,Medium,High,Yes,5.0,86.0,Medium,Yes,3.0,Medium,High,Public,Neutral,3.0,Yes,,Near,Male,74
19.0,100.0,Low,High,Yes,7.0,89.0,High,Yes,2.0,High,Low,Private,Neutral,3.0,No,College,Moderate,Male,72
28.0,67.0,High,High,No,8.0,82.0,Low,Yes,1.0,High,Low,Public,Neutral,4.0,No,High School,Near,Female,68
17.0,62.0,Medium,Low,No,8.0,86.0,High,Yes,2.0,Medium,Medium,Public,Neutral,4.0,No,High School,Moderate,Female,62
26.0,73.0,Low,High,No,7.0,72.0,Medium,Yes,1.0,Low,Low,Private,Neutral,3.0,No,College,Far,Male,65
20.0,78.0,High,Medium,Yes,10.0,85.0,Medium,Yes,1.0,High,High,Private,Negative,3.0,No,High School,Near,Male,69
16.0,68.0,Medium,Low,Yes,10.0,64.0,Medium,Yes,2.0,High,Low,Public,Negative,2.0,No,High School,Moderate,Male,61
24.0,72.0,Medium,Medium,Yes,7.0,82.0,High,Yes,2.0,Medium,Medium,Private,Positive,4.0,No,High School,Far,Male,67
22.0,68.0,Medium,High,No,7.0,76.0,Medium,Yes,1.0,Medium,Medium,Public,Positive,4.0,No,High School,Near,Male,66
22.0,91.0,Low,Medium,Yes,8.0,95.0,Medium,Yes,1.0,Low,High,Private,Neutral,2.0,No,High School,Near,Male,70
20.0,89.0,Medium,High,No,7.0,84.0,Low,Yes,5.0,High,Medium,Public,Neutral,3.0,No,Postgraduate,Moderate,Male,72
20.0,85.0,High,Low,Yes,9.0,80.0,Medium,Yes,3.0,Low,Medium,Private,Neutral,3.0,No,Postgraduate,Moderate,Male,69
34.0,75.0,Low,Medium,Yes,5.0,66.0,Medium,Yes,0.0,Low,Medium,Private,Positive,3.0,No,High School,Near,Male,68
27.0,96.0,Medium,Medium,No,7.0,93.0,Medium,Yes,2.0,Medium,Medium,Public,Neutral,2.0,No,College,Near,Male,74
24.0,99.0,High,Medium,No,8.0,53.0,High,Yes,1.0,Low,Medium,Private,Neutral,3.0,Yes,High School,Near,Male,70
21.0,67.0,Medium,Medium,Yes,9.0,95.0,High,Yes,1.0,Medium,Medium,Private,Positive,4.0,No,High School,Near,Male,67
26.0,69.0,Medium,Medium,Yes,5.0,83.0,Medium,Yes,4.0,Medium,High,Private,Neutral,2.0,No,High School,Moderate,Female,68
23.0,81.0,High,Low,No,6.0,59.0,Medium,Yes,2.0,High,High,Private,Neutral,1.0,No,Postgraduate,Near,Female,69
20.0,64.0,High,Low,No,4.0,95.0,Medium,Yes,4.0,Medium,Medium,Public,Neutral,4.0,No,High School,Near,Male,66
18.0,77.0,Medium,Low,No,6.0,66.0,High,Yes,3.0,Medium,High,Public,Positive,3.0,No,College,Moderate,Male,66
20.0,83.0,High,High,Yes,5.0,58.0,Medium,Yes,1.0,Medium,Medium,Public,Neutral,3.0,No,High School,Near,Male,68
1.0,81.0,Medium,Medium,Yes,8.0,66.0,Medium,Yes,1.0,Low,Medium,Public,Negative,2.0,No,College,Near,Male,60
21.0,73.0,High,Medium,No,7.0,98.0,High,Yes,0.0,High,High,Public,Positive,4.0,Yes,Postgraduate,Near,Male,69
17.0,82.0,High,Medium,No,7.0,88.0,Medium,Yes,1.0,Medium,Medium,Public,Negative,1.0,Yes,High School,Near,Male,66
30.0,98.0,Medium,High,Yes,7.0,96.0,Medium,Yes,1.0,Medium,Medium,Private,Neutral,3.0,No,Postgraduate,Near,Female,77
20.0,68.0,Medium,Low,No,9.0,65.0,Low,Yes,1.0,High,Medium,Public,Negative,5.0,No,College,Near,Male,63
13.0,86.0,Medium,Low,Yes,5.0,54.0,Medium,Yes,3.0,High,High,Public,Neutral,3.0,Yes,College,Near,Male,66
20.0,62.0,High,Medium,Yes,4.0,78.0,Medium,No,1.0,High,Medium,Private,Positive,4.0,No,High School,Moderate,Female,64
14.0,63.0,High,High,No,8.0,74.0,Medium,Yes,1.0,Low,Medium,Private,Neutral,4.0,No,Postgraduate,Moderate,Female,63
23.0,82.0,Low,Medium,Yes,6.0,86.0,Medium,Yes,0.0,High,Medium,Public,Neutral,4.0,No,High School,Near,Male,68
22.0,64.0,High,Medium,No,5.0,77.0,Medium,Yes,1.0,High,Medium,Private,Negative,2.0,No,College,Near,Male,65
26.0,61.0,High,Medium,Yes,8.0,70.0,Low,Yes,1.0,Medium,Medium,Private,Neutral,4.0,Yes,Postgraduate,Moderate,Male,65
15.0,67.0,High,High,Yes,4.0,50.0,Low,Yes,0.0,Medium,,Public,Positive,1.0,No,College,Near,Male,64
20.0,83.0,High,Medium,Yes,6.0,73.0,Medium,Yes,0.0,High,Medium,Public,Positive,3.0,No,College,Far,Male,68
12.0,88.0,Low,Medium,Yes,4.0,56.0,Medium,Yes,0.0,Low,High,Private,Neutral,2.0,No,High School,Far,Male,62
24.0,68.0,Medium,Medium,Yes,7.0,96.0,Medium,Yes,1.0,Low,High,Public,Positive,3.0,No,High School,Near,Male,67
23.0,87.0,High,High,Yes,9.0,96.0,High,Yes,1.0,Medium,Medium,Private,Positive,1.0,No,College,Near,Female,73
23.0,67.0,High,High,Yes,6.0,90.0,Medium,Yes,2.0,High,Medium,Private,Positive,3.0,No,High School,Near,Female,69
20.0,85.0,Medium,Medium,No,6.0,58.0,Low,Yes,0.0,Low,Medium,Private,Negative,2.0,No,Postgraduate,Near,Male,65
22.0,76.0,Medium,Medium,Yes,10.0,57.0,Medium,Yes,1.0,Medium,High,Private,Neutral,3.0,No,High School,Far,Male,66
30.0,86.0,High,Medium,No,8.0,78.0,Medium,Yes,4.0,Medium,Low,Public,Positive,2.0,No,College,Far,Male,73
18.0,100.0,High,Medium,Yes,10.0,86.0,Medium,Yes,1.0,Medium,Medium,Public,Neutral,3.0,No,High School,Near,Male,72
21.0,98.0,Medium,Medium,Yes,7.0,95.0,Low,Yes,3.0,High,Low,Public,Neutral,1.0,No,High School,Near,Male,72
13.0,60.0,Low,High,Yes,7.0,95.0,Medium,Yes,1.0,Low,Medium,Private,Positive,1.0,No,High School,Near,Female,61
15.0,95.0,High,Medium,Yes,9.0,58.0,Low,Yes,2.0,Low,High,Private,Neutral,3.0,No,High School,Near,Female,69
21.0,63.0,High,Medium,No,7.0,100.0,Medium,Yes,1.0,High,Medium,Private,Neutral,2.0,No,Postgraduate,Moderate,Female,66
27.0,98.0,High,High,No,7.0,58.0,Medium,Yes,1.0,High,Medium,Public,Positive,3.0,No,Postgraduate,Far,Female,74
18.0,71.0,High,Low,Yes,4.0,92.0,Medium,Yes,1.0,Low,Medium,Public,Negative,4.0,Yes,College,Near,Female,64
19.0,75.0,Medium,High,Yes,10.0,79.0,Medium,Yes,1.0,Medium,Medium,Public,Neutral,2.0,No,High School,Near,Female,66
18.0,64.0,High,Medium,Yes,8.0,84.0,Medium,No,2.0,Medium,Medium,Public,Neutral,3.0,No,College,Near,Female,64
17.0,64.0,High,High,No,7.0,80.0,Low,Yes,3.0,Medium,Medium,Private,Positive,4.0,No,High School,Near,Male,66
22.0,89.0,Medium,High,No,8.0,93.0,Medium,Yes,2.0,High,Low,Private,Neutral,5.0,No,High School,Near,Male,72
11.0,98.0,High,High,Yes,5.0,82.0,High,Yes,1.0,Medium,Medium,Private,Neutral,2.0,No,Postgraduate,Near,Male,71
28.0,84.0,High,Medium,Yes,6.0,92.0,Medium,Yes,1.0,Medium,Medium,Public,Negative,3.0,Yes,High School,Near,Female,70
16.0,89.0,High,Medium,Yes,8.0,58.0,Low,Yes,2.0,Low,Medium,Public,Neutral,3.0,No,College,Moderate,Male,67
24.0,90.0,Medium,High,No,7.0,93.0,Low,Yes,1.0,Low,High,Public,Neutral,2.0,Yes,Postgraduate,Near,Male,71
12.0,71.0,Medium,Low,No,8.0,100.0,Medium,Yes,2.0,High,Medium,Public,Neutral,3.0,Yes,College,Near,Male,63
24.0,62.0,Medium,High,No,7.0,83.0,Low,Yes,1.0,Medium,Low,Public,Neutral,2.0,No,College,Moderate,Female,64
24.0,60.0,Medium,Medium,Yes,8.0,99.0,Medium,Yes,2.0,Low,Low,Public,Neutral,1.0,No,High School,Moderate,Male,64
22.0,74.0,Medium,Low,No,5.0,61.0,Medium,Yes,1.0,Low,Medium,Public,Positive,3.0,No,Postgraduate,Near,Female,65
14.0,70.0,Medium,Medium,Yes,9.0,91.0,High,Yes,2.0,Medium,Medium,Public,Neutral,4.0,No,High School,Near,Female,65
21.0,62.0,Medium,Low,No,6.0,58.0,Medium,Yes,2.0,Low,High,Private,Neutral,3.0,No,College,Moderate,Female,62
13.0,67.0,High,High,Yes,7.0,76.0,Medium,Yes,2.0,Low,Medium,Private,Neutral,5.0,No,High School,Near,Male,65
18.0,65.0,Medium,High,No,6.0,83.0,Low,Yes,1.0,Medium,High,Private,Neutral,2.0,No,High School,Near,Male,64
26.0,97.0,Medium,Medium,Yes,7.0,83.0,Low,Yes,2.0,Low,Medium,Public,Positive,3.0,No,Postgraduate,Near,Male,74
25.0,66.0,Medium,High,Yes,7.0,84.0,Low,Yes,2.0,High,Medium,Public,Positive,1.0,No,High School,Near,Male,67
20.0,82.0,Low,Medium,No,8.0,66.0,Low,Yes,0.0,High,Medium,Public,Positive,2.0,No,Postgraduate,Near,Male,66
14.0,84.0,High,High,No,8.0,99.0,Medium,No,3.0,Medium,High,Public,Neutral,4.0,No,Postgraduate,Near,Female,70
24.0,82.0,Medium,High,No,8.0,50.0,Medium,Yes,0.0,Medium,Medium,Public,Positive,2.0,No,Postgraduate,Moderate,Male,68
20.0,64.0,Medium,Medium,No,6.0,81.0,Medium,Yes,0.0,High,High,Public,Positive,1.0,No,,Moderate,Female,64
6.0,73.0,Medium,Medium,No,8.0,93.0,Low,Yes,0.0,Low,Medium,Private,Neutral,1.0,Yes,High School,Far,Female,58
25.0,62.0,Medium,Medium,Yes,7.0,95.0,Low,Yes,1.0,High,Medium,Public,Neutral,4.0,Yes,College,Near,Male,65
20.0,76.0,Medium,High,Yes,7.0,86.0,Medium,Yes,2.0,Medium,Medium,Public,Negative,5.0,No,High School,Near,Female,68
27.0,68.0,Low,Medium,No,8.0,79.0,Medium,Yes,2.0,Low,High,Private,Negative,1.0,Yes,Postgraduate,Moderate,Female,64
13.0,82.0,Medium,High,No,5.0,73.0,Low,Yes,4.0,Low,Medium,Public,Negative,4.0,No,High School,Near,Male,66
1.0,88.0,Medium,High,Yes,4.0,72.0,High,Yes,3.0,Medium,Medium,Private,Negative,2.0,No,College,Near,Male,92
22.0,81.0,High,Medium,Yes,9.0,71.0,Medium,Yes,2.0,High,Low,Public,Negative,4.0,No,High School,Near,Male,69
22.0,77.0,Medium,High,No,7.0,85.0,Low,Yes,2.0,Low,Medium,Public,Neutral,2.0,No,College,Near,Male,68
10.0,75.0,Medium,Medium,No,8.0,87.0,Low,Yes,2.0,Medium,Medium,Public,Positive,4.0,Yes,High School,Near,Female,63
14.0,94.0,Low,Medium,Yes,6.0,76.0,Medium,No,0.0,Low,Low,Public,Neutral,3.0,No,High School,Near,Male,64
37.0,69.0,Medium,High,Yes,9.0,87.0,Medium,No,1.0,Low,Medium,Public,Negative,2.0,No,College,Far,Female,68
18.0,89.0,Medium,Low,No,8.0,76.0,High,Yes,0.0,Low,Medium,Public,Positive,2.0,No,High School,Near,Male,67
24.0,90.0,Low,Medium,Yes,7.0,55.0,Medium,Yes,1.0,High,Medium,Public,Negative,2.0,No,Postgraduate,Far,Male,68
16.0,77.0,Medium,Medium,Yes,7.0,93.0,Medium,Yes,1.0,Low,Medium,Public,Positive,2.0,No,,Moderate,Male,66
7.0,72.0,Medium,Medium,Yes,4.0,94.0,Medium,Yes,4.0,Medium,Medium,Private,Positive,4.0,No,Postgraduate,Near,Male,66
19.0,79.0,Medium,High,Yes,8.0,63.0,Medium,Yes,4.0,Low,High,Public,Neutral,2.0,No,High School,Moderate,Male,68
18.0,64.0,Medium,High,Yes,9.0,89.0,Low,Yes,1.0,Medium,High,Private,Neutral,3.0,No,High School,Moderate,Male,64
18.0,62.0,High,Medium,Yes,7.0,76.0,Medium,Yes,2.0,Medium,Medium,Private,Negative,3.0,Yes,College,Near,Female,63
19.0,64.0,Medium,Medium,Yes,7.0,56.0,Medium,Yes,0.0,Low,Medium,Private,Neutral,4.0,No,High School,Near,Female,62
22.0,67.0,Medium,High,No,7.0,70.0,High,Yes,2.0,Low,Medium,Private,Positive,2.0,No,High School,Near,Male,66
19.0,80.0,High,Medium,Yes,9.0,54.0,Medium,Yes,0.0,Low,Medium,Public,Negative,2.0,No,Postgraduate,Moderate,Male,65
12.0,94.0,Medium,Low,Yes,9.0,89.0,Medium,Yes,1.0,Low,Low,Private,Negative,3.0,No,High School,Near,Male,66
23.0,69.0,Medium,High,Yes,6.0,60.0,Medium,Yes,2.0,Low,High,Private,Negative,4.0,No,High School,Near,Male,66
8.0,97.0,Medium,High,Yes,8.0,58.0,High,Yes,2.0,High,Medium,Public,Neutral,2.0,No,College,Near,Female,69
8.0,98.0,Low,Medium,Yes,7.0,60.0,Medium,Yes,1.0,High,High,Private,Negative,3.0,No,Postgraduate,Near,Female,67
24.0,98.0,Medium,High,No,8.0,61.0,Medium,Yes,6.0,Medium,High,Private,Positive,3.0,No,High School,Near,Female,75
23.0,94.0,High,Medium,Yes,6.0,84.0,High,Yes,0.0,Low,High,Public,Neutral,3.0,No,Postgraduate,Near,Male,73
20.0,75.0,Medium,Medium,Yes,9.0,82.0,High,Yes,0.0,Low,Low,Public,Positive,5.0,No,College,Moderate,Female,66
12.0,63.0,Medium,Medium,No,8.0,56.0,Low,Yes,4.0,Medium,Medium,Public,Positive,4.0,No,College,Moderate,Male,61
16.0,83.0,Medium,Medium,Yes,9.0,86.0,Medium,Yes,5.0,Low,High,Private,Negative,4.0,No,High School,Moderate,Female,68
18.0,82.0,Medium,Medium,Yes,5.0,67.0,High,No,1.0,Medium,High,Public,Neutral,4.0,No,College,Near,Male,67
10.0,94.0,Medium,High,No,5.0,73.0,Medium,Yes,1.0,Medium,Medium,Public,Negative,3.0,No,High School,Moderate,Male,66
16.0,100.0,Medium,High,No,10.0,56.0,Medium,Yes,1.0,High,Medium,Public,Neutral,2.0,No,High School,Near,Female,69
24.0,80.0,Medium,Medium,No,9.0,85.0,Low,Yes,3.0,Low,Medium,Public,Positive,4.0,No,High School,Near,Male,69
29.0,74.0,Medium,High,Yes,6.0,69.0,Medium,Yes,1.0,Low,High,Private,Negative,1.0,No,College,Far,Female,67
17.0,67.0,High,Medium,No,8.0,82.0,Medium,Yes,0.0,Medium,Medium,Public,Positive,4.0,No,High School,Near,Female,65
25.0,60.0,Medium,Low,No,6.0,71.0,Low,Yes,2.0,High,Medium,Public,Positive,2.0,No,High School,Near,Male,63
9.0,80.0,Medium,Low,Yes,4.0,52.0,Low,Yes,1.0,High,Medium,Public,Positive,2.0,No,Postgraduate,Near,Female,63
24.0,82.0,Medium,Medium,No,4.0,85.0,Low,No,1.0,Low,Medium,Public,Negative,2.0,No,High School,Near,Male,66
15.0,93.0,Medium,Medium,Yes,7.0,78.0,Low,Yes,0.0,Medium,Medium,Public,Negative,4.0,No,High School,Moderate,Male,66
22.0,80.0,Medium,High,Yes,9.0,72.0,Low,Yes,2.0,Medium,Medium,Public,Neutral,4.0,No,College,Near,Female,69
19.0,97.0,High,Medium,Yes,9.0,60.0,High,Yes,3.0,Medium,Medium,Public,Negative,4.0,No,Postgraduate,Moderate,Female,72
28.0,85.0,Medium,Medium,Yes,9.0,81.0,Low,Yes,2.0,Low,Medium,Public,Neutral,3.0,No,High School,Near,Male,70
15.0,94.0,Medium,High,Yes,8.0,64.0,Medium,Yes,2.0,Low,Medium,Public,Negative,1.0,No,College,Near,Male,68
24.0,66.0,High,Medium,Yes,7.0,71.0,Low,Yes,1.0,Low,High,Public,Neutral,3.0,No,High School,Near,Male,66
18.0,94.0,Low,Medium,Yes,9.0,53.0,Medium,Yes,3.0,Low,Medium,Public,Negative,3.0,No,College,Moderate,Female,67
19.0,87.0,High,Medium,No,4.0,89.0,Medium,Yes,0.0,Low,Low,Public,Positive,5.0,Yes,Postgraduate,Moderate,Female,68
19.0,67.0,Medium,Low,Yes,8.0,55.0,Medium,No,0.0,Medium,High,Private,Positive,4.0,No,High School,Near,Male,62
15.0,68.0,Medium,High,No,5.0,95.0,High,Yes,1.0,Medium,Medium,Private,Positive,2.0,Yes,College,Near,Female,64
20.0,97.0,High,Low,Yes,6.0,93.0,Low,Yes,1.0,High,High,Public,Positive,1.0,No,College,Far,Male,71
20.0,61.0,High,Medium,No,8.0,99.0,Medium,Yes,0.0,Medium,High,Public,Neutral,4.0,No,College,Near,Male,65
21.0,79.0,Medium,Medium,Yes,8.0,95.0,High,Yes,0.0,Medium,Medium,Public,Neutral,2.0,No,Postgraduate,Near,Female,69
21.0,73.0,Medium,Medium,No,6.0,99.0,Medium,No,1.0,Low,Medium,Public,Neutral,5.0,No,High School,Near,Male,65
25.0,87.0,Medium,Medium,No,8.0,94.0,High,Yes,0.0,Medium,High,Public,Positive,4.0,No,High School,Near,Male,71
26.0,94.0,Low,Medium,No,8.0,56.0,Low,Yes,1.0,High,Medium,Public,Negative,2.0,No,College,Near,Female,69
14.0,74.0,High,Medium,Yes,7.0,72.0,High,No,2.0,Medium,Medium,Private,Negative,3.0,No,College,Near,Male,65
25.0,77.0,Low,Medium,Yes,7.0,54.0,Medium,Yes,2.0,Medium,Medium,Public,Neutral,1.0,No,College,Moderate,Male,66
13.0,99.0,Medium,Medium,Yes,10.0,77.0,Low,Yes,0.0,Medium,High,Private,Negative,3.0,No,College,Moderate,Female,68
24.0,91.0,High,High,Yes,7.0,76.0,Medium,Yes,0.0,Medium,Medium,Private,Positive,2.0,No,High School,Moderate,Female,72
24.0,96.0,High,High,Yes,7.0,96.0,Medium,Yes,1.0,Medium,Medium,Public,Negative,3.0,No,High School,Near,Female,74
9.0,78.0,Medium,Medium,No,7.0,98.0,Low,Yes,3.0,Low,Medium,Public,Positive,2.0,No,High School,Near,Male,64
21.0,69.0,High,Low,Yes,7.0,63.0,Medium,Yes,0.0,Medium,Medium,Public,Positive,3.0,No,High School,Moderate,Male,64
17.0,76.0,Medium,Medium,Yes,8.0,79.0,Low,No,1.0,Low,Medium,Public,Neutral,4.0,Yes,Postgraduate,Far,Female,63
15.0,89.0,High,Low,No,9.0,73.0,High,Yes,2.0,Low,Low,Private,Neutral,2.0,No,High School,Near,Male,66
28.0,64.0,Medium,Medium,Yes,7.0,77.0,Medium,Yes,1.0,High,Medium,Public,Positive,2.0,No,High School,Near,Male,67
16.0,71.0,High,Low,Yes,6.0,77.0,Low,Yes,4.0,Medium,Medium,Public,Neutral,5.0,Yes,College,Moderate,Male,64
15.0,62.0,Low,High,No,10.0,96.0,Low,Yes,0.0,Medium,High,Private,Positive,4.0,No,High School,Far,Male,62
20.0,77.0,Medium,Low,Yes,7.0,95.0,High,Yes,0.0,Medium,,Public,Positive,1.0,No,High School,Far,Male,66
24.0,93.0,Medium,High,No,4.0,56.0,Low,Yes,4.0,Low,High,Public,Negative,2.0,No,Postgraduate,Moderate,Female,71
19.0,61.0,High,Low,Yes,10.0,67.0,Low,No,1.0,Medium,Medium,Public,Positive,6.0,No,Postgraduate,Near,Female,63
27.0,87.0,High,Medium,Yes,9.0,88.0,Medium,Yes,1.0,Low,High,Public,Positive,4.0,Yes,College,Near,Male,72
23.0,97.0,Medium,High,No,9.0,84.0,Low,Yes,1.0,High,Medium,Public,Positive,3.0,Yes,High School,Far,Female,71
7.0,69.0,Low,Medium,No,9.0,82.0,Low,Yes,1.0,Medium,High,Private,Positive,3.0,No,Postgraduate,Near,Female,61
17.0,88.0,Medium,High,Yes,10.0,100.0,Medium,Yes,1.0,Low,High,Public,Positive,2.0,No,Postgraduate,Near,Female,71
17.0,99.0,Medium,Medium,No,5.0,67.0,Low,Yes,2.0,Medium,Medium,Private,Neutral,4.0,No,Postgraduate,Far,Male,69
23.0,98.0,Medium,High,Yes,6.0,76.0,Low,Yes,3.0,Low,High,Public,Positive,3.0,No,,Near,Male,74
4.0,69.0,Medium,High,Yes,6.0,99.0,Medium,Yes,0.0,Medium,High,Public,Neutral,2.0,No,High School,Moderate,Male,61
35.0,64.0,Medium,Low,No,6.0,85.0,High,Yes,2.0,Medium,High,Private,Neutral,2.0,No,High School,Moderate,Male,68
23.0,66.0,Medium,High,Yes,7.0,82.0,High,Yes,1.0,Medium,Medium,Public,Positive,2.0,No,High School,Near,Male,67
21.0,88.0,High,Low,No,6.0,58.0,Medium,Yes,3.0,High,Medium,Private,Neutral,4.0,No,College,Near,Male,70
27.0,89.0,Medium,Medium,No,5.0,62.0,Medium,Yes,0.0,Low,Medium,Public,Neutral,3.0,No,High School,Near,Male,69
34.0,87.0,Medium,Low,No,6.0,69.0,High,Yes,3.0,Low,Medium,Private,Neutral,2.0,No,College,Moderate,Male,72
25.0,73.0,Medium,Low,Yes,7.0,73.0,Medium,Yes,1.0,Medium,Medium,Public,Positive,2.0,No,High School,Near,Male,66
26.0,67.0,Medium,Medium,No,9.0,75.0,Medium,Yes,2.0,Medium,Medium,Public,Positive,3.0,No,High School,Near,Male,67
21.0,83.0,Medium,Medium,No,6.0,95.0,High,Yes,4.0,High,High,Public,Neutral,2.0,No,High School,Far,Female,70
19.0,79.0,Medium,High,Yes,8.0,55.0,Medium,Yes,3.0,Medium,Medium,Private,Neutral,4.0,Yes,Postgraduate,Near,Male,68
17.0,89.0,Low,Medium,Yes,5.0,62.0,High,Yes,2.0,Medium,Medium,Private,Positive,2.0,No,College,Near,Female,68
15.0,78.0,Medium,High,No,4.0,57.0,High,Yes,2.0,Medium,High,Public,Negative,2.0,No,High School,Near,Female,65
16.0,74.0,Medium,Low,Yes,7.0,87.0,Medium,Yes,0.0,Low,Low,Public,Positive,3.0,No,College,Near,Female,63
12.0,72.0,Low,Low,Yes,6.0,99.0,High,Yes,0.0,Low,Medium,Public,Positive,4.0,No,College,Far,Female,62
20.0,68.0,Medium,High,Yes,6.0,95.0,Medium,Yes,0.0,Low,Medium,Public,Positive,4.0,No,High School,Near,Female,66
10.0,71.0,Medium,High,Yes,6.0,86.0,Medium,Yes,1.0,Medium,Low,Public,Negative,2.0,Yes,Postgraduate,Near,Male,62
21.0,64.0,Low,High,Yes,6.0,51.0,Low,Yes,0.0,High,Low,Public,Negative,3.0,No,College,Moderate,Female,61
20.0,74.0,Low,Medium,Yes,6.0,67.0,High,Yes,0.0,Medium,Medium,Private,Negative,4.0,Yes,College,Moderate,Female,63
21.0,61.0,Medium,Medium,Yes,6.0,93.0,Low,Yes,3.0,Medium,High,Private,Neutral,3.0,No,,Near,Female,65
17.0,67.0,High,Low,No,5.0,83.0,High,Yes,3.0,Low,Medium,Public,Positive,3.0,No,High School,Moderate,Male,64
38.0,90.0,High,Medium,Yes,4.0,60.0,Low,Yes,2.0,Low,Medium,Public,Neutral,4.0,No,College,Moderate,Male,74
28.0,73.0,Low,Medium,Yes,4.0,73.0,Medium,Yes,2.0,High,High,Public,Positive,2.0,No,Postgraduate,Near,Female,70
13.0,87.0,Low,Medium,No,10.0,54.0,Low,Yes,2.0,Low,Medium,Public,Positive,2.0,No,,Moderate,Female,63
21.0,89.0,Low,Medium,No,7.0,76.0,Medium,Yes,3.0,High,Medium,Public,Positive,2.0,No,High School,Far,Female,68
16.0,83.0,Medium,High,Yes,9.0,95.0,Medium,Yes,2.0,Low,High,Public,Neutral,2.0,No,College,Near,Male,69
14.0,98.0,Medium,High,Yes,7.0,52.0,High,Yes,1.0,Medium,High,Private,Negative,4.0,No,,Moderate,Male,70
12.0,61.0,Medium,Medium,Yes,7.0,81.0,Medium,Yes,2.0,High,Medium,Public,Neutral,3.0,No,College,Far,Male,62
23.0,90.0,High,Medium,Yes,7.0,62.0,Medium,Yes,3.0,Medium,Low,Private,Positive,2.0,No,Postgraduate,Moderate,Male,71
16.0,98.0,Medium,Low,No,8.0,100.0,Low,Yes,2.0,Low,Medium,Public,Neutral,1.0,No,,Near,Male,69
26.0,94.0,High,Low,Yes,5.0,53.0,Low,Yes,0.0,Low,High,Public,Neutral,2.0,No,High School,Near,Male,69
26.0,67.0,Low,High,Yes,6.0,81.0,High,Yes,4.0,Low,High,Public,Neutral,3.0,Yes,College,Near,Male,68
28.0,73.0,Low,Medium,Yes,7.0,63.0,Low,Yes,0.0,Low,Medium,Public,Positive,2.0,No,High School,Near,Male,65
15.0,67.0,Medium,High,Yes,4.0,94.0,High,Yes,1.0,Medium,Medium,Private,Positive,5.0,No,High School,Far,Male,65
23.0,84.0,Low,Low,Yes,9.0,56.0,Low,No,1.0,Medium,High,Public,Positive,4.0,No,High School,Near,Female,65
24.0,88.0,High,High,No,9.0,71.0,Medium,Yes,2.0,High,High,Public,Negative,3.0,No,High School,Near,Female,72
17.0,73.0,Medium,Low,No,4.0,59.0,High,Yes,2.0,Low,High,Private,Negative,4.0,No,High School,Moderate,Female,63
15.0,82.0,Medium,High,Yes,6.0,90.0,High,No,2.0,High,Medium,Public,Positive,2.0,No,High School,Near,Male,68
30.0,88.0,Medium,Medium,Yes,7.0,68.0,Low,Yes,1.0,Medium,High,Public,Positive,3.0,No,College,Near,Female,72
21.0,77.0,Medium,Low,Yes,8.0,59.0,Medium,Yes,3.0,Low,Medium,Private,Positive,2.0,No,High School,Near,Male,66
24.0,94.0,Low,Medium,No,9.0,86.0,High,Yes,2.0,Low,Medium,Public,Neutral,3.0,No,College,Near,Female,71
15.0,91.0,Medium,Low,Yes,6.0,91.0,Low,Yes,0.0,Medium,Medium,Public,Positive,3.0,No,College,Moderate,Female,67
13.0,63.0,Medium,Medium,No,10.0,73.0,Low,Yes,2.0,Low,High,Public,Negative,3.0,No,Postgraduate,Moderate,Male,61
17.0,85.0,High,High,Yes,7.0,69.0,Medium,Yes,4.0,Low,High,Private,Neutral,2.0,No,High School,Near,Female,70
19.0,69.0,Medium,Medium,Yes,7.0,82.0,Low,No,2.0,Low,,Public,Neutral,3.0,No,College,Near,Male,64
14.0,82.0,Medium,Medium,Yes,8.0,83.0,Medium,Yes,0.0,Medium,Medium,Public,Negative,2.0,No,High School,Moderate,Male,64
20.0,98.0,Low,High,Yes,7.0,83.0,Medium,No,0.0,Low,Medium,Public,Neutral,3.0,No,High School,Far,Female,68
10.0,95.0,High,Medium,No,7.0,64.0,High,Yes,4.0,Low,Medium,Private,Positive,3.0,No,Postgraduate,Near,Male,70
13.0,76.0,Low,Medium,Yes,10.0,97.0,High,Yes,4.0,Low,Low,Public,Neutral,3.0,No,College,Moderate,Male,65
24.0,72.0,High,High,No,7.0,61.0,Medium,Yes,3.0,Low,Medium,Private,Neutral,2.0,No,High School,Near,Female,67
24.0,69.0,Medium,Low,Yes,6.0,69.0,Medium,Yes,0.0,Low,High,Private,Neutral,4.0,No,College,Near,Male,65
18.0,81.0,Low,Medium,Yes,6.0,64.0,Medium,Yes,1.0,Medium,Medium,Public,Positive,4.0,No,High School,Moderate,Female,65
14.0,65.0,Medium,High,Yes,9.0,97.0,Low,Yes,3.0,Low,High,Public,Positive,4.0,No,High School,Near,Female,65
14.0,82.0,High,Low,Yes,8.0,91.0,High,Yes,1.0,Low,Medium,Public,Negative,2.0,No,High School,Near,Male,66
18.0,60.0,Medium,High,No,5.0,91.0,Low,Yes,2.0,Low,Medium,Public,Negative,4.0,Yes,High School,Near,Male,62
24.0,73.0,Medium,Medium,Yes,5.0,50.0,Low,Yes,1.0,Low,Medium,Public,Negative,2.0,No,High School,Near,Male,63
26.0,69.0,Low,Low,Yes,7.0,84.0,Medium,Yes,0.0,Medium,Medium,Private,Neutral,3.0,Yes,High School,Moderate,Male,63
17.0,99.0,Medium,Medium,Yes,8.0,62.0,Medium,Yes,3.0,Medium,Medium,Private,Neutral,3.0,No,High School,Near,Male,70
13.0,89.0,Low,High,Yes,6.0,98.0,Medium,Yes,0.0,Medium,Medium,Private,Negative,4.0,No,High School,Near,Male,67
22.0,74.0,High,High,No,4.0,77.0,Low,Yes,0.0,High,Medium,Private,Negative,3.0,Yes,High School,Near,Male,66
15.0,64.0,High,Medium,No,5.0,78.0,Medium,Yes,2.0,Low,Medium,Public,Positive,2.0,No,High School,Moderate,Male,63
17.0,81.0,High,Low,Yes,9.0,68.0,High,Yes,1.0,Low,Low,Private,Positive,3.0,No,College,Near,Female,66
28.0,69.0,Low,Medium,No,8.0,77.0,Medium,Yes,3.0,Medium,Medium,Public,Neutral,4.0,No,College,Moderate,Female,67
25.0,81.0,Medium,Medium,No,9.0,87.0,Low,Yes,1.0,Low,High,Private,Negative,1.0,No,Postgraduate,Moderate,Female,68
21.0,93.0,Low,High,Yes,9.0,78.0,Low,Yes,1.0,Medium,Low,Public,Neutral,2.0,Yes,High School,Far,Male,67
12.0,85.0,Medium,High,Yes,6.0,82.0,Medium,Yes,1.0,High,Medium,Public,Neutral,2.0,No,High School,Far,Male,66
21.0,85.0,High,High,Yes,6.0,74.0,Medium,Yes,2.0,Medium,Medium,Public,Neutral,4.0,No,High School,Near,Female,71
26.0,82.0,Medium,Medium,Yes,7.0,86.0,Medium,Yes,0.0,Low,High,Public,Neutral,2.0,Yes,Postgraduate,Near,Male,69
18.0,97.0,High,Low,Yes,8.0,95.0,High,Yes,1.0,Medium,Medium,Public,Positive,2.0,No,Postgraduate,Moderate,Male,72
28.0,97.0,High,Low,Yes,9.0,53.0,Low,Yes,0.0,Low,Medium,Private,Negative,3.0,No,College,Moderate,Female,70
28.0,81.0,Medium,Medium,Yes,10.0,55.0,Medium,Yes,2.0,Medium,Low,Private,Neutral,3.0,No,High School,Near,Male,68
30.0,72.0,Medium,Medium,No,8.0,84.0,Medium,Yes,1.0,Low,High,Private,Positive,1.0,No,High School,Near,Male,68
22.0,78.0,Low,High,Yes,8.0,69.0,High,Yes,2.0,Low,Medium,Public,Negative,2.0,No,High School,Near,Female,67
24.0,67.0,Medium,Medium,No,10.0,64.0,Low,Yes,1.0,Low,Medium,Public,Positive,2.0,Yes,College,Far,Female,62
28.0,85.0,Medium,Low,No,7.0,59.0,Low,Yes,1.0,Low,Medium,Public,Neutral,3.0,No,Postgraduate,Far,Male,67
23.0,80.0,High,Medium,No,9.0,79.0,Medium,Yes,1.0,Medium,High,Public,Negative,2.0,No,Postgraduate,Near,Male,69
17.0,64.0,Medium,High,Yes,8.0,67.0,Medium,Yes,3.0,Low,Medium,Public,Negative,3.0,No,College,Near,Male,64
17.0,68.0,Medium,High,Yes,8.0,75.0,Medium,Yes,2.0,Low,High,Private,Positive,3.0,No,College,Near,Female,66
21.0,79.0,High,Low,Yes,7.0,98.0,High,Yes,2.0,Low,Medium,Public,Positive,1.0,No,High School,Near,Male,69
12.0,96.0,High,High,No,5.0,88.0,High,Yes,0.0,Medium,Medium,Private,Positive,2.0,No,College,Moderate,Female,70
19.0,83.0,High,Medium,No,8.0,90.0,Low,Yes,3.0,Low,Medium,Public,Positive,3.0,No,College,Moderate,Female,69
27.0,87.0,Medium,Medium,Yes,8.0,56.0,Medium,Yes,3.0,Medium,High,Public,Neutral,3.0,No,Postgraduate,Near,Male,72
7.0,74.0,Medium,Medium,Yes,6.0,66.0,Low,Yes,1.0,Low,High,Private,Positive,2.0,No,High School,Near,Female,61
29.0,83.0,Medium,Medium,No,7.0,55.0,High,Yes,2.0,Low,Low,Private,Negative,4.0,No,High School,Near,Female,68
27.0,78.0,Medium,Medium,No,6.0,98.0,Low,Yes,1.0,Medium,Medium,Public,Positive,3.0,No,High School,Far,Male,68
17.0,86.0,Low,Medium,No,6.0,84.0,High,Yes,0.0,Medium,Medium,Private,Neutral,3.0,No,High School,Near,Female,66
23.0,62.0,Medium,Medium,No,6.0,51.0,Medium,Yes,5.0,High,Medium,Public,Negative,2.0,No,College,Near,Male,65
20.0,80.0,High,Low,Yes,5.0,74.0,Medium,Yes,2.0,Low,Low,Public,Negative,4.0,No,College,Moderate,Female,66
27.0,72.0,Medium,Medium,No,6.0,63.0,Medium,Yes,1.0,High,Medium,Private,Negative,5.0,No,College,Moderate,Female,67
26.0,73.0,Medium,High,No,8.0,77.0,Medium,Yes,0.0,Medium,High,Private,Positive,2.0,No,College,Far,Male,68
12.0,98.0,Low,Medium,No,9.0,59.0,Low,Yes,1.0,High,Medium,Public,Neutral,2.0,No,Postgraduate,Near,Female,67
24.0,67.0,Low,Medium,Yes,10.0,53.0,Medium,Yes,0.0,Medium,Medium,Public,Positive,3.0,Yes,College,Near,Female,63
19.0,72.0,Medium,Low,No,6.0,66.0,Medium,Yes,0.0,Medium,High,Private,Neutral,2.0,No,Postgraduate,Near,Male,64
20.0,80.0,Medium,Low,No,9.0,65.0,High,Yes,1.0,Medium,Medium,Private,Positive,3.0,No,College,Far,Male,66
16.0,95.0,High,Medium,Yes,8.0,86.0,Medium,Yes,0.0,Low,Low,Public,Positive,4.0,No,High School,Moderate,Male,69
30.0,77.0,Medium,Low,Yes,7.0,74.0,Medium,Yes,3.0,High,Medium,Private,Neutral,3.0,No,Postgraduate,Moderate,Male,70
26.0,90.0,Medium,Medium,No,8.0,65.0,High,Yes,3.0,Medium,High,Private,Positive,2.0,No,High School,Near,Female,72
16.0,94.0,Medium,High,No,9.0,79.0,High,Yes,2.0,High,,Public,Positive,5.0,No,High School,Moderate,Female,71
12.0,72.0,Medium,Medium,Yes,6.0,54.0,Low,Yes,3.0,Low,Medium,Public,Positive,2.0,No,Postgraduate,Near,Male,63
18.0,76.0,High,High,No,6.0,83.0,Medium,Yes,1.0,High,Medium,Public,Neutral,4.0,No,High School,Near,Male,68
23.0,74.0,Medium,High,Yes,6.0,57.0,Low,No,1.0,High,High,Private,Neutral,3.0,No,College,Near,Male,67
21.0,93.0,Medium,Low,No,6.0,64.0,Medium,Yes,2.0,Low,Medium,Public,Positive,4.0,No,Postgraduate,Moderate,Male,69
28.0,62.0,Medium,Medium,No,9.0,64.0,High,Yes,1.0,Low,Medium,Private,Negative,2.0,No,Postgraduate,Near,Male,65
25.0,72.0,High,Low,Yes,6.0,73.0,High,Yes,4.0,Medium,High,Public,Neutral,4.0,No,College,Moderate,Male,69
26.0,87.0,Medium,Medium,No,6.0,98.0,High,Yes,0.0,Medium,High,Public,Negative,4.0,No,College,Moderate,Male,71
22.0,83.0,Medium,Low,Yes,7.0,66.0,Medium,Yes,2.0,Medium,Medium,Private,Neutral,3.0,No,High School,Near,Female,67
12.0,77.0,Low,Medium,No,7.0,64.0,Low,Yes,2.0,High,High,Public,Positive,4.0,No,College,Moderate,Female,64
19.0,82.0,High,Medium,Yes,6.0,58.0,Low,Yes,2.0,Medium,High,Private,Positive,3.0,No,College,Near,Female,68
26.0,68.0,High,Low,Yes,10.0,70.0,Medium,Yes,1.0,Low,Medium,Public,Positive,3.0,No,College,Near,Male,67
20.0,77.0,Low,Low,No,6.0,59.0,Low,Yes,1.0,High,Medium,Public,Negative,2.0,No,High School,Moderate,Female,62
23.0,80.0,High,Medium,No,7.0,57.0,Low,Yes,2.0,Medium,High,Public,Negative,2.0,No,Postgraduate,Moderate,Female,68
18.0,96.0,Medium,Medium,Yes,4.0,93.0,Medium,Yes,0.0,Medium,High,Public,Positive,4.0,No,College,Near,Female,72
14.0,70.0,Medium,High,Yes,7.0,53.0,Low,Yes,0.0,Medium,Medium,Public,Negative,3.0,No,High School,Moderate,Male,61
19.0,95.0,Low,Low,Yes,5.0,86.0,Medium,Yes,0.0,High,Medium,Public,Negative,4.0,No,High School,Moderate,Male,67
22.0,86.0,High,Medium,No,6.0,60.0,High,Yes,0.0,High,High,Public,Neutral,3.0,No,Postgraduate,Near,Male,70
16.0,61.0,Low,Medium,Yes,4.0,51.0,Low,Yes,1.0,Low,Medium,Public,Neutral,3.0,No,High School,Near,Male,59
19.0,89.0,High,Medium,Yes,6.0,90.0,High,Yes,0.0,Low,High,Private,Negative,4.0,No,College,Moderate,Female,70
14.0,61.0,Low,Medium,No,7.0,85.0,High,Yes,1.0,Low,Medium,Public,Neutral,1.0,No,High School,Near,Female,60
27.0,100.0,High,Medium,No,7.0,67.0,Medium,Yes,1.0,High,High,Public,Neutral,3.0,No,College,Moderate,Male,74
18.0,95.0,Low,High,Yes,6.0,54.0,High,Yes,0.0,Medium,High,Private,Negative,3.0,No,College,Moderate,Male,68
29.0,72.0,Medium,Medium,No,7.0,68.0,Low,Yes,0.0,Low,Medium,Public,Positive,3.0,No,College,Near,Female,67
29.0,70.0,Medium,Low,No,6.0,59.0,High,Yes,2.0,Medium,Medium,Private,Neutral,4.0,No,Postgraduate,Far,Male,67
20.0,75.0,Low,Medium,Yes,7.0,97.0,High,Yes,0.0,Medium,Medium,Public,Neutral,2.0,No,College,,Female,66
14.0,74.0,Medium,Medium,No,7.0,76.0,High,Yes,1.0,Low,High,Public,Neutral,2.0,No,High School,Far,Female,63
7.0,75.0,Medium,Medium,No,7.0,98.0,Low,No,1.0,Low,High,Public,Positive,3.0,No,College,Near,Male,62
11.0,73.0,High,Low,Yes,7.0,68.0,High,Yes,3.0,Low,High,Private,Neutral,3.0,No,College,Moderate,Female,64
12.0,85.0,Medium,Medium,Yes,6.0,78.0,High,Yes,3.0,Medium,Medium,Public,Neutral,4.0,No,College,Near,Male,68
28.0,67.0,Medium,Medium,No,8.0,60.0,High,Yes,0.0,Medium,Medium,Public,Positive,3.0,No,High School,Moderate,Female,65
21.0,94.0,Medium,Low,Yes,8.0,90.0,Low,Yes,1.0,Medium,Medium,Public,Positive,4.0,No,Postgraduate,Near,Female,71
22.0,92.0,Medium,Medium,Yes,7.0,52.0,Low,No,1.0,Medium,Medium,Private,Negative,3.0,No,Postgraduate,Near,Female,68
7.0,79.0,Low,High,Yes,9.0,85.0,Medium,Yes,0.0,Medium,Medium,Public,Negative,2.0,No,High School,Near,Male,62
13.0,94.0,High,High,Yes,7.0,70.0,Medium,Yes,1.0,Medium,Medium,Private,Negative,3.0,No,High School,Moderate,Male,68
25.0,70.0,Medium,Medium,Yes,7.0,79.0,Low,Yes,3.0,High,Medium,Public,Neutral,3.0,No,High School,Near,Male,68
22.0,61.0,High,Medium,Yes,7.0,80.0,High,Yes,3.0,Medium,High,Public,Neutral,3.0,No,Postgraduate,Moderate,Male,67
19.0,85.0,Medium,Medium,Yes,7.0,86.0,Medium,Yes,0.0,Low,Medium,Public,Positive,2.0,No,College,Moderate,Female,67
23.0,78.0,High,High,Yes,6.0,60.0,Medium,Yes,2.0,High,High,Public,Positive,4.0,No,High School,Far,Male,70
30.0,83.0,Low,Medium,Yes,4.0,77.0,Medium,Yes,0.0,Low,Medium,Public,Neutral,4.0,No,High School,Near,Female,69
19.0,96.0,Low,Medium,No,7.0,71.0,Medium,Yes,2.0,Low,High,Private,Positive,3.0,No,Postgraduate,Moderate,Male,70
20.0,99.0,Medium,Low,No,8.0,64.0,Low,Yes,1.0,High,Medium,Public,Positive,2.0,No,High School,Near,Male,69
21.0,85.0,High,Medium,Yes,5.0,75.0,Low,Yes,1.0,High,High,Public,Positive,2.0,No,High School,Moderate,Female,70
34.0,91.0,Medium,Low,No,9.0,98.0,Medium,Yes,0.0,Medium,Medium,Public,Neutral,4.0,No,,Moderate,Male,72
7.0,63.0,Low,Medium,No,5.0,97.0,Medium,Yes,1.0,Low,Medium,Public,Neutral,2.0,No,High School,Near,Female,59
24.0,66.0,Medium,Medium,No,6.0,64.0,Medium,No,0.0,Medium,High,Public,Neutral,4.0,No,High School,Near,Male,64
19.0,89.0,High,High,Yes,10.0,94.0,Medium,Yes,0.0,High,Medium,Private,Neutral,1.0,No,College,Near,Female,72
23.0,77.0,Low,High,Yes,8.0,94.0,Medium,Yes,0.0,High,Medium,Private,Positive,3.0,No,Postgraduate,Near,Male,70
16.0,78.0,Low,High,No,7.0,62.0,Medium,Yes,0.0,High,High,Public,Negative,1.0,No,High School,Far,Female,63
20.0,72.0,High,Medium,Yes,7.0,80.0,Medium,Yes,1.0,Low,High,Private,Negative,3.0,No,College,Near,Male,66
24.0,84.0,High,High,No,9.0,93.0,Medium,Yes,3.0,High,Medium,Public,Neutral,4.0,No,High School,Far,Male,72
39.0,67.0,High,High,Yes,5.0,76.0,Medium,No,2.0,Medium,Medium,Private,Negative,4.0,No,,Near,Female,71
25.0,85.0,High,High,No,9.0,68.0,Medium,Yes,1.0,High,Medium,Public,Negative,3.0,No,Postgraduate,Far,Female,71
15.0,67.0,Low,Medium,Yes,6.0,83.0,Low,Yes,3.0,Medium,Low,Public,Positive,3.0,No,High School,Moderate,Male,62
17.0,63.0,Medium,Medium,Yes,8.0,59.0,Medium,Yes,1.0,Low,High,Public,Positive,1.0,No,Postgraduate,Moderate,Male,62
17.0,73.0,Medium,Low,No,6.0,58.0,Medium,Yes,4.0,Medium,Medium,Public,Positive,1.0,No,College,Near,Male,64
9.0,69.0,High,High,Yes,10.0,92.0,Medium,Yes,2.0,Low,Medium,Private,Neutral,3.0,No,Postgraduate,Near,Male,65
18.0,96.0,High,Low,Yes,7.0,52.0,Low,Yes,1.0,Low,Medium,Private,Neutral,4.0,No,College,Near,Female,68
24.0,62.0,High,Medium,Yes,5.0,90.0,Low,Yes,0.0,High,Medium,Private,Positive,3.0,No,College,Near,Male,67
12.0,67.0,Medium,Medium,Yes,8.0,65.0,Low,Yes,1.0,High,Medium,Public,Neutral,3.0,No,High School,Moderate,Male,61
26.0,82.0,Low,Low,Yes,9.0,74.0,High,Yes,2.0,Medium,Medium,Public,Negative,5.0,No,High School,Moderate,Female,68
23.0,79.0,Medium,High,No,9.0,77.0,Medium,Yes,1.0,Low,High,Public,Neutral,3.0,No,High School,Near,Male,68
16.0,62.0,Medium,Medium,No,7.0,88.0,Medium,Yes,1.0,Low,High,Public,Neutral,1.0,No,High School,Near,Female,62
19.0,60.0,Medium,Low,No,8.0,94.0,High,Yes,1.0,Low,Low,Private,Neutral,3.0,No,High School,Near,Female,62
30.0,100.0,High,High,Yes,6.0,90.0,Low,Yes,0.0,Medium,Low,Public,Positive,2.0,Yes,High School,Near,Male,74
24.0,86.0,Medium,Medium,Yes,8.0,79.0,Medium,No,0.0,Low,Medium,Public,Neutral,4.0,No,High School,Near,Female,68
20.0,75.0,Low,High,No,8.0,67.0,Medium,Yes,1.0,High,Low,Public,Positive,4.0,No,College,Moderate,Male,66
19.0,79.0,Medium,Medium,No,4.0,76.0,High,Yes,1.0,Medium,Medium,Private,Neutral,3.0,No,,Near,Male,67
20.0,71.0,High,Medium,No,5.0,52.0,High,Yes,1.0,Medium,High,Public,Neutral,3.0,No,High School,Moderate,Male,65
17.0,74.0,Medium,Medium,Yes,7.0,62.0,Medium,Yes,2.0,High,Medium,Public,Positive,4.0,No,High School,Near,Male,66
7.0,86.0,High,Medium,No,7.0,68.0,Medium,Yes,5.0,Low,Medium,Public,Positive,4.0,No,Postgraduate,Moderate,Male,67
32.0,95.0,Medium,Medium,Yes,7.0,66.0,High,Yes,5.0,High,Medium,Private,Negative,3.0,No,College,Near,Male,76
21.0,67.0,Low,High,Yes,7.0,55.0,High,Yes,2.0,High,High,Private,Positive,3.0,No,High School,Moderate,Female,66
22.0,94.0,Low,Low,No,9.0,53.0,High,Yes,1.0,Medium,High,Public,Neutral,3.0,No,College,Near,Female,68
20.0,65.0,High,Medium,Yes,8.0,71.0,Low,Yes,2.0,Low,Medium,Private,Neutral,3.0,Yes,College,Near,Female,63
16.0,69.0,Medium,High,Yes,4.0,54.0,Medium,Yes,4.0,Low,Low,Public,Positive,4.0,No,College,Near,Female,65
19.0,61.0,High,Medium,No,10.0,64.0,Medium,Yes,3.0,Low,Medium,Public,Positive,3.0,No,High School,Moderate,Male,63
10.0,66.0,Medium,Medium,No,4.0,74.0,Low,Yes,2.0,Low,Medium,Public,Negative,2.0,No,High School,Moderate,Male,59
34.0,97.0,Medium,Medium,No,8.0,60.0,Medium,Yes,2.0,Medium,Medium,Private,Neutral,4.0,No,High School,Near,Male,74
13.0,78.0,Medium,Low,Yes,5.0,54.0,Low,Yes,2.0,Low,High,Public,Positive,3.0,Yes,College,Near,Male,62
14.0,63.0,Low,Low,Yes,9.0,72.0,Medium,Yes,3.0,Low,Low,Public,Positive,4.0,Yes,High School,Near,Female,59
17.0,98.0,Medium,High,Yes,7.0,72.0,High,Yes,0.0,Low,Medium,Public,Positive,3.0,No,High School,Near,Male,71
28.0,95.0,Medium,Medium,No,8.0,96.0,Medium,Yes,1.0,Medium,Medium,Public,Neutral,3.0,No,Postgraduate,Moderate,Male,73
20.0,90.0,High,Medium,Yes,4.0,56.0,Medium,Yes,0.0,Low,High,Private,Positive,1.0,No,High School,Moderate,Male,68
13.0,97.0,Medium,Medium,Yes,8.0,81.0,Medium,Yes,3.0,Low,Medium,Public,Neutral,1.0,No,High School,Far,Male,68
28.0,69.0,Medium,Medium,Yes,8.0,66.0,Medium,Yes,0.0,Low,Medium,Public,Positive,6.0,No,College,Far,Male,66
24.0,93.0,Low,High,Yes,8.0,56.0,Medium,Yes,1.0,Low,Medium,Public,Neutral,3.0,No,College,Moderate,Male,69
23.0,88.0,Medium,Medium,No,8.0,70.0,Medium,Yes,2.0,Medium,High,Public,Neutral,4.0,No,High School,Near,Female,70
24.0,95.0,Medium,High,Yes,7.0,71.0,High,Yes,1.0,Medium,High,Public,Positive,3.0,No,High School,Near,Male,74
34.0,92.0,High,Medium,No,7.0,68.0,Low,Yes,0.0,Medium,High,Public,Positive,5.0,No,College,Near,Female,75
33.0,74.0,Medium,Medium,Yes,6.0,88.0,Medium,Yes,2.0,Medium,Medium,Private,Neutral,3.0,No,College,Near,Male,71
16.0,91.0,High,High,Yes,6.0,92.0,Low,Yes,2.0,Low,High,Private,Positive,3.0,No,High School,Moderate,Male,71
30.0,70.0,Medium,Medium,No,9.0,57.0,Medium,Yes,1.0,Low,Medium,Public,Negative,4.0,No,College,Far,Female,65
22.0,73.0,Low,Medium,No,6.0,58.0,High,Yes,1.0,Medium,Medium,Private,Positive,3.0,No,Postgraduate,Moderate,Male,65
23.0,64.0,Medium,High,No,4.0,71.0,Low,Yes,2.0,Medium,Medium,Public,Negative,1.0,No,Postgraduate,Near,Male,65
10.0,97.0,Medium,Medium,No,6.0,66.0,Medium,Yes,2.0,Low,Medium,Public,Neutral,2.0,No,Postgraduate,Near,Female,67
19.0,72.0,Medium,Medium,Yes,8.0,91.0,High,Yes,1.0,Low,Medium,Private,Positive,4.0,No,,Moderate,Male,67
15.0,81.0,Medium,Medium,Yes,7.0,100.0,Medium,Yes,1.0,Low,Medium,Public,Neutral,3.0,No,Postgraduate,Moderate,Male,67
25.0,76.0,High,High,Yes,8.0,59.0,Medium,Yes,4.0,Medium,Medium,Private,Neutral,4.0,No,College,Near,Female,71
26.0,98.0,High,Low,No,4.0,88.0,Low,Yes,1.0,Medium,High,Public,Neutral,1.0,No,College,Moderate,Female,72
8.0,73.0,Medium,High,Yes,4.0,80.0,Low,Yes,0.0,Low,High,Public,Neutral,4.0,No,College,Moderate,Male,62
20.0,91.0,High,Low,Yes,7.0,82.0,Medium,Yes,0.0,Medium,Medium,Public,Neutral,4.0,No,College,Near,Male,70
27.0,94.0,Medium,High,No,9.0,63.0,High,Yes,0.0,Low,Medium,Public,Neutral,4.0,No,College,Near,Female,72
19.0,77.0,Low,Medium,Yes,4.0,55.0,Medium,Yes,0.0,Medium,Low,Public,Positive,4.0,No,College,Moderate,Male,64
24.0,75.0,High,Low,Yes,8.0,77.0,High,Yes,1.0,Low,Medium,Private,Negative,1.0,No,College,Moderate,Male,66
22.0,90.0,Low,Medium,Yes,9.0,81.0,Medium,Yes,0.0,Medium,Medium,Public,Neutral,4.0,No,High School,Near,Male,69
22.0,97.0,High,Medium,No,7.0,98.0,High,Yes,0.0,Medium,Medium,Public,Negative,0.0,No,College,Moderate,Female,71
18.0,90.0,Medium,Low,No,8.0,84.0,High,Yes,2.0,Low,High,Private,Positive,3.0,No,High School,Moderate,Male,68
13.0,69.0,Medium,Medium,Yes,7.0,72.0,Low,Yes,2.0,High,Medium,Public,Positive,2.0,No,High School,Moderate,Female,63
13.0,96.0,Medium,High,Yes,7.0,100.0,Medium,No,4.0,Medium,High,Public,Negative,3.0,No,High School,Near,Male,71
24.0,76.0,High,Low,Yes,8.0,69.0,Low,Yes,3.0,Low,Medium,Private,Negative,1.0,No,High School,,Male,65
20.0,83.0,Low,High,Yes,10.0,58.0,Medium,Yes,0.0,Low,High,Public,Neutral,1.0,No,High School,Near,Female,66
19.0,93.0,Low,Low,Yes,6.0,81.0,Medium,Yes,2.0,High,Medium,Private,Positive,3.0,Yes,College,Moderate,Female,68
17.0,68.0,Medium,Medium,Yes,7.0,63.0,Medium,No,0.0,Low,Medium,Public,Neutral,3.0,No,High School,Moderate,Male,61
18.0,91.0,Low,High,No,6.0,96.0,Medium,Yes,2.0,Low,Medium,Private,Positive,3.0,No,Postgraduate,Near,Male,71
26.0,84.0,Medium,High,Yes,7.0,71.0,Medium,Yes,0.0,Medium,Medium,Public,Neutral,2.0,No,High School,Near,Female,70
18.0,96.0,High,Low,No,7.0,57.0,Low,Yes,1.0,Low,Medium,Public,Negative,3.0,No,High School,Moderate,Female,66
12.0,67.0,High,Medium,Yes,9.0,57.0,Low,Yes,0.0,Low,Medium,Private,Positive,2.0,No,College,Moderate,Male,61
24.0,77.0,High,Low,Yes,9.0,82.0,Low,Yes,1.0,Medium,Medium,Private,Neutral,2.0,No,High School,Near,Male,67
19.0,93.0,High,Medium,Yes,8.0,68.0,Medium,Yes,1.0,High,High,Public,Positive,3.0,No,Postgraduate,Near,Female,72
20.0,61.0,High,High,No,9.0,68.0,Medium,Yes,1.0,High,Low,Private,Positive,3.0,No,High School,Near,Female,65
30.0,64.0,High,Medium,No,6.0,81.0,Low,Yes,3.0,Medium,Medium,Public,Negative,2.0,No,College,Near,Female,68
20.0,100.0,Low,Medium,Yes,6.0,61.0,High,No,3.0,Medium,Medium,Public,Positive,4.0,No,College,Far,Male,70
22.0,71.0,Medium,Low,Yes,8.0,57.0,Medium,Yes,1.0,Low,High,Public,Negative,4.0,No,High School,Moderate,Male,63
13.0,99.0,High,Low,No,7.0,83.0,Medium,Yes,1.0,Medium,Medium,Public,Neutral,4.0,No,Postgraduate,Far,Female,69
19.0,67.0,Medium,Low,No,10.0,50.0,Medium,Yes,0.0,High,Medium,Public,Positive,3.0,No,High School,Near,Male,62
24.0,74.0,High,High,No,4.0,95.0,High,Yes,1.0,High,Medium,Public,Neutral,4.0,No,Postgraduate,Moderate,Female,71
11.0,90.0,Low,Low,Yes,8.0,59.0,Low,Yes,1.0,Low,High,Public,Positive,4.0,No,High School,Near,Male,64
21.0,86.0,High,Medium,No,8.0,72.0,Medium,Yes,0.0,High,High,Public,Positive,3.0,No,High School,Moderate,Male,69
21.0,83.0,Medium,High,Yes,6.0,61.0,High,Yes,2.0,Low,High,Public,Positive,3.0,No,Postgraduate,Near,Male,71
20.0,81.0,Low,Medium,Yes,6.0,61.0,Low,No,0.0,Low,Medium,Public,Positive,4.0,Yes,High School,Near,Female,63
26.0,94.0,Low,High,Yes,6.0,92.0,Low,Yes,1.0,Low,High,Public,Neutral,3.0,No,High School,Near,Female,72
22.0,69.0,Medium,Medium,Yes,5.0,79.0,Medium,Yes,1.0,Low,Low,Public,Positive,3.0,No,College,Near,Male,66
29.0,78.0,High,Medium,Yes,9.0,66.0,Medium,Yes,2.0,Low,Medium,Public,Neutral,4.0,No,High School,Moderate,Male,69
14.0,66.0,Medium,Medium,Yes,10.0,63.0,Low,Yes,0.0,Low,Medium,Public,Positive,3.0,No,High School,Moderate,Male,60
21.0,84.0,High,High,Yes,6.0,61.0,Low,Yes,1.0,Medium,High,Private,Negative,4.0,No,High School,Moderate,Female,68
21.0,70.0,Medium,High,No,6.0,78.0,Medium,Yes,3.0,Medium,Low,Public,Neutral,2.0,No,College,Far,Male,65
14.0,73.0,High,Medium,No,5.0,87.0,High,Yes,2.0,Medium,Medium,Public,Positive,4.0,No,College,Near,Female,67
26.0,79.0,Medium,Low,Yes,5.0,63.0,Medium,Yes,0.0,Low,Medium,Public,Positive,2.0,No,High School,Near,Male,66
34.0,61.0,Medium,Medium,Yes,6.0,67.0,High,Yes,1.0,High,Medium,Private,Neutral,2.0,No,Postgraduate,Moderate,Male,68
20.0,64.0,Low,Medium,Yes,9.0,86.0,Medium,Yes,0.0,Low,High,Private,Negative,4.0,No,High School,Near,Female,63
23.0,87.0,High,High,Yes,10.0,87.0,Medium,Yes,1.0,Medium,Medium,Private,Positive,3.0,No,College,Near,Male,73
21.0,77.0,Medium,Medium,Yes,6.0,60.0,Medium,Yes,1.0,Medium,Medium,Private,Neutral,3.0,No,College,Moderate,Male,66
16.0,95.0,Low,Medium,Yes,6.0,69.0,Low,Yes,2.0,Low,High,Public,Neutral,3.0,Yes,College,Near,Male,67
9.0,88.0,Low,Medium,Yes,5.0,93.0,Low,Yes,2.0,Medium,Medium,Public,Neutral,4.0,No,Postgraduate,Near,Male,66
16.0,60.0,Medium,Low,No,8.0,87.0,Low,Yes,0.0,Low,Low,Public,Positive,5.0,No,High School,Near,Male,60
12.0,85.0,High,High,No,8.0,58.0,Low,Yes,1.0,Low,High,Public,Positive,3.0,No,Postgraduate,Near,Male,67
30.0,64.0,Medium,Medium,No,7.0,69.0,Medium,Yes,3.0,High,Low,Public,Negative,4.0,No,High School,Near,Female,67
19.0,91.0,Medium,Medium,Yes,6.0,99.0,High,Yes,0.0,Medium,Medium,Public,Neutral,2.0,No,High School,Near,Female,70
18.0,100.0,High,Low,No,9.0,76.0,Low,Yes,1.0,Low,Medium,Public,Positive,2.0,No,High School,Near,Female,69
25.0,81.0,Medium,Low,Yes,8.0,86.0,Medium,Yes,1.0,Low,Medium,Public,Negative,3.0,No,Postgraduate,Near,Male,68
13.0,87.0,High,Low,Yes,8.0,55.0,High,Yes,1.0,High,High,Private,Positive,3.0,No,High School,Near,Female,67
15.0,69.0,Medium,High,No,8.0,92.0,Low,Yes,0.0,Low,Medium,Public,Neutral,1.0,No,College,Moderate,Male,63
20.0,78.0,High,Medium,No,7.0,80.0,High,Yes,2.0,High,Medium,Public,Positive,3.0,No,College,Near,Male,70
26.0,94.0,Low,Medium,No,6.0,59.0,High,Yes,4.0,Low,Medium,Public,Neutral,3.0,No,High School,Near,Female,71
23.0,67.0,High,High,Yes,8.0,69.0,Low,Yes,1.0,High,Medium,Public,Neutral,2.0,No,High School,Near,Female,67
21.0,71.0,Medium,Medium,No,8.0,54.0,High,Yes,1.0,Medium,Medium,Private,Neutral,3.0,No,High School,Near,Male,64
20.0,78.0,Low,Medium,No,8.0,89.0,High,No,0.0,Medium,Medium,Private,Neutral,4.0,No,College,Near,Female,66
22.0,88.0,Medium,Medium,Yes,5.0,87.0,Low,Yes,1.0,Low,High,Public,Neutral,3.0,No,Postgraduate,Near,Male,70
21.0,75.0,Medium,Low,Yes,8.0,75.0,High,Yes,1.0,Medium,Medium,Private,Negative,2.0,No,High School,Moderate,Male,65
14.0,97.0,Low,Medium,Yes,7.0,73.0,Medium,Yes,2.0,Medium,Low,Public,Positive,3.0,No,College,Moderate,Male,68
20.0,64.0,Medium,Low,Yes,6.0,73.0,High,Yes,3.0,Medium,High,Public,Negative,5.0,No,Postgraduate,Far,Female,65
14.0,75.0,High,Medium,No,8.0,52.0,Medium,Yes,3.0,Medium,Medium,Public,Neutral,1.0,No,Postgraduate,Near,Male,65
20.0,88.0,Medium,Medium,Yes,7.0,68.0,Medium,Yes,0.0,Low,High,Public,Positive,4.0,No,College,Near,Female,69
17.0,69.0,Medium,Medium,No,10.0,56.0,Medium,Yes,1.0,Medium,Medium,Public,Neutral,4.0,No,High School,Near,Female,63
35.0,86.0,Low,Medium,No,8.0,59.0,Medium,Yes,2.0,Low,Low,Public,Positive,2.0,No,College,Moderate,Female,70
20.0,67.0,Low,Low,Yes,7.0,98.0,Medium,Yes,1.0,Medium,Medium,Public,Neutral,4.0,No,College,Near,Male,64
12.0,62.0,Medium,High,Yes,7.0,63.0,High,Yes,1.0,High,Medium,Public,Neutral,4.0,No,High School,Near,Female,62
19.0,65.0,High,High,Yes,5.0,74.0,Medium,Yes,1.0,Low,,Private,Positive,3.0,No,High School,Near,Female,66
23.0,97.0,High,Low,Yes,9.0,94.0,High,Yes,2.0,Low,Medium,Public,Positive,3.0,No,High School,Moderate,Male,73
30.0,82.0,Medium,High,Yes,7.0,71.0,Medium,Yes,3.0,Low,High,Public,Neutral,3.0,No,Postgraduate,Far,Female,72
16.0,92.0,Medium,Medium,Yes,7.0,76.0,High,No,0.0,High,Medium,Private,Neutral,2.0,No,Postgraduate,Far,Male,68
11.0,73.0,Medium,High,No,5.0,58.0,Medium,No,0.0,Medium,Medium,Private,Positive,4.0,No,College,Near,Male,62
25.0,84.0,Medium,Low,No,8.0,64.0,Medium,Yes,2.0,Low,Medium,Private,Neutral,4.0,No,High School,,Male,67
12.0,80.0,Medium,Low,No,6.0,75.0,Medium,Yes,1.0,Low,High,Public,Negative,4.0,No,High School,Moderate,Male,62
17.0,98.0,High,High,No,6.0,68.0,Medium,Yes,2.0,Medium,Medium,Public,Positive,3.0,No,High School,Near,Male,72
18.0,90.0,Low,High,No,7.0,52.0,High,Yes,2.0,Medium,High,Public,Negative,2.0,No,High School,Near,Male,67
20.0,89.0,High,Medium,Yes,6.0,70.0,Low,Yes,1.0,Low,Medium,Private,Positive,3.0,No,High School,Moderate,Female,68
24.0,62.0,Low,High,Yes,6.0,91.0,Medium,Yes,2.0,Medium,Medium,Public,Neutral,3.0,No,High School,Moderate,Female,65
16.0,82.0,Medium,Medium,No,7.0,56.0,Low,Yes,0.0,High,High,Private,Negative,1.0,Yes,High School,Far,Female,79
18.0,79.0,High,Low,No,9.0,51.0,High,Yes,2.0,Medium,Medium,Private,Positive,3.0,No,High School,Near,Male,66
20.0,97.0,Medium,Medium,Yes,8.0,56.0,Low,Yes,1.0,Low,Medium,Private,Neutral,2.0,No,High School,Near,Female,68
21.0,70.0,Low,Low,Yes,8.0,84.0,Medium,Yes,1.0,High,High,Public,Positive,3.0,Yes,Postgraduate,Near,Male,65
21.0,71.0,Medium,High,Yes,8.0,90.0,Medium,Yes,3.0,Low,Medium,Public,Neutral,4.0,No,High School,Moderate,Female,67
23.0,76.0,Medium,High,Yes,6.0,52.0,Low,Yes,3.0,Medium,Medium,Public,Neutral,4.0,No,College,Moderate,Male,67
25.0,70.0,Low,Medium,Yes,9.0,94.0,Medium,Yes,1.0,Medium,,Public,Neutral,4.0,No,High School,Moderate,Male,67
22.0,65.0,Medium,Medium,Yes,4.0,81.0,High,Yes,5.0,Medium,Medium,Public,Positive,4.0,No,College,Far,Female,68
23.0,94.0,Medium,High,No,8.0,76.0,Low,Yes,3.0,Medium,Medium,Public,Positive,3.0,No,High School,Moderate,Male,72
11.0,82.0,High,Medium,No,8.0,63.0,High,Yes,1.0,Medium,Medium,Public,Neutral,5.0,No,High School,Near,Male,65
20.0,94.0,Low,Medium,No,7.0,69.0,Low,Yes,0.0,Low,Medium,Public,Positive,3.0,Yes,High School,Moderate,Female,65
23.0,93.0,Medium,Medium,Yes,6.0,97.0,Low,No,1.0,Medium,Medium,Public,Positive,2.0,No,College,Moderate,Male,70
24.0,71.0,Medium,Medium,Yes,7.0,96.0,Medium,Yes,2.0,Low,,Public,Negative,2.0,No,High School,Near,Male,67
16.0,82.0,Medium,High,Yes,6.0,81.0,Medium,Yes,1.0,Medium,Medium,Private,Neutral,4.0,No,College,Near,Male,68
16.0,63.0,Medium,Medium,No,8.0,79.0,Medium,Yes,2.0,Low,High,Public,Positive,3.0,No,College,Moderate,Male,63
17.0,97.0,Medium,Medium,Yes,8.0,61.0,Low,Yes,2.0,Low,Medium,Public,Neutral,2.0,No,High School,Near,Male,68
23.0,76.0,Medium,High,Yes,8.0,98.0,Medium,Yes,0.0,Medium,Low,Public,Neutral,2.0,No,Postgraduate,Moderate,Female,69
26.0,76.0,Low,Low,Yes,8.0,88.0,Low,Yes,2.0,Low,Low,Public,Positive,4.0,No,High School,Near,Male,66
18.0,72.0,High,Medium,Yes,8.0,69.0,High,No,2.0,High,Medium,Public,Neutral,4.0,Yes,High School,Far,Female,64
25.0,78.0,High,Low,Yes,8.0,91.0,Medium,Yes,3.0,Low,Medium,Public,Negative,4.0,No,High School,Near,Male,69
21.0,70.0,Low,Medium,No,6.0,61.0,Medium,Yes,1.0,Low,Medium,Public,Neutral,3.0,No,High School,Near,Male,62
19.0,75.0,Medium,High,Yes,5.0,61.0,High,Yes,0.0,Medium,Medium,Public,Negative,3.0,No,High School,Near,Female,65
19.0,92.0,Medium,Medium,Yes,7.0,90.0,Medium,Yes,1.0,Low,High,Public,Positive,2.0,No,High School,Near,Female,70
24.0,93.0,Low,High,Yes,8.0,78.0,Medium,Yes,1.0,High,Medium,Public,Neutral,4.0,No,High School,Near,Female,72
22.0,72.0,Medium,Medium,No,5.0,78.0,High,Yes,1.0,Low,High,Public,Positive,3.0,No,High School,Near,Female,66
34.0,79.0,High,Low,Yes,7.0,79.0,Low,Yes,3.0,Medium,High,Private,Negative,2.0,Yes,High School,Moderate,Male,70
15.0,95.0,Medium,Medium,No,9.0,56.0,Medium,No,3.0,Low,High,Public,Positive,1.0,No,High School,Near,Male,67
23.0,62.0,High,High,Yes,7.0,67.0,Low,Yes,1.0,Low,Medium,Public,Negative,4.0,No,Postgraduate,Moderate,Female,65
17.0,96.0,Medium,Low,Yes,9.0,79.0,Low,No,3.0,Medium,Medium,Private,Neutral,2.0,No,Postgraduate,Moderate,Male,68
15.0,69.0,Low,Medium,Yes,9.0,62.0,Low,Yes,2.0,Medium,High,Public,Neutral,3.0,No,High School,Moderate,Male,62
20.0,87.0,Low,Medium,Yes,7.0,75.0,High,Yes,1.0,Low,Medium,Public,Negative,3.0,No,Postgraduate,Near,Male,68
21.0,83.0,High,Medium,No,6.0,78.0,Medium,Yes,2.0,High,High,Public,Positive,3.0,Yes,High School,Near,Female,69
38.0,82.0,Medium,Low,No,6.0,97.0,Low,Yes,2.0,Low,Medium,Private,Negative,3.0,No,College,Near,Male,72
19.0,94.0,Low,Medium,No,7.0,62.0,Medium,Yes,0.0,Medium,Medium,Public,Negative,3.0,Yes,High School,Moderate,Male,65
13.0,64.0,Medium,High,Yes,5.0,72.0,Medium,Yes,2.0,Medium,Medium,Private,Neutral,2.0,No,Postgraduate,Moderate,Male,63
22.0,74.0,High,High,Yes,5.0,99.0,Medium,Yes,0.0,Low,Medium,Public,Neutral,2.0,No,College,Near,Female,68
8.0,82.0,High,Low,No,4.0,59.0,Medium,Yes,1.0,Medium,Medium,Public,Neutral,2.0,No,College,Near,Male,62
19.0,92.0,Medium,Medium,Yes,7.0,89.0,Medium,No,0.0,Low,High,Private,Neutral,2.0,No,Postgraduate,Near,Male,69
20.0,69.0,Medium,Low,No,10.0,59.0,Medium,Yes,2.0,High,High,Public,Positive,4.0,No,High School,Near,Female,65
25.0,92.0,High,Medium,No,4.0,93.0,High,Yes,3.0,High,Medium,Public,Neutral,2.0,No,High School,Near,Female,74
26.0,76.0,High,Low,Yes,7.0,74.0,Medium,Yes,4.0,Medium,High,Public,Positive,3.0,No,High School,Moderate,Female,70
17.0,68.0,Medium,Low,Yes,7.0,99.0,High,Yes,2.0,Medium,Medium,Public,Positive,3.0,No,High School,Near,Female,65
19.0,90.0,High,High,No,7.0,59.0,Low,Yes,3.0,High,Medium,Public,Neutral,3.0,No,College,Moderate,Male,70
15.0,64.0,Low,Low,Yes,9.0,84.0,Low,Yes,0.0,Medium,Medium,Public,Neutral,3.0,No,College,Far,Male,59
13.0,81.0,Low,Medium,Yes,6.0,85.0,Low,Yes,1.0,Low,Medium,Private,Neutral,3.0,No,High School,Moderate,Male,63
22.0,63.0,Low,High,Yes,4.0,86.0,Low,Yes,0.0,Low,High,Public,Neutral,4.0,No,College,Near,Female,64
12.0,74.0,Low,High,Yes,6.0,55.0,High,Yes,0.0,Medium,Low,Public,Positive,3.0,No,Postgraduate,Near,Male,63
18.0,84.0,High,Low,No,6.0,64.0,Medium,Yes,2.0,Low,High,Public,Positive,2.0,No,High School,Near,Female,67
14.0,82.0,Medium,Medium,Yes,4.0,67.0,Medium,Yes,1.0,High,Medium,Public,Neutral,4.0,No,High School,Moderate,Female,65
23.0,76.0,Medium,Medium,No,7.0,66.0,Medium,Yes,2.0,Medium,Medium,Public,Neutral,3.0,No,College,Near,Male,67
31.0,77.0,High,Medium,No,5.0,84.0,Medium,Yes,2.0,High,High,Public,Positive,5.0,No,,Near,Male,73
12.0,69.0,High,High,Yes,7.0,53.0,Low,Yes,2.0,Low,High,Public,Neutral,3.0,No,College,Near,Male,64
9.0,78.0,Low,High,No,6.0,87.0,Medium,Yes,0.0,Medium,High,Private,Positive,3.0,No,Postgraduate,Near,Male,65
19.0,98.0,Medium,High,Yes,5.0,76.0,Medium,Yes,2.0,Medium,Medium,Private,Positive,3.0,No,High School,Moderate,Male,72
20.0,94.0,High,Medium,No,8.0,59.0,High,Yes,3.0,Medium,Medium,Public,Positive,4.0,No,High School,Near,Female,72
21.0,66.0,High,Medium,No,7.0,61.0,Medium,Yes,2.0,High,High,Public,Neutral,2.0,No,College,Near,Male,66
17.0,61.0,High,Medium,Yes,7.0,55.0,High,Yes,1.0,Medium,Medium,Private,Negative,2.0,Yes,College,Near,Male,62
19.0,97.0,Low,Medium,No,8.0,73.0,Medium,Yes,2.0,Medium,Medium,Private,Negative,1.0,No,College,Near,Male,68
22.0,81.0,Medium,Low,Yes,7.0,80.0,Low,Yes,1.0,Medium,Medium,Public,Positive,3.0,No,College,Moderate,Female,67
26.0,82.0,High,Low,No,7.0,79.0,Medium,Yes,1.0,Medium,Medium,Public,Positive,2.0,Yes,Postgraduate,Near,Female,69
8.0,91.0,High,Low,No,6.0,98.0,Medium,Yes,1.0,Medium,Medium,Private,Positive,3.0,No,High School,Near,Female,67
18.0,73.0,Medium,Medium,No,5.0,65.0,Medium,Yes,1.0,Low,High,Public,Negative,3.0,No,College,Moderate,Female,63
21.0,79.0,Low,Medium,Yes,7.0,88.0,Low,Yes,0.0,Low,Medium,Private,Negative,4.0,No,High School,Moderate,Male,65
14.0,99.0,High,Medium,No,6.0,86.0,Low,Yes,2.0,High,High,Private,Negative,4.0,No,College,Near,Male,71
30.0,87.0,Medium,Medium,No,8.0,53.0,Low,Yes,1.0,Low,High,Private,Neutral,1.0,No,Postgraduate,Near,Male,70
16.0,66.0,Medium,Medium,Yes,7.0,97.0,Medium,Yes,5.0,Low,High,Public,Positive,3.0,No,Postgraduate,Near,Male,68
20.0,65.0,Medium,Medium,Yes,8.0,97.0,High,Yes,0.0,Low,Medium,Public,Negative,3.0,No,College,Near,Female,65
23.0,68.0,Medium,High,Yes,6.0,70.0,Medium,Yes,4.0,Medium,Medium,Public,Positive,2.0,No,High School,Near,Male,68
16.0,91.0,Medium,Medium,Yes,5.0,71.0,Medium,Yes,2.0,High,Medium,Public,Negative,3.0,No,College,Near,Male,69
9.0,72.0,Medium,High,Yes,10.0,91.0,Medium,No,1.0,High,Medium,Public,Neutral,2.0,No,High School,Far,Female,62
17.0,61.0,Low,High,Yes,7.0,75.0,Medium,No,2.0,Medium,High,Public,Negative,4.0,No,College,Near,Female,62
26.0,98.0,High,Low,No,8.0,90.0,Low,Yes,1.0,High,Low,Public,Positive,2.0,Yes,Postgraduate,Moderate,Female,72
18.0,67.0,High,Medium,No,5.0,52.0,High,Yes,0.0,Medium,Medium,Private,Neutral,4.0,No,Postgraduate,Moderate,Male,64
15.0,60.0,High,Medium,No,7.0,63.0,Low,Yes,0.0,Low,High,Public,Positive,1.0,Yes,High School,Far,Female,58
26.0,69.0,High,Medium,No,9.0,55.0,Low,Yes,1.0,Low,Medium,Public,Neutral,3.0,No,College,Near,Male,66
18.0,69.0,Medium,Low,Yes,5.0,73.0,Low,Yes,1.0,Low,High,Public,Positive,4.0,No,Postgraduate,Moderate,Male,64
17.0,77.0,Medium,High,Yes,10.0,93.0,Low,Yes,3.0,High,High,Private,Positive,1.0,No,College,Far,Female,68
21.0,97.0,Low,Low,No,7.0,78.0,Medium,Yes,0.0,High,Medium,Public,Neutral,3.0,No,Postgraduate,Near,Female,69
25.0,95.0,Low,High,No,6.0,76.0,Medium,Yes,1.0,Low,Medium,Public,Positive,5.0,No,High School,Near,Male,71
34.0,78.0,Medium,High,Yes,8.0,68.0,Medium,Yes,1.0,Medium,Medium,Public,Negative,2.0,No,College,Near,Male,71
25.0,76.0,Medium,Medium,Yes,9.0,53.0,Medium,Yes,0.0,High,High,Private,Positive,3.0,No,High School,Moderate,Male,67
27.0,82.0,High,Low,Yes,6.0,88.0,Medium,Yes,2.0,High,High,Private,Neutral,3.0,No,High School,Near,Male,71
17.0,70.0,Medium,Medium,Yes,6.0,79.0,Low,Yes,2.0,Medium,Medium,Public,Positive,3.0,No,High School,,Female,64
14.0,62.0,Medium,Medium,Yes,7.0,97.0,High,Yes,0.0,Medium,Medium,Public,Positive,1.0,No,High School,Moderate,Male,62
20.0,98.0,Medium,Medium,No,8.0,72.0,Medium,Yes,1.0,High,Medium,Public,Negative,4.0,No,High School,Near,Female,70
21.0,67.0,Low,High,No,7.0,70.0,Low,Yes,2.0,Low,Medium,Private,Negative,2.0,No,Postgraduate,Moderate,Female,63
14.0,68.0,High,Medium,Yes,8.0,99.0,High,Yes,0.0,High,Medium,Public,Positive,3.0,No,High School,Near,Female,66
19.0,79.0,Medium,Medium,Yes,8.0,57.0,Low,Yes,2.0,Low,Low,Public,Positive,3.0,No,High School,Moderate,Male,65
22.0,80.0,Medium,High,No,7.0,63.0,Medium,Yes,1.0,High,Medium,Public,Positive,3.0,No,College,Near,Male,69
22.0,61.0,High,Low,Yes,6.0,74.0,Medium,Yes,1.0,Low,Medium,Public,Negative,3.0,No,High School,Near,Male,63
23.0,66.0,Medium,Medium,No,7.0,76.0,Low,Yes,1.0,High,Medium,Public,Neutral,2.0,No,College,Moderate,Male,64
22.0,75.0,Medium,Medium,Yes,10.0,77.0,High,Yes,2.0,Low,Low,Public,Neutral,2.0,No,High School,Near,Male,66
17.0,87.0,Medium,Medium,Yes,7.0,61.0,Medium,Yes,4.0,High,Medium,Public,Negative,3.0,Yes,High School,Near,Female,67
17.0,69.0,High,High,Yes,9.0,96.0,Medium,Yes,2.0,Low,Medium,Public,Negative,3.0,No,College,Far,Male,66
13.0,77.0,Low,High,No,6.0,85.0,Low,Yes,2.0,Low,Medium,Public,Neutral,4.0,No,Postgraduate,Near,Female,65
31.0,82.0,High,Medium,Yes,7.0,63.0,Medium,No,2.0,High,Medium,Private,Positive,2.0,No,Postgraduate,Moderate,Male,72
20.0,96.0,High,Medium,Yes,8.0,65.0,High,Yes,0.0,Medium,Low,Public,Neutral,2.0,No,High School,Near,Female,70
19.0,73.0,Medium,Medium,Yes,9.0,94.0,Medium,Yes,1.0,High,Low,Public,Positive,1.0,No,College,Near,Female,67
14.0,65.0,Medium,High,No,9.0,69.0,Low,Yes,4.0,Medium,,Public,Neutral,3.0,No,College,Near,Male,64
38.0,80.0,High,Medium,No,5.0,78.0,Medium,Yes,1.0,Low,Medium,Public,Positive,4.0,No,College,Far,Female,72
14.0,90.0,Medium,Medium,Yes,9.0,56.0,Medium,Yes,0.0,Low,Medium,Public,Neutral,4.0,No,High School,Near,Female,65
17.0,64.0,High,Low,Yes,10.0,63.0,Medium,Yes,0.0,High,Medium,Public,Positive,3.0,No,High School,Moderate,Female,62
22.0,77.0,Medium,High,No,6.0,71.0,High,Yes,3.0,Low,Medium,Public,Negative,4.0,No,High School,Far,Female,67
24.0,61.0,Medium,Medium,No,6.0,83.0,High,Yes,0.0,Medium,Medium,Public,Positive,3.0,Yes,High School,Near,Male,64
26.0,61.0,Medium,Medium,No,7.0,64.0,Low,Yes,0.0,Medium,Medium,Private,Negative,3.0,No,Postgraduate,,Male,63
31.0,79.0,Medium,High,No,7.0,98.0,Medium,Yes,1.0,Medium,High,Public,Neutral,2.0,No,College,Moderate,Male,72
23.0,72.0,Low,Medium,No,6.0,61.0,High,Yes,1.0,High,Medium,Public,Positive,5.0,No,High School,Near,Male,66
14.0,94.0,High,Medium,Yes,5.0,89.0,Medium,Yes,0.0,Medium,Medium,Public,Positive,1.0,No,Postgraduate,Near,Female,70
18.0,84.0,Medium,Low,Yes,9.0,68.0,Low,Yes,0.0,Medium,High,Private,Negative,2.0,No,Postgraduate,Near,Female,66
22.0,78.0,High,High,No,6.0,92.0,Low,Yes,1.0,High,High,Public,Positive,3.0,No,High School,Moderate,Male,70
32.0,76.0,Low,Low,Yes,6.0,96.0,Low,Yes,0.0,Low,High,Public,Neutral,2.0,No,High School,Moderate,Female,67
12.0,80.0,Medium,Medium,Yes,7.0,59.0,High,Yes,1.0,Low,High,Public,Positive,2.0,No,High School,Near,Female,64
27.0,62.0,High,Medium,No,5.0,75.0,Medium,Yes,2.0,Medium,High,Public,Positive,2.0,No,,Near,Male,67
21.0,96.0,High,High,Yes,5.0,58.0,Medium,Yes,0.0,High,High,Public,Neutral,4.0,No,College,Far,Male,72
25.0,100.0,High,Low,No,6.0,85.0,Low,Yes,1.0,Medium,Medium,Public,Positive,3.0,No,High School,Near,Male,72
19.0,67.0,High,Medium,Yes,8.0,92.0,Low,Yes,2.0,High,Medium,Public,Neutral,5.0,No,Postgraduate,Moderate,Female,68
15.0,65.0,Medium,Medium,Yes,7.0,69.0,Medium,Yes,1.0,High,Medium,Public,Neutral,3.0,No,Postgraduate,Near,Female,64
25.0,66.0,High,Medium,Yes,4.0,70.0,Medium,No,1.0,High,Medium,Public,Positive,3.0,No,High School,Moderate,Male,66
24.0,86.0,Low,High,No,9.0,60.0,Medium,Yes,0.0,Low,High,Private,Positive,3.0,No,College,Far,Male,68
26.0,86.0,Low,Low,No,8.0,65.0,Low,Yes,0.0,Low,High,Public,Neutral,4.0,No,High School,Near,Female,66
20.0,94.0,Low,High,Yes,7.0,66.0,High,Yes,1.0,Low,High,Private,Positive,1.0,No,High School,Near,Female,70
16.0,90.0,High,High,Yes,7.0,58.0,High,Yes,1.0,Low,Medium,Public,Neutral,4.0,No,Postgraduate,Near,Female,70
11.0,78.0,Low,High,Yes,8.0,65.0,Medium,Yes,0.0,Medium,,Private,Neutral,2.0,No,High School,,Female,62
25.0,85.0,Low,Medium,Yes,10.0,95.0,Medium,Yes,0.0,Medium,Low,Public,Positive,1.0,No,College,Near,Male,69
23.0,88.0,Medium,Medium,Yes,8.0,66.0,Low,Yes,2.0,Medium,High,Private,Positive,2.0,No,College,Moderate,Male,69
14.0,81.0,Medium,Medium,Yes,7.0,64.0,Medium,Yes,2.0,Medium,Medium,Public,Positive,4.0,Yes,College,Near,Male,66
17.0,79.0,High,High,No,5.0,69.0,Medium,Yes,4.0,Low,Medium,Public,Negative,3.0,No,Postgraduate,Near,Female,68
17.0,86.0,Medium,High,No,7.0,98.0,Medium,Yes,2.0,Low,High,Public,Positive,5.0,No,Postgraduate,Moderate,Male,71
11.0,82.0,Medium,Medium,Yes,8.0,88.0,Medium,No,1.0,Low,Medium,Private,Negative,2.0,No,Postgraduate,Moderate,Female,64
15.0,86.0,Low,High,No,7.0,60.0,Medium,Yes,2.0,Medium,Medium,Public,Positive,3.0,No,College,Near,Male,67
13.0,85.0,Medium,High,Yes,6.0,88.0,Medium,Yes,2.0,Medium,High,Public,Positive,3.0,No,High School,Moderate,Female,68
18.0,89.0,Low,High,Yes,8.0,88.0,Low,Yes,0.0,High,,Public,Negative,1.0,No,,Moderate,Male,67
16.0,86.0,Medium,Medium,No,6.0,98.0,High,Yes,1.0,Low,Medium,Public,Neutral,3.0,No,Postgraduate,Near,Male,68
10.0,81.0,Medium,High,Yes,8.0,95.0,Medium,Yes,5.0,Low,High,Public,Positive,3.0,No,High School,Near,Female,69
32.0,87.0,Medium,High,Yes,6.0,55.0,Medium,Yes,0.0,Low,High,Public,Neutral,3.0,No,High School,Near,Male,71
28.0,78.0,High,Low,Yes,4.0,73.0,Low,No,3.0,Low,Medium,Private,Positive,4.0,No,High School,Moderate,Female,68
15.0,70.0,High,High,No,6.0,85.0,High,Yes,0.0,Low,Medium,Private,Positive,2.0,No,College,Moderate,Male,65
22.0,60.0,Low,Medium,No,7.0,99.0,Medium,Yes,1.0,Low,High,Public,Neutral,3.0,No,College,Moderate,Male,63
23.0,82.0,Low,Medium,Yes,8.0,54.0,Medium,Yes,0.0,Medium,High,Public,Negative,1.0,No,High School,Near,Female,65
27.0,84.0,High,High,No,8.0,68.0,Low,Yes,3.0,Low,High,Private,Positive,2.0,Yes,Postgraduate,Near,Female,72
15.0,99.0,Low,Medium,Yes,5.0,75.0,Low,Yes,2.0,Medium,Low,Public,Neutral,1.0,No,College,Moderate,Male,67
27.0,74.0,Medium,High,No,7.0,71.0,Medium,Yes,1.0,Medium,Medium,Public,Positive,3.0,No,High School,Near,Female,69
17.0,76.0,Medium,Medium,No,6.0,73.0,Medium,Yes,3.0,Low,High,Private,Neutral,3.0,No,Postgraduate,Near,Male,67
12.0,68.0,High,Medium,Yes,6.0,68.0,Low,Yes,2.0,Medium,Medium,Public,Positive,4.0,No,College,Near,Male,64
24.0,63.0,Medium,Low,No,6.0,99.0,Low,No,0.0,Low,Medium,Public,Positive,3.0,No,High School,Moderate,Female,62
28.0,91.0,Low,Medium,No,7.0,90.0,Medium,Yes,2.0,High,Low,Private,Neutral,3.0,No,High School,Near,Male,71
36.0,70.0,Low,High,No,10.0,87.0,Medium,Yes,2.0,Low,Medium,Public,Positive,3.0,No,,Near,Male,70
13.0,84.0,Low,Medium,No,10.0,71.0,Low,Yes,1.0,Medium,High,Public,Neutral,3.0,No,College,Moderate,Male,64
24.0,88.0,Medium,Medium,Yes,6.0,94.0,Medium,Yes,0.0,Low,Medium,Private,Negative,2.0,No,Postgraduate,Moderate,Male,69
18.0,79.0,Medium,Medium,Yes,7.0,55.0,Medium,Yes,1.0,Low,High,Public,Positive,3.0,No,High School,Moderate,Female,65
25.0,95.0,High,High,Yes,7.0,57.0,Medium,Yes,2.0,High,Medium,Private,Negative,2.0,No,College,Moderate,Female,73
11.0,78.0,Medium,Low,Yes,7.0,98.0,Low,Yes,2.0,Medium,Medium,Public,Neutral,3.0,No,High School,Near,Female,64
12.0,71.0,Medium,High,Yes,8.0,78.0,Low,Yes,2.0,Medium,Medium,Public,Negative,2.0,No,Postgraduate,Near,Female,64
15.0,96.0,Medium,Medium,Yes,7.0,58.0,Medium,Yes,3.0,Medium,Medium,Public,Neutral,4.0,No,Postgraduate,Moderate,Male,70
20.0,94.0,Low,Low,Yes,6.0,97.0,Low,Yes,2.0,Medium,Medium,Public,Positive,5.0,No,College,Near,Male,70
16.0,67.0,High,High,No,9.0,99.0,Medium,Yes,2.0,Medium,Medium,Public,Neutral,2.0,Yes,High School,Moderate,Male,64
24.0,61.0,Low,Medium,No,5.0,94.0,Medium,Yes,3.0,Medium,High,Private,Neutral,2.0,Yes,College,Moderate,Female,64
26.0,64.0,Medium,Medium,Yes,7.0,62.0,High,Yes,3.0,Medium,High,Private,Negative,2.0,No,High School,Near,Male,66
24.0,71.0,Low,High,Yes,5.0,64.0,Medium,Yes,1.0,Medium,Medium,Public,Neutral,3.0,No,College,Near,Male,66
30.0,99.0,Medium,Medium,Yes,5.0,70.0,Low,Yes,2.0,Medium,Medium,Public,Neutral,4.0,No,High School,Near,Female,74
22.0,82.0,High,High,No,8.0,79.0,Medium,No,2.0,Medium,Medium,Public,Negative,1.0,No,College,Near,Female,69
13.0,75.0,Low,High,Yes,6.0,100.0,High,Yes,1.0,Medium,Medium,Public,Positive,3.0,No,Postgraduate,Near,Male,67
28.0,96.0,Medium,Medium,No,4.0,98.0,High,Yes,5.0,Low,Medium,Public,Neutral,5.0,Yes,High School,Far,Male,73
16.0,78.0,Low,Medium,No,6.0,96.0,High,Yes,0.0,Medium,Medium,Public,Positive,1.0,No,Postgraduate,Near,Female,66
25.0,73.0,High,Medium,No,6.0,54.0,High,Yes,2.0,Medium,Medium,Public,Neutral,4.0,No,High School,Moderate,Female,67
29.0,98.0,Medium,High,Yes,5.0,88.0,Low,Yes,3.0,Low,Medium,Public,Neutral,2.0,No,College,Near,Male,75
23.0,94.0,Medium,High,Yes,8.0,94.0,Low,Yes,2.0,Medium,High,Public,Positive,2.0,No,High School,Near,Male,73
11.0,94.0,Medium,Medium,No,5.0,67.0,Medium,Yes,2.0,High,Medium,Public,Neutral,5.0,No,High School,Near,Female,67
14.0,80.0,High,Low,Yes,6.0,61.0,Medium,Yes,0.0,Medium,High,Public,Neutral,4.0,No,College,Moderate,Female,65
28.0,92.0,Medium,Medium,Yes,7.0,87.0,Low,Yes,1.0,Low,Low,Public,Positive,1.0,No,High School,Near,Female,71
19.0,67.0,Medium,Medium,Yes,6.0,55.0,Low,Yes,1.0,Medium,Medium,Public,Neutral,4.0,No,High School,Near,Male,63
20.0,83.0,Medium,Low,Yes,6.0,97.0,High,Yes,2.0,Low,High,Public,Neutral,4.0,No,High School,Moderate,Female,68
25.0,99.0,Medium,High,No,6.0,58.0,High,Yes,0.0,Medium,Medium,Private,Positive,4.0,No,High School,Near,Male,72
24.0,72.0,Low,High,Yes,5.0,73.0,Low,Yes,2.0,Medium,High,Public,Positive,2.0,No,High School,Near,Male,67
22.0,92.0,Medium,High,No,6.0,99.0,Low,Yes,1.0,Medium,Medium,Public,Negative,4.0,No,College,Near,Female,71
19.0,80.0,Low,Low,No,8.0,99.0,High,Yes,1.0,Low,Medium,Public,Positive,4.0,No,Postgraduate,Near,Male,67
18.0,62.0,Medium,High,Yes,6.0,89.0,Medium,Yes,0.0,High,High,Private,Positive,3.0,No,Postgraduate,Near,Female,66
25.0,91.0,Medium,High,No,7.0,92.0,Medium,Yes,3.0,Low,Medium,Public,Negative,5.0,No,High School,Near,Male,72
23.0,67.0,Low,Low,No,9.0,98.0,Medium,Yes,2.0,Low,High,Public,Negative,0.0,No,College,Near,Female,64
18.0,85.0,Medium,Medium,No,8.0,96.0,Medium,Yes,0.0,High,High,Public,Negative,3.0,No,College,Moderate,Male,68
26.0,63.0,High,High,No,5.0,81.0,Medium,Yes,0.0,Low,Medium,Public,Negative,2.0,No,High School,Moderate,Female,65
19.0,98.0,Medium,High,Yes,8.0,87.0,High,Yes,1.0,Medium,Medium,Private,Positive,4.0,No,Postgraduate,Moderate,Male,74
15.0,72.0,Medium,Low,Yes,9.0,80.0,Medium,Yes,4.0,Medium,High,Private,Neutral,4.0,No,College,Moderate,Female,65
15.0,69.0,High,Low,Yes,6.0,75.0,Medium,No,2.0,Low,High,Public,Positive,2.0,No,High School,Near,Female,63
14.0,65.0,Medium,Medium,Yes,5.0,94.0,Medium,Yes,5.0,Low,Medium,Private,Negative,3.0,No,Postgraduate,Moderate,Male,65
18.0,98.0,Low,High,Yes,6.0,87.0,Medium,Yes,0.0,Medium,Medium,Public,Neutral,1.0,No,High School,Near,Male,70
27.0,88.0,Medium,High,Yes,7.0,93.0,Medium,Yes,0.0,Low,Medium,Public,Neutral,4.0,No,High School,Moderate,Male,71
15.0,90.0,Medium,Medium,Yes,8.0,55.0,Medium,Yes,1.0,Low,Medium,Public,Neutral,1.0,No,College,Near,Female,66
21.0,80.0,Medium,Medium,Yes,6.0,79.0,Low,Yes,2.0,Medium,High,Public,Positive,3.0,No,College,Near,Male,69
16.0,79.0,Medium,High,Yes,4.0,66.0,High,Yes,2.0,Medium,Medium,Public,Neutral,2.0,No,College,Moderate,Male,67
18.0,64.0,Medium,High,Yes,5.0,76.0,Low,Yes,1.0,Low,Medium,Public,Positive,4.0,No,High School,Moderate,Male,64
11.0,82.0,High,High,No,8.0,81.0,High,Yes,2.0,Low,High,Public,Positive,2.0,No,High School,Moderate,Female,67
19.0,70.0,Medium,High,Yes,10.0,92.0,Medium,Yes,1.0,Low,High,Public,Positive,4.0,No,High School,Near,Male,67
19.0,99.0,High,Medium,No,7.0,52.0,Medium,Yes,1.0,Medium,Medium,Public,Neutral,4.0,No,High School,Near,Male,70
23.0,92.0,High,High,No,9.0,58.0,Medium,Yes,2.0,Low,Medium,Private,Neutral,1.0,No,Postgraduate,Near,Female,71
21.0,77.0,Medium,Low,Yes,5.0,96.0,High,Yes,2.0,Low,High,Private,Neutral,5.0,No,High School,Near,Female,68
13.0,66.0,High,High,No,6.0,98.0,Low,Yes,1.0,High,High,Public,Positive,2.0,No,High School,Near,Male,65
27.0,91.0,Medium,Medium,No,4.0,53.0,Medium,Yes,1.0,Low,Medium,Private,Positive,3.0,No,Postgraduate,Near,Female,70
21.0,65.0,Medium,High,Yes,8.0,67.0,Low,No,1.0,Low,,Public,Positive,4.0,No,High School,Near,Female,64
21.0,68.0,High,High,Yes,6.0,50.0,High,Yes,3.0,Medium,Low,Private,Neutral,4.0,No,High School,Near,Male,67
20.0,68.0,Low,Low,No,8.0,88.0,Medium,Yes,5.0,Low,Low,Private,Neutral,3.0,No,High School,Moderate,Male,63
17.0,82.0,Medium,Low,Yes,6.0,84.0,High,Yes,2.0,Low,Low,Public,Negative,3.0,No,High School,Moderate,Female,65
21.0,91.0,Medium,Medium,Yes,10.0,78.0,High,Yes,2.0,Low,High,Public,Negative,2.0,No,High School,Near,Male,70
23.0,73.0,Medium,High,No,10.0,85.0,Medium,Yes,1.0,Low,Medium,Public,Neutral,3.0,No,College,Near,Male,67
10.0,63.0,Medium,High,No,4.0,77.0,Low,No,3.0,Low,Medium,Private,Neutral,3.0,No,High School,Near,Male,60
17.0,79.0,Low,High,No,8.0,62.0,Low,Yes,1.0,Low,Medium,Public,Neutral,3.0,No,High School,Near,Female,64
18.0,90.0,Low,Medium,No,6.0,88.0,Low,Yes,1.0,Medium,Medium,Private,Negative,1.0,No,High School,Moderate,Female,65
22.0,69.0,Medium,Medium,No,8.0,89.0,Low,No,0.0,Low,High,Public,Positive,5.0,No,High School,Moderate,Female,64
27.0,69.0,Medium,Low,Yes,5.0,93.0,Medium,Yes,1.0,Medium,Medium,Public,Positive,4.0,No,College,Moderate,Male,67
15.0,98.0,Medium,Medium,Yes,9.0,98.0,High,Yes,0.0,Medium,Medium,Private,Positive,3.0,No,High School,Near,Female,71
17.0,98.0,Medium,Medium,No,9.0,87.0,Low,Yes,0.0,High,Medium,Private,Positive,3.0,No,High School,Moderate,Female,69
17.0,100.0,Medium,High,Yes,5.0,53.0,Low,Yes,1.0,Medium,High,Public,Positive,4.0,No,High School,Near,Male,70
15.0,92.0,Medium,Medium,Yes,7.0,51.0,Medium,Yes,1.0,High,High,Public,Positive,3.0,No,College,Near,Female,69
18.0,68.0,High,High,Yes,7.0,87.0,High,Yes,3.0,Medium,Medium,Public,Positive,4.0,No,High School,Near,Male,69
25.0,68.0,Low,Medium,Yes,8.0,53.0,Low,Yes,2.0,Medium,,Public,Neutral,3.0,No,College,Moderate,Female,64
14.0,74.0,Low,Medium,Yes,7.0,66.0,Medium,Yes,0.0,Medium,High,Private,Negative,3.0,No,Postgraduate,Near,Male,63
23.0,73.0,High,Medium,No,8.0,57.0,Medium,Yes,3.0,Medium,Medium,Public,Positive,2.0,No,College,Near,Male,67
10.0,98.0,Medium,Medium,No,7.0,98.0,Low,No,0.0,Medium,Medium,Public,Neutral,3.0,No,College,Moderate,Female,66
17.0,92.0,Medium,High,Yes,8.0,66.0,Medium,Yes,2.0,Low,Medium,Public,Positive,3.0,No,High School,Near,Female,69
18.0,89.0,Medium,Medium,No,5.0,53.0,Medium,Yes,5.0,Low,High,Private,Neutral,4.0,No,College,Near,Male,69
30.0,67.0,Medium,Medium,No,7.0,97.0,High,Yes,2.0,High,Medium,Public,Neutral,3.0,Yes,,Near,Male,69
18.0,96.0,Medium,High,Yes,9.0,80.0,High,Yes,1.0,Low,Medium,Public,Positive,3.0,No,College,Near,Male,72
7.0,93.0,High,High,Yes,9.0,52.0,High,Yes,1.0,Medium,Low,Private,Negative,3.0,No,High School,Moderate,Female,65
8.0,67.0,Medium,Medium,Yes,7.0,92.0,Medium,Yes,0.0,High,High,Private,Positive,2.0,No,College,Near,Male,63
20.0,95.0,Medium,Medium,No,7.0,58.0,Low,Yes,1.0,Low,High,Public,Neutral,4.0,No,College,Near,Male,69
24.0,71.0,High,Medium,Yes,9.0,90.0,Low,Yes,3.0,Medium,High,Private,Neutral,3.0,No,College,Near,Male,69
22.0,63.0,Medium,Low,Yes,7.0,80.0,Medium,Yes,2.0,High,High,Private,Negative,2.0,No,College,Moderate,Female,64
21.0,86.0,Medium,Low,Yes,9.0,59.0,High,Yes,2.0,Medium,High,Private,Positive,3.0,No,College,Near,Male,69
27.0,86.0,Medium,High,No,7.0,88.0,Medium,Yes,1.0,Medium,Medium,Private,Neutral,3.0,No,Postgraduate,Moderate,Male,72
17.0,64.0,Medium,Low,No,7.0,73.0,High,Yes,1.0,Low,Medium,Public,Neutral,4.0,No,College,Near,Male,62
25.0,73.0,High,Medium,Yes,5.0,82.0,Low,No,1.0,Medium,Medium,Private,Positive,3.0,Yes,High School,Near,Male,66
10.0,100.0,Low,Medium,No,5.0,93.0,Low,Yes,2.0,Medium,Low,Public,Neutral,1.0,No,High School,Far,Female,65
15.0,87.0,High,High,Yes,8.0,63.0,Medium,Yes,0.0,High,Medium,Public,Neutral,3.0,No,College,Near,Female,69
9.0,89.0,Medium,Low,No,10.0,68.0,High,Yes,1.0,High,High,Public,Negative,3.0,No,High School,Near,Female,65
18.0,69.0,High,Medium,Yes,7.0,100.0,Medium,Yes,3.0,Medium,High,Public,Negative,2.0,No,High School,Near,Male,67
20.0,63.0,Low,Medium,Yes,7.0,75.0,Low,Yes,2.0,Medium,High,Public,Neutral,2.0,No,High School,Near,Female,63
21.0,71.0,High,Medium,No,9.0,78.0,Low,Yes,2.0,Medium,Medium,Public,Neutral,4.0,No,High School,Near,Male,66
20.0,70.0,Low,Medium,No,8.0,64.0,Low,Yes,0.0,Low,Low,Private,Positive,3.0,No,High School,Far,Male,61
14.0,69.0,High,Medium,Yes,4.0,71.0,Medium,Yes,1.0,Medium,Medium,Public,Positive,4.0,No,High School,,Female,64
19.0,68.0,Medium,Low,Yes,8.0,75.0,Low,Yes,1.0,Medium,Medium,Private,Neutral,4.0,No,Postgraduate,Near,Male,64
11.0,83.0,Medium,Medium,Yes,5.0,63.0,Medium,Yes,2.0,Low,Medium,Public,Neutral,3.0,No,College,Near,Male,65
28.0,73.0,Medium,Low,No,7.0,62.0,Medium,Yes,3.0,High,Medium,Public,Neutral,3.0,No,Postgraduate,Moderate,Female,68
18.0,93.0,Low,High,Yes,6.0,80.0,Medium,Yes,1.0,Medium,Medium,Private,Negative,3.0,No,High School,Near,Male,69
17.0,67.0,Medium,Medium,No,6.0,59.0,Medium,Yes,0.0,Medium,Medium,Public,Negative,3.0,No,High School,Near,Female,61
30.0,79.0,Medium,High,No,7.0,78.0,Medium,No,3.0,High,High,Private,Positive,2.0,No,Postgraduate,Moderate,Female,72
13.0,61.0,Medium,Low,Yes,8.0,85.0,Medium,Yes,4.0,Low,Medium,Private,Neutral,3.0,No,College,Moderate,Male,61
13.0,79.0,High,High,No,7.0,60.0,Medium,Yes,1.0,Low,High,Private,Neutral,4.0,No,College,Moderate,Male,66
13.0,62.0,Low,Medium,Yes,9.0,87.0,Medium,Yes,1.0,Low,Medium,Public,Negative,1.0,No,College,Moderate,Male,60
20.0,99.0,Medium,Low,No,9.0,68.0,Low,Yes,1.0,Low,High,Public,Positive,3.0,No,Postgraduate,Far,Male,69
23.0,92.0,Medium,High,No,9.0,100.0,Medium,Yes,1.0,High,High,Public,Neutral,2.0,Yes,College,Near,Male,72
24.0,80.0,Medium,High,Yes,7.0,99.0,Low,Yes,2.0,Medium,Medium,Public,Negative,2.0,No,High School,Moderate,Female,69
35.0,63.0,High,High,Yes,6.0,90.0,Low,Yes,0.0,Medium,Medium,Public,Positive,3.0,No,College,Near,Male,71
7.0,84.0,Medium,High,No,7.0,67.0,Medium,Yes,1.0,Medium,Medium,Private,Neutral,3.0,No,College,Near,Male,64
24.0,90.0,Low,Low,Yes,9.0,97.0,High,Yes,3.0,Low,Medium,Public,Positive,4.0,No,High School,Near,Male,71
17.0,68.0,Low,Medium,Yes,9.0,100.0,High,Yes,1.0,Medium,High,Public,Negative,3.0,No,High School,Moderate,Male,64
16.0,83.0,Medium,Medium,Yes,4.0,73.0,High,Yes,3.0,Low,Low,Public,Negative,3.0,No,College,Near,Female,67
16.0,93.0,Medium,Low,Yes,7.0,81.0,Medium,Yes,2.0,Low,Medium,Private,Negative,3.0,Yes,Postgraduate,Moderate,Male,67
15.0,91.0,Low,High,Yes,4.0,50.0,High,Yes,1.0,Medium,Medium,Public,Neutral,3.0,No,High School,Moderate,Female,66
30.0,92.0,Low,Medium,Yes,7.0,52.0,Medium,Yes,3.0,High,Medium,Private,Positive,4.0,No,College,Near,Male,73
25.0,95.0,Medium,High,Yes,6.0,75.0,Medium,Yes,1.0,Medium,Medium,Private,Positive,4.0,No,High School,Moderate,Male,73
20.0,98.0,Medium,Medium,No,6.0,80.0,Medium,Yes,0.0,Medium,Medium,Public,Positive,2.0,No,College,Moderate,Male,70
28.0,76.0,Low,Medium,Yes,8.0,66.0,Medium,Yes,5.0,High,Low,Public,Positive,4.0,No,College,Moderate,Male,70
11.0,83.0,Medium,Low,Yes,6.0,55.0,Low,Yes,0.0,Low,Medium,Public,Positive,4.0,Yes,Postgraduate,Near,Female,62
12.0,92.0,High,Low,Yes,7.0,89.0,Medium,Yes,1.0,Medium,High,Private,Neutral,2.0,No,Postgraduate,Moderate,Male,68
7.0,88.0,High,High,Yes,6.0,71.0,Medium,Yes,0.0,Low,Medium,Public,Positive,3.0,No,High School,Moderate,Female,65
16.0,100.0,High,High,Yes,7.0,82.0,Medium,Yes,2.0,High,Medium,Public,Positive,2.0,No,High School,Near,Male,73
21.0,61.0,High,Medium,Yes,8.0,83.0,High,No,1.0,Low,,Private,Neutral,3.0,No,College,Near,Female,65
21.0,74.0,Medium,High,Yes,6.0,77.0,High,No,0.0,Medium,Medium,Public,Neutral,3.0,No,College,Near,Male,66
21.0,71.0,Low,Medium,Yes,8.0,59.0,Medium,Yes,3.0,Low,Medium,Public,Neutral,3.0,No,College,Moderate,Male,64
12.0,70.0,Medium,High,No,7.0,81.0,High,Yes,0.0,Low,Medium,Public,Positive,3.0,No,High School,Near,Male,63
25.0,69.0,Medium,Medium,No,7.0,66.0,Medium,No,0.0,Low,Low,Public,Neutral,3.0,Yes,College,Near,Male,62
21.0,88.0,High,Medium,Yes,6.0,91.0,Low,Yes,0.0,Low,Medium,Private,Neutral,4.0,No,Postgraduate,Moderate,Female,70
24.0,63.0,Medium,Medium,No,8.0,60.0,Medium,Yes,3.0,High,Medium,Public,Neutral,3.0,No,High School,Near,Male,65
9.0,90.0,Medium,Medium,Yes,8.0,65.0,Medium,Yes,0.0,Medium,Medium,Private,Neutral,5.0,No,High School,Far,Male,64
22.0,88.0,Medium,Medium,No,7.0,72.0,Low,Yes,4.0,High,Medium,Public,Negative,2.0,No,Postgraduate,Near,Male,70
13.0,70.0,Medium,Medium,No,7.0,87.0,Medium,Yes,1.0,Low,Low,Public,Neutral,5.0,No,High School,Near,Male,62
18.0,70.0,Medium,Medium,No,8.0,86.0,Medium,Yes,5.0,High,Medium,Public,Positive,2.0,No,High School,Near,Female,67
23.0,85.0,Medium,Low,No,8.0,67.0,Low,Yes,1.0,Medium,Medium,Private,Neutral,3.0,No,Postgraduate,Far,Female,66
21.0,90.0,High,High,Yes,7.0,76.0,High,Yes,2.0,High,High,Public,Positive,3.0,No,College,Moderate,Female,74
15.0,95.0,Medium,High,Yes,9.0,62.0,Medium,Yes,2.0,Medium,Medium,Public,Positive,3.0,No,High School,Far,Male,69
20.0,94.0,Medium,High,Yes,8.0,89.0,Low,Yes,0.0,Medium,Medium,Public,Positive,4.0,Yes,High School,Moderate,Female,70
11.0,99.0,Medium,Medium,No,10.0,60.0,Medium,Yes,1.0,High,Medium,Public,Positive,1.0,No,College,Near,Female,68
27.0,83.0,Medium,Low,No,5.0,91.0,Medium,Yes,3.0,Low,,Public,Neutral,2.0,No,Postgraduate,Near,Male,70
19.0,96.0,Medium,Medium,Yes,8.0,97.0,Medium,Yes,3.0,Medium,Medium,Public,Negative,2.0,No,High School,Near,Male,71
27.0,92.0,Medium,Low,Yes,9.0,100.0,High,Yes,2.0,Medium,High,Public,Positive,0.0,No,Postgraduate,Moderate,Female,73
17.0,96.0,Medium,Medium,No,9.0,93.0,Low,Yes,3.0,Medium,Medium,Private,Neutral,2.0,No,High School,Far,Male,69
17.0,60.0,Low,Low,Yes,7.0,61.0,Medium,Yes,1.0,Low,Medium,Public,Positive,4.0,No,Postgraduate,Near,Female,61
15.0,99.0,Medium,Medium,Yes,5.0,71.0,Medium,Yes,0.0,Medium,Medium,Public,Neutral,2.0,No,College,Moderate,Male,68
25.0,79.0,Medium,Low,Yes,9.0,54.0,Medium,Yes,1.0,Low,Medium,Private,Positive,2.0,No,Postgraduate,Far,Male,66
16.0,92.0,High,Low,Yes,6.0,58.0,Low,Yes,0.0,High,Medium,Private,Positive,4.0,No,High School,Near,Female,67
24.0,65.0,Low,High,Yes,7.0,52.0,Medium,Yes,1.0,High,Medium,Public,Neutral,1.0,No,Postgraduate,Moderate,Female,64
18.0,76.0,Low,High,Yes,10.0,82.0,High,Yes,1.0,Medium,Medium,Private,Negative,4.0,No,College,Near,Male,67
8.0,71.0,High,Medium,Yes,5.0,77.0,Medium,No,0.0,High,Medium,Public,Neutral,4.0,No,High School,Moderate,Female,61
17.0,72.0,Low,Medium,No,8.0,96.0,High,Yes,2.0,Low,High,Public,Neutral,3.0,No,High School,Near,Male,65
13.0,65.0,Low,High,Yes,6.0,73.0,Medium,Yes,0.0,Low,Medium,Private,Positive,3.0,No,Postgraduate,Near,Female,62
20.0,92.0,Low,High,No,6.0,82.0,Medium,Yes,0.0,Medium,Medium,Public,Neutral,5.0,No,High School,Near,Female,69
13.0,60.0,High,High,No,7.0,70.0,Medium,Yes,1.0,Medium,Medium,Public,Negative,3.0,No,College,Far,Female,61
26.0,73.0,High,Medium,No,8.0,91.0,Medium,Yes,4.0,Low,Low,Public,Neutral,5.0,No,High School,Moderate,Male,69
19.0,67.0,Medium,Low,No,8.0,96.0,High,No,1.0,High,Low,Public,Positive,3.0,No,College,Near,Male,64
19.0,84.0,Medium,Low,No,9.0,72.0,High,Yes,1.0,Low,Medium,Public,Positive,3.0,No,High School,Far,Female,65
24.0,70.0,Medium,High,No,6.0,54.0,Low,Yes,1.0,High,Medium,Public,Neutral,1.0,No,High School,Moderate,Female,64
26.0,70.0,High,High,Yes,5.0,58.0,Medium,Yes,1.0,Low,Low,Private,Positive,3.0,No,Postgraduate,Moderate,Male,68
20.0,80.0,Low,Medium,Yes,6.0,86.0,High,Yes,1.0,Low,Medium,Private,Positive,3.0,No,High School,Near,Female,67
15.0,86.0,High,Medium,Yes,8.0,66.0,Low,Yes,0.0,Medium,High,Private,Positive,5.0,No,College,Near,Male,68
9.0,65.0,Low,Medium,Yes,7.0,89.0,Medium,Yes,2.0,Low,Medium,Public,Positive,4.0,No,High School,Moderate,Male,61
16.0,67.0,Medium,High,Yes,4.0,87.0,High,Yes,5.0,High,High,Public,Positive,4.0,No,College,Near,Male,69
16.0,70.0,Low,High,Yes,4.0,85.0,High,Yes,0.0,Medium,Medium,Private,Neutral,3.0,No,High School,Near,Male,64
21.0,99.0,High,Medium,Yes,7.0,91.0,Medium,No,3.0,Medium,Medium,Public,Positive,4.0,No,College,Near,Male,74
18.0,76.0,Medium,Medium,No,8.0,88.0,Low,Yes,1.0,Medium,Medium,Public,Neutral,4.0,No,College,Near,Female,66
24.0,84.0,Medium,Medium,No,6.0,82.0,Medium,Yes,1.0,Medium,Medium,Public,Negative,2.0,No,High School,Near,Male,68
16.0,70.0,Medium,High,Yes,8.0,50.0,High,Yes,3.0,High,Medium,Private,Neutral,3.0,No,Postgraduate,Far,Male,65
20.0,80.0,Medium,High,Yes,5.0,76.0,Medium,No,0.0,Low,Medium,Private,Negative,3.0,No,College,Near,Female,66
27.0,63.0,High,Low,No,7.0,80.0,Medium,No,2.0,Medium,High,Public,Positive,2.0,No,High School,Near,Female,66
22.0,61.0,Medium,Low,No,7.0,98.0,High,Yes,3.0,High,Low,Private,Neutral,2.0,No,College,Near,Female,65
20.0,79.0,Medium,Medium,No,8.0,83.0,Medium,Yes,3.0,Low,Medium,Private,Neutral,4.0,No,College,Moderate,Male,67
16.0,76.0,Low,Medium,Yes,5.0,79.0,Medium,Yes,0.0,Low,High,Public,Positive,4.0,No,Postgraduate,Moderate,Female,65
16.0,65.0,Medium,Medium,No,5.0,77.0,Medium,Yes,1.0,High,High,Public,Positive,3.0,No,High School,Moderate,Male,63
15.0,88.0,High,Medium,No,8.0,55.0,Medium,Yes,1.0,High,High,Private,Neutral,2.0,No,High School,Near,Male,67
17.0,100.0,Medium,High,Yes,5.0,71.0,Low,Yes,2.0,Low,Medium,Public,Neutral,4.0,No,High School,Near,Male,70
25.0,76.0,High,High,Yes,6.0,57.0,Low,No,0.0,Medium,Medium,Public,Positive,3.0,No,Postgraduate,Moderate,Male,68
19.0,85.0,Medium,Medium,Yes,9.0,53.0,High,Yes,1.0,Medium,Medium,Public,Neutral,3.0,No,College,Far,Male,66
12.0,99.0,Medium,Medium,Yes,7.0,66.0,Low,Yes,3.0,Medium,Low,Private,Negative,1.0,No,Postgraduate,Moderate,Female,67
31.0,93.0,Medium,Low,No,8.0,82.0,Low,Yes,2.0,High,High,Private,Neutral,1.0,No,High School,Near,Male,72
22.0,79.0,High,High,Yes,8.0,93.0,Medium,Yes,0.0,Medium,Medium,Private,Negative,2.0,Yes,High School,Near,Female,68
12.0,89.0,Medium,High,No,8.0,91.0,Medium,No,1.0,Low,High,Public,Neutral,2.0,No,High School,Near,Male,66
17.0,65.0,Medium,Medium,No,7.0,65.0,Medium,Yes,0.0,High,Medium,Private,Neutral,4.0,No,High School,Moderate,Male,62
21.0,80.0,High,Low,Yes,6.0,52.0,Medium,Yes,1.0,Low,Medium,Public,Negative,4.0,No,High School,Near,Male,65
30.0,71.0,High,Low,No,10.0,70.0,Low,Yes,3.0,Medium,Medium,Public,Neutral,4.0,Yes,High School,Near,Female,67
13.0,66.0,Medium,Medium,Yes,7.0,66.0,Low,Yes,3.0,Medium,Medium,Public,Negative,2.0,No,College,Near,Female,62
26.0,77.0,Medium,Low,Yes,7.0,69.0,Low,Yes,1.0,High,Medium,Public,Neutral,3.0,Yes,High School,Near,Female,66
28.0,65.0,Medium,Medium,No,8.0,78.0,High,No,1.0,High,Medium,Private,Positive,3.0,No,College,Near,Female,67
16.0,88.0,Medium,Medium,Yes,6.0,52.0,Medium,Yes,2.0,High,High,Public,Positive,3.0,No,High School,Near,Female,68
18.0,78.0,Medium,Medium,Yes,6.0,69.0,Medium,Yes,1.0,Medium,Medium,Public,Negative,4.0,No,Postgraduate,Moderate,Female,66
14.0,81.0,High,High,No,9.0,78.0,Medium,Yes,0.0,Medium,Medium,Private,Positive,4.0,No,College,Near,Female,68
19.0,66.0,Low,Medium,No,6.0,72.0,Medium,Yes,2.0,Low,Medium,Public,Negative,5.0,No,High School,Near,Male,62
20.0,66.0,Medium,High,No,8.0,83.0,Medium,Yes,1.0,Low,,Public,Neutral,2.0,Yes,College,Near,Male,64
24.0,83.0,High,Low,No,8.0,59.0,Medium,Yes,1.0,Low,Medium,Public,Positive,3.0,No,High School,Near,Male,68
27.0,99.0,Low,Low,Yes,7.0,58.0,Low,Yes,2.0,Medium,Medium,Private,Positive,2.0,No,Postgraduate,Moderate,Male,71
16.0,64.0,Medium,Medium,No,7.0,65.0,Medium,Yes,2.0,Medium,High,Public,Neutral,4.0,No,High School,Near,Male,63
8.0,71.0,High,Medium,No,8.0,55.0,High,Yes,1.0,Low,High,Public,Positive,2.0,No,College,Moderate,Male,62
20.0,95.0,High,Low,Yes,7.0,62.0,Low,Yes,1.0,Low,Low,Private,Positive,3.0,No,College,Near,Male,69
22.0,63.0,Medium,Medium,Yes,4.0,54.0,Medium,Yes,0.0,Medium,Medium,Private,Positive,3.0,No,High School,Moderate,Male,62
21.0,95.0,Low,Medium,Yes,9.0,70.0,Medium,Yes,3.0,High,Medium,Public,Positive,3.0,No,High School,Near,Female,71
18.0,81.0,Low,High,Yes,6.0,86.0,Medium,Yes,3.0,Low,Medium,Public,Positive,4.0,No,College,Near,Male,69
21.0,76.0,Medium,Medium,Yes,7.0,64.0,Low,Yes,1.0,Medium,High,Private,Positive,2.0,No,High School,Moderate,Male,66
29.0,72.0,Low,Medium,No,5.0,50.0,Low,Yes,0.0,Low,Medium,Public,Neutral,4.0,No,High School,Near,Female,64
22.0,72.0,Low,High,No,6.0,78.0,Low,No,1.0,Low,High,Public,Neutral,3.0,No,Postgraduate,Near,Male,65
18.0,72.0,High,High,No,6.0,85.0,High,Yes,1.0,High,High,Private,Positive,1.0,No,High School,Moderate,Male,68
17.0,95.0,High,Medium,No,7.0,70.0,High,Yes,1.0,Low,Medium,Public,Neutral,3.0,No,High School,Near,Male,69
19.0,89.0,High,Medium,Yes,6.0,65.0,Low,Yes,2.0,Low,Medium,Public,Neutral,3.0,Yes,Postgraduate,Near,Male,68
30.0,87.0,Low,Medium,Yes,10.0,75.0,Low,Yes,3.0,Low,Low,Public,Neutral,4.0,No,College,Near,Male,71
19.0,92.0,Low,Medium,No,7.0,55.0,Medium,Yes,1.0,Medium,Medium,Public,Neutral,5.0,No,High School,Far,Male,66
20.0,70.0,High,Low,No,8.0,82.0,Medium,Yes,2.0,Low,High,Private,Positive,3.0,No,High School,Moderate,Male,65
17.0,85.0,High,Medium,Yes,7.0,87.0,Medium,Yes,1.0,Low,Medium,Private,Neutral,1.0,No,,Near,Female,68
27.0,78.0,High,High,No,8.0,85.0,Medium,Yes,0.0,High,Medium,Public,Positive,3.0,No,College,Near,Male,72
32.0,91.0,High,Medium,Yes,4.0,66.0,Medium,Yes,3.0,Low,High,Public,Neutral,2.0,No,Postgraduate,Near,Female,75
23.0,72.0,High,Low,Yes,6.0,92.0,Low,Yes,2.0,High,Medium,Public,Negative,3.0,No,College,Near,Male,67
20.0,86.0,Medium,Medium,No,6.0,97.0,Low,Yes,1.0,Low,Medium,Private,Neutral,2.0,No,High School,Moderate,Male,67
20.0,95.0,Medium,Medium,No,6.0,65.0,High,Yes,2.0,Low,Medium,Public,Neutral,3.0,No,College,Near,Female,70
6.0,76.0,Medium,Medium,Yes,8.0,63.0,Medium,Yes,5.0,Medium,Medium,Public,Neutral,3.0,No,College,Near,Male,64
24.0,63.0,Medium,Medium,Yes,8.0,85.0,High,Yes,1.0,Low,Medium,Private,Positive,3.0,No,High School,Far,Female,65
21.0,81.0,Medium,Medium,Yes,7.0,85.0,Medium,Yes,1.0,Low,High,Public,Negative,3.0,No,Postgraduate,Moderate,Male,68
23.0,74.0,High,High,No,7.0,76.0,Medium,Yes,1.0,Medium,Low,Public,Neutral,2.0,No,College,Moderate,Female,67
16.0,87.0,Low,Medium,Yes,10.0,96.0,Medium,No,1.0,Low,High,Public,Positive,1.0,No,College,Moderate,Male,66
18.0,98.0,High,Medium,No,7.0,57.0,Low,Yes,0.0,High,Medium,Private,Neutral,1.0,No,Postgraduate,Moderate,Male,69
18.0,79.0,Low,High,No,4.0,74.0,Low,Yes,2.0,Low,Medium,Public,Negative,1.0,No,High School,Near,Female,64
26.0,79.0,Medium,High,Yes,8.0,52.0,High,Yes,1.0,Medium,Medium,Public,Negative,3.0,Yes,Postgraduate,Near,Female,68
18.0,86.0,High,Medium,No,8.0,53.0,Low,Yes,5.0,Low,High,Private,Negative,3.0,No,High School,Near,Male,68
32.0,64.0,Low,High,Yes,9.0,53.0,Low,No,1.0,Low,Medium,Private,Positive,3.0,No,College,Near,Female,65
23.0,70.0,Medium,Medium,Yes,8.0,75.0,Medium,Yes,0.0,High,Medium,Public,Positive,2.0,No,High School,Moderate,Male,65
12.0,97.0,Low,Medium,Yes,6.0,79.0,Medium,No,1.0,Medium,Medium,Public,Negative,2.0,No,High School,Near,Male,65
19.0,87.0,High,Medium,No,8.0,50.0,Low,Yes,0.0,High,High,Public,Neutral,2.0,No,High School,Near,Female,67
16.0,61.0,High,Medium,Yes,7.0,82.0,Medium,Yes,2.0,Low,Medium,Public,Negative,3.0,No,High School,Near,Female,63
7.0,68.0,High,Medium,No,9.0,74.0,Medium,Yes,1.0,Low,High,Public,Positive,3.0,No,High School,Near,Female,62
30.0,87.0,High,Medium,Yes,9.0,61.0,High,Yes,2.0,Medium,High,Private,Neutral,4.0,No,High School,Moderate,Male,73
24.0,91.0,High,High,Yes,7.0,51.0,High,Yes,2.0,Medium,Medium,Public,Neutral,3.0,No,High School,Moderate,Male,72
23.0,94.0,Low,Medium,No,8.0,58.0,High,Yes,5.0,Low,Low,Public,Neutral,6.0,No,High School,Near,Female,71
21.0,72.0,Medium,Medium,No,9.0,80.0,High,Yes,3.0,Low,Medium,Public,Neutral,4.0,No,High School,Near,Male,67
12.0,97.0,Medium,Low,Yes,7.0,83.0,Medium,Yes,0.0,Low,Medium,Public,Neutral,2.0,No,College,Moderate,Male,66
17.0,82.0,Medium,High,Yes,10.0,82.0,High,Yes,1.0,Medium,Medium,Private,Positive,2.0,No,High School,Moderate,Male,68
25.0,88.0,High,High,Yes,9.0,58.0,Low,Yes,0.0,Low,Medium,Public,Negative,4.0,No,Postgraduate,Near,Male,70
14.0,84.0,Medium,Medium,Yes,6.0,96.0,Medium,No,2.0,Low,Medium,Private,Neutral,2.0,No,Postgraduate,Far,Male,66
5.0,65.0,Low,High,No,7.0,71.0,Medium,Yes,0.0,Low,Medium,Private,Negative,2.0,No,College,Far,Male,56
19.0,99.0,Medium,High,Yes,8.0,88.0,High,No,1.0,Low,High,Public,Positive,3.0,No,High School,Far,Female,71
19.0,65.0,Low,High,No,10.0,58.0,Medium,Yes,2.0,Medium,High,Private,Positive,3.0,No,Postgraduate,Moderate,Female,64
21.0,70.0,Medium,Medium,No,8.0,74.0,Low,Yes,2.0,Medium,Medium,Public,Positive,3.0,No,Postgraduate,Far,Male,65
24.0,93.0,Medium,Medium,Yes,7.0,76.0,High,Yes,2.0,Low,Medium,Public,Neutral,1.0,Yes,High School,Near,Male,70
24.0,85.0,High,Low,Yes,9.0,89.0,Medium,Yes,1.0,Low,Medium,Public,Positive,2.0,No,Postgraduate,Moderate,Male,70
22.0,94.0,Low,High,Yes,7.0,81.0,Medium,Yes,2.0,Medium,High,Public,Neutral,4.0,No,High School,Far,Male,71
27.0,81.0,High,High,Yes,6.0,70.0,Medium,Yes,0.0,Low,Medium,Public,Positive,5.0,No,High School,Far,Female,70
11.0,75.0,Low,High,No,8.0,64.0,Medium,Yes,3.0,Low,Medium,Public,Neutral,3.0,Yes,College,Moderate,Female,62
23.0,97.0,Medium,Medium,Yes,6.0,99.0,Low,Yes,1.0,Low,Medium,Private,Positive,3.0,No,High School,Near,Female,72
24.0,61.0,Medium,Medium,No,10.0,64.0,Low,Yes,0.0,Low,Medium,Private,Positive,3.0,No,High School,Near,Female,62
13.0,94.0,Low,Medium,Yes,7.0,56.0,High,Yes,2.0,Low,High,Public,Neutral,4.0,No,College,Near,Male,67
11.0,69.0,Low,Medium,Yes,8.0,65.0,Low,Yes,0.0,Low,Medium,Public,Negative,2.0,No,College,Moderate,Male,58
16.0,94.0,Low,Medium,Yes,6.0,66.0,Medium,Yes,3.0,Medium,High,Public,Negative,4.0,No,College,Near,Female,69
16.0,66.0,Medium,Low,No,9.0,56.0,Medium,Yes,0.0,Low,High,Private,Positive,4.0,Yes,College,Near,Female,60
25.0,83.0,High,High,Yes,7.0,85.0,High,Yes,2.0,Low,Medium,Public,Negative,4.0,No,College,Near,Male,72
16.0,96.0,Medium,Medium,No,7.0,81.0,Medium,Yes,0.0,Low,Low,Public,Negative,3.0,No,High School,Moderate,Male,66
15.0,79.0,Medium,High,Yes,7.0,66.0,Medium,Yes,2.0,Low,Medium,Public,Positive,3.0,No,College,Far,Female,66
16.0,90.0,Medium,High,Yes,5.0,100.0,Low,Yes,1.0,High,Medium,Private,Negative,4.0,No,High School,Moderate,Male,69
27.0,92.0,Low,Medium,Yes,7.0,83.0,Low,Yes,2.0,Low,Medium,Public,Positive,4.0,Yes,College,Moderate,Female,70
20.0,89.0,Low,Medium,Yes,8.0,85.0,Medium,Yes,2.0,Medium,High,Public,Positive,1.0,No,Postgraduate,Near,Female,70
19.0,97.0,High,High,No,5.0,78.0,Low,Yes,0.0,Medium,Low,Private,Negative,3.0,No,College,Moderate,Male,70
19.0,78.0,Low,High,Yes,9.0,78.0,Medium,Yes,2.0,Low,High,Public,Negative,2.0,No,College,Near,Female,67
28.0,67.0,High,Medium,Yes,7.0,51.0,Medium,Yes,2.0,Medium,Medium,Public,Neutral,3.0,No,High School,Near,Female,67
16.0,62.0,Low,Low,No,7.0,89.0,High,Yes,0.0,Medium,Medium,Public,Neutral,3.0,No,High School,Far,Female,59
28.0,70.0,Medium,Medium,Yes,4.0,96.0,Low,Yes,1.0,Medium,Medium,Private,Positive,2.0,No,,Moderate,Male,67
21.0,66.0,High,Medium,Yes,7.0,56.0,Medium,Yes,1.0,Low,Medium,Private,Neutral,4.0,No,Postgraduate,Moderate,Male,65
19.0,82.0,Medium,Medium,No,5.0,90.0,Medium,Yes,1.0,High,Medium,Public,Negative,3.0,No,College,Near,Male,68
35.0,67.0,High,High,Yes,6.0,77.0,Low,Yes,1.0,Low,Medium,Public,Positive,3.0,No,College,Near,Male,71
14.0,62.0,Medium,Medium,No,5.0,64.0,Medium,Yes,2.0,Low,Medium,Public,Neutral,3.0,No,College,Near,Male,61
18.0,61.0,Medium,Medium,Yes,6.0,96.0,Medium,Yes,0.0,Medium,Medium,Public,Negative,3.0,No,High School,Near,Male,63
13.0,93.0,Medium,High,Yes,7.0,51.0,Low,Yes,1.0,Low,High,Private,Neutral,3.0,No,High School,Near,Female,67
26.0,84.0,High,Medium,No,7.0,64.0,Medium,No,1.0,Medium,High,Public,Neutral,4.0,No,College,Near,Male,69
30.0,74.0,Medium,High,No,8.0,94.0,Low,Yes,0.0,Medium,Medium,Public,Positive,3.0,No,High School,Near,Male,70
30.0,96.0,Medium,Low,Yes,4.0,74.0,High,No,0.0,Low,Low,Public,Negative,3.0,No,High School,Moderate,Male,69
27.0,63.0,High,Medium,Yes,7.0,80.0,Medium,Yes,1.0,Low,High,Public,Neutral,4.0,No,High School,Far,Female,66
19.0,99.0,Medium,Low,Yes,7.0,87.0,Low,Yes,1.0,Medium,Medium,Public,Positive,4.0,No,High School,Moderate,Female,70
18.0,85.0,Medium,Medium,Yes,6.0,57.0,Low,Yes,2.0,Medium,High,Public,Neutral,2.0,No,Postgraduate,Moderate,Male,67
10.0,67.0,High,High,No,6.0,61.0,Medium,Yes,0.0,Low,High,Private,Neutral,2.0,No,High School,Near,Female,61
32.0,87.0,Medium,High,Yes,9.0,100.0,Medium,Yes,2.0,Medium,Low,Private,Neutral,2.0,No,Postgraduate,Moderate,Male,74
23.0,91.0,Medium,High,Yes,10.0,62.0,Low,Yes,1.0,Medium,High,Private,Negative,3.0,No,College,Near,Male,70
17.0,77.0,High,Medium,Yes,4.0,77.0,Low,Yes,0.0,Medium,Medium,Private,Positive,4.0,No,High School,Near,Female,66
28.0,94.0,Medium,High,Yes,6.0,65.0,High,Yes,1.0,Low,High,Public,Positive,1.0,No,High School,Near,Female,73
14.0,66.0,Medium,Medium,Yes,5.0,93.0,Medium,Yes,1.0,Medium,Medium,Private,Negative,2.0,No,High School,Near,Male,62
22.0,71.0,Medium,Low,Yes,7.0,98.0,Low,Yes,2.0,Low,High,Public,Neutral,2.0,No,High School,Moderate,Female,65
19.0,64.0,High,Medium,No,9.0,57.0,Low,Yes,0.0,Medium,High,Private,Neutral,3.0,No,High School,Near,Female,62
24.0,68.0,Low,Medium,Yes,8.0,80.0,Medium,No,1.0,Low,Low,Public,Positive,4.0,No,Postgraduate,Moderate,Male,64
20.0,70.0,Medium,Medium,Yes,7.0,91.0,Medium,Yes,1.0,Low,Medium,Public,Negative,2.0,No,High School,Far,Male,63
11.0,97.0,Medium,Medium,No,7.0,91.0,Medium,Yes,1.0,Medium,Medium,Public,Positive,4.0,No,High School,Near,Male,69
20.0,63.0,Medium,Medium,No,7.0,72.0,Low,Yes,3.0,Low,High,Public,Negative,5.0,Yes,Postgraduate,Near,Male,63
26.0,77.0,Medium,Medium,Yes,8.0,61.0,Medium,Yes,1.0,Low,Medium,Public,Neutral,4.0,No,College,Moderate,Male,67
20.0,81.0,Medium,Low,No,8.0,69.0,Medium,Yes,1.0,Medium,Medium,Private,Neutral,2.0,No,High School,Near,Female,65
25.0,96.0,Medium,High,No,8.0,88.0,Medium,Yes,0.0,Low,Medium,Private,Neutral,1.0,No,High School,Near,Male,71
14.0,100.0,Medium,Medium,Yes,4.0,100.0,Medium,Yes,3.0,Low,Medium,Public,Neutral,3.0,No,Postgraduate,Moderate,Female,71
20.0,90.0,Medium,Medium,No,7.0,78.0,High,Yes,0.0,Medium,High,Public,Positive,4.0,Yes,Postgraduate,Far,Male,69
16.0,99.0,Medium,High,Yes,7.0,60.0,Medium,Yes,2.0,Low,High,Private,Neutral,3.0,No,Postgraduate,Moderate,Male,71
24.0,91.0,Low,Medium,Yes,8.0,52.0,Medium,Yes,1.0,Low,Medium,Public,Neutral,5.0,No,High School,Near,Male,68
20.0,99.0,Low,Medium,Yes,7.0,97.0,Medium,Yes,2.0,Low,Medium,Public,Neutral,0.0,No,High School,Near,Male,70
24.0,88.0,Medium,High,Yes,8.0,74.0,Medium,Yes,0.0,Low,High,Private,Neutral,3.0,No,Postgraduate,Near,Male,71
27.0,63.0,Medium,Medium,Yes,6.0,86.0,Medium,Yes,1.0,Medium,Medium,Public,Positive,4.0,No,Postgraduate,Near,Female,68
24.0,76.0,Low,High,No,8.0,83.0,Medium,Yes,1.0,High,Medium,Private,Positive,4.0,No,High School,Near,Female,69
22.0,86.0,Medium,Medium,Yes,9.0,95.0,Medium,Yes,4.0,Medium,Low,Private,Positive,2.0,No,College,Near,Male,71
14.0,74.0,High,Medium,No,5.0,63.0,Low,No,2.0,Low,High,Private,Positive,3.0,No,College,Far,Female,63
20.0,71.0,Low,Medium,No,5.0,72.0,Medium,Yes,4.0,Medium,Medium,Public,Positive,4.0,No,Postgraduate,Moderate,Male,66
17.0,83.0,Medium,Medium,No,8.0,96.0,Medium,Yes,1.0,Low,Medium,Public,Positive,3.0,No,College,Moderate,Male,67
18.0,97.0,High,Low,Yes,7.0,79.0,Medium,Yes,3.0,High,Medium,Private,Positive,3.0,No,High School,Far,Male,71
18.0,61.0,Low,Low,No,9.0,54.0,Medium,Yes,0.0,Medium,Medium,Public,Neutral,2.0,No,College,Near,Female,59
14.0,91.0,High,Medium,Yes,7.0,60.0,Medium,Yes,0.0,High,Medium,Public,Neutral,2.0,No,High School,Near,Male,67
8.0,89.0,High,High,No,8.0,62.0,Medium,Yes,2.0,Medium,Medium,Public,Positive,4.0,Yes,High School,Moderate,Male,66
16.0,99.0,Low,High,Yes,6.0,100.0,High,Yes,1.0,High,High,Public,Positive,3.0,No,High School,Far,Female,72
21.0,97.0,High,High,No,8.0,61.0,Low,Yes,0.0,Low,High,Public,Neutral,3.0,Yes,Postgraduate,Near,Female,70
12.0,90.0,Medium,Medium,Yes,8.0,93.0,Low,Yes,3.0,High,Medium,Public,Neutral,3.0,No,High School,Near,Female,68
20.0,81.0,Low,Medium,No,6.0,54.0,Low,Yes,0.0,Low,Low,Public,Positive,2.0,No,College,Moderate,Female,63
31.0,68.0,Medium,Medium,No,9.0,59.0,Medium,Yes,3.0,High,High,Public,Neutral,2.0,No,Postgraduate,Near,Female,69
26.0,82.0,Low,Medium,No,4.0,94.0,Low,Yes,0.0,Low,Low,Private,Positive,3.0,No,High School,Near,Male,67
30.0,91.0,Medium,High,Yes,7.0,95.0,Low,Yes,1.0,Medium,High,Public,Positive,3.0,No,College,Near,Female,75
22.0,96.0,Low,Low,Yes,5.0,59.0,Medium,Yes,0.0,Medium,High,Private,Positive,2.0,No,High School,Far,Female,67
27.0,92.0,High,High,Yes,5.0,61.0,Medium,Yes,0.0,Medium,High,Private,Positive,3.0,No,Postgraduate,Near,Male,74
16.0,68.0,Medium,High,Yes,8.0,77.0,Medium,Yes,1.0,Medium,High,Public,Positive,4.0,No,Postgraduate,Moderate,Male,66
16.0,84.0,Medium,High,Yes,5.0,53.0,Medium,No,2.0,Low,Medium,Public,Neutral,1.0,No,High School,Near,Male,65
4.0,73.0,Low,Medium,Yes,5.0,97.0,High,Yes,1.0,Low,High,Public,Negative,1.0,No,High School,Near,Male,60
27.0,60.0,Medium,High,No,8.0,68.0,High,Yes,1.0,Medium,Medium,Private,Negative,4.0,Yes,High School,Far,Female,63
29.0,68.0,Low,High,Yes,5.0,74.0,Low,Yes,3.0,High,High,Public,Neutral,2.0,Yes,Postgraduate,Near,Male,69
17.0,65.0,High,High,No,9.0,55.0,Medium,Yes,1.0,Medium,Medium,Public,Positive,2.0,No,High School,Near,Male,64
18.0,94.0,Low,Medium,Yes,8.0,52.0,Medium,Yes,1.0,Medium,Medium,Private,Positive,4.0,No,College,Near,Female,68
15.0,70.0,Medium,Medium,No,6.0,73.0,Low,Yes,2.0,Medium,Low,Public,Positive,4.0,No,,Moderate,Male,63
22.0,71.0,Medium,Medium,Yes,8.0,56.0,Low,Yes,0.0,Medium,High,Public,Neutral,2.0,No,Postgraduate,Near,Male,65
27.0,98.0,Medium,High,No,4.0,82.0,Medium,Yes,0.0,High,Medium,Public,Positive,3.0,No,High School,Near,Female,74
10.0,75.0,Medium,High,Yes,8.0,90.0,Medium,Yes,2.0,Low,Medium,Public,Positive,2.0,No,Postgraduate,Moderate,Male,65
22.0,60.0,Medium,Medium,Yes,5.0,52.0,Medium,Yes,0.0,Low,Medium,Public,Negative,2.0,No,High School,Near,Female,61
18.0,71.0,Medium,High,Yes,6.0,81.0,Medium,Yes,1.0,Low,High,Public,Positive,3.0,No,High School,Near,Male,66
21.0,65.0,Medium,High,Yes,6.0,91.0,High,Yes,1.0,Medium,High,Public,Positive,3.0,No,High School,Moderate,Male,67
23.0,64.0,High,Medium,Yes,9.0,72.0,Medium,Yes,0.0,Low,High,Public,Positive,3.0,No,College,Near,Male,66
19.0,63.0,High,Medium,No,6.0,98.0,High,Yes,4.0,High,Medium,Private,Positive,2.0,No,Postgraduate,Near,Male,69
19.0,84.0,Medium,Medium,Yes,7.0,56.0,Low,Yes,2.0,Low,Medium,Public,Neutral,3.0,No,High School,Moderate,Female,65
19.0,68.0,High,High,No,6.0,66.0,Medium,Yes,2.0,Medium,Medium,Public,Neutral,3.0,No,High School,Far,Female,65
26.0,74.0,High,Medium,No,6.0,62.0,Medium,Yes,0.0,Low,Medium,Private,Neutral,3.0,No,High School,Near,Female,66
23.0,94.0,Medium,High,No,5.0,100.0,Low,Yes,2.0,Medium,High,Public,Neutral,2.0,No,Postgraduate,Near,Male,73
21.0,77.0,Low,Medium,Yes,7.0,65.0,Medium,Yes,2.0,Low,High,Public,Negative,2.0,No,High School,Moderate,Female,64
12.0,97.0,Medium,Low,Yes,7.0,69.0,Low,Yes,0.0,Low,High,Public,Positive,5.0,No,High School,Near,Female,67
18.0,80.0,Medium,Low,Yes,8.0,92.0,High,Yes,0.0,Medium,High,Private,Positive,1.0,No,College,Near,Male,67
25.0,76.0,Medium,Low,Yes,7.0,96.0,Medium,Yes,3.0,Medium,Medium,Public,Positive,4.0,Yes,High School,Near,Female,68
20.0,90.0,Medium,Low,Yes,7.0,97.0,Medium,Yes,2.0,High,High,Public,Positive,3.0,No,College,Moderate,Male,71
24.0,63.0,Medium,Medium,Yes,8.0,78.0,Medium,Yes,0.0,Low,High,Private,Negative,3.0,No,High School,Near,Male,64
31.0,64.0,Medium,Medium,Yes,6.0,83.0,Medium,Yes,1.0,Medium,Medium,Public,Positive,2.0,No,High School,Moderate,Female,67
26.0,86.0,Medium,Low,No,5.0,67.0,Medium,Yes,2.0,Low,High,Private,Positive,1.0,No,High School,Moderate,Female,68
21.0,79.0,Low,Medium,Yes,8.0,80.0,High,Yes,1.0,Low,High,Private,Negative,3.0,No,College,Near,Male,67
17.0,92.0,Low,Medium,Yes,6.0,65.0,High,Yes,3.0,Medium,High,Public,Positive,2.0,No,College,Near,Male,70
5.0,97.0,Medium,Low,Yes,7.0,87.0,Medium,Yes,2.0,Medium,Medium,Private,Neutral,3.0,Yes,High School,Far,Female,64
19.0,76.0,Medium,Medium,Yes,6.0,65.0,Medium,Yes,0.0,Low,Medium,Public,Neutral,4.0,Yes,High School,Near,Female,63
18.0,84.0,High,High,No,6.0,94.0,Medium,Yes,3.0,High,Medium,Public,Neutral,4.0,No,High School,Near,Male,71
22.0,80.0,Low,Low,No,4.0,57.0,Low,Yes,1.0,Low,Medium,Public,Neutral,3.0,No,Postgraduate,Moderate,Male,64
19.0,99.0,Low,Low,No,8.0,79.0,High,Yes,3.0,Medium,Medium,Private,Positive,4.0,No,High School,Near,Male,70
18.0,93.0,Medium,High,No,4.0,76.0,High,Yes,3.0,Low,Medium,Public,Negative,3.0,No,College,Near,Female,70
9.0,96.0,Medium,High,Yes,9.0,63.0,Medium,Yes,1.0,High,Medium,Private,Neutral,1.0,No,High School,Near,Male,67
14.0,70.0,Medium,Medium,Yes,9.0,51.0,Low,Yes,1.0,Low,High,Public,Negative,4.0,No,College,Near,Male,62
23.0,91.0,Medium,Medium,No,6.0,57.0,Low,Yes,2.0,Low,High,Private,Positive,2.0,No,High School,Near,Male,69
30.0,71.0,Low,High,No,9.0,98.0,Low,Yes,2.0,High,Medium,Public,Positive,1.0,No,High School,Moderate,Female,69
19.0,68.0,Low,High,No,10.0,97.0,Low,No,0.0,Low,Medium,Public,Positive,3.0,No,College,Far,Female,62
22.0,98.0,Low,Medium,No,7.0,56.0,High,Yes,1.0,High,Medium,Private,Neutral,1.0,No,College,Near,Female,70
26.0,61.0,Medium,Medium,Yes,8.0,69.0,High,Yes,2.0,Medium,High,Public,Positive,3.0,No,High School,Near,Male,66
15.0,99.0,High,Medium,No,7.0,73.0,Low,Yes,1.0,Low,Medium,Public,Positive,3.0,No,High School,Near,Male,69
22.0,66.0,Medium,Low,Yes,9.0,74.0,Medium,Yes,3.0,Low,High,Public,Negative,3.0,No,Postgraduate,Near,Female,65
16.0,93.0,Low,High,Yes,5.0,65.0,Low,Yes,0.0,Medium,Medium,Public,Negative,3.0,No,High School,Near,Female,66
25.0,71.0,High,Medium,Yes,7.0,96.0,Low,Yes,2.0,Low,Medium,Public,Positive,3.0,No,High School,Near,Female,69
21.0,74.0,High,Medium,Yes,8.0,95.0,Low,Yes,1.0,Medium,Medium,Private,Positive,5.0,Yes,High School,Far,Female,66
22.0,69.0,Low,High,Yes,8.0,51.0,Medium,Yes,1.0,Low,High,Public,Positive,3.0,No,High School,Near,Female,65
15.0,83.0,Medium,Low,Yes,7.0,83.0,Low,Yes,1.0,High,Medium,Public,Neutral,2.0,No,Postgraduate,Near,Female,66
24.0,74.0,Low,Low,Yes,9.0,54.0,Medium,Yes,1.0,Low,,Public,Neutral,3.0,No,,Near,Female,63
33.0,86.0,Low,Medium,Yes,7.0,80.0,Medium,Yes,0.0,Low,High,Public,Neutral,3.0,No,Postgraduate,Near,Female,72
14.0,61.0,Medium,Medium,Yes,7.0,93.0,Low,Yes,3.0,Medium,High,Public,Negative,2.0,No,High School,Moderate,Male,62
18.0,63.0,High,High,No,8.0,82.0,Medium,Yes,1.0,High,Medium,Private,Negative,1.0,No,High School,Near,Male,64
21.0,64.0,Medium,Low,No,7.0,73.0,High,Yes,2.0,Low,Medium,Public,Negative,2.0,Yes,College,Far,Female,61
25.0,77.0,High,Medium,Yes,7.0,98.0,Low,Yes,0.0,High,Medium,Public,Positive,2.0,No,High School,Near,Male,70
17.0,93.0,Medium,Medium,No,6.0,87.0,Medium,Yes,1.0,Low,High,Private,Negative,2.0,No,High School,Moderate,Female,67
3.0,96.0,High,High,Yes,10.0,62.0,Medium,Yes,3.0,Low,Medium,Private,Neutral,4.0,No,High School,Far,Male,66
28.0,70.0,Medium,Medium,Yes,6.0,69.0,Medium,Yes,2.0,Low,Low,Public,Positive,4.0,Yes,High School,Near,Male,66
25.0,83.0,Low,Medium,Yes,8.0,88.0,Low,Yes,1.0,Medium,High,Public,Neutral,3.0,Yes,College,Near,Male,68
10.0,91.0,High,High,Yes,10.0,51.0,Medium,Yes,0.0,Low,Medium,Public,Positive,3.0,No,Postgraduate,Moderate,Male,67
16.0,72.0,Medium,High,No,5.0,53.0,Medium,Yes,1.0,High,High,Public,Positive,3.0,No,College,Near,Male,65
29.0,76.0,Medium,High,Yes,8.0,93.0,Low,No,0.0,Medium,High,Public,Positive,4.0,No,College,Moderate,Male,70
29.0,81.0,Medium,Medium,Yes,7.0,52.0,Medium,No,1.0,High,Medium,Public,Neutral,4.0,No,College,Near,Female,69
26.0,65.0,Medium,Medium,Yes,10.0,84.0,Medium,Yes,1.0,Low,High,Public,Positive,4.0,No,Postgraduate,Near,Male,68
19.0,61.0,Medium,Medium,No,6.0,66.0,Medium,Yes,0.0,High,Medium,Public,Neutral,1.0,No,High School,Near,Male,61
20.0,66.0,Medium,High,Yes,6.0,91.0,Low,Yes,0.0,Medium,High,Public,Negative,5.0,No,High School,Far,Male,65
19.0,85.0,High,High,No,7.0,92.0,Medium,Yes,3.0,Medium,Medium,Public,Neutral,2.0,No,College,Near,Female,71
27.0,63.0,Medium,High,No,6.0,98.0,Low,Yes,0.0,Medium,Medium,Private,Negative,3.0,No,High School,Near,Female,66
15.0,68.0,Medium,High,No,6.0,55.0,Medium,No,0.0,High,Medium,Private,Positive,3.0,No,High School,Near,Female,62
15.0,74.0,Low,Low,No,10.0,71.0,Medium,Yes,0.0,Low,High,Public,Negative,2.0,No,Postgraduate,Near,Male,61
26.0,63.0,High,High,Yes,7.0,79.0,Medium,Yes,1.0,Low,High,Public,Negative,2.0,No,High School,Near,Male,67
20.0,68.0,Medium,High,Yes,6.0,96.0,Medium,Yes,0.0,Low,High,Public,Neutral,3.0,No,High School,Near,Female,66
28.0,96.0,Low,High,No,6.0,63.0,High,No,1.0,High,Medium,Public,Positive,2.0,No,High School,Moderate,Female,71
16.0,61.0,Medium,High,Yes,8.0,54.0,High,Yes,0.0,Low,High,Private,Positive,3.0,No,College,Moderate,Male,62
20.0,86.0,Medium,Medium,Yes,8.0,60.0,Low,Yes,1.0,High,Medium,Public,Neutral,3.0,Yes,Postgraduate,Near,Male,67
14.0,75.0,Medium,Medium,Yes,6.0,75.0,Medium,Yes,0.0,Low,High,Public,Neutral,2.0,No,High School,Near,Male,64
20.0,87.0,Medium,Low,No,5.0,84.0,Medium,Yes,2.0,Medium,Medium,Private,Neutral,3.0,No,High School,Near,Male,68
11.0,84.0,Medium,Medium,Yes,7.0,85.0,High,Yes,3.0,Medium,Medium,Public,Neutral,4.0,No,College,Moderate,Female,67
17.0,69.0,Medium,Medium,Yes,7.0,54.0,High,Yes,1.0,High,Low,Public,Neutral,2.0,No,High School,Near,Male,63
11.0,94.0,High,High,No,6.0,88.0,Medium,Yes,2.0,Medium,Medium,Public,Positive,4.0,No,High School,Near,Male,70
24.0,80.0,Low,High,Yes,9.0,83.0,Medium,Yes,1.0,Low,Low,Public,Negative,1.0,No,High School,Near,Male,67
24.0,93.0,Medium,High,Yes,8.0,70.0,Low,Yes,1.0,Medium,High,Private,Neutral,3.0,No,High School,Moderate,Female,71
10.0,76.0,Medium,Low,Yes,7.0,79.0,Low,Yes,3.0,Medium,Medium,Private,Neutral,4.0,No,High School,Far,Female,62
28.0,99.0,Medium,Medium,Yes,6.0,88.0,Medium,Yes,3.0,Low,Medium,Public,Positive,4.0,No,High School,Near,Female,75
35.0,91.0,Low,Medium,Yes,10.0,63.0,Low,Yes,1.0,Medium,Medium,Public,Neutral,5.0,No,High School,Near,Male,72
20.0,99.0,Medium,Low,Yes,5.0,97.0,Low,Yes,4.0,High,Medium,Public,Neutral,3.0,No,College,Near,Female,73
16.0,81.0,Low,Medium,No,6.0,57.0,High,Yes,3.0,Low,Low,Private,Positive,3.0,No,High School,Near,Male,64
37.0,79.0,Medium,High,No,6.0,95.0,High,Yes,1.0,High,Medium,Public,Negative,1.0,No,High School,Near,Male,73
12.0,90.0,Medium,Low,Yes,7.0,87.0,Low,Yes,2.0,Low,High,Public,Neutral,2.0,No,Postgraduate,Far,Male,66
20.0,95.0,Low,Low,No,8.0,83.0,High,Yes,1.0,Medium,Medium,Private,Positive,3.0,No,High School,Near,Female,69
21.0,99.0,Medium,Medium,Yes,5.0,54.0,High,Yes,1.0,Low,Medium,Public,Neutral,4.0,No,College,Moderate,Male,70
28.0,73.0,Medium,High,Yes,6.0,96.0,Medium,Yes,1.0,Medium,Medium,Public,Negative,0.0,No,Postgraduate,Near,Female,70
22.0,92.0,High,High,No,8.0,65.0,Medium,Yes,0.0,Medium,High,Private,Positive,2.0,No,High School,Moderate,Male,71
17.0,68.0,Low,High,Yes,6.0,87.0,High,Yes,0.0,Low,Medium,Private,Positive,4.0,Yes,College,Near,Male,64
14.0,82.0,Medium,High,No,6.0,94.0,Low,Yes,7.0,Medium,High,Private,Negative,4.0,No,Postgraduate,Near,Male,71
18.0,67.0,High,Medium,Yes,7.0,62.0,High,Yes,1.0,Low,Low,Private,Positive,2.0,No,High School,Far,Male,63
14.0,74.0,High,High,Yes,6.0,96.0,Low,Yes,2.0,Low,High,Public,Neutral,4.0,No,College,Near,Male,68
20.0,97.0,Medium,Medium,No,7.0,81.0,Medium,Yes,3.0,Medium,High,Public,Neutral,3.0,Yes,College,Near,Male,71
17.0,66.0,Medium,Medium,Yes,8.0,83.0,Medium,Yes,4.0,Medium,High,Private,Negative,5.0,No,High School,Moderate,Male,65
11.0,85.0,High,Medium,Yes,7.0,96.0,Medium,No,1.0,Low,Medium,Public,Neutral,3.0,No,High School,Near,Male,66
28.0,84.0,High,High,Yes,9.0,76.0,High,Yes,0.0,High,Medium,Private,Negative,3.0,No,High School,Near,Male,72
17.0,65.0,High,High,Yes,8.0,72.0,Low,Yes,1.0,Low,Medium,Public,Positive,4.0,No,College,Moderate,Male,65
12.0,73.0,Low,Medium,No,7.0,82.0,Medium,No,1.0,Low,Medium,Public,Positive,3.0,No,High School,Far,Male,60
19.0,83.0,Low,Medium,No,7.0,78.0,High,No,2.0,Low,High,Public,Positive,4.0,No,Postgraduate,Moderate,Male,67
20.0,67.0,Medium,High,No,10.0,53.0,High,Yes,1.0,Low,Medium,Private,Positive,2.0,No,Postgraduate,Near,Male,65
10.0,92.0,High,Low,Yes,6.0,59.0,High,Yes,0.0,Low,Medium,Public,Negative,2.0,No,High School,Moderate,Female,64
22.0,99.0,High,High,Yes,7.0,51.0,Medium,Yes,2.0,High,High,Public,Negative,4.0,Yes,High School,Moderate,Male,72
14.0,69.0,High,Medium,No,6.0,55.0,Medium,Yes,3.0,Low,Low,Private,Positive,2.0,No,High School,Moderate,Male,62
30.0,67.0,Medium,Medium,Yes,8.0,86.0,Medium,Yes,0.0,Low,Medium,Public,Neutral,4.0,No,High School,Moderate,Female,67
23.0,78.0,Medium,Medium,Yes,10.0,50.0,Medium,Yes,1.0,Medium,Medium,Private,Positive,3.0,Yes,Postgraduate,Near,Female,67
18.0,90.0,Medium,Medium,No,7.0,65.0,Low,Yes,4.0,Medium,Medium,Public,Positive,3.0,No,College,Near,Female,69
16.0,71.0,High,High,Yes,7.0,72.0,Low,Yes,1.0,Medium,Low,Private,Neutral,4.0,No,College,Moderate,Female,65
19.0,61.0,Medium,High,No,7.0,97.0,Low,Yes,0.0,Medium,High,Public,Negative,3.0,Yes,College,Far,Male,62
24.0,82.0,High,Medium,Yes,5.0,66.0,Medium,Yes,0.0,Medium,Medium,Private,Neutral,3.0,No,Postgraduate,Near,Male,69
20.0,98.0,Medium,High,No,7.0,89.0,Medium,Yes,1.0,High,Medium,Public,Positive,3.0,No,College,Far,Female,72
19.0,76.0,Low,High,Yes,10.0,70.0,Low,Yes,1.0,Low,Medium,Public,Negative,3.0,No,College,Far,Female,63
20.0,77.0,High,Medium,No,8.0,55.0,Low,Yes,1.0,Medium,Medium,Public,Negative,3.0,No,College,Far,Female,64
16.0,99.0,Low,Medium,Yes,9.0,55.0,Medium,Yes,1.0,High,Medium,Public,Neutral,3.0,Yes,College,Far,Female,67
18.0,88.0,Medium,Medium,No,9.0,72.0,High,Yes,2.0,High,High,Public,Neutral,4.0,No,Postgraduate,Moderate,Male,70
7.0,89.0,High,Low,Yes,6.0,53.0,Medium,Yes,3.0,Low,High,Private,Neutral,2.0,No,High School,Moderate,Male,64
26.0,83.0,Medium,Medium,No,10.0,79.0,Medium,Yes,1.0,High,Medium,Public,Neutral,2.0,No,High School,Moderate,Female,69
22.0,99.0,High,High,No,4.0,75.0,Low,Yes,2.0,Medium,Medium,Private,Negative,4.0,No,High School,Near,Female,72
15.0,88.0,Medium,Medium,Yes,7.0,85.0,Medium,Yes,4.0,Medium,Medium,Private,Negative,2.0,No,Postgraduate,Near,Female,69
31.0,96.0,High,Medium,Yes,4.0,59.0,Medium,Yes,3.0,Low,Medium,Private,Neutral,5.0,No,High School,Near,Female,75
21.0,88.0,Low,Medium,No,4.0,80.0,Low,Yes,1.0,Medium,Medium,Public,Positive,2.0,Yes,Postgraduate,Near,Male,67
14.0,89.0,Medium,Medium,Yes,8.0,59.0,High,Yes,1.0,Low,Medium,Private,Neutral,3.0,No,College,Near,Male,67
25.0,72.0,Medium,Medium,No,6.0,86.0,High,Yes,0.0,Medium,,Public,Neutral,2.0,No,High School,Far,Female,66
22.0,72.0,Medium,Low,Yes,9.0,65.0,High,Yes,0.0,Medium,Medium,Public,Neutral,3.0,No,High School,Moderate,Male,64
22.0,91.0,Medium,Low,No,4.0,81.0,Medium,Yes,2.0,Low,High,Private,Negative,3.0,No,High School,Near,Male,68
17.0,72.0,High,Medium,Yes,7.0,94.0,High,Yes,1.0,Low,Medium,Public,Neutral,5.0,No,High School,Moderate,Male,66
23.0,83.0,High,Medium,No,5.0,74.0,Medium,Yes,3.0,Low,Medium,Public,Negative,2.0,No,Postgraduate,Near,Male,69
18.0,70.0,High,Low,Yes,7.0,60.0,Medium,Yes,1.0,Medium,High,Public,Positive,3.0,No,College,Near,Male,65
23.0,93.0,Medium,Low,Yes,9.0,94.0,High,Yes,2.0,Medium,Low,Private,Negative,3.0,No,High School,Moderate,Female,70
9.0,64.0,Medium,Low,Yes,10.0,68.0,Low,Yes,0.0,Medium,Medium,Private,Negative,3.0,No,High School,Near,Male,57
17.0,93.0,Medium,Medium,No,8.0,87.0,Low,Yes,2.0,High,High,Private,Negative,3.0,No,College,Moderate,Male,69
30.0,84.0,High,Low,Yes,5.0,66.0,Low,Yes,0.0,Medium,Low,Public,Positive,2.0,No,Postgraduate,Near,Female,70
15.0,67.0,Low,Medium,Yes,5.0,65.0,Medium,Yes,4.0,Medium,Medium,Private,Negative,2.0,No,College,Near,Male,63
16.0,82.0,Medium,Medium,No,7.0,82.0,Medium,Yes,1.0,Medium,Low,Public,Neutral,3.0,No,Postgraduate,Moderate,Female,66
17.0,71.0,Medium,Medium,Yes,6.0,58.0,Medium,Yes,3.0,Medium,Medium,Private,Positive,3.0,Yes,High School,,Male,64
13.0,73.0,Medium,High,No,8.0,93.0,Medium,Yes,0.0,High,High,Public,Neutral,3.0,No,Postgraduate,,Female,65
7.0,74.0,High,Medium,No,10.0,69.0,High,Yes,1.0,High,Medium,Public,Positive,4.0,No,High School,Near,Male,64
19.0,63.0,Medium,Low,Yes,6.0,51.0,High,Yes,2.0,Medium,Medium,Public,Neutral,4.0,No,High School,Near,Male,62
21.0,99.0,High,Medium,Yes,6.0,65.0,Low,Yes,1.0,Medium,Medium,Private,Positive,2.0,No,College,Far,Female,71
20.0,61.0,Medium,High,No,5.0,89.0,Medium,Yes,1.0,Medium,Medium,Public,Neutral,2.0,No,Postgraduate,Far,Female,64
19.0,86.0,High,High,Yes,7.0,93.0,High,Yes,1.0,Medium,High,Public,Neutral,2.0,No,High School,Near,Male,72
20.0,75.0,Medium,Medium,No,7.0,78.0,Medium,Yes,0.0,Low,Medium,Public,Negative,2.0,No,College,Near,Female,64
26.0,86.0,Medium,Low,Yes,7.0,65.0,Medium,Yes,2.0,High,High,Private,Neutral,4.0,No,Postgraduate,Moderate,Male,71
19.0,74.0,Medium,Medium,Yes,8.0,76.0,High,Yes,5.0,Medium,High,Public,Neutral,4.0,Yes,College,Near,Female,68
17.0,87.0,Medium,Medium,Yes,8.0,92.0,Medium,No,3.0,High,Low,Public,Negative,2.0,No,College,Near,Male,68
18.0,89.0,Medium,Medium,No,7.0,66.0,Medium,Yes,2.0,Medium,Medium,Public,Positive,3.0,No,College,Moderate,Male,68
23.0,88.0,Medium,Medium,No,7.0,69.0,Medium,Yes,3.0,Low,High,Public,Negative,3.0,No,High School,Near,Male,69
28.0,65.0,Low,Medium,Yes,7.0,77.0,High,Yes,1.0,Low,High,Public,Positive,3.0,No,College,Near,Male,67
16.0,86.0,Medium,Low,No,7.0,94.0,Low,Yes,0.0,Low,Medium,Private,Positive,4.0,No,High School,Near,Male,66
21.0,71.0,Medium,Medium,Yes,6.0,79.0,Medium,Yes,1.0,Low,Medium,Private,Neutral,4.0,No,Postgraduate,Far,Male,65
22.0,61.0,Medium,High,No,5.0,60.0,High,Yes,0.0,High,Low,Private,Neutral,2.0,No,High School,Moderate,Male,63
14.0,77.0,High,Low,No,7.0,54.0,Medium,Yes,1.0,Medium,High,Public,Negative,2.0,No,High School,Moderate,Male,62
20.0,77.0,High,High,No,6.0,55.0,Medium,Yes,1.0,High,Low,Private,Neutral,1.0,No,College,Near,Male,67
11.0,79.0,Medium,Medium,Yes,8.0,98.0,Medium,Yes,2.0,Low,Medium,Public,Neutral,4.0,No,High School,Near,Female,65
9.0,88.0,Medium,Medium,Yes,7.0,91.0,Medium,Yes,1.0,Low,,Public,Negative,3.0,No,College,Near,Female,66
22.0,72.0,Low,High,No,7.0,88.0,Medium,No,2.0,Medium,Medium,Public,Positive,4.0,No,High School,Near,Female,66
18.0,73.0,Medium,Medium,Yes,8.0,75.0,Medium,Yes,0.0,High,Medium,Public,Neutral,1.0,Yes,College,Near,Female,64
21.0,62.0,High,Medium,Yes,5.0,84.0,Medium,Yes,5.0,Low,Medium,Public,Positive,4.0,No,High School,Near,Female,67
20.0,87.0,Medium,Medium,No,10.0,56.0,Medium,Yes,2.0,Medium,Medium,Public,Neutral,2.0,No,College,Moderate,Female,67
14.0,83.0,Low,Low,No,4.0,81.0,Low,Yes,1.0,Low,Medium,Public,Negative,4.0,Yes,High School,Moderate,Male,61
20.0,74.0,Medium,Medium,Yes,9.0,91.0,Medium,Yes,1.0,Low,Medium,Public,Neutral,5.0,No,High School,Near,Male,66
13.0,88.0,High,Medium,Yes,7.0,53.0,Medium,Yes,2.0,Medium,Medium,Private,Negative,4.0,No,College,Moderate,Male,66
28.0,81.0,Medium,Low,Yes,6.0,65.0,Medium,Yes,1.0,Low,Medium,Public,Positive,2.0,No,High School,Moderate,Male,67
12.0,79.0,High,Medium,No,5.0,56.0,High,Yes,1.0,Low,Low,Public,Positive,5.0,No,High School,Near,Female,64
19.0,80.0,High,Low,No,6.0,63.0,Low,Yes,1.0,Low,Medium,Public,Neutral,3.0,No,High School,Near,Male,64
14.0,85.0,Low,Medium,No,7.0,89.0,Medium,Yes,2.0,Medium,High,Public,Positive,2.0,No,College,Moderate,Male,67
23.0,86.0,Low,High,No,7.0,67.0,Low,Yes,2.0,Medium,High,Private,Neutral,3.0,Yes,College,Near,Female,68
18.0,72.0,Medium,Low,No,9.0,84.0,Medium,Yes,2.0,Medium,Medium,Public,Neutral,4.0,No,High School,Near,Male,64
17.0,66.0,Medium,Medium,Yes,7.0,89.0,Medium,Yes,0.0,Medium,Medium,Private,Negative,3.0,No,College,Near,Male,63
25.0,66.0,Medium,High,Yes,7.0,91.0,Medium,Yes,2.0,Low,High,Public,Neutral,3.0,No,College,Near,Male,68
20.0,86.0,Low,Low,No,8.0,94.0,Low,Yes,2.0,Low,Medium,Private,Negative,2.0,No,High School,Far,Female,64
23.0,95.0,Low,Medium,Yes,7.0,80.0,High,Yes,2.0,Low,Medium,Public,Neutral,4.0,No,High School,Moderate,Female,70
14.0,76.0,Low,Medium,No,7.0,64.0,Medium,Yes,3.0,Medium,Medium,Private,Positive,3.0,No,College,Near,Male,64
12.0,67.0,High,Medium,No,7.0,58.0,Medium,Yes,0.0,High,Medium,Public,Neutral,2.0,Yes,High School,Far,Male,59
21.0,90.0,High,Medium,Yes,8.0,75.0,Medium,Yes,4.0,Low,High,Public,Neutral,2.0,No,High School,Moderate,Male,71
18.0,93.0,Low,Medium,Yes,6.0,55.0,Medium,Yes,3.0,Low,Medium,Public,Negative,5.0,No,High School,Moderate,Male,67
24.0,95.0,Medium,Low,Yes,6.0,96.0,High,Yes,3.0,Low,Medium,Private,Neutral,3.0,No,Postgraduate,Near,Female,73
20.0,84.0,Low,Low,No,8.0,72.0,Medium,Yes,3.0,High,Medium,Public,Neutral,3.0,No,High School,Near,Male,66
21.0,94.0,High,High,No,5.0,94.0,Medium,Yes,2.0,Low,High,Private,Neutral,2.0,No,College,Near,Male,73
10.0,61.0,High,Medium,Yes,7.0,85.0,High,Yes,1.0,Medium,Medium,Public,Neutral,4.0,No,High School,Near,Female,62
31.0,64.0,Medium,High,No,6.0,93.0,Medium,Yes,1.0,Low,High,Public,Neutral,3.0,No,High School,Near,Female,69
19.0,64.0,Medium,High,No,8.0,94.0,Medium,Yes,3.0,Medium,High,Private,Neutral,3.0,Yes,Postgraduate,Near,Female,66
24.0,89.0,Medium,Low,Yes,9.0,53.0,Medium,Yes,1.0,Low,High,Private,Neutral,3.0,No,High School,Near,Male,68
15.0,63.0,Medium,Medium,Yes,6.0,86.0,Low,Yes,4.0,High,Medium,Public,Positive,5.0,No,High School,Near,Male,65
22.0,80.0,Medium,Medium,Yes,8.0,61.0,High,Yes,1.0,Low,Medium,Public,Positive,2.0,No,College,Moderate,Male,67
12.0,79.0,Medium,Medium,Yes,7.0,99.0,Low,Yes,2.0,Medium,Medium,Public,Negative,2.0,Yes,High School,Near,Female,64
23.0,72.0,High,High,Yes,6.0,89.0,Medium,No,0.0,Medium,High,Private,Negative,3.0,No,High School,Moderate,Male,67
18.0,95.0,Low,Low,Yes,7.0,50.0,Low,Yes,3.0,Medium,Medium,Private,Neutral,3.0,No,High School,Moderate,Female,66
20.0,67.0,High,Medium,No,9.0,96.0,High,Yes,1.0,High,High,Public,Positive,3.0,No,High School,Near,Female,68
24.0,74.0,Medium,Medium,Yes,7.0,65.0,Low,Yes,3.0,Medium,High,Public,Neutral,2.0,No,College,Near,Male,68
13.0,91.0,Medium,Low,Yes,9.0,71.0,Low,Yes,1.0,Low,Medium,Public,Positive,2.0,No,College,Far,Male,64
16.0,61.0,High,Medium,Yes,7.0,81.0,Low,Yes,2.0,Medium,Medium,Public,Neutral,1.0,No,High School,Near,Female,63
23.0,87.0,High,Medium,No,5.0,96.0,Medium,Yes,2.0,Medium,Medium,Public,Positive,3.0,No,College,Moderate,Female,72
33.0,93.0,High,Medium,No,7.0,96.0,Medium,Yes,1.0,Low,High,Public,Positive,1.0,No,Postgraduate,Moderate,Female,75
19.0,97.0,High,Medium,No,5.0,78.0,Low,Yes,2.0,Low,Medium,Public,Positive,3.0,No,High School,Near,Male,71
24.0,95.0,High,Medium,No,7.0,66.0,Low,Yes,2.0,High,High,Public,Negative,3.0,No,High School,Near,Male,71
19.0,73.0,Medium,Medium,Yes,6.0,64.0,Low,Yes,4.0,Medium,Medium,Public,Positive,5.0,Yes,College,Near,Female,66
32.0,83.0,High,Medium,Yes,10.0,68.0,Medium,No,3.0,Low,Medium,Private,Positive,4.0,No,High School,Moderate,Female,71
10.0,63.0,High,Medium,No,9.0,59.0,Low,Yes,0.0,Medium,High,Public,Positive,5.0,No,Postgraduate,Moderate,Male,61
21.0,70.0,Medium,Medium,Yes,7.0,83.0,Medium,Yes,1.0,Medium,Medium,Public,Neutral,3.0,No,High School,Far,Male,65
10.0,64.0,Medium,Low,No,9.0,76.0,Low,Yes,1.0,Low,Medium,Private,Positive,1.0,No,High School,Near,Female,58
5.0,73.0,High,Low,Yes,6.0,89.0,High,Yes,1.0,Medium,Medium,Public,Neutral,2.0,No,High School,Near,Male,62
22.0,95.0,High,Low,No,5.0,55.0,Medium,Yes,2.0,High,High,Public,Neutral,0.0,Yes,College,Near,Female,69
21.0,74.0,Medium,Low,Yes,8.0,70.0,Medium,Yes,1.0,Medium,Medium,Public,Neutral,3.0,No,Postgraduate,Far,Male,65
18.0,82.0,High,Medium,Yes,8.0,62.0,High,Yes,3.0,Low,Medium,Private,Neutral,4.0,No,High School,Near,Female,69
19.0,77.0,High,Medium,Yes,6.0,77.0,High,Yes,1.0,Low,High,Private,Neutral,3.0,No,College,Near,Female,68
39.0,78.0,Medium,Medium,No,6.0,73.0,Medium,Yes,0.0,Low,Medium,Public,Positive,2.0,No,College,Far,Male,70
18.0,99.0,High,Medium,Yes,8.0,72.0,Medium,Yes,4.0,Low,Medium,Public,Neutral,4.0,No,High School,Near,Female,72
23.0,72.0,Low,Medium,Yes,4.0,66.0,Low,No,3.0,Low,Medium,Private,Positive,4.0,No,Postgraduate,Near,Female,66
16.0,85.0,Low,High,Yes,8.0,86.0,Low,Yes,2.0,High,Medium,Private,Neutral,4.0,No,High School,Near,Female,68
22.0,77.0,Medium,Medium,Yes,7.0,74.0,High,Yes,2.0,Low,Low,Private,Negative,4.0,No,College,Near,Male,67
19.0,62.0,High,Low,Yes,8.0,60.0,Medium,Yes,1.0,Low,Medium,Public,Positive,2.0,No,College,Far,Female,61
18.0,80.0,Low,Low,Yes,8.0,77.0,Medium,Yes,1.0,Low,High,Public,Negative,2.0,No,College,Near,Female,64
31.0,93.0,High,Medium,No,6.0,80.0,Medium,Yes,3.0,Medium,Medium,Public,Neutral,2.0,No,High School,Near,Male,74
27.0,64.0,Medium,Medium,No,5.0,51.0,High,Yes,1.0,Low,High,Public,Negative,3.0,No,High School,Near,Female,64
21.0,63.0,High,Low,Yes,9.0,60.0,Medium,Yes,2.0,Medium,Medium,Public,Negative,2.0,No,Postgraduate,Near,Male,64
6.0,66.0,High,Medium,Yes,7.0,62.0,Low,Yes,2.0,Low,Medium,Public,Neutral,4.0,No,Postgraduate,Near,Male,61
18.0,91.0,High,High,Yes,7.0,62.0,Medium,Yes,3.0,Low,Medium,Private,Positive,3.0,No,High School,Near,Male,71
36.0,89.0,High,Low,Yes,8.0,62.0,Low,Yes,2.0,Low,High,Private,Negative,3.0,No,College,Moderate,Male,72
19.0,83.0,High,High,No,6.0,64.0,Medium,Yes,0.0,Medium,Medium,Private,Negative,5.0,No,Postgraduate,Near,Female,68
27.0,79.0,Low,High,Yes,8.0,63.0,High,Yes,2.0,Low,Medium,Public,Negative,5.0,No,College,Moderate,Female,69
29.0,96.0,Medium,High,No,8.0,94.0,High,No,2.0,Low,High,Public,Negative,4.0,No,High School,Near,Male,74
21.0,91.0,Medium,High,Yes,9.0,66.0,Low,Yes,3.0,Low,Medium,Public,Neutral,4.0,No,College,Moderate,Female,70
15.0,92.0,High,Low,Yes,9.0,67.0,Low,Yes,1.0,High,High,Public,Positive,2.0,No,Postgraduate,Near,Male,69
5.0,93.0,Low,Low,No,7.0,63.0,Medium,Yes,2.0,Medium,High,Public,Neutral,3.0,No,Postgraduate,Near,Male,64
24.0,86.0,Low,Low,Yes,8.0,98.0,Medium,Yes,2.0,High,Medium,Public,Positive,5.0,No,Postgraduate,Far,Male,71
15.0,78.0,High,Low,Yes,7.0,77.0,Low,Yes,0.0,High,Medium,Public,Neutral,3.0,No,College,Near,Male,65
21.0,95.0,High,Medium,Yes,7.0,81.0,Medium,Yes,0.0,Medium,Medium,Public,Neutral,3.0,No,High School,Near,Male,71
13.0,97.0,High,High,Yes,5.0,87.0,Low,Yes,1.0,Medium,High,Public,Neutral,2.0,No,Postgraduate,,Female,71
18.0,61.0,Low,Medium,Yes,7.0,67.0,Medium,Yes,5.0,High,High,Public,Positive,2.0,No,Postgraduate,Near,Male,66
20.0,62.0,Medium,Medium,No,4.0,98.0,High,Yes,1.0,High,Low,Public,Negative,4.0,No,High School,Near,Male,64
22.0,98.0,Medium,Medium,No,7.0,58.0,Medium,Yes,0.0,Medium,,Private,Neutral,3.0,No,,Near,Male,70
13.0,71.0,Low,Low,No,9.0,73.0,Low,Yes,1.0,High,High,Private,Neutral,3.0,No,High School,Moderate,Male,61
27.0,95.0,Medium,Medium,Yes,8.0,57.0,High,Yes,1.0,Medium,Low,Private,Positive,3.0,No,High School,Moderate,Female,71
16.0,76.0,Medium,Medium,No,7.0,90.0,Medium,Yes,0.0,Low,Medium,Public,Neutral,3.0,No,Postgraduate,Moderate,Male,65
10.0,65.0,Low,High,No,7.0,55.0,Medium,Yes,0.0,Low,High,Public,Neutral,3.0,No,High School,Near,Female,59
19.0,63.0,Medium,Medium,Yes,6.0,78.0,Low,Yes,3.0,Medium,Medium,Public,Neutral,2.0,Yes,College,Near,Male,63
20.0,66.0,Medium,Medium,Yes,6.0,55.0,Low,Yes,1.0,High,High,Public,Negative,3.0,No,Postgraduate,Moderate,Female,64
21.0,70.0,Low,Low,No,8.0,73.0,Low,Yes,0.0,High,Medium,Public,Neutral,4.0,No,College,Near,Male,63
28.0,80.0,High,High,No,5.0,64.0,Medium,Yes,1.0,Low,Medium,Private,Neutral,2.0,No,Postgraduate,Moderate,Female,70
19.0,88.0,High,Medium,Yes,5.0,95.0,Medium,Yes,1.0,Medium,High,Public,Neutral,3.0,No,High School,Near,Male,70
19.0,99.0,High,High,Yes,8.0,53.0,Medium,Yes,1.0,Medium,Medium,Private,Neutral,4.0,No,College,Near,Male,72
13.0,78.0,Medium,High,No,7.0,82.0,High,Yes,0.0,Low,High,Public,Neutral,2.0,No,College,Moderate,Female,65
25.0,81.0,High,Medium,Yes,7.0,85.0,High,Yes,3.0,Medium,Medium,Public,Negative,1.0,No,Postgraduate,Moderate,Female,71
21.0,81.0,High,Medium,Yes,7.0,94.0,Medium,Yes,3.0,Medium,Medium,Public,Neutral,1.0,No,Postgraduate,Moderate,Male,70
17.0,82.0,Medium,Low,No,10.0,94.0,Medium,Yes,1.0,High,High,Private,Neutral,3.0,No,High School,Moderate,Female,66
9.0,81.0,Medium,Medium,Yes,7.0,99.0,Medium,Yes,2.0,Low,Medium,Public,Neutral,3.0,No,High School,Moderate,Female,64
29.0,60.0,Low,High,No,7.0,63.0,Medium,Yes,0.0,Low,Medium,Public,Negative,4.0,No,Postgraduate,Near,Male,64
13.0,60.0,High,Low,No,10.0,64.0,Low,Yes,1.0,Medium,Medium,Public,Neutral,4.0,No,College,Far,Male,59
16.0,64.0,Medium,High,Yes,7.0,70.0,Medium,Yes,5.0,Low,Low,Public,Positive,4.0,No,High School,Moderate,Male,65
22.0,64.0,High,Medium,Yes,10.0,77.0,Medium,Yes,1.0,Low,High,Public,Positive,3.0,No,High School,Moderate,Male,66
13.0,88.0,Medium,Medium,Yes,4.0,68.0,High,Yes,1.0,High,Medium,Public,Positive,2.0,No,High School,Near,Female,67
11.0,68.0,High,Medium,Yes,5.0,87.0,Medium,Yes,1.0,Low,Medium,Public,Positive,4.0,Yes,High School,Far,Male,62
7.0,96.0,High,Low,No,6.0,50.0,Medium,Yes,1.0,High,Medium,Private,Negative,3.0,No,College,Near,Male,65
24.0,97.0,High,Medium,Yes,8.0,51.0,Medium,Yes,3.0,Low,,Public,Neutral,2.0,No,Postgraduate,Near,Female,73
17.0,99.0,Medium,Medium,No,10.0,86.0,Low,Yes,1.0,Medium,Medium,Private,Positive,2.0,No,College,Near,Male,70
38.0,98.0,Low,Medium,No,6.0,94.0,Medium,Yes,2.0,Low,Low,Public,Negative,4.0,No,Postgraduate,Near,Female,75
14.0,71.0,High,High,Yes,8.0,89.0,Medium,Yes,0.0,Medium,Medium,Public,Neutral,3.0,No,Postgraduate,Near,Female,66
14.0,80.0,High,Medium,No,10.0,56.0,Low,Yes,1.0,Low,Medium,Public,Positive,3.0,No,Postgraduate,Moderate,Female,65
17.0,67.0,Medium,Medium,No,9.0,97.0,Medium,Yes,1.0,Medium,Low,Public,Neutral,3.0,No,Postgraduate,Moderate,Female,64
21.0,92.0,High,Low,No,6.0,76.0,Low,Yes,2.0,Low,Medium,Public,Positive,5.0,No,College,Near,Male,70
17.0,96.0,Medium,High,Yes,8.0,87.0,Medium,Yes,0.0,Medium,Medium,Private,Positive,5.0,No,High School,Moderate,Male,71
24.0,94.0,Low,Medium,No,8.0,60.0,Low,Yes,0.0,Medium,Medium,Public,Neutral,3.0,No,High School,Near,Male,68
14.0,77.0,Medium,Medium,Yes,6.0,77.0,Low,Yes,1.0,Low,High,Private,Neutral,2.0,No,College,Near,Male,64
12.0,90.0,High,High,No,8.0,67.0,Low,Yes,2.0,Low,Low,Public,Neutral,3.0,No,High School,Near,Female,67
9.0,64.0,Medium,High,Yes,6.0,99.0,Medium,Yes,6.0,Low,High,Public,Positive,6.0,Yes,High School,Moderate,Male,65
7.0,62.0,High,Medium,Yes,7.0,74.0,Medium,Yes,3.0,Medium,Medium,Public,Neutral,3.0,No,Postgraduate,Near,Female,62
17.0,90.0,Low,High,Yes,5.0,88.0,Low,Yes,1.0,Medium,Medium,Public,Negative,1.0,No,College,Near,Female,68
18.0,77.0,High,Medium,Yes,4.0,80.0,Medium,Yes,1.0,Medium,Low,Private,Negative,2.0,No,College,Near,Male,66
16.0,100.0,High,High,Yes,7.0,55.0,High,Yes,1.0,Low,Medium,Public,Negative,2.0,Yes,College,Moderate,Male,69
27.0,64.0,Medium,Medium,Yes,7.0,77.0,High,Yes,3.0,High,Medium,Public,Neutral,4.0,No,High School,Moderate,Male,68
27.0,94.0,Medium,Low,No,5.0,77.0,Medium,Yes,0.0,Medium,High,Public,Positive,2.0,No,College,Near,Female,71
18.0,79.0,Medium,High,Yes,8.0,86.0,Medium,Yes,3.0,Low,Low,Public,Neutral,4.0,No,College,Near,Female,68
9.0,93.0,High,Low,Yes,7.0,66.0,Medium,Yes,0.0,Low,Low,Private,Neutral,2.0,No,College,Moderate,Male,64
17.0,93.0,Low,Medium,No,8.0,93.0,Low,Yes,0.0,Low,Medium,Public,Negative,3.0,No,College,Moderate,Male,66
16.0,97.0,Medium,Low,Yes,8.0,81.0,High,Yes,0.0,High,High,Private,Positive,2.0,No,High School,Near,Male,70
16.0,72.0,Low,Medium,No,9.0,52.0,Medium,Yes,1.0,Medium,High,Public,Negative,1.0,Yes,College,Moderate,Female,60
16.0,98.0,Medium,Medium,Yes,8.0,85.0,Low,Yes,0.0,Low,High,Public,Positive,2.0,No,College,Far,Male,69
16.0,66.0,Medium,Medium,Yes,7.0,95.0,Low,Yes,1.0,Medium,Medium,Public,Positive,4.0,No,College,Near,Male,65
18.0,63.0,High,High,Yes,7.0,84.0,Medium,Yes,1.0,Medium,High,Public,Neutral,2.0,No,High School,Near,Female,66
16.0,77.0,Medium,Low,No,10.0,69.0,Medium,Yes,1.0,Medium,Medium,Private,Neutral,3.0,No,High School,Near,Female,64
21.0,93.0,Medium,High,No,8.0,80.0,Medium,Yes,0.0,High,High,Public,Positive,1.0,No,College,Moderate,Female,71
22.0,79.0,High,Low,No,7.0,59.0,Medium,Yes,0.0,Medium,Medium,Public,Positive,3.0,No,College,Near,Male,66
15.0,93.0,Medium,Low,Yes,7.0,80.0,Low,Yes,0.0,Low,Medium,Public,Positive,3.0,No,High School,Near,Female,66
28.0,89.0,Medium,Medium,No,6.0,75.0,Medium,Yes,1.0,Low,Low,Private,Negative,3.0,No,High School,Moderate,Male,68
14.0,68.0,High,High,No,5.0,51.0,High,Yes,1.0,High,Medium,Public,Neutral,5.0,Yes,High School,Moderate,Male,63
10.0,98.0,Medium,Low,Yes,10.0,66.0,Low,Yes,1.0,Low,High,Public,Negative,2.0,No,College,Near,Female,66
22.0,62.0,Low,Medium,No,8.0,60.0,Low,No,0.0,Medium,High,Public,Positive,2.0,No,College,Near,Male,61
15.0,96.0,Medium,Low,No,5.0,70.0,High,Yes,4.0,Low,High,Private,Positive,3.0,No,College,Near,Male,70
22.0,72.0,Medium,High,Yes,7.0,62.0,Low,Yes,5.0,High,Medium,Private,Neutral,2.0,No,College,Moderate,Female,68
6.0,80.0,Medium,Medium,Yes,9.0,92.0,Low,Yes,5.0,Low,Medium,Public,Neutral,2.0,No,Postgraduate,Moderate,Male,65
28.0,77.0,High,Medium,No,6.0,85.0,High,Yes,0.0,Low,Medium,Public,Negative,1.0,No,Postgraduate,Near,Female,69
24.0,67.0,Medium,High,Yes,6.0,87.0,Low,Yes,0.0,Medium,Medium,Public,Positive,4.0,No,College,Near,Male,67
11.0,74.0,High,Medium,No,8.0,68.0,Low,Yes,0.0,Medium,Medium,Public,Positive,3.0,No,High School,Moderate,Male,62
11.0,68.0,Low,High,Yes,8.0,50.0,Low,Yes,2.0,Low,High,Private,Positive,4.0,No,High School,Near,Female,61
30.0,68.0,High,High,Yes,6.0,61.0,High,Yes,1.0,Medium,Medium,Public,Positive,3.0,No,Postgraduate,,Female,70
16.0,67.0,High,Medium,Yes,6.0,88.0,Medium,Yes,0.0,High,Low,Public,Neutral,3.0,No,College,Near,Male,65
15.0,80.0,High,Medium,No,8.0,80.0,Medium,Yes,1.0,Low,Medium,Public,Neutral,4.0,No,High School,Moderate,Female,65
6.0,92.0,Medium,Medium,Yes,5.0,77.0,Medium,Yes,1.0,Low,High,Public,Positive,4.0,No,High School,Near,Male,66
18.0,83.0,Medium,High,Yes,6.0,64.0,Low,No,1.0,Medium,High,Private,Negative,3.0,No,High School,Near,Female,66
19.0,96.0,Medium,Medium,Yes,7.0,54.0,High,Yes,1.0,Low,Medium,Public,Neutral,3.0,No,College,Near,Male,69
24.0,85.0,High,High,No,8.0,89.0,Medium,Yes,1.0,Low,Medium,Public,Neutral,3.0,No,High School,Moderate,Female,70
12.0,88.0,High,Medium,No,6.0,52.0,Low,No,1.0,Medium,High,Public,Negative,1.0,No,High School,Near,Male,63
11.0,87.0,Low,Medium,No,8.0,53.0,High,Yes,1.0,Medium,Medium,Public,Positive,3.0,No,High School,Near,Female,64
23.0,78.0,High,Low,No,9.0,65.0,High,Yes,1.0,Low,High,Public,Neutral,2.0,Yes,College,Far,Female,65
26.0,88.0,High,Medium,Yes,6.0,79.0,Medium,Yes,1.0,Low,High,Public,Neutral,4.0,No,High School,Far,Male,71
11.0,63.0,Medium,Medium,Yes,10.0,100.0,High,Yes,0.0,Medium,Medium,Public,Neutral,3.0,No,High School,Far,Female,61
26.0,94.0,Low,Low,Yes,9.0,55.0,Low,Yes,2.0,High,Medium,Public,Neutral,3.0,No,High School,Near,Male,69
20.0,91.0,High,Medium,No,7.0,74.0,Medium,Yes,1.0,Medium,Medium,Public,Neutral,4.0,No,High School,Moderate,Male,69
27.0,70.0,Medium,Medium,No,7.0,80.0,Low,Yes,1.0,Low,Medium,Public,Neutral,3.0,No,High School,Near,Female,66
20.0,91.0,High,Medium,No,6.0,91.0,Medium,Yes,3.0,High,High,Public,Neutral,2.0,No,High School,Near,Male,72
5.0,61.0,High,Medium,No,9.0,84.0,High,Yes,1.0,Medium,Medium,Public,Neutral,3.0,No,College,Near,Male,60
19.0,69.0,Low,Low,No,7.0,90.0,Medium,Yes,0.0,Low,Medium,Public,Neutral,1.0,No,College,Near,Male,62
26.0,63.0,Medium,Medium,Yes,5.0,76.0,Medium,Yes,3.0,Medium,High,Public,Neutral,5.0,Yes,High School,Near,Female,66
15.0,91.0,Medium,High,Yes,4.0,72.0,Low,Yes,1.0,High,High,Private,Neutral,2.0,No,High School,Near,Male,69
18.0,90.0,High,Medium,No,7.0,81.0,Medium,Yes,2.0,Medium,Low,Public,Negative,3.0,No,Postgraduate,Moderate,Male,69
19.0,93.0,Medium,High,No,7.0,95.0,Low,Yes,3.0,Medium,Medium,Private,Negative,3.0,No,High School,Near,Female,71
3.0,60.0,Medium,Low,Yes,6.0,78.0,Low,Yes,1.0,Low,Medium,Public,Positive,1.0,No,Postgraduate,Near,Female,57
30.0,80.0,High,High,No,5.0,80.0,Medium,Yes,0.0,Low,Medium,Private,Positive,4.0,No,Postgraduate,Near,Female,72
15.0,88.0,Low,Medium,Yes,4.0,67.0,Medium,Yes,1.0,Medium,High,Private,Positive,4.0,No,High School,Far,Female,66
23.0,66.0,Medium,Medium,Yes,6.0,80.0,Medium,Yes,1.0,Medium,Medium,Public,Positive,3.0,No,College,Near,Female,66
19.0,86.0,Medium,Medium,No,6.0,81.0,Medium,Yes,3.0,Medium,High,Public,Neutral,3.0,No,College,Near,Male,70
28.0,63.0,Medium,Medium,No,8.0,88.0,Medium,Yes,2.0,Low,High,Public,Positive,2.0,No,High School,Near,Male,67
22.0,67.0,Medium,Medium,Yes,7.0,79.0,Medium,Yes,1.0,Medium,Low,Private,Neutral,3.0,No,College,Moderate,Female,65
19.0,79.0,Medium,Medium,Yes,9.0,60.0,Low,Yes,1.0,Low,Medium,Public,Neutral,3.0,Yes,High School,Near,Female,63
15.0,86.0,High,Low,No,8.0,79.0,Medium,Yes,3.0,Low,Medium,Public,Positive,3.0,No,College,Near,Female,68
25.0,66.0,Low,Medium,Yes,8.0,65.0,Medium,Yes,0.0,Medium,Medium,Public,Positive,3.0,Yes,High School,Near,Male,63
9.0,67.0,Medium,High,Yes,8.0,54.0,Medium,Yes,3.0,Medium,High,Private,Positive,5.0,No,College,Moderate,Male,63
24.0,68.0,Medium,Medium,Yes,5.0,91.0,High,Yes,1.0,High,Medium,Public,Negative,4.0,No,College,Near,Female,68
13.0,70.0,Medium,Medium,Yes,6.0,53.0,Medium,Yes,2.0,Low,Medium,Public,Negative,0.0,Yes,College,Moderate,Female,60
28.0,69.0,Medium,Medium,No,10.0,82.0,High,Yes,0.0,Medium,Medium,Private,Neutral,2.0,No,High School,Near,Female,67
21.0,76.0,Low,Low,Yes,4.0,99.0,High,Yes,0.0,Low,Low,Public,Positive,3.0,No,College,Far,Male,65
24.0,86.0,High,Low,Yes,7.0,54.0,Medium,Yes,0.0,Low,High,Public,Neutral,2.0,No,College,Near,Male,68
20.0,78.0,Medium,Low,No,8.0,61.0,Medium,Yes,0.0,Medium,Medium,Public,Neutral,2.0,Yes,High School,Moderate,Female,62
9.0,91.0,Medium,Low,No,4.0,88.0,Low,Yes,2.0,Medium,Medium,Public,Neutral,4.0,Yes,Postgraduate,Near,Female,65
15.0,89.0,Medium,Medium,Yes,6.0,55.0,High,Yes,1.0,Low,Medium,Private,Positive,3.0,No,High School,Near,Male,66
24.0,65.0,Medium,Medium,Yes,10.0,92.0,Low,Yes,3.0,Medium,High,Public,Neutral,4.0,No,High School,Near,Male,67
21.0,62.0,Low,High,Yes,7.0,50.0,Low,No,1.0,High,Medium,Public,Negative,2.0,No,High School,Moderate,Female,60
27.0,95.0,Low,High,Yes,6.0,94.0,High,Yes,2.0,Medium,Medium,Public,Neutral,4.0,No,Postgraduate,Far,Female,74
22.0,63.0,Low,Low,Yes,7.0,53.0,Medium,Yes,1.0,High,Medium,Public,Neutral,4.0,No,High School,Near,Male,62
14.0,66.0,Low,Medium,Yes,6.0,96.0,Low,Yes,0.0,High,Medium,Public,Negative,3.0,No,College,Moderate,Male,61
15.0,61.0,Medium,Medium,No,10.0,93.0,High,Yes,0.0,Medium,High,Public,Neutral,4.0,No,High School,Near,Male,63
21.0,85.0,Medium,Low,No,6.0,77.0,Medium,Yes,2.0,Low,Medium,Public,Neutral,3.0,No,College,Far,Male,66
6.0,83.0,Medium,Medium,No,6.0,89.0,Medium,Yes,1.0,Low,Medium,Public,Positive,4.0,No,Postgraduate,Near,Female,65
30.0,99.0,Low,Medium,No,5.0,54.0,Medium,Yes,0.0,Medium,Medium,Private,Positive,3.0,No,Postgraduate,Near,Male,72
23.0,95.0,High,Medium,No,7.0,57.0,Medium,Yes,1.0,Low,Medium,Private,Neutral,2.0,No,High School,Near,Female,70
27.0,76.0,High,High,Yes,7.0,68.0,Medium,Yes,1.0,Medium,Medium,Public,Neutral,3.0,No,Postgraduate,Moderate,Female,71
11.0,75.0,High,High,Yes,9.0,77.0,Medium,No,1.0,High,High,Private,Neutral,2.0,Yes,College,Moderate,Male,64
27.0,72.0,Medium,High,No,5.0,93.0,Low,Yes,1.0,High,Medium,Public,Positive,2.0,No,College,Near,Male,70
33.0,66.0,Medium,Medium,No,8.0,77.0,Medium,Yes,2.0,Medium,Low,Public,Neutral,3.0,No,High School,Near,Male,68
12.0,66.0,Low,High,Yes,7.0,83.0,Medium,No,1.0,Medium,Medium,Public,Neutral,3.0,No,High School,Near,Male,61
25.0,65.0,High,Medium,Yes,4.0,84.0,High,Yes,1.0,High,Medium,Public,Positive,2.0,No,High School,Near,Male,68
20.0,65.0,Low,Medium,No,6.0,94.0,Medium,Yes,1.0,Low,High,Public,Positive,2.0,No,Postgraduate,Near,Female,64
11.0,70.0,Medium,High,Yes,6.0,89.0,Low,Yes,2.0,Medium,Medium,Public,Positive,4.0,No,High School,Near,Female,64
23.0,72.0,Medium,High,Yes,10.0,99.0,Medium,Yes,2.0,Medium,High,Private,Neutral,4.0,No,Postgraduate,Near,Female,71
25.0,98.0,Medium,High,Yes,8.0,51.0,Medium,Yes,0.0,Medium,Medium,Private,Positive,2.0,No,College,Moderate,Female,72
16.0,83.0,Medium,Medium,Yes,7.0,60.0,Medium,Yes,0.0,High,Medium,Public,Positive,1.0,No,College,Moderate,Female,66
27.0,100.0,Low,Medium,Yes,4.0,97.0,Low,Yes,4.0,Low,High,Public,Positive,3.0,No,High School,Near,Female,74
10.0,75.0,Medium,Medium,Yes,4.0,90.0,Medium,Yes,3.0,Medium,High,Public,Positive,3.0,Yes,Postgraduate,Moderate,Male,65
11.0,78.0,High,High,No,8.0,63.0,Low,Yes,1.0,Low,Medium,Public,Neutral,3.0,No,High School,Near,Female,64
21.0,73.0,High,Medium,Yes,8.0,99.0,Medium,Yes,1.0,Medium,High,Public,Positive,4.0,No,College,Moderate,Male,69
20.0,67.0,Medium,Medium,No,6.0,93.0,Low,No,1.0,Low,Medium,Public,Negative,3.0,Yes,College,Near,Male,62
16.0,66.0,Medium,Medium,Yes,7.0,53.0,High,Yes,2.0,Medium,Medium,Public,Negative,2.0,No,Postgraduate,Moderate,Male,62
25.0,98.0,Low,Low,Yes,7.0,91.0,Medium,Yes,2.0,Low,Low,Public,Positive,3.0,No,Postgraduate,Near,Female,72
23.0,99.0,Medium,High,No,7.0,89.0,High,Yes,1.0,Medium,Medium,Public,Neutral,3.0,No,High School,Near,Female,73
25.0,62.0,Medium,Low,No,6.0,61.0,High,Yes,1.0,Medium,Medium,Public,Positive,4.0,No,Postgraduate,Moderate,Female,64
19.0,66.0,Medium,Medium,No,8.0,83.0,Medium,Yes,2.0,Medium,High,Public,Neutral,3.0,No,High School,Near,Female,65
24.0,77.0,High,High,Yes,9.0,99.0,Medium,Yes,1.0,Low,Medium,Public,Positive,1.0,No,High School,Near,Male,70
17.0,67.0,Medium,Medium,Yes,6.0,84.0,High,Yes,1.0,High,High,Public,Neutral,3.0,No,Postgraduate,Moderate,Female,66
32.0,75.0,Low,High,No,5.0,91.0,Low,Yes,1.0,High,Medium,Public,Positive,2.0,No,College,Moderate,Female,70
15.0,65.0,Medium,High,Yes,6.0,55.0,Low,Yes,2.0,Medium,Medium,Private,Positive,3.0,No,High School,Near,Female,63
33.0,78.0,Low,Low,No,7.0,86.0,Medium,Yes,1.0,Low,High,Public,Positive,4.0,No,High School,Near,Male,69
20.0,71.0,High,Medium,Yes,8.0,60.0,Low,Yes,0.0,Medium,Medium,Public,Neutral,2.0,No,High School,Near,Male,64
12.0,74.0,Low,Medium,No,8.0,54.0,Medium,Yes,2.0,Medium,Medium,Private,Positive,5.0,No,Postgraduate,Moderate,Female,63
28.0,64.0,Medium,Medium,No,8.0,78.0,Low,Yes,2.0,Medium,Medium,Private,Negative,3.0,No,Postgraduate,Near,Male,66
21.0,77.0,Medium,Medium,Yes,8.0,88.0,Low,Yes,2.0,High,Medium,Private,Positive,1.0,No,College,Moderate,Female,68
25.0,99.0,Medium,Medium,Yes,7.0,77.0,Medium,Yes,0.0,High,High,Public,Neutral,3.0,No,High School,Near,Male,97
27.0,73.0,Low,Low,No,9.0,97.0,Medium,Yes,2.0,Medium,High,Public,Neutral,1.0,No,High School,Near,Female,67
22.0,95.0,Medium,Medium,No,7.0,85.0,Medium,Yes,0.0,Medium,Medium,Private,Positive,4.0,No,College,Near,Male,71
16.0,94.0,Low,Low,Yes,8.0,56.0,Low,Yes,2.0,Low,High,Public,Positive,2.0,No,College,Near,Female,66
26.0,98.0,Medium,Low,Yes,7.0,97.0,Medium,Yes,2.0,Low,Medium,Public,Neutral,2.0,Yes,Postgraduate,Moderate,Male,72
20.0,92.0,High,Medium,Yes,7.0,58.0,Low,Yes,2.0,Low,Low,Public,Neutral,4.0,No,Postgraduate,Near,Female,70
24.0,86.0,Medium,Medium,Yes,7.0,88.0,Medium,Yes,1.0,Low,Medium,Public,Neutral,3.0,No,High School,Far,Male,69
7.0,94.0,Medium,Low,Yes,9.0,57.0,High,Yes,2.0,Medium,Medium,Public,Negative,3.0,No,Postgraduate,Near,Female,66
23.0,63.0,High,High,No,7.0,100.0,Low,Yes,2.0,Medium,High,Private,Positive,3.0,No,Postgraduate,Near,Female,69
16.0,79.0,Medium,Medium,Yes,6.0,67.0,Low,No,2.0,Medium,High,Private,Positive,3.0,No,College,Near,Male,65
30.0,100.0,High,High,No,6.0,75.0,Medium,Yes,0.0,Low,Medium,Public,Neutral,4.0,No,College,Moderate,Female,75
24.0,91.0,Low,Medium,No,8.0,73.0,Medium,Yes,2.0,Low,High,Private,Positive,2.0,No,Postgraduate,Moderate,Male,70
21.0,98.0,High,Low,Yes,6.0,55.0,Low,Yes,1.0,Medium,Medium,Public,Positive,3.0,No,High School,Near,Male,70
23.0,91.0,Medium,High,Yes,7.0,75.0,Low,Yes,2.0,Low,High,Public,Negative,2.0,No,High School,Far,Male,69
14.0,95.0,High,Medium,No,7.0,57.0,Medium,Yes,2.0,Low,Low,Public,Neutral,2.0,No,College,Near,Female,68
30.0,88.0,Low,Medium,Yes,6.0,90.0,High,Yes,4.0,High,Medium,Private,Negative,2.0,No,College,Moderate,Male,73
32.0,90.0,Medium,Medium,Yes,5.0,98.0,High,Yes,0.0,Medium,High,Public,Neutral,3.0,No,College,Moderate,Male,74
22.0,81.0,Low,Low,No,5.0,90.0,Medium,Yes,0.0,High,Medium,Public,Positive,2.0,No,College,Moderate,Female,66
30.0,97.0,High,Medium,Yes,6.0,72.0,High,Yes,1.0,Low,High,Public,Positive,2.0,No,High School,Far,Female,74
17.0,93.0,Medium,Low,Yes,5.0,50.0,Low,Yes,3.0,High,Medium,Public,Positive,2.0,No,High School,Moderate,Male,67
15.0,94.0,High,Medium,Yes,8.0,52.0,Low,Yes,1.0,Medium,Medium,Private,Positive,2.0,No,College,Far,Female,67
20.0,87.0,Medium,High,No,10.0,75.0,Low,Yes,3.0,Medium,Medium,Private,Neutral,2.0,No,College,Near,Female,70
23.0,72.0,Low,High,Yes,6.0,84.0,Medium,Yes,1.0,High,High,Public,Neutral,2.0,No,High School,Near,Male,67
18.0,61.0,Medium,Low,Yes,6.0,91.0,High,Yes,3.0,Medium,High,Public,Positive,3.0,No,College,Moderate,Female,80
23.0,97.0,Medium,High,Yes,6.0,80.0,Low,Yes,1.0,Low,Low,Public,Negative,2.0,No,College,Moderate,Male,70
22.0,83.0,High,Medium,No,8.0,99.0,Low,Yes,4.0,High,High,Public,Negative,4.0,Yes,High School,Near,Female,71
14.0,72.0,Medium,Low,No,8.0,75.0,High,Yes,4.0,High,Medium,Private,Positive,2.0,Yes,College,Near,Male,64
23.0,66.0,High,High,Yes,7.0,80.0,Medium,Yes,1.0,Medium,Medium,Public,Positive,3.0,No,College,Moderate,Female,68
25.0,93.0,Medium,Medium,No,5.0,62.0,Medium,Yes,0.0,Low,Medium,Public,Neutral,3.0,No,High School,Far,Male,68
21.0,93.0,Medium,Medium,Yes,6.0,67.0,Medium,No,1.0,High,Medium,Public,Positive,3.0,No,High School,Near,Female,69
27.0,93.0,High,Low,Yes,7.0,84.0,Low,Yes,1.0,Medium,Medium,Private,Neutral,2.0,No,Postgraduate,Near,Male,72
13.0,86.0,Medium,Medium,No,7.0,80.0,Medium,Yes,0.0,Low,Medium,Private,Negative,5.0,No,College,Near,Male,65
23.0,75.0,Low,Low,Yes,7.0,68.0,Medium,Yes,1.0,High,Low,Private,Neutral,4.0,Yes,High School,Near,Male,64
13.0,72.0,Medium,High,No,8.0,56.0,Low,Yes,1.0,Low,High,Public,Positive,4.0,No,Postgraduate,Moderate,Female,64
13.0,60.0,Low,Medium,No,5.0,67.0,High,Yes,1.0,Low,Medium,Public,Positive,4.0,Yes,High School,Far,Male,58
16.0,93.0,High,Medium,Yes,7.0,52.0,Low,Yes,2.0,Medium,High,Public,Neutral,3.0,No,High School,Near,Male,69
14.0,63.0,High,Low,No,7.0,79.0,Medium,Yes,1.0,Low,Medium,Public,Neutral,3.0,No,High School,Near,Male,61
17.0,85.0,High,High,Yes,6.0,66.0,Medium,Yes,0.0,Medium,High,Public,Neutral,2.0,No,College,Moderate,Female,68
19.0,80.0,High,Medium,Yes,6.0,69.0,Low,Yes,1.0,Low,Low,Private,Neutral,4.0,Yes,College,Near,Male,66
25.0,81.0,Medium,Medium,No,8.0,79.0,Low,Yes,1.0,Medium,Medium,Public,Neutral,4.0,No,College,Near,Female,68
18.0,97.0,Low,High,No,5.0,79.0,Low,Yes,2.0,Low,High,Public,Positive,3.0,No,College,Moderate,Male,70
10.0,61.0,High,Low,Yes,10.0,79.0,Medium,Yes,4.0,High,High,Public,Positive,2.0,Yes,College,Moderate,Male,62
27.0,91.0,Medium,Medium,No,8.0,75.0,Low,Yes,2.0,Medium,High,Private,Neutral,3.0,No,High School,Near,Male,71
15.0,62.0,Medium,Medium,No,7.0,74.0,High,Yes,0.0,Low,High,Public,Negative,3.0,No,Postgraduate,Moderate,Female,61
20.0,62.0,High,Medium,Yes,7.0,91.0,Low,Yes,1.0,Medium,Low,Public,Negative,3.0,No,College,Near,Male,64
23.0,77.0,Medium,Low,No,8.0,73.0,Medium,Yes,1.0,Low,Low,Public,Positive,2.0,No,College,Near,Male,65
21.0,63.0,Low,Medium,Yes,6.0,77.0,Low,Yes,3.0,Medium,High,Public,Negative,1.0,No,High School,Near,Male,63
27.0,92.0,High,Medium,Yes,6.0,99.0,Low,Yes,4.0,Low,Low,Private,Positive,3.0,No,High School,Near,Female,74
23.0,81.0,Medium,High,No,9.0,59.0,Low,Yes,2.0,Medium,High,Public,Neutral,2.0,No,College,Near,Male,68
15.0,61.0,High,Medium,Yes,6.0,86.0,High,Yes,2.0,High,High,Public,Neutral,3.0,No,High School,Near,Female,65
33.0,62.0,Medium,Medium,No,7.0,74.0,Low,Yes,2.0,Medium,Medium,Public,Neutral,2.0,No,College,Moderate,Male,66
21.0,85.0,Medium,High,Yes,6.0,92.0,Medium,Yes,1.0,Medium,High,Public,Neutral,2.0,Yes,High School,Moderate,Male,69
19.0,92.0,Low,Medium,Yes,7.0,70.0,Low,Yes,2.0,High,Medium,Private,Positive,2.0,No,College,Near,Male,69
26.0,78.0,High,Medium,No,8.0,65.0,Medium,Yes,3.0,Medium,Medium,Public,Positive,3.0,No,College,Near,Female,70
21.0,82.0,Medium,Medium,Yes,10.0,60.0,High,Yes,3.0,High,High,Public,Positive,4.0,No,High School,Near,Female,70
22.0,92.0,Medium,Medium,Yes,6.0,94.0,Medium,Yes,1.0,Medium,Medium,Public,Positive,3.0,No,High School,Near,Male,71
35.0,84.0,Medium,Medium,No,5.0,86.0,Medium,Yes,1.0,Medium,Medium,Public,Neutral,3.0,No,High School,Near,Female,72
18.0,69.0,Medium,Low,No,7.0,54.0,Medium,Yes,1.0,Low,High,Public,Neutral,4.0,No,High School,Moderate,Male,61
18.0,85.0,Medium,High,Yes,6.0,86.0,High,No,1.0,Medium,Medium,Private,Neutral,3.0,No,High School,Near,Female,68
21.0,85.0,Medium,Low,Yes,7.0,52.0,Medium,Yes,3.0,Low,Medium,Private,Neutral,3.0,No,High School,Near,Male,66
26.0,89.0,Medium,Medium,Yes,8.0,59.0,Low,Yes,1.0,Low,High,Public,Neutral,4.0,No,High School,Near,Male,70
11.0,85.0,Medium,Low,No,10.0,80.0,Low,No,0.0,Low,High,Public,Positive,3.0,No,College,Near,Female,63
8.0,99.0,Medium,High,Yes,6.0,73.0,Medium,Yes,1.0,Medium,,Public,Positive,3.0,No,High School,Far,Female,68
16.0,68.0,Low,Medium,Yes,4.0,92.0,Medium,No,1.0,Medium,Medium,Public,Negative,4.0,No,College,Near,Male,62
10.0,98.0,Medium,High,No,7.0,80.0,Low,Yes,3.0,Medium,Medium,Private,Neutral,3.0,No,College,Near,Male,69
17.0,82.0,Medium,Medium,Yes,8.0,98.0,Medium,Yes,3.0,Medium,High,Public,Positive,4.0,No,High School,Moderate,Male,69
23.0,87.0,Medium,Low,Yes,6.0,93.0,Medium,Yes,1.0,High,High,Private,Positive,4.0,No,Postgraduate,Near,Female,72
15.0,64.0,High,Medium,Yes,7.0,67.0,Medium,Yes,2.0,Low,High,Public,Positive,3.0,No,High School,Near,Male,64
11.0,75.0,Low,Medium,No,7.0,92.0,Medium,No,2.0,Low,High,Public,Positive,4.0,No,College,Moderate,Female,63
20.0,91.0,Medium,Medium,Yes,7.0,93.0,High,Yes,1.0,Low,Medium,Public,Negative,3.0,No,Postgraduate,Moderate,Male,70
25.0,88.0,Low,Medium,Yes,8.0,98.0,Low,No,1.0,Low,Low,Private,Neutral,4.0,No,Postgraduate,Near,Male,69
10.0,62.0,High,High,No,7.0,51.0,Medium,Yes,1.0,Medium,High,Private,Positive,2.0,No,High School,Near,Male,61
25.0,82.0,High,High,No,8.0,94.0,Low,Yes,2.0,Low,Medium,Public,Neutral,3.0,No,High School,Moderate,Male,70
25.0,64.0,Medium,Medium,Yes,4.0,53.0,Low,Yes,1.0,Medium,Medium,Public,Neutral,2.0,No,College,Near,Male,64
26.0,100.0,High,High,Yes,6.0,76.0,High,Yes,0.0,Medium,High,Public,Negative,4.0,No,Postgraduate,Near,Male,76
27.0,96.0,Medium,Medium,Yes,6.0,71.0,Medium,Yes,2.0,Medium,Medium,Public,Neutral,2.0,No,College,Near,Female,73
33.0,61.0,Low,Low,Yes,5.0,96.0,Medium,Yes,2.0,Medium,,Public,Negative,3.0,No,High School,Near,Male,67
18.0,94.0,Medium,Medium,Yes,7.0,70.0,Medium,No,2.0,Medium,High,Public,Negative,3.0,No,College,Near,Female,69
21.0,97.0,Medium,Medium,Yes,6.0,80.0,Low,Yes,2.0,Medium,Medium,Private,Positive,4.0,No,College,Near,Male,72
18.0,74.0,Medium,Medium,No,6.0,85.0,Medium,Yes,4.0,Medium,Medium,Private,Negative,3.0,No,College,Moderate,Female,66
20.0,89.0,Medium,Medium,Yes,8.0,51.0,Medium,Yes,3.0,Medium,High,Public,Positive,3.0,No,Postgraduate,Near,Female,70
29.0,78.0,Medium,High,Yes,7.0,80.0,Medium,Yes,2.0,Medium,Medium,Public,Positive,4.0,No,Postgraduate,Near,Female,73
12.0,86.0,High,Medium,Yes,5.0,76.0,Low,No,2.0,High,Medium,Public,Positive,3.0,No,Postgraduate,Near,Female,68
15.0,74.0,Medium,High,No,6.0,80.0,Medium,Yes,2.0,High,Medium,Public,Negative,3.0,No,Postgraduate,Moderate,Male,66
28.0,73.0,Low,Medium,Yes,8.0,54.0,Medium,Yes,4.0,Medium,Medium,Private,Neutral,1.0,No,High School,Near,Female,67
26.0,77.0,Medium,Low,No,7.0,53.0,High,No,3.0,Medium,High,Private,Positive,3.0,No,High School,Near,Female,67
18.0,66.0,Medium,High,Yes,9.0,59.0,Medium,No,0.0,Low,Medium,Private,Positive,3.0,No,High School,Near,Male,62
25.0,93.0,Low,Medium,No,8.0,93.0,Medium,Yes,2.0,Medium,Medium,Public,Positive,3.0,No,College,Near,Male,72
22.0,74.0,Low,High,Yes,6.0,68.0,Medium,Yes,0.0,Medium,Low,Public,Positive,4.0,No,High School,Far,Male,65
29.0,76.0,Medium,Low,Yes,9.0,72.0,Medium,Yes,1.0,High,Medium,Public,Positive,3.0,No,High School,Near,Male,69
20.0,96.0,Medium,High,No,9.0,70.0,Medium,Yes,2.0,Low,Low,Public,Positive,2.0,Yes,High School,Near,Male,69
26.0,80.0,High,Medium,Yes,4.0,86.0,Medium,No,0.0,Low,Medium,Public,Positive,4.0,No,College,Moderate,Male,69
36.0,82.0,Low,Low,Yes,7.0,63.0,Medium,Yes,0.0,Medium,Medium,Private,Positive,3.0,No,High School,Near,Male,69
24.0,98.0,Low,Medium,Yes,6.0,53.0,Medium,Yes,1.0,Medium,Low,Public,Neutral,2.0,No,High School,Near,Female,69
20.0,95.0,Medium,High,Yes,7.0,69.0,Low,Yes,0.0,Medium,High,Public,Neutral,3.0,No,High School,Near,Male,70
24.0,67.0,High,Low,No,6.0,86.0,Medium,Yes,6.0,Low,Medium,Private,Positive,3.0,Yes,Postgraduate,Moderate,Female,67
18.0,79.0,Medium,High,Yes,6.0,96.0,Medium,Yes,3.0,Medium,Low,Public,Positive,3.0,Yes,Postgraduate,Near,Male,69
34.0,99.0,Medium,Medium,Yes,8.0,53.0,Medium,Yes,0.0,Medium,High,Public,Neutral,5.0,No,College,Near,Male,75
21.0,75.0,Low,Medium,Yes,5.0,91.0,Medium,Yes,2.0,Low,Low,Public,Neutral,3.0,No,High School,Near,Male,66
18.0,75.0,Medium,Low,Yes,7.0,53.0,Medium,Yes,0.0,High,High,Public,Neutral,2.0,No,High School,Near,Male,63
15.0,68.0,Medium,Medium,Yes,5.0,67.0,Medium,Yes,3.0,Medium,High,Private,Negative,4.0,No,Postgraduate,Moderate,Male,64
27.0,65.0,Medium,Medium,Yes,9.0,51.0,Medium,Yes,2.0,High,Medium,Private,Positive,2.0,No,Postgraduate,Moderate,Female,66
25.0,90.0,Medium,Medium,Yes,7.0,96.0,Medium,Yes,1.0,Medium,Medium,Public,Positive,4.0,No,College,Moderate,Male,72
17.0,91.0,Medium,High,No,8.0,85.0,High,Yes,3.0,Medium,High,Public,Neutral,4.0,No,College,Moderate,Female,71
23.0,99.0,Low,Medium,Yes,7.0,68.0,Medium,Yes,0.0,High,High,Private,Positive,2.0,No,High School,Far,Male,70
11.0,91.0,High,Medium,No,7.0,69.0,Medium,Yes,2.0,Low,Medium,Private,Positive,2.0,No,College,Near,Male,67
21.0,70.0,Medium,Low,No,7.0,82.0,High,Yes,0.0,High,High,Public,Positive,3.0,No,High School,Near,Female,65
23.0,62.0,High,High,Yes,9.0,54.0,Low,Yes,3.0,Low,Medium,Private,Neutral,4.0,No,High School,Near,Male,65
30.0,99.0,Medium,Medium,Yes,6.0,57.0,Medium,Yes,0.0,Low,Medium,Public,Neutral,4.0,No,Postgraduate,Near,Male,73
15.0,74.0,Medium,Medium,Yes,4.0,92.0,Low,Yes,1.0,Medium,Medium,Private,Positive,3.0,No,Postgraduate,Near,Male,66
12.0,72.0,Low,Medium,Yes,6.0,60.0,High,Yes,0.0,Low,Medium,Public,Neutral,4.0,No,Postgraduate,Near,Male,62
15.0,96.0,Medium,High,No,5.0,86.0,Medium,Yes,2.0,High,Medium,Private,Positive,2.0,No,High School,Near,Male,71
12.0,83.0,Medium,High,No,8.0,61.0,Medium,Yes,3.0,High,Medium,Public,Neutral,5.0,Yes,High School,Near,Male,66
28.0,69.0,High,High,Yes,7.0,54.0,Low,No,1.0,Low,Medium,Public,Neutral,2.0,No,College,Far,Male,65
29.0,96.0,Medium,High,Yes,8.0,95.0,Medium,Yes,0.0,High,Medium,Private,Positive,2.0,No,High School,Near,Female,75
22.0,100.0,High,Medium,No,7.0,95.0,Medium,Yes,2.0,Low,Medium,Public,Positive,4.0,No,College,Near,Male,74
27.0,63.0,Medium,Low,Yes,7.0,80.0,High,Yes,1.0,Medium,High,Private,Neutral,3.0,No,High School,Moderate,Male,65
21.0,94.0,Medium,Medium,No,7.0,73.0,Low,Yes,2.0,Low,Medium,Private,Positive,3.0,No,Postgraduate,Near,Female,71
19.0,76.0,High,Low,Yes,9.0,78.0,Low,Yes,1.0,Low,Medium,Public,Negative,1.0,No,Postgraduate,Near,Female,65
18.0,81.0,Medium,Low,Yes,7.0,70.0,High,Yes,0.0,Low,Medium,Private,Neutral,2.0,No,College,Near,Male,65
18.0,97.0,Medium,Low,No,9.0,88.0,Medium,Yes,0.0,Low,Medium,Public,Neutral,4.0,No,High School,Moderate,Female,67
11.0,99.0,Medium,Low,Yes,9.0,88.0,Medium,Yes,2.0,Low,Medium,Public,Neutral,2.0,No,High School,Moderate,Male,67
22.0,70.0,Medium,Medium,No,7.0,91.0,Medium,Yes,2.0,Medium,Medium,Public,Positive,1.0,No,High School,Near,Male,66
20.0,69.0,High,Medium,Yes,7.0,76.0,High,Yes,1.0,Medium,Medium,Public,Positive,3.0,No,High School,Near,Female,67
24.0,63.0,Medium,Medium,No,6.0,90.0,Medium,No,2.0,Low,Medium,Private,Neutral,5.0,No,Postgraduate,Near,Female,66
21.0,82.0,Low,High,No,9.0,58.0,Medium,Yes,0.0,Medium,Medium,Public,Negative,2.0,No,High School,Near,Male,65
19.0,61.0,High,Medium,Yes,6.0,52.0,Low,No,1.0,Low,Medium,Public,Neutral,3.0,No,High School,Far,Female,59
15.0,76.0,High,High,Yes,6.0,82.0,Medium,Yes,4.0,Low,High,Private,Positive,4.0,No,High School,Moderate,Female,69
20.0,63.0,Medium,Medium,No,7.0,55.0,High,Yes,2.0,Low,High,Public,Negative,3.0,No,High School,Near,Male,63
24.0,76.0,Low,Medium,No,5.0,78.0,High,Yes,1.0,Medium,Medium,Private,Neutral,4.0,Yes,High School,Moderate,Male,65
13.0,62.0,Medium,Low,No,6.0,86.0,High,Yes,2.0,Low,Medium,Public,Neutral,4.0,No,High School,Near,Male,61
21.0,93.0,Low,Medium,No,9.0,70.0,Medium,Yes,0.0,Medium,High,Public,Neutral,1.0,No,Postgraduate,Far,Female,68
21.0,68.0,Medium,High,Yes,8.0,52.0,Medium,Yes,3.0,Low,Medium,Public,Neutral,2.0,No,College,Moderate,Male,65
16.0,73.0,Low,Low,No,6.0,94.0,Medium,No,1.0,Low,Medium,Private,Negative,2.0,No,College,,Female,61
16.0,95.0,Medium,High,Yes,8.0,52.0,Medium,Yes,0.0,Low,Medium,Private,Positive,3.0,No,Postgraduate,Moderate,Male,69
21.0,90.0,Low,Medium,Yes,10.0,95.0,High,Yes,2.0,High,High,Private,Neutral,4.0,No,College,Near,Male,72
13.0,69.0,Medium,Low,Yes,7.0,53.0,High,No,2.0,Medium,Medium,Private,Negative,3.0,Yes,High School,Near,Female,59
22.0,63.0,Medium,Medium,No,9.0,87.0,Low,Yes,0.0,High,High,Public,Negative,2.0,No,College,Moderate,Female,63
15.0,89.0,Medium,Medium,Yes,8.0,96.0,High,Yes,3.0,Low,High,Public,Negative,3.0,No,High School,Near,Male,69
26.0,76.0,Low,Low,No,7.0,95.0,High,Yes,1.0,Low,High,Public,Neutral,1.0,No,Postgraduate,Near,Male,67
34.0,91.0,Low,Medium,No,7.0,95.0,Medium,No,1.0,Medium,Medium,Public,Negative,3.0,Yes,College,Moderate,Male,70
15.0,78.0,Medium,High,No,8.0,94.0,High,Yes,0.0,Low,Medium,Private,Positive,4.0,No,Postgraduate,Moderate,Male,67
23.0,74.0,Medium,Medium,Yes,6.0,76.0,Medium,No,1.0,Low,Medium,Public,Positive,2.0,No,College,Near,Male,66
16.0,78.0,Medium,Medium,Yes,4.0,78.0,Medium,Yes,5.0,High,Medium,Public,Positive,3.0,No,High School,Near,Female,68
26.0,90.0,Low,High,Yes,6.0,81.0,Medium,Yes,1.0,Low,Medium,Private,Neutral,3.0,No,Postgraduate,Near,Male,71
12.0,96.0,High,Medium,No,4.0,95.0,Medium,Yes,3.0,Medium,Medium,Private,Neutral,0.0,Yes,High School,Near,Male,69
23.0,62.0,High,Medium,Yes,6.0,92.0,Low,Yes,0.0,High,Medium,Public,Neutral,2.0,No,,Moderate,Male,65
15.0,81.0,Medium,Medium,No,4.0,89.0,High,Yes,0.0,Low,Medium,Private,Negative,3.0,No,Postgraduate,Near,Female,66
19.0,61.0,Medium,High,Yes,8.0,84.0,High,Yes,2.0,Medium,High,Public,Positive,4.0,No,High School,Near,Male,66
14.0,79.0,High,Medium,No,5.0,81.0,High,Yes,3.0,High,Medium,Public,Negative,3.0,No,High School,Near,Female,67
25.0,95.0,High,Medium,Yes,8.0,96.0,Low,Yes,1.0,Medium,Medium,Public,Neutral,4.0,No,Postgraduate,Near,Male,74
15.0,74.0,High,High,No,8.0,60.0,Low,Yes,3.0,Low,Medium,Public,Positive,5.0,No,High School,Moderate,Male,66
23.0,97.0,Medium,High,Yes,8.0,60.0,Medium,Yes,1.0,Medium,High,Public,Neutral,3.0,No,College,Near,Male,72
18.0,85.0,High,Low,Yes,4.0,99.0,High,Yes,0.0,Low,Medium,Private,Neutral,4.0,No,College,Near,Male,69
19.0,97.0,Low,High,No,9.0,78.0,Medium,Yes,0.0,Medium,Medium,Private,Negative,4.0,No,High School,Moderate,Female,68
21.0,90.0,Medium,High,Yes,8.0,74.0,Medium,Yes,4.0,Low,Medium,Private,Neutral,3.0,No,High School,Near,Male,71
15.0,64.0,Medium,Medium,No,8.0,93.0,Medium,Yes,0.0,Low,Medium,Public,Negative,2.0,No,High School,Near,Female,61
21.0,69.0,Medium,Medium,Yes,10.0,92.0,Low,Yes,2.0,Low,Medium,Private,Neutral,3.0,No,High School,Near,Male,65
29.0,76.0,Medium,High,Yes,8.0,59.0,Medium,Yes,4.0,Low,High,Public,Neutral,2.0,No,Postgraduate,Near,Male,71
15.0,67.0,Low,Medium,Yes,5.0,59.0,Low,Yes,0.0,Low,Medium,Private,Neutral,3.0,No,High School,Near,Male,59
27.0,80.0,High,Medium,No,8.0,90.0,Low,Yes,1.0,Medium,High,Public,Neutral,3.0,No,Postgraduate,Near,Female,71
29.0,79.0,Medium,High,No,5.0,89.0,Medium,Yes,0.0,High,High,Public,Neutral,3.0,No,Postgraduate,Near,Female,72
15.0,98.0,High,High,Yes,7.0,61.0,Medium,Yes,1.0,Low,High,Private,Positive,3.0,No,College,Moderate,Female,71
11.0,77.0,Low,Low,Yes,6.0,92.0,Low,Yes,0.0,Low,Medium,Public,Neutral,5.0,No,High School,Near,Male,61
22.0,91.0,Medium,Medium,No,7.0,74.0,Medium,Yes,1.0,Medium,Medium,Private,Negative,2.0,Yes,College,Moderate,Female,67
17.0,98.0,Medium,Medium,No,5.0,73.0,Low,Yes,0.0,Low,High,Public,Negative,2.0,No,College,Moderate,Male,67
31.0,95.0,Medium,Medium,No,5.0,99.0,Medium,Yes,1.0,Medium,Medium,Private,Neutral,4.0,No,High School,Near,Female,74
20.0,68.0,High,High,No,6.0,76.0,Low,Yes,2.0,Medium,Medium,Public,Neutral,3.0,No,High School,Near,Female,66
15.0,80.0,Medium,Medium,Yes,7.0,57.0,Low,Yes,1.0,Low,Medium,Private,Negative,4.0,No,High School,Near,Male,63
13.0,74.0,Medium,Medium,No,6.0,64.0,Low,Yes,4.0,High,High,Private,Neutral,3.0,Yes,High School,Near,Male,63
27.0,76.0,High,High,No,9.0,67.0,Medium,Yes,1.0,Low,Medium,Public,Positive,4.0,No,High School,Far,Female,68
17.0,74.0,Medium,Low,Yes,8.0,98.0,Low,Yes,1.0,High,High,Public,Neutral,3.0,No,High School,Near,Female,65
20.0,93.0,Medium,Low,No,8.0,63.0,Medium,Yes,0.0,Low,High,Public,Negative,3.0,No,High School,Moderate,Male,66
26.0,78.0,Medium,Medium,No,6.0,72.0,Medium,Yes,1.0,Low,,Private,Neutral,3.0,No,High School,Moderate,Female,67
17.0,81.0,Medium,Medium,No,5.0,87.0,High,Yes,0.0,Low,High,Private,Neutral,2.0,No,College,Near,Female,67
20.0,99.0,Medium,Low,Yes,7.0,64.0,High,Yes,0.0,Medium,Medium,Public,Positive,4.0,No,High School,Near,Male,70
20.0,62.0,Low,Medium,Yes,10.0,85.0,High,Yes,5.0,Low,Medium,Private,Neutral,4.0,No,High School,Near,Male,65
24.0,80.0,Medium,Medium,Yes,7.0,60.0,Medium,Yes,1.0,High,High,Public,Positive,3.0,No,High School,Moderate,Female,68
24.0,91.0,Medium,High,Yes,9.0,62.0,Low,Yes,3.0,Low,Medium,Public,Negative,4.0,No,College,Moderate,Male,70
19.0,66.0,High,Low,No,9.0,99.0,Medium,Yes,1.0,Medium,Medium,Public,Positive,3.0,No,College,Near,Male,66
20.0,84.0,High,Medium,Yes,8.0,68.0,Medium,Yes,0.0,Low,Medium,Private,Positive,4.0,No,Postgraduate,Near,Male,69
18.0,70.0,Medium,Medium,No,7.0,86.0,Medium,Yes,1.0,High,Medium,Public,Positive,2.0,No,High School,Near,Female,65
11.0,95.0,Medium,Medium,Yes,6.0,92.0,Medium,No,2.0,Medium,Low,Public,Neutral,3.0,No,Postgraduate,Moderate,Female,68
22.0,73.0,Low,Medium,Yes,7.0,67.0,Medium,Yes,3.0,High,Medium,Private,Positive,2.0,No,High School,Far,Male,65
31.0,73.0,Medium,High,Yes,6.0,68.0,High,Yes,1.0,Medium,Medium,Public,Positive,3.0,No,High School,Near,Female,70
15.0,84.0,Low,Low,Yes,7.0,89.0,High,Yes,1.0,Low,High,Public,Neutral,3.0,No,High School,Near,Female,65
15.0,67.0,High,Medium,Yes,5.0,80.0,High,Yes,3.0,Medium,High,Public,Neutral,4.0,No,College,Near,Male,67
15.0,71.0,High,Low,No,6.0,68.0,Low,No,5.0,Low,Medium,Public,Positive,4.0,No,College,Near,Female,64
24.0,77.0,Medium,Medium,No,8.0,87.0,High,Yes,2.0,Low,Medium,Public,Positive,1.0,Yes,Postgraduate,Moderate,Female,68
23.0,74.0,Medium,High,Yes,6.0,93.0,Medium,Yes,4.0,High,Medium,Private,Neutral,3.0,No,High School,Near,Female,70
19.0,81.0,Low,High,Yes,6.0,62.0,Medium,No,1.0,Medium,Low,Public,Negative,3.0,No,High School,Moderate,Female,64
14.0,84.0,High,Medium,No,6.0,51.0,Low,Yes,4.0,High,Medium,Public,Neutral,3.0,No,High School,Near,Male,67
21.0,83.0,High,High,No,7.0,64.0,Medium,Yes,2.0,Medium,Low,Private,Neutral,2.0,No,High School,Near,Male,68
11.0,86.0,Medium,Medium,Yes,4.0,84.0,Medium,Yes,5.0,Low,High,Public,Neutral,4.0,Yes,High School,Near,Male,67
21.0,72.0,Medium,Low,Yes,6.0,96.0,Low,Yes,4.0,High,Medium,Public,Positive,2.0,Yes,College,Moderate,Female,66
25.0,65.0,Medium,High,Yes,8.0,93.0,Low,No,2.0,Medium,Medium,Public,Negative,3.0,No,College,Moderate,Female,66
12.0,90.0,Medium,Low,Yes,7.0,61.0,Medium,Yes,2.0,Low,High,Private,Positive,2.0,No,High School,Near,Male,66
11.0,94.0,Low,Low,Yes,8.0,94.0,Medium,Yes,2.0,Low,Medium,Public,Positive,2.0,No,College,Near,Male,67
29.0,70.0,Medium,Medium,Yes,4.0,91.0,Low,Yes,2.0,Low,Medium,Public,Positive,3.0,No,College,Near,Male,69
16.0,76.0,Low,Medium,No,6.0,87.0,Medium,Yes,3.0,Low,Medium,Private,Neutral,4.0,No,College,Near,Female,65
27.0,80.0,Low,Low,Yes,7.0,84.0,Low,Yes,4.0,Low,Medium,Public,Positive,3.0,No,College,Moderate,Male,68
19.0,81.0,Low,High,No,8.0,90.0,Medium,Yes,2.0,Low,Medium,Private,Neutral,3.0,No,High School,Near,Female,67
19.0,86.0,Medium,Medium,Yes,9.0,93.0,Low,Yes,1.0,Low,High,Public,Positive,3.0,No,College,Near,Male,69
23.0,62.0,Medium,Medium,No,8.0,91.0,High,No,3.0,High,Low,Public,Neutral,3.0,No,High School,Moderate,Male,64
15.0,89.0,Medium,Medium,No,6.0,56.0,Low,Yes,2.0,Medium,Medium,Public,Positive,4.0,No,College,Near,Male,67
21.0,62.0,High,Medium,No,6.0,86.0,Medium,Yes,2.0,Medium,High,Private,Positive,4.0,No,High School,Near,Female,67
18.0,79.0,Medium,High,No,9.0,92.0,Low,Yes,1.0,Low,Medium,Private,Neutral,3.0,No,College,Near,Male,67
12.0,93.0,Medium,High,No,6.0,59.0,Medium,Yes,2.0,Low,Medium,Private,Positive,3.0,No,High School,Moderate,Female,67
22.0,78.0,Medium,High,Yes,5.0,61.0,Low,Yes,2.0,Low,Medium,Public,Neutral,4.0,No,College,Near,Male,68
18.0,66.0,Medium,Medium,Yes,7.0,89.0,High,Yes,4.0,Low,Medium,Public,Positive,3.0,Yes,High School,Near,Male,65
19.0,99.0,Low,High,No,9.0,67.0,Low,Yes,3.0,High,Medium,Public,Neutral,1.0,No,College,Moderate,Male,70
13.0,96.0,Medium,Medium,No,6.0,70.0,Medium,Yes,1.0,Low,High,Public,Neutral,3.0,No,College,Near,Female,68
30.0,91.0,High,Low,Yes,6.0,69.0,Medium,Yes,2.0,Medium,High,Public,Negative,4.0,No,High School,Moderate,Female,72
25.0,76.0,Medium,High,No,6.0,61.0,Medium,Yes,1.0,Medium,Medium,Public,Neutral,3.0,No,Postgraduate,Far,Male,67
26.0,67.0,High,Low,Yes,8.0,97.0,Medium,Yes,2.0,Medium,Medium,Public,Neutral,0.0,No,High School,Moderate,Female,66
18.0,98.0,Low,Low,Yes,7.0,90.0,Low,Yes,0.0,High,High,Private,Positive,1.0,No,High School,Moderate,Male,68
10.0,81.0,Medium,High,No,8.0,63.0,Medium,Yes,1.0,Low,Low,Public,Neutral,2.0,No,,Near,Male,64
32.0,94.0,Medium,High,Yes,9.0,55.0,High,Yes,4.0,Medium,Medium,Private,Positive,2.0,Yes,High School,Near,Male,75
20.0,74.0,High,Low,Yes,5.0,69.0,High,Yes,1.0,Medium,Medium,Public,Positive,4.0,No,College,Moderate,Female,66
16.0,73.0,High,High,Yes,6.0,71.0,Medium,Yes,0.0,Low,Medium,Public,Positive,4.0,No,Postgraduate,Near,Male,67
23.0,99.0,High,High,No,6.0,50.0,Medium,No,1.0,High,Medium,Private,Neutral,5.0,Yes,High School,Near,Male,71
27.0,81.0,Low,High,No,7.0,94.0,Low,Yes,0.0,Low,Medium,Public,Neutral,4.0,No,College,Moderate,Male,68
20.0,66.0,Medium,Medium,Yes,8.0,93.0,Medium,Yes,2.0,Low,High,Public,Neutral,3.0,No,High School,Near,Male,65
28.0,69.0,Low,High,Yes,6.0,93.0,Low,Yes,0.0,High,Low,Public,Negative,3.0,No,College,Near,Male,67
26.0,79.0,Low,High,Yes,6.0,90.0,Low,No,0.0,High,Medium,Private,Negative,2.0,Yes,College,Moderate,Male,66
14.0,62.0,Low,Medium,No,8.0,87.0,Medium,Yes,1.0,Medium,Medium,Public,Positive,1.0,No,High School,Moderate,Male,60
16.0,79.0,Medium,Medium,No,8.0,82.0,Low,Yes,2.0,Low,Medium,Private,Neutral,3.0,Yes,Postgraduate,Moderate,Female,64
26.0,77.0,Medium,Medium,Yes,7.0,98.0,Low,Yes,0.0,High,Medium,Public,Neutral,1.0,No,Postgraduate,,Male,69
4.0,91.0,Medium,Medium,No,4.0,86.0,Low,Yes,3.0,Low,Medium,Private,Neutral,4.0,Yes,College,Moderate,Male,64
19.0,74.0,Medium,High,No,9.0,82.0,High,Yes,2.0,Low,Medium,Private,Neutral,3.0,No,High School,Moderate,Male,66
11.0,99.0,High,Medium,Yes,7.0,89.0,High,Yes,3.0,Low,Medium,Public,Positive,3.0,No,College,Near,Male,72
17.0,67.0,Low,Low,Yes,7.0,62.0,Medium,Yes,0.0,Low,Medium,Public,Positive,4.0,No,High School,Moderate,Female,60
18.0,84.0,Low,High,Yes,6.0,98.0,Low,Yes,3.0,Medium,Medium,Public,Positive,3.0,No,High School,Near,Male,69
18.0,64.0,Medium,Medium,Yes,6.0,51.0,Medium,Yes,2.0,Low,Medium,Public,Positive,1.0,No,High School,Near,Female,62
17.0,89.0,Medium,Medium,Yes,6.0,82.0,Medium,Yes,3.0,Medium,Medium,Private,Positive,3.0,No,College,Near,Female,70
13.0,100.0,Low,Low,Yes,4.0,54.0,Low,Yes,3.0,Low,Low,Public,Positive,2.0,No,High School,Near,Female,65
34.0,93.0,High,Medium,Yes,6.0,93.0,High,Yes,2.0,Low,High,Public,Neutral,4.0,No,High School,Near,Male,77
31.0,82.0,Medium,High,Yes,5.0,98.0,Medium,Yes,0.0,Low,Low,Public,Neutral,3.0,No,High School,Near,Male,71
13.0,79.0,Medium,High,No,7.0,70.0,High,Yes,4.0,Low,Medium,Public,Positive,3.0,Yes,High School,Near,Female,66
29.0,93.0,Medium,Medium,No,5.0,93.0,Medium,Yes,2.0,Low,Medium,Public,Positive,3.0,No,Postgraduate,Near,Female,74
18.0,97.0,Medium,High,No,8.0,67.0,Medium,Yes,1.0,Medium,High,Public,Neutral,3.0,No,High School,Near,Male,70
21.0,100.0,Medium,Medium,No,5.0,58.0,Medium,Yes,2.0,Medium,Medium,Private,Neutral,2.0,No,High School,Moderate,Male,69
20.0,76.0,Medium,Medium,No,9.0,64.0,Low,Yes,2.0,Low,Medium,Public,Negative,2.0,No,College,Moderate,Male,64
16.0,100.0,Medium,Medium,Yes,8.0,65.0,High,Yes,1.0,High,Medium,Public,Positive,2.0,Yes,College,Moderate,Female,69
26.0,66.0,High,High,Yes,5.0,82.0,Medium,Yes,1.0,Low,Medium,Public,Neutral,3.0,No,High School,Near,Female,68
21.0,70.0,Medium,Low,Yes,7.0,90.0,Medium,No,1.0,Low,Medium,Public,Neutral,4.0,No,High School,Moderate,Male,63
17.0,64.0,Medium,Medium,Yes,6.0,60.0,Medium,Yes,1.0,Medium,Medium,Private,Positive,2.0,Yes,High School,Near,Male,61
12.0,71.0,Medium,Medium,No,8.0,54.0,Medium,Yes,0.0,Low,Low,Public,Positive,5.0,No,College,Near,Male,61
15.0,91.0,Medium,Low,Yes,10.0,61.0,Medium,Yes,0.0,Low,High,Public,Neutral,4.0,No,High School,Moderate,Male,65
10.0,94.0,Medium,High,No,9.0,65.0,Medium,Yes,3.0,Low,Low,Private,Negative,2.0,No,High School,Moderate,Female,65
20.0,91.0,High,Medium,Yes,6.0,64.0,High,Yes,0.0,High,Medium,Private,Positive,3.0,Yes,High School,Moderate,Female,69
13.0,85.0,High,High,Yes,7.0,61.0,High,Yes,3.0,Medium,High,Public,Positive,2.0,No,High School,Moderate,Female,69
18.0,81.0,Low,Medium,No,9.0,73.0,Medium,Yes,1.0,High,Medium,Public,Negative,2.0,No,High School,Near,Male,65
28.0,88.0,Low,High,Yes,8.0,93.0,Medium,Yes,3.0,Low,Medium,Public,Negative,1.0,No,Postgraduate,Moderate,Female,72
27.0,76.0,High,High,Yes,9.0,55.0,Medium,Yes,3.0,Low,Medium,Private,Neutral,0.0,No,High School,Moderate,Female,69
20.0,94.0,High,Medium,Yes,8.0,93.0,Low,Yes,1.0,Medium,Medium,Public,Neutral,3.0,No,College,Moderate,Female,71
19.0,87.0,Medium,Medium,Yes,7.0,75.0,Medium,Yes,2.0,Low,Low,Public,Negative,3.0,No,High School,Moderate,Female,67
31.0,88.0,Medium,High,No,7.0,83.0,Medium,Yes,0.0,Low,Medium,Private,Neutral,2.0,No,High School,Near,Male,72
23.0,81.0,High,High,No,5.0,91.0,Low,Yes,0.0,High,High,Public,Positive,3.0,Yes,High School,Near,Female,70
18.0,95.0,Low,Medium,Yes,6.0,65.0,High,Yes,1.0,Low,High,Public,Negative,3.0,No,High School,Near,Female,68
11.0,70.0,Medium,Medium,No,6.0,98.0,Medium,Yes,3.0,High,Medium,Private,Neutral,4.0,No,Postgraduate,Near,Female,66
22.0,75.0,Medium,High,No,6.0,54.0,Low,Yes,4.0,Low,High,Public,Positive,4.0,No,High School,Near,Male,68
25.0,91.0,High,Low,Yes,7.0,76.0,Low,Yes,1.0,Low,High,Private,Positive,3.0,No,College,Near,Female,71
16.0,80.0,Low,Medium,Yes,7.0,63.0,High,Yes,2.0,Low,Medium,Private,Neutral,3.0,No,,Far,Male,63
22.0,96.0,Medium,High,No,7.0,70.0,Medium,No,2.0,Medium,Medium,Private,Negative,4.0,No,College,Moderate,Male,70
18.0,74.0,Medium,High,No,8.0,72.0,High,Yes,1.0,Low,High,Public,Negative,2.0,No,College,Moderate,Male,65
19.0,75.0,High,High,Yes,6.0,96.0,Medium,Yes,2.0,Medium,Medium,Public,Positive,4.0,No,High School,Near,Female,70
5.0,96.0,Medium,Low,Yes,8.0,72.0,Low,Yes,3.0,Medium,Medium,Public,Negative,5.0,No,High School,Near,Male,65
19.0,79.0,High,High,Yes,9.0,85.0,Medium,Yes,0.0,Medium,Medium,Public,Positive,2.0,No,High School,Moderate,Male,68
26.0,81.0,High,Medium,Yes,8.0,98.0,Low,Yes,1.0,Medium,Low,Private,Neutral,2.0,Yes,High School,Near,Female,69
16.0,73.0,Medium,Medium,Yes,6.0,75.0,High,Yes,3.0,Medium,Medium,Public,Positive,3.0,No,High School,Moderate,Female,66
20.0,71.0,Low,Medium,No,8.0,70.0,Medium,Yes,0.0,Medium,High,Private,Neutral,3.0,No,High School,Far,Female,62
15.0,86.0,Medium,High,No,8.0,99.0,High,Yes,2.0,Medium,Medium,Public,Neutral,5.0,No,High School,Near,Male,70
22.0,65.0,High,Low,No,8.0,91.0,Medium,Yes,2.0,High,Medium,Public,Negative,2.0,No,College,Moderate,Female,65
19.0,95.0,Low,High,Yes,9.0,97.0,Low,Yes,0.0,Medium,Medium,Public,Neutral,2.0,No,Postgraduate,Near,Male,71
14.0,91.0,Medium,High,Yes,8.0,70.0,Medium,Yes,2.0,Low,Medium,Private,Neutral,0.0,No,Postgraduate,Moderate,Male,68
28.0,68.0,Low,Low,Yes,9.0,85.0,Medium,Yes,0.0,Medium,Medium,Public,Negative,3.0,No,Postgraduate,Near,Male,65
26.0,88.0,Low,High,Yes,7.0,62.0,High,No,1.0,High,High,Private,Positive,2.0,No,High School,Near,Female,70
16.0,84.0,Medium,High,Yes,6.0,93.0,Medium,Yes,0.0,High,Medium,Public,Positive,3.0,No,High School,Moderate,Male,69
23.0,67.0,Medium,Low,Yes,9.0,97.0,Medium,Yes,1.0,Medium,Medium,Private,Positive,3.0,No,College,Moderate,Male,66
23.0,71.0,Medium,Medium,Yes,6.0,63.0,Low,Yes,1.0,Low,High,Public,Positive,5.0,No,,Moderate,Male,66
24.0,76.0,High,Medium,No,10.0,55.0,Low,Yes,2.0,Low,Medium,Public,Positive,4.0,No,High School,Near,Male,67
10.0,88.0,Low,Medium,No,9.0,60.0,Medium,Yes,1.0,Low,Medium,Public,Positive,3.0,No,High School,Moderate,Female,63
26.0,86.0,Low,High,Yes,7.0,82.0,Medium,Yes,2.0,Low,Medium,Private,Positive,3.0,No,High School,Moderate,Female,70
17.0,81.0,High,Medium,No,9.0,64.0,Medium,Yes,0.0,High,Medium,Public,Positive,3.0,Yes,High School,Far,Male,65
18.0,91.0,Medium,High,No,8.0,82.0,Medium,Yes,3.0,Medium,Medium,Private,Positive,2.0,No,High School,Moderate,Male,70
36.0,90.0,Medium,High,Yes,5.0,68.0,Low,Yes,1.0,Low,High,Public,Positive,2.0,No,High School,Moderate,Male,74
22.0,85.0,High,Medium,Yes,6.0,96.0,Medium,Yes,0.0,Low,Medium,Public,Neutral,3.0,No,,Moderate,Female,69
18.0,91.0,High,Medium,No,7.0,73.0,Low,Yes,0.0,Low,Medium,Public,Negative,4.0,No,College,Near,Male,68
7.0,73.0,Medium,Medium,Yes,7.0,75.0,Medium,Yes,1.0,High,High,Private,Positive,3.0,No,College,Near,Male,64
28.0,95.0,High,Medium,No,9.0,67.0,Low,Yes,2.0,Medium,Medium,Public,Neutral,3.0,No,High School,Near,Male,73
12.0,85.0,Medium,Medium,Yes,7.0,54.0,Medium,Yes,4.0,Low,High,Public,Positive,3.0,No,College,Moderate,Male,66
14.0,93.0,Medium,Low,Yes,5.0,75.0,Low,Yes,0.0,Medium,High,Public,Negative,3.0,No,High School,Moderate,Male,65
18.0,82.0,High,Low,Yes,6.0,89.0,High,Yes,0.0,Medium,Medium,Private,Positive,1.0,Yes,College,Moderate,Male,66
28.0,69.0,Medium,Low,No,8.0,98.0,Medium,Yes,0.0,Medium,Medium,Public,Positive,5.0,No,High School,Near,Male,67
25.0,82.0,Medium,High,No,4.0,54.0,Medium,Yes,0.0,Medium,Medium,Public,Neutral,3.0,No,High School,Near,Male,67
19.0,75.0,Medium,Medium,Yes,5.0,90.0,High,Yes,0.0,Medium,,Private,Negative,3.0,No,Postgraduate,Near,Female,66
22.0,88.0,Medium,Low,Yes,6.0,63.0,Low,Yes,3.0,Low,Medium,Public,Positive,3.0,No,Postgraduate,Near,Male,69
16.0,79.0,Medium,Medium,Yes,8.0,91.0,Medium,Yes,4.0,High,Medium,Private,Positive,1.0,No,Postgraduate,Near,Male,69
21.0,93.0,Medium,Low,No,7.0,67.0,High,Yes,2.0,Low,Medium,Public,Neutral,3.0,No,College,Far,Female,68
20.0,87.0,Low,Low,No,8.0,56.0,Medium,No,1.0,High,Medium,Public,Negative,1.0,No,College,Near,Female,64
26.0,87.0,Medium,Medium,Yes,7.0,81.0,Medium,Yes,1.0,High,Medium,Public,Negative,2.0,No,High School,Near,Male,70
26.0,69.0,Medium,Medium,No,7.0,95.0,Medium,Yes,1.0,Low,Medium,Public,Negative,4.0,No,Postgraduate,Near,Female,67
23.0,99.0,Low,Low,No,6.0,59.0,Medium,Yes,1.0,Medium,Medium,Public,Positive,3.0,No,High School,Far,Male,68
18.0,94.0,Medium,Medium,Yes,8.0,51.0,Medium,Yes,0.0,High,Medium,Public,Positive,3.0,Yes,College,Moderate,Female,67
24.0,92.0,High,Medium,Yes,5.0,94.0,Low,Yes,1.0,Medium,Medium,Public,Neutral,2.0,No,Postgraduate,Near,Female,73
19.0,73.0,Medium,Medium,Yes,7.0,85.0,Medium,Yes,1.0,Medium,Medium,Public,Neutral,3.0,No,High School,Far,Male,65
14.0,81.0,Medium,High,No,9.0,90.0,Medium,Yes,3.0,High,High,Public,Neutral,3.0,No,Postgraduate,Near,Male,69
18.0,65.0,Medium,Medium,Yes,6.0,53.0,Medium,Yes,1.0,Medium,Medium,Private,Positive,3.0,Yes,Postgraduate,Near,Male,63
21.0,82.0,Medium,Medium,No,5.0,95.0,Medium,Yes,3.0,Low,Low,Public,Positive,4.0,No,High School,Near,Female,68
25.0,66.0,Medium,High,No,4.0,71.0,High,Yes,0.0,Medium,Medium,Public,Negative,3.0,Yes,High School,Near,Female,64
19.0,82.0,Low,High,No,8.0,95.0,Medium,Yes,2.0,Low,High,Public,Neutral,4.0,Yes,Postgraduate,Moderate,Female,68
13.0,86.0,Medium,High,Yes,8.0,53.0,Medium,Yes,2.0,Low,High,Public,Positive,4.0,No,High School,Far,Male,66
20.0,76.0,Medium,Medium,No,6.0,94.0,Low,Yes,2.0,Low,High,Public,Neutral,3.0,Yes,High School,Moderate,Male,65
21.0,80.0,Medium,Medium,Yes,5.0,84.0,Low,Yes,4.0,Low,Medium,Private,Neutral,2.0,No,Postgraduate,Near,Female,69
21.0,95.0,Low,Medium,No,7.0,78.0,High,Yes,2.0,Low,High,Public,Neutral,2.0,Yes,High School,Near,Male,69
26.0,64.0,Low,High,Yes,9.0,53.0,Medium,No,2.0,Low,High,Public,Negative,4.0,No,College,Near,Male,64
26.0,92.0,High,High,No,5.0,84.0,High,Yes,0.0,Medium,High,Public,Neutral,2.0,No,Postgraduate,Near,Male,74
16.0,67.0,High,Medium,No,9.0,80.0,Medium,Yes,1.0,Low,High,Public,Neutral,3.0,No,High School,Near,Female,64
16.0,61.0,Medium,Low,No,4.0,86.0,Medium,Yes,3.0,Medium,High,Public,Positive,4.0,No,High School,Near,Female,63
14.0,67.0,High,Medium,Yes,5.0,86.0,Medium,No,0.0,High,Medium,Public,Positive,4.0,No,College,Moderate,Female,64
24.0,91.0,Medium,Medium,Yes,7.0,72.0,Medium,Yes,3.0,Medium,High,Public,Neutral,3.0,No,High School,Moderate,Male,71
29.0,76.0,Low,High,Yes,8.0,60.0,Medium,Yes,2.0,Medium,Medium,Public,Negative,3.0,No,High School,Near,Female,68
18.0,95.0,Medium,Medium,Yes,9.0,96.0,Low,Yes,4.0,Medium,Medium,Public,Negative,4.0,No,College,Near,Female,72
19.0,81.0,Medium,Low,Yes,8.0,96.0,High,Yes,1.0,Low,Medium,Private,Negative,4.0,No,Postgraduate,Near,Male,67
29.0,61.0,Medium,High,No,9.0,61.0,Medium,Yes,0.0,Low,Medium,Private,Negative,3.0,No,High School,Near,Male,64
23.0,89.0,Medium,Low,No,7.0,82.0,Medium,Yes,2.0,High,High,Public,Positive,1.0,No,College,Near,Male,70
23.0,64.0,High,Medium,Yes,6.0,60.0,Low,Yes,2.0,Medium,Medium,Public,Negative,3.0,No,College,Near,Female,65
13.0,92.0,High,Medium,No,9.0,93.0,High,Yes,2.0,High,Medium,Public,Negative,2.0,No,College,Moderate,Male,69
24.0,67.0,High,Medium,No,9.0,55.0,High,Yes,2.0,Low,Low,Public,Positive,2.0,No,College,Moderate,Male,65
14.0,74.0,High,Medium,No,8.0,100.0,Medium,Yes,1.0,Low,Medium,Public,Neutral,3.0,No,College,Near,Male,66
13.0,90.0,High,Medium,No,8.0,81.0,Medium,Yes,0.0,Medium,Medium,Public,Positive,3.0,No,High School,Moderate,Female,67
18.0,98.0,Medium,Low,No,9.0,51.0,Medium,Yes,1.0,High,Medium,Public,Neutral,4.0,No,College,Near,Male,68
16.0,75.0,Medium,Medium,Yes,8.0,94.0,Medium,Yes,0.0,Medium,Medium,Private,Positive,3.0,No,High School,Moderate,Male,65
19.0,93.0,Medium,Medium,No,7.0,84.0,High,No,0.0,Medium,Low,Public,Neutral,2.0,No,College,Near,Male,68
11.0,68.0,Medium,High,Yes,8.0,85.0,High,No,2.0,Medium,Medium,Public,Negative,2.0,No,College,Near,Male,63
26.0,92.0,Medium,Medium,No,8.0,64.0,Medium,Yes,1.0,Medium,Medium,Private,Positive,5.0,No,High School,Near,Male,71
27.0,86.0,High,Medium,No,8.0,67.0,Medium,Yes,1.0,Low,Medium,Public,Positive,4.0,No,College,Near,Male,71
8.0,68.0,High,Medium,Yes,7.0,96.0,Medium,Yes,2.0,Low,High,Public,Positive,3.0,No,Postgraduate,Near,Female,65
26.0,72.0,Medium,Low,No,8.0,82.0,Medium,Yes,2.0,Medium,Low,Public,Negative,2.0,No,Postgraduate,Far,Female,65
15.0,65.0,Medium,Low,Yes,8.0,51.0,Medium,Yes,1.0,High,Medium,Public,Positive,3.0,No,High School,Moderate,Female,61
25.0,75.0,High,High,Yes,7.0,66.0,Low,Yes,0.0,Low,High,Public,Negative,4.0,No,High School,Near,Male,68
20.0,68.0,Low,Medium,Yes,6.0,80.0,Low,Yes,4.0,Low,Medium,Private,Neutral,4.0,No,College,Near,Female,65
20.0,86.0,Low,Medium,No,9.0,57.0,Medium,Yes,0.0,Medium,High,Public,Positive,4.0,No,High School,Moderate,Male,66
19.0,100.0,High,Low,Yes,5.0,55.0,Low,Yes,2.0,Low,Medium,Public,Positive,4.0,No,High School,Moderate,Male,69
27.0,60.0,High,High,No,6.0,53.0,Low,Yes,3.0,Low,Low,Private,Positive,2.0,No,High School,Moderate,Female,65
13.0,82.0,Medium,High,No,7.0,82.0,Medium,Yes,1.0,Low,Low,Public,Positive,3.0,No,High School,Near,Female,65
24.0,83.0,High,Medium,No,4.0,66.0,High,Yes,2.0,Medium,High,Private,Positive,4.0,Yes,Postgraduate,Moderate,Male,70
27.0,97.0,Medium,Medium,No,9.0,69.0,Medium,Yes,1.0,Low,Medium,Private,Neutral,2.0,No,High School,Moderate,Female,70
24.0,80.0,Medium,Medium,Yes,7.0,53.0,Medium,Yes,2.0,Low,Medium,Public,Positive,4.0,Yes,High School,Near,Female,67
34.0,82.0,Medium,High,Yes,9.0,87.0,High,Yes,3.0,Low,Medium,Public,Positive,4.0,No,High School,Near,Female,75
17.0,79.0,Low,Low,Yes,10.0,88.0,Low,Yes,3.0,Medium,High,Private,Neutral,3.0,No,High School,Moderate,Female,65
26.0,71.0,Medium,Medium,Yes,7.0,91.0,Medium,No,2.0,Low,Medium,Private,Neutral,3.0,No,High School,Moderate,Female,66
19.0,62.0,High,Medium,Yes,9.0,83.0,High,Yes,2.0,Medium,Medium,Public,Positive,3.0,No,College,,Male,67
27.0,76.0,Low,Medium,Yes,5.0,89.0,Low,Yes,0.0,Low,,Private,Positive,4.0,No,Postgraduate,Far,Male,67
20.0,62.0,Low,Medium,No,8.0,79.0,High,Yes,2.0,Low,Medium,Public,Positive,1.0,No,High School,Near,Female,62
18.0,82.0,Medium,Medium,Yes,6.0,75.0,Medium,Yes,0.0,Low,Medium,Private,Negative,4.0,No,College,Near,Male,66
28.0,72.0,Low,High,No,8.0,63.0,Low,Yes,1.0,Low,High,Public,Neutral,2.0,No,,Near,Male,66
17.0,81.0,High,Low,Yes,8.0,53.0,High,Yes,0.0,Medium,Medium,Public,Neutral,2.0,No,High School,Far,Male,64
12.0,65.0,Low,Medium,No,7.0,65.0,Medium,Yes,2.0,Medium,Medium,Public,Neutral,2.0,No,High School,Near,Male,60
17.0,97.0,Medium,Medium,Yes,8.0,84.0,Medium,No,3.0,Low,Low,Private,Neutral,3.0,No,Postgraduate,Near,Female,70
24.0,96.0,Medium,Medium,No,8.0,96.0,Medium,Yes,2.0,Low,Low,Public,Positive,3.0,No,College,Near,Female,72
28.0,68.0,High,Medium,Yes,7.0,63.0,Medium,Yes,0.0,Low,High,Public,Negative,2.0,No,College,Near,Male,67
21.0,74.0,Medium,High,Yes,10.0,83.0,Low,Yes,1.0,High,Medium,Public,Neutral,3.0,No,High School,Moderate,Female,67
28.0,85.0,Medium,Medium,Yes,7.0,74.0,Medium,Yes,1.0,Medium,High,Public,Positive,3.0,No,Postgraduate,Near,Female,72
12.0,64.0,High,High,Yes,9.0,81.0,Medium,No,1.0,High,High,Public,Neutral,3.0,No,High School,Moderate,Male,63
17.0,74.0,Low,Medium,No,9.0,50.0,Medium,Yes,0.0,Low,High,Public,Negative,2.0,No,High School,Far,Female,60
18.0,70.0,Medium,Medium,Yes,4.0,56.0,Medium,Yes,1.0,High,High,Public,Neutral,4.0,No,High School,Near,Male,65
19.0,97.0,High,Medium,Yes,9.0,61.0,High,Yes,2.0,Medium,High,Public,Neutral,1.0,No,Postgraduate,Moderate,Male,72
21.0,94.0,Medium,High,No,9.0,95.0,Low,Yes,0.0,Medium,High,Private,Negative,3.0,No,High School,Near,Male,70
24.0,83.0,High,Medium,Yes,7.0,52.0,High,Yes,1.0,Medium,High,Public,Positive,4.0,No,College,Near,Female,71
17.0,81.0,Low,Medium,Yes,8.0,78.0,Low,Yes,1.0,Low,High,Private,Positive,4.0,No,College,Moderate,Male,66
21.0,97.0,Low,Medium,Yes,8.0,96.0,High,Yes,2.0,Low,High,Public,Positive,4.0,No,College,Moderate,Female,72
20.0,97.0,Low,Medium,Yes,9.0,83.0,High,Yes,3.0,Medium,High,Public,Positive,3.0,No,Postgraduate,Near,Female,73
14.0,99.0,High,Medium,Yes,6.0,74.0,Medium,Yes,2.0,Medium,Medium,Public,Neutral,3.0,No,College,Near,Male,71
19.0,65.0,High,Low,No,9.0,69.0,Medium,Yes,4.0,Low,High,Public,Neutral,2.0,No,College,Far,Male,64
19.0,66.0,Medium,High,Yes,5.0,81.0,Medium,Yes,1.0,High,Medium,Private,Positive,3.0,No,College,Moderate,Male,66
19.0,87.0,Medium,Medium,No,4.0,74.0,High,Yes,1.0,High,Medium,Public,Positive,3.0,No,College,Near,Male,69
20.0,82.0,Low,Medium,No,8.0,85.0,Low,Yes,1.0,Medium,High,Private,Neutral,3.0,Yes,Postgraduate,Near,Female,66
20.0,61.0,Medium,High,No,9.0,81.0,Medium,Yes,0.0,High,High,Public,Neutral,2.0,Yes,High School,Near,Male,63
17.0,62.0,Medium,Medium,Yes,7.0,78.0,Medium,Yes,0.0,Medium,High,Public,Negative,3.0,No,High School,Near,Male,62
28.0,96.0,High,Low,Yes,4.0,98.0,High,Yes,1.0,High,High,Public,Positive,3.0,No,High School,Near,Male,98
13.0,95.0,High,High,Yes,5.0,92.0,Low,Yes,1.0,Medium,Medium,Private,Positive,2.0,No,College,Near,Female,71
16.0,74.0,High,Medium,No,8.0,80.0,Medium,Yes,0.0,Low,Medium,Public,Positive,4.0,No,Postgraduate,Near,Female,66
37.0,96.0,Medium,Medium,No,7.0,77.0,Medium,Yes,2.0,Medium,Medium,Public,Positive,3.0,No,High School,Moderate,Female,75
14.0,84.0,High,Medium,Yes,9.0,86.0,High,Yes,1.0,Low,Medium,Private,Positive,4.0,No,High School,Near,Female,68
12.0,92.0,High,Medium,No,7.0,90.0,Medium,Yes,2.0,Medium,High,Public,Negative,5.0,No,High School,Near,Male,69
24.0,77.0,Medium,Low,Yes,6.0,65.0,High,Yes,2.0,Medium,High,Private,Positive,3.0,No,High School,Near,Male,68
8.0,65.0,Medium,Medium,No,7.0,83.0,Low,Yes,3.0,Medium,Medium,Public,Negative,4.0,No,High School,Near,Female,60
19.0,77.0,Medium,Low,No,9.0,57.0,Low,Yes,4.0,Medium,Medium,Public,Neutral,3.0,Yes,High School,Near,Female,64
33.0,78.0,Medium,Medium,No,9.0,72.0,Medium,Yes,4.0,Medium,Medium,Public,Positive,3.0,No,High School,Moderate,Male,71
11.0,82.0,High,High,No,7.0,97.0,Low,Yes,2.0,High,Medium,Public,Positive,3.0,No,College,Near,Male,69
8.0,64.0,Medium,Medium,Yes,7.0,66.0,Medium,Yes,1.0,Low,Medium,Private,Positive,3.0,No,College,Near,Male,60
11.0,100.0,High,High,Yes,8.0,58.0,High,Yes,1.0,Low,Medium,Private,Positive,3.0,No,College,Near,Female,70
25.0,70.0,Low,Medium,Yes,6.0,57.0,Medium,Yes,4.0,Medium,Medium,Private,Neutral,3.0,No,High School,Near,Male,66
27.0,68.0,High,Medium,No,8.0,70.0,High,Yes,0.0,Medium,Medium,Private,Positive,3.0,No,Postgraduate,Near,Male,68
17.0,81.0,High,Low,No,7.0,61.0,Medium,Yes,2.0,High,Medium,Public,Positive,2.0,No,College,Near,Female,67
24.0,81.0,Medium,Medium,Yes,7.0,71.0,High,Yes,1.0,Medium,High,Public,Neutral,3.0,No,College,Near,Male,70
28.0,78.0,High,Medium,Yes,7.0,86.0,Low,Yes,0.0,Low,High,Public,Neutral,2.0,No,College,Moderate,Male,69
31.0,91.0,Medium,High,Yes,7.0,94.0,High,Yes,2.0,High,High,Public,Negative,3.0,No,High School,Far,Male,75
19.0,81.0,Medium,Low,Yes,10.0,56.0,Low,Yes,1.0,Medium,High,Public,Positive,3.0,No,High School,Near,Male,65
6.0,84.0,Medium,Medium,Yes,6.0,88.0,Medium,Yes,1.0,Low,Medium,Private,Positive,5.0,No,Postgraduate,Moderate,Male,65
15.0,89.0,Medium,Low,No,6.0,55.0,Medium,Yes,1.0,Medium,Medium,Public,Positive,4.0,No,Postgraduate,Moderate,Male,66
17.0,61.0,High,Medium,Yes,9.0,69.0,High,Yes,1.0,Medium,High,Public,Positive,3.0,No,High School,Far,Male,64
18.0,83.0,Low,Medium,No,8.0,100.0,Medium,Yes,1.0,Low,High,Private,Negative,2.0,No,High School,Near,Female,66
19.0,95.0,Medium,High,Yes,8.0,53.0,Medium,Yes,3.0,Low,Medium,Public,Positive,1.0,No,High School,Moderate,Female,70
27.0,61.0,High,Low,No,5.0,51.0,High,Yes,1.0,Low,Medium,Private,Positive,1.0,No,College,Far,Male,63
28.0,76.0,Low,Low,No,7.0,67.0,High,Yes,1.0,High,Low,Public,Negative,4.0,No,College,Near,Male,66
19.0,97.0,Low,Medium,Yes,8.0,98.0,Low,Yes,1.0,Medium,Medium,Public,Positive,3.0,No,College,Near,Female,71
27.0,74.0,Medium,High,No,6.0,51.0,High,Yes,2.0,Medium,Medium,Private,Positive,4.0,No,High School,Far,Male,68
22.0,78.0,Medium,Medium,Yes,8.0,61.0,Medium,Yes,2.0,High,Medium,Public,Positive,5.0,No,High School,Moderate,Male,68
20.0,99.0,Low,Medium,No,7.0,80.0,High,Yes,0.0,Medium,High,Public,Negative,3.0,No,Postgraduate,Near,Male,71
25.0,68.0,Low,Medium,No,6.0,62.0,Low,Yes,1.0,Low,High,Private,Negative,4.0,No,College,Moderate,Female,63
20.0,63.0,Low,Low,No,9.0,53.0,Low,Yes,1.0,Medium,Medium,Public,Positive,4.0,No,High School,Near,Male,60
32.0,94.0,Medium,High,Yes,9.0,53.0,Medium,Yes,1.0,Medium,Medium,Public,Neutral,3.0,No,High School,Near,Female,73
11.0,95.0,Medium,Medium,Yes,7.0,78.0,Low,Yes,4.0,Medium,Medium,Private,Negative,4.0,No,High School,Near,Female,68
17.0,79.0,High,High,Yes,8.0,78.0,Medium,Yes,2.0,High,Medium,Public,Positive,5.0,No,High School,Near,Female,70
19.0,81.0,Medium,Medium,Yes,9.0,85.0,Medium,Yes,1.0,Low,Medium,Public,Neutral,1.0,No,High School,Moderate,Male,66
23.0,93.0,High,Medium,No,6.0,57.0,Medium,Yes,1.0,High,Medium,Public,Positive,2.0,No,Postgraduate,Near,Female,72
28.0,90.0,High,Low,Yes,8.0,75.0,Medium,Yes,1.0,Low,High,Public,Neutral,3.0,Yes,High School,Moderate,Male,70
20.0,71.0,High,High,Yes,6.0,80.0,Medium,Yes,2.0,High,Low,Public,Positive,3.0,No,High School,Near,Male,68
11.0,61.0,Medium,Medium,Yes,5.0,61.0,Medium,Yes,3.0,Medium,High,Public,Neutral,0.0,Yes,Postgraduate,Near,Male,60
25.0,79.0,High,Medium,No,6.0,77.0,Low,No,2.0,Low,High,Public,Neutral,3.0,No,High School,Near,Male,68
25.0,94.0,High,High,No,5.0,85.0,High,Yes,1.0,Medium,Medium,Public,Neutral,2.0,No,College,Near,Female,74
8.0,96.0,Medium,Medium,Yes,8.0,100.0,High,Yes,1.0,High,Medium,Public,Negative,4.0,No,High School,Moderate,Male,68
20.0,98.0,Low,Medium,Yes,6.0,80.0,Low,Yes,4.0,Medium,Medium,Public,Positive,4.0,No,College,Near,Male,72
10.0,95.0,Medium,High,Yes,5.0,93.0,High,Yes,0.0,Low,High,Public,Positive,3.0,No,High School,Moderate,Male,69
16.0,83.0,Low,Medium,Yes,8.0,92.0,Low,Yes,2.0,High,High,Public,Positive,4.0,No,Postgraduate,Near,Female,98
15.0,78.0,Medium,High,No,8.0,97.0,Medium,Yes,1.0,Medium,Medium,Public,Neutral,4.0,No,Postgraduate,Near,Male,68
25.0,91.0,Medium,Low,No,7.0,86.0,Medium,Yes,0.0,Medium,Medium,Public,Neutral,5.0,No,High School,Near,Female,70
21.0,90.0,Medium,Medium,No,8.0,61.0,Medium,Yes,1.0,High,Medium,Public,Positive,4.0,No,Postgraduate,Moderate,Female,69
12.0,82.0,High,Low,No,6.0,65.0,Low,Yes,3.0,Medium,Medium,Private,Negative,3.0,No,High School,Near,Female,64
25.0,63.0,Medium,Low,No,6.0,89.0,High,Yes,1.0,Medium,High,Private,Neutral,4.0,No,High School,Moderate,Male,65
11.0,97.0,Medium,Medium,No,8.0,76.0,High,Yes,2.0,Medium,High,Public,Positive,2.0,No,High School,Moderate,Female,69
22.0,78.0,Medium,Low,No,9.0,63.0,High,Yes,2.0,Medium,High,Public,Neutral,4.0,No,High School,Near,Male,67
15.0,75.0,Medium,High,No,6.0,83.0,Low,Yes,1.0,High,Medium,Private,Negative,2.0,No,High School,Near,Female,65
18.0,85.0,Medium,High,Yes,6.0,95.0,High,Yes,2.0,Low,Low,Private,Positive,4.0,No,College,Near,Female,70
23.0,87.0,High,Low,No,8.0,68.0,Medium,Yes,0.0,High,High,Private,Neutral,3.0,No,College,Far,Male,68
23.0,68.0,Medium,Medium,Yes,8.0,80.0,Medium,Yes,1.0,Medium,Low,Public,Neutral,1.0,No,High School,Near,Female,65
28.0,93.0,Medium,Medium,No,7.0,79.0,High,Yes,0.0,Medium,Medium,Public,Positive,4.0,No,Postgraduate,Near,Male,74
20.0,72.0,Medium,Medium,Yes,9.0,56.0,Medium,Yes,4.0,High,Medium,Public,Negative,2.0,No,High School,Near,Male,65
22.0,67.0,High,High,Yes,10.0,55.0,Medium,Yes,1.0,Low,Medium,Public,Positive,2.0,No,High School,Moderate,Male,65
17.0,76.0,High,Medium,Yes,8.0,94.0,Medium,Yes,3.0,Medium,Medium,Public,Neutral,4.0,No,High School,Moderate,Female,68
21.0,89.0,Medium,Medium,No,6.0,97.0,Medium,No,1.0,Low,Medium,Private,Negative,3.0,No,Postgraduate,Far,Female,68
23.0,99.0,Medium,Medium,No,8.0,95.0,High,Yes,5.0,Medium,Medium,Public,Neutral,4.0,No,High School,Moderate,Female,74
19.0,92.0,High,Medium,No,6.0,70.0,High,Yes,2.0,Medium,Medium,Private,Negative,3.0,No,,Near,Female,71
9.0,98.0,High,Medium,Yes,9.0,64.0,Medium,Yes,1.0,Low,Medium,Private,Negative,3.0,No,High School,Near,Male,67
22.0,66.0,Medium,Medium,Yes,6.0,97.0,Low,Yes,0.0,High,Low,Public,Neutral,3.0,No,High School,Moderate,Female,64
22.0,63.0,Low,Low,Yes,7.0,94.0,Medium,Yes,0.0,Medium,,Public,Negative,3.0,Yes,High School,Far,Male,61
16.0,82.0,Medium,Medium,No,6.0,91.0,Medium,Yes,0.0,Low,Medium,Public,Positive,3.0,No,High School,Near,Female,66
12.0,72.0,Medium,Medium,No,7.0,67.0,Low,Yes,0.0,Low,Medium,Public,Positive,2.0,No,High School,Near,Female,61
29.0,93.0,Medium,High,No,7.0,82.0,Medium,Yes,5.0,Low,Medium,Public,Negative,3.0,No,High School,Moderate,Male,73
23.0,87.0,Low,Medium,No,8.0,88.0,High,Yes,2.0,Medium,High,Public,Neutral,3.0,No,High School,Near,Male,70
19.0,99.0,Low,Medium,No,7.0,79.0,Medium,Yes,2.0,Low,Medium,Private,Neutral,2.0,No,Postgraduate,Near,Male,70
13.0,70.0,Medium,Low,Yes,7.0,80.0,High,Yes,1.0,High,Medium,Public,Positive,4.0,No,College,Far,Female,63
15.0,79.0,High,Medium,Yes,6.0,88.0,Medium,Yes,3.0,High,Medium,Public,Neutral,3.0,No,Postgraduate,Moderate,Male,69
28.0,80.0,High,High,No,7.0,88.0,Medium,Yes,2.0,High,Medium,Public,Negative,2.0,No,High School,Near,Male,72
21.0,70.0,Medium,High,Yes,5.0,62.0,Medium,Yes,2.0,Low,High,Public,Neutral,2.0,No,,Near,Female,66
17.0,84.0,High,High,No,9.0,70.0,Medium,Yes,1.0,High,Medium,Public,Negative,4.0,No,High School,Near,Male,68
23.0,78.0,Medium,High,No,7.0,89.0,Medium,Yes,1.0,Medium,Low,Public,Neutral,3.0,No,High School,Far,Male,67
15.0,78.0,Medium,High,Yes,9.0,63.0,Medium,No,2.0,Medium,Medium,Private,Positive,3.0,No,Postgraduate,Far,Female,65
29.0,75.0,Low,Medium,Yes,7.0,96.0,Low,Yes,2.0,Low,,Public,Positive,3.0,No,High School,Moderate,Male,68
28.0,61.0,High,Medium,Yes,4.0,92.0,Low,Yes,1.0,Medium,High,Private,Neutral,4.0,No,College,Near,Female,68
17.0,81.0,High,Medium,No,6.0,95.0,High,Yes,2.0,Medium,Medium,Private,Positive,3.0,No,High School,Near,Male,69
16.0,73.0,High,High,Yes,7.0,65.0,Low,Yes,1.0,Medium,Medium,Private,Positive,4.0,No,College,Moderate,Male,66
4.0,60.0,Medium,Medium,Yes,7.0,55.0,Medium,Yes,2.0,Low,Medium,Private,Neutral,2.0,No,Postgraduate,Near,Male,58
11.0,72.0,High,Low,No,8.0,55.0,High,Yes,0.0,Medium,Low,Public,Neutral,3.0,Yes,College,,Male,60
12.0,71.0,High,High,Yes,7.0,78.0,High,Yes,3.0,Low,Medium,Public,Positive,4.0,No,College,Moderate,Female,67
21.0,76.0,Medium,Medium,Yes,6.0,65.0,Low,Yes,2.0,Low,High,Public,Negative,2.0,No,High School,Near,Female,65
18.0,65.0,High,Medium,Yes,6.0,63.0,High,Yes,1.0,Low,Medium,Public,Negative,2.0,No,High School,Far,Male,62
12.0,80.0,Medium,High,Yes,6.0,61.0,Medium,Yes,0.0,High,High,Private,Neutral,2.0,No,High School,Near,Male,65
18.0,88.0,High,High,No,8.0,78.0,Medium,Yes,0.0,Medium,Medium,Public,Neutral,2.0,No,College,Moderate,Male,69
23.0,85.0,Low,High,No,8.0,77.0,Medium,Yes,0.0,High,Medium,Public,Positive,4.0,No,College,Near,Male,70
23.0,92.0,Low,High,Yes,6.0,71.0,High,Yes,2.0,Low,Medium,Public,Positive,2.0,No,High School,Moderate,Male,70
9.0,78.0,High,Medium,No,9.0,57.0,Low,Yes,1.0,Low,High,Public,Positive,5.0,No,High School,Moderate,Female,63
19.0,81.0,Low,Medium,Yes,8.0,96.0,High,Yes,0.0,Medium,High,Public,Neutral,4.0,No,Postgraduate,Near,Male,69
12.0,92.0,Low,Medium,No,6.0,71.0,Low,Yes,0.0,Medium,High,Private,Negative,4.0,No,High School,Near,Male,64
25.0,77.0,Medium,High,No,7.0,56.0,Medium,Yes,1.0,Low,Medium,Public,Positive,3.0,No,Postgraduate,Near,Male,69
25.0,88.0,High,Medium,Yes,8.0,52.0,Low,Yes,1.0,Medium,Medium,Public,Positive,2.0,No,High School,Near,Male,70
15.0,77.0,Medium,Medium,Yes,5.0,58.0,Medium,Yes,1.0,Low,Medium,Public,Positive,3.0,No,College,Moderate,Female,64
15.0,77.0,High,Medium,Yes,5.0,65.0,Low,No,2.0,Low,Medium,Public,Positive,4.0,Yes,Postgraduate,Near,Male,65
17.0,90.0,High,Medium,No,8.0,82.0,Medium,Yes,0.0,Medium,High,Public,Neutral,4.0,No,College,Near,Male,70
6.0,67.0,Medium,Low,Yes,6.0,99.0,Low,Yes,0.0,Medium,Medium,Private,Neutral,2.0,No,College,Near,Male,60
22.0,74.0,Medium,High,Yes,9.0,64.0,High,Yes,3.0,Medium,Medium,Public,Neutral,3.0,No,High School,Near,Female,68
18.0,69.0,Low,Low,Yes,10.0,89.0,Low,Yes,2.0,Low,High,Public,Neutral,1.0,Yes,High School,Moderate,Male,61
26.0,74.0,Medium,Low,Yes,8.0,96.0,Medium,Yes,2.0,Medium,High,Private,Neutral,3.0,No,High School,Near,Female,68
13.0,69.0,Medium,Low,No,8.0,70.0,Medium,Yes,1.0,High,High,Private,Neutral,3.0,No,High School,Moderate,Male,61
16.0,83.0,Low,Medium,No,5.0,63.0,Low,Yes,2.0,High,Medium,Private,Positive,3.0,Yes,High School,Moderate,Female,64
11.0,92.0,Medium,Medium,No,5.0,75.0,Medium,Yes,2.0,Medium,Medium,Public,Negative,3.0,No,High School,Near,Female,66
14.0,91.0,Medium,Medium,Yes,7.0,95.0,Medium,Yes,2.0,High,High,Public,Positive,2.0,No,High School,Moderate,Male,70
13.0,75.0,High,High,Yes,5.0,51.0,Medium,Yes,3.0,Medium,Medium,Private,Negative,3.0,No,High School,Near,Female,65
26.0,100.0,Medium,High,Yes,7.0,74.0,High,Yes,1.0,Medium,Medium,Public,Neutral,2.0,No,High School,Near,Female,74
16.0,84.0,High,High,No,6.0,88.0,Low,Yes,1.0,Medium,Medium,Private,Negative,1.0,Yes,High School,Near,Male,66
21.0,76.0,Low,Medium,Yes,7.0,80.0,High,Yes,3.0,Low,Medium,Public,Negative,2.0,Yes,College,Near,Male,65
18.0,93.0,Low,High,No,7.0,75.0,High,Yes,1.0,High,Medium,Private,Positive,1.0,No,College,Moderate,Female,69
12.0,89.0,Medium,High,Yes,8.0,78.0,Low,Yes,4.0,Low,,Public,Neutral,5.0,No,Postgraduate,Near,Female,69
19.0,90.0,Low,High,No,7.0,81.0,Medium,Yes,2.0,Medium,Medium,Private,Positive,2.0,No,High School,Near,Female,69
24.0,68.0,High,Low,No,6.0,84.0,Medium,Yes,1.0,Low,High,Public,Positive,4.0,No,High School,Near,Female,66
13.0,79.0,Medium,Low,No,5.0,68.0,Medium,No,2.0,High,Medium,Private,Positive,3.0,No,High School,Near,Female,63
25.0,94.0,Medium,Low,Yes,7.0,76.0,Medium,Yes,1.0,Low,High,Private,Neutral,2.0,Yes,High School,Moderate,Female,69
15.0,80.0,Medium,High,Yes,4.0,64.0,Medium,Yes,1.0,Medium,Medium,Public,Neutral,1.0,No,High School,Near,Male,65
17.0,87.0,Medium,Medium,No,9.0,99.0,Medium,Yes,1.0,Medium,Low,Private,Neutral,3.0,No,High School,Moderate,Male,67
23.0,84.0,Medium,Medium,No,8.0,59.0,Low,Yes,1.0,Low,High,Public,Positive,4.0,Yes,Postgraduate,Far,Female,66
16.0,94.0,Low,Medium,Yes,8.0,58.0,Medium,Yes,2.0,Low,Medium,Public,Positive,3.0,Yes,College,Near,Male,67
20.0,71.0,Low,High,Yes,6.0,63.0,High,Yes,1.0,Low,Medium,Public,Positive,2.0,No,College,Moderate,Male,65
18.0,83.0,Medium,High,No,8.0,96.0,Low,Yes,0.0,Medium,High,Public,Positive,4.0,Yes,Postgraduate,Near,Female,69
21.0,65.0,Low,High,No,6.0,83.0,Medium,Yes,3.0,Low,High,Public,Neutral,5.0,No,High School,Near,Male,65
6.0,88.0,High,High,Yes,7.0,73.0,Medium,Yes,3.0,Low,Medium,Private,Neutral,3.0,No,College,Near,Male,67
9.0,89.0,Medium,Medium,Yes,6.0,96.0,Medium,Yes,0.0,High,Low,Public,Negative,4.0,No,High School,Near,Male,66
24.0,62.0,Low,Medium,No,7.0,95.0,Medium,Yes,1.0,High,Low,Public,Positive,3.0,No,College,Far,Female,64
26.0,87.0,Medium,High,No,5.0,70.0,Low,Yes,1.0,Low,Medium,Private,Positive,2.0,No,High School,Near,Female,70
15.0,77.0,Medium,High,Yes,7.0,78.0,Medium,Yes,0.0,Low,High,Public,Neutral,3.0,No,High School,Moderate,Male,65
19.0,65.0,Low,Medium,Yes,5.0,95.0,Medium,Yes,2.0,Medium,High,Private,Neutral,4.0,No,College,Near,Male,65
22.0,77.0,Low,Low,No,10.0,66.0,Medium,Yes,2.0,Low,Medium,Public,Positive,3.0,No,College,Moderate,Male,64
24.0,68.0,Medium,Low,Yes,7.0,70.0,Low,Yes,1.0,Low,Low,Public,Neutral,3.0,No,College,Near,Male,64
8.0,77.0,Medium,Low,Yes,7.0,90.0,Low,Yes,1.0,Medium,Medium,Public,Neutral,0.0,No,High School,Moderate,Male,61
15.0,75.0,High,Medium,No,8.0,85.0,Medium,Yes,1.0,Low,High,Public,Neutral,3.0,No,High School,Near,Male,65
18.0,90.0,High,Medium,Yes,5.0,52.0,Low,Yes,5.0,Medium,Medium,Private,Positive,3.0,Yes,High School,Moderate,Male,68
24.0,91.0,Low,High,Yes,6.0,56.0,Medium,Yes,1.0,Low,High,Public,Positive,2.0,No,College,Moderate,Male,70
35.0,84.0,Low,Medium,Yes,8.0,92.0,High,Yes,6.0,Low,High,Public,Negative,4.0,No,High School,Moderate,Male,74
19.0,61.0,Medium,Medium,No,7.0,51.0,Low,Yes,1.0,Low,High,Public,Neutral,1.0,No,High School,Near,Female,60
12.0,97.0,High,Low,Yes,6.0,96.0,Medium,Yes,2.0,Low,High,Public,Positive,2.0,No,Postgraduate,Near,Female,71
22.0,87.0,High,High,Yes,8.0,64.0,Medium,No,2.0,Medium,High,Public,Negative,3.0,No,High School,Moderate,Female,70
28.0,61.0,Low,Medium,Yes,7.0,80.0,Low,Yes,2.0,Medium,Medium,Public,Positive,4.0,No,Postgraduate,Near,Female,67
21.0,93.0,Medium,Medium,Yes,8.0,78.0,Medium,No,0.0,Low,Medium,Private,Neutral,3.0,No,High School,Near,Male,68
15.0,68.0,High,Medium,No,8.0,70.0,Medium,Yes,3.0,Medium,High,Public,Negative,3.0,No,High School,Near,Female,64
26.0,83.0,High,Low,No,6.0,52.0,Medium,Yes,0.0,Low,High,Public,Negative,3.0,No,High School,Near,Male,67
24.0,79.0,Low,Low,No,7.0,60.0,Low,Yes,0.0,Low,High,Public,Neutral,3.0,No,Postgraduate,Near,Female,65
14.0,77.0,Medium,Medium,Yes,4.0,81.0,Low,Yes,3.0,Medium,Medium,Private,Neutral,3.0,No,College,,Female,66
22.0,96.0,Medium,Medium,Yes,6.0,72.0,Low,Yes,1.0,High,Medium,Public,Positive,4.0,No,College,Near,Female,72
26.0,77.0,Low,Medium,Yes,7.0,71.0,High,Yes,3.0,High,Medium,Public,Neutral,3.0,No,High School,,Female,69
27.0,63.0,Medium,Medium,Yes,8.0,55.0,Low,Yes,1.0,Medium,Medium,Private,Neutral,3.0,No,Postgraduate,Near,Female,65
20.0,98.0,Low,High,Yes,8.0,67.0,Medium,Yes,0.0,High,Medium,Public,Positive,3.0,No,High School,Near,Female,71
18.0,97.0,High,High,Yes,6.0,76.0,Medium,Yes,0.0,Medium,High,Public,Neutral,5.0,No,High School,Moderate,Male,72
27.0,87.0,High,Medium,No,6.0,54.0,Medium,Yes,0.0,Medium,Medium,Private,Positive,2.0,No,High School,Near,Female,70
13.0,79.0,High,Medium,No,9.0,53.0,Medium,No,1.0,Medium,Medium,Private,Positive,2.0,No,College,Moderate,Male,63
23.0,64.0,Medium,Medium,No,7.0,75.0,Medium,Yes,2.0,Medium,High,Public,Positive,2.0,No,,Near,Female,66
12.0,92.0,Low,Low,Yes,7.0,78.0,High,Yes,3.0,Medium,High,Public,Negative,2.0,No,College,Near,Male,67
26.0,63.0,Medium,High,No,8.0,63.0,Low,Yes,1.0,High,High,Public,Neutral,3.0,No,Postgraduate,Near,Male,67
18.0,63.0,Medium,Medium,Yes,7.0,66.0,Low,Yes,2.0,Medium,Medium,Private,Negative,2.0,No,College,Near,Female,62
28.0,81.0,Medium,High,Yes,7.0,90.0,High,Yes,3.0,Medium,Medium,Private,Negative,3.0,No,High School,Moderate,Male,72
23.0,66.0,Medium,High,Yes,7.0,93.0,High,Yes,1.0,High,High,Public,Positive,1.0,No,High School,Near,Female,69
13.0,60.0,Medium,Medium,Yes,6.0,66.0,Medium,Yes,1.0,Medium,High,Public,Positive,5.0,Yes,College,Moderate,Male,61
29.0,77.0,Medium,Low,Yes,7.0,68.0,High,Yes,1.0,Medium,Medium,Public,Positive,3.0,No,High School,Far,Female,67
29.0,65.0,Low,Medium,Yes,4.0,92.0,Medium,No,0.0,Medium,Medium,Private,Positive,4.0,No,High School,Near,Female,66
25.0,66.0,Medium,Medium,Yes,6.0,99.0,Medium,Yes,2.0,Medium,Medium,Public,Positive,3.0,No,College,Near,Female,68
15.0,63.0,Medium,High,No,8.0,66.0,High,Yes,1.0,Low,Medium,Private,Negative,4.0,No,College,Near,Male,62
18.0,68.0,High,Low,Yes,8.0,89.0,Medium,Yes,0.0,Medium,Low,Public,Negative,3.0,No,College,Far,Male,63
21.0,89.0,Medium,Medium,Yes,9.0,74.0,High,Yes,3.0,Low,Medium,Private,Positive,4.0,No,High School,Moderate,Female,70
16.0,92.0,Low,High,Yes,8.0,63.0,Medium,Yes,2.0,Low,Medium,Public,Neutral,4.0,No,College,Moderate,Male,68
30.0,78.0,Medium,High,Yes,8.0,84.0,Medium,Yes,1.0,High,Low,Private,Negative,1.0,No,College,Near,Male,71
21.0,80.0,High,Low,No,7.0,73.0,Medium,Yes,0.0,Medium,Low,Private,Neutral,2.0,No,High School,Moderate,Female,65
4.0,61.0,Low,High,Yes,6.0,63.0,Medium,Yes,4.0,Medium,Medium,Public,Neutral,3.0,No,High School,Moderate,Male,59
22.0,63.0,High,Low,Yes,8.0,55.0,Medium,Yes,2.0,Medium,Medium,Private,Neutral,4.0,No,High School,Near,Male,64
18.0,70.0,Medium,High,No,7.0,93.0,Medium,Yes,0.0,Medium,High,Public,Positive,3.0,No,College,Near,Male,67
20.0,82.0,Medium,Medium,No,6.0,94.0,Medium,Yes,3.0,Low,Medium,Private,Positive,2.0,No,High School,Near,Male,68
18.0,90.0,High,High,Yes,6.0,54.0,Low,Yes,1.0,Medium,High,Public,Negative,3.0,No,High School,Near,Female,95
25.0,84.0,Medium,Medium,Yes,7.0,83.0,High,Yes,1.0,Low,Medium,Public,Positive,3.0,No,High School,Moderate,Male,70
27.0,76.0,Medium,Medium,No,9.0,58.0,Medium,Yes,1.0,Medium,Medium,Public,Positive,3.0,No,College,Near,Female,68
22.0,65.0,Low,Medium,No,7.0,82.0,Medium,Yes,2.0,Medium,High,Public,Positive,4.0,Yes,College,Near,Male,65
18.0,91.0,Low,Medium,No,7.0,95.0,Medium,Yes,2.0,Low,High,Public,Positive,2.0,No,Postgraduate,Near,Male,70
20.0,75.0,Medium,Medium,No,8.0,63.0,Medium,Yes,4.0,Medium,Low,Public,Neutral,3.0,No,Postgraduate,Near,Male,67
20.0,89.0,Medium,High,No,8.0,67.0,Medium,Yes,2.0,Low,High,Public,Neutral,2.0,Yes,College,Near,Male,69
15.0,81.0,Medium,High,Yes,7.0,90.0,High,Yes,1.0,Low,Medium,Private,Positive,2.0,No,Postgraduate,Far,Female,68
23.0,90.0,High,High,No,7.0,87.0,High,Yes,1.0,Low,Medium,Public,Neutral,2.0,No,High School,Near,Female,72
23.0,96.0,Medium,High,No,6.0,70.0,Medium,Yes,1.0,Medium,Medium,Public,Neutral,2.0,No,High School,Near,Male,71
29.0,97.0,Medium,High,Yes,9.0,92.0,Medium,Yes,2.0,Low,Medium,Public,Positive,4.0,No,High School,Moderate,Female,75
28.0,81.0,Medium,High,No,6.0,96.0,Medium,Yes,0.0,Medium,Medium,Public,Neutral,2.0,No,High School,Near,Male,70
16.0,80.0,Medium,Medium,No,9.0,73.0,Medium,Yes,2.0,Medium,Medium,Private,Negative,4.0,No,College,Near,Male,66
25.0,71.0,Medium,High,Yes,7.0,52.0,High,Yes,3.0,Low,Medium,Private,Neutral,3.0,No,High School,Near,Male,67
14.0,97.0,Medium,Medium,Yes,7.0,75.0,High,Yes,1.0,Medium,Medium,Public,Positive,4.0,No,College,Near,Female,70
24.0,78.0,High,High,Yes,8.0,87.0,Medium,Yes,2.0,Medium,Medium,Public,Neutral,3.0,No,High School,Near,Male,71
17.0,65.0,Medium,Medium,No,6.0,61.0,Medium,Yes,5.0,Low,Medium,Public,Positive,4.0,No,High School,Near,Female,64
14.0,77.0,Medium,Medium,No,8.0,55.0,High,Yes,2.0,High,High,Private,Neutral,4.0,No,High School,Near,Male,65
22.0,65.0,Medium,Medium,Yes,7.0,64.0,High,Yes,1.0,Medium,High,Private,Negative,2.0,No,High School,Moderate,Male,64
4.0,80.0,Low,Medium,Yes,8.0,51.0,Medium,Yes,4.0,Medium,High,Public,Negative,5.0,No,High School,Near,Male,62
9.0,82.0,High,Low,Yes,6.0,86.0,Medium,Yes,2.0,Low,High,Private,Negative,2.0,No,College,Far,Female,64
19.0,74.0,Medium,High,Yes,6.0,57.0,High,Yes,1.0,Medium,Medium,Private,Positive,2.0,No,High School,Near,Female,66
20.0,63.0,Medium,Medium,Yes,4.0,86.0,Low,Yes,0.0,High,Medium,Public,Neutral,3.0,No,College,Near,Male,64
18.0,98.0,High,Medium,Yes,6.0,62.0,Low,Yes,3.0,Medium,High,Public,Positive,3.0,No,High School,Far,Female,71
11.0,91.0,High,Low,Yes,6.0,100.0,Low,Yes,4.0,Low,Medium,Public,Negative,2.0,No,Postgraduate,Near,Male,68
15.0,94.0,Medium,Medium,Yes,6.0,77.0,Low,Yes,3.0,High,High,Private,Neutral,4.0,No,College,Near,Female,70
22.0,75.0,High,Medium,No,7.0,52.0,High,Yes,0.0,Low,Medium,Private,Neutral,3.0,No,College,Near,Female,66
23.0,90.0,Medium,Medium,No,7.0,89.0,Low,Yes,2.0,High,Medium,Public,Positive,4.0,No,College,Moderate,Female,71
20.0,79.0,Medium,Medium,Yes,8.0,71.0,Medium,Yes,1.0,Medium,High,Public,Neutral,3.0,No,College,Near,Female,68
27.0,68.0,Low,Low,Yes,8.0,80.0,High,Yes,3.0,Medium,Medium,Public,Positive,4.0,Yes,High School,Near,Male,66
22.0,65.0,Low,Medium,No,8.0,98.0,High,Yes,4.0,Medium,Medium,Private,Neutral,3.0,No,High School,Near,Female,66
16.0,74.0,Low,High,No,8.0,76.0,Medium,Yes,5.0,Low,Medium,Public,Negative,3.0,No,College,Moderate,Male,65
18.0,66.0,Medium,Medium,Yes,7.0,90.0,Medium,Yes,0.0,Medium,Medium,Public,Negative,4.0,No,Postgraduate,Near,Male,64
12.0,100.0,Low,Medium,Yes,7.0,65.0,Medium,Yes,1.0,Low,Medium,Private,Positive,2.0,No,High School,Near,Male,67
19.0,62.0,Medium,Medium,Yes,8.0,86.0,Low,Yes,1.0,High,Medium,Public,Positive,3.0,No,College,Near,Male,65
27.0,78.0,Medium,Medium,Yes,8.0,55.0,Low,Yes,3.0,High,Medium,Public,Neutral,2.0,No,Postgraduate,Moderate,Male,69
24.0,78.0,High,Medium,Yes,5.0,95.0,Low,Yes,1.0,Low,Medium,Private,Positive,2.0,No,College,Near,Male,69
28.0,72.0,Low,Medium,Yes,7.0,60.0,Medium,Yes,4.0,High,Medium,Public,Neutral,3.0,No,Postgraduate,Near,Male,69
18.0,83.0,Medium,High,No,4.0,65.0,Low,Yes,3.0,Low,Medium,Public,Positive,4.0,No,College,Moderate,Male,68
28.0,66.0,Medium,Low,Yes,4.0,98.0,Medium,Yes,0.0,Medium,High,Public,Positive,3.0,No,High School,Near,Female,67
19.0,91.0,Medium,Low,No,6.0,58.0,High,Yes,2.0,Low,High,Public,Positive,3.0,No,College,Moderate,Male,68
29.0,73.0,Low,Low,Yes,7.0,63.0,Medium,Yes,1.0,Low,Medium,Public,Negative,4.0,No,Postgraduate,Far,Female,65
20.0,84.0,High,Medium,Yes,6.0,79.0,Medium,Yes,3.0,Medium,Medium,Public,Negative,3.0,No,College,Moderate,Male,69
24.0,89.0,Medium,Low,No,4.0,99.0,High,Yes,1.0,High,High,Private,Positive,3.0,No,Postgraduate,Near,Male,73
29.0,96.0,High,Medium,No,8.0,85.0,Low,Yes,3.0,High,Medium,Public,Neutral,3.0,No,Postgraduate,Near,Male,76
19.0,93.0,Medium,High,Yes,6.0,56.0,Medium,Yes,0.0,Low,High,Private,Negative,3.0,No,College,Near,Male,69
21.0,84.0,High,Low,Yes,8.0,87.0,Low,Yes,2.0,High,Medium,Public,Positive,1.0,No,Postgraduate,Far,Female,69
28.0,76.0,Medium,Medium,Yes,6.0,71.0,Medium,Yes,3.0,Low,Medium,Private,Positive,2.0,No,High School,Far,Female,68
19.0,80.0,High,High,Yes,6.0,100.0,Medium,Yes,1.0,Medium,Medium,Public,Positive,3.0,No,High School,Near,Male,70
12.0,91.0,Medium,Low,Yes,8.0,81.0,Low,Yes,0.0,Low,Low,Public,Positive,4.0,No,High School,Moderate,Male,64
33.0,95.0,Low,Low,Yes,6.0,77.0,Low,Yes,2.0,High,High,Private,Positive,3.0,No,High School,Moderate,Female,73
17.0,64.0,Medium,Medium,Yes,7.0,78.0,High,Yes,1.0,Medium,Medium,Public,Positive,3.0,No,High School,Near,Male,64
21.0,75.0,Medium,Low,Yes,7.0,82.0,Medium,Yes,1.0,Medium,Medium,Public,Negative,4.0,No,High School,Near,Male,65
27.0,91.0,Low,High,No,5.0,87.0,Medium,No,0.0,Medium,Medium,Public,Negative,3.0,No,High School,Near,Female,69
16.0,77.0,Medium,Low,Yes,8.0,54.0,Medium,No,0.0,Medium,Medium,Public,Negative,3.0,No,Postgraduate,Near,Male,62
14.0,73.0,High,Medium,Yes,6.0,57.0,High,Yes,2.0,Medium,Medium,Public,Neutral,4.0,No,High School,Moderate,Female,64
22.0,76.0,Low,High,No,5.0,65.0,Low,Yes,0.0,Medium,High,Public,Neutral,3.0,No,High School,Far,Female,64
9.0,84.0,Medium,Medium,No,6.0,74.0,Medium,Yes,5.0,High,,Public,Neutral,2.0,No,High School,Near,Male,67
18.0,100.0,Medium,Low,Yes,8.0,66.0,High,No,3.0,Low,Medium,Public,Negative,3.0,No,College,Near,Male,69
21.0,80.0,Medium,Low,Yes,5.0,61.0,Medium,Yes,2.0,High,Medium,Public,Positive,3.0,No,High School,Near,Male,67
18.0,68.0,Low,High,No,8.0,96.0,Medium,Yes,1.0,High,Medium,Public,Neutral,3.0,No,High School,Moderate,Male,65
11.0,67.0,Medium,High,No,8.0,52.0,High,Yes,3.0,High,High,Public,Negative,3.0,No,College,Moderate,Female,63
30.0,62.0,Low,Low,Yes,7.0,97.0,Medium,Yes,0.0,High,Medium,Private,Neutral,5.0,No,College,Near,Female,66
21.0,82.0,Medium,High,No,7.0,95.0,High,Yes,1.0,High,Medium,Public,Negative,3.0,No,High School,Near,Male,70
29.0,82.0,Medium,High,No,7.0,84.0,Low,Yes,1.0,Low,Medium,Private,Positive,2.0,No,High School,Near,Male,70
18.0,68.0,High,High,Yes,8.0,52.0,High,Yes,0.0,High,High,Public,Positive,3.0,No,College,Near,Male,67
15.0,88.0,Low,Medium,Yes,6.0,61.0,Medium,Yes,0.0,High,Medium,Public,Neutral,4.0,Yes,Postgraduate,Far,Male,65
22.0,90.0,Low,High,No,5.0,99.0,Medium,Yes,1.0,Low,Low,Private,Positive,2.0,No,College,,Female,70
19.0,70.0,Medium,Medium,Yes,7.0,95.0,High,No,0.0,Medium,High,Private,Positive,3.0,No,College,Near,Female,66
13.0,74.0,Medium,High,Yes,8.0,98.0,High,Yes,1.0,High,High,Public,Negative,2.0,No,High School,Near,Male,66
29.0,100.0,Medium,Low,Yes,8.0,100.0,Low,Yes,0.0,Low,Medium,Private,Neutral,5.0,Yes,High School,Near,Male,72
16.0,75.0,High,Low,Yes,10.0,53.0,High,Yes,0.0,Low,Low,Public,Positive,4.0,No,College,Near,Female,64
9.0,90.0,High,High,Yes,7.0,79.0,Low,Yes,4.0,High,High,Public,Positive,4.0,No,High School,,Male,70
28.0,78.0,Medium,High,No,7.0,92.0,Low,Yes,1.0,Medium,High,Public,Positive,3.0,No,Postgraduate,Moderate,Female,71
17.0,92.0,Medium,Medium,No,7.0,66.0,Low,Yes,2.0,Low,,Public,Negative,3.0,No,High School,Near,Male,66
16.0,91.0,High,Medium,Yes,6.0,72.0,High,Yes,0.0,High,High,Public,Negative,2.0,No,Postgraduate,Near,Female,70
9.0,87.0,Low,Medium,Yes,6.0,64.0,Medium,Yes,1.0,High,Medium,Public,Neutral,2.0,No,High School,Near,Female,64
30.0,94.0,Medium,Low,No,5.0,52.0,Low,No,3.0,High,Medium,Private,Neutral,2.0,No,Postgraduate,Moderate,Female,70
12.0,98.0,Medium,Low,Yes,4.0,54.0,Medium,Yes,2.0,Medium,High,Private,Neutral,3.0,No,High School,Near,Female,67
20.0,83.0,Medium,Low,No,6.0,51.0,Low,Yes,2.0,Medium,Medium,Public,Neutral,4.0,No,High School,Moderate,Female,65
25.0,69.0,High,Medium,No,7.0,76.0,Medium,Yes,1.0,High,Medium,Public,Positive,2.0,No,High School,Near,Female,68
23.0,76.0,High,Medium,No,8.0,81.0,Medium,Yes,3.0,Low,High,Public,Positive,2.0,No,High School,Near,Female,69
20.0,90.0,Medium,Low,Yes,6.0,65.0,Low,Yes,3.0,Low,Medium,Public,Negative,2.0,No,Postgraduate,Near,Female,68
10.0,86.0,High,High,Yes,6.0,91.0,High,Yes,2.0,Low,Medium,Private,Positive,3.0,No,High School,Far,Female,68
15.0,67.0,Medium,Low,Yes,9.0,94.0,Medium,Yes,0.0,Medium,Medium,Public,Positive,4.0,No,Postgraduate,Near,Male,64
25.0,73.0,Medium,Medium,Yes,7.0,56.0,Medium,Yes,2.0,High,Medium,Public,Neutral,4.0,No,High School,Near,Female,93
23.0,83.0,High,High,Yes,4.0,89.0,Low,Yes,1.0,Medium,Medium,Public,Negative,3.0,No,High School,Far,Male,99
14.0,77.0,Low,High,No,6.0,75.0,Medium,Yes,1.0,Medium,High,Public,Neutral,4.0,Yes,High School,Near,Female,89
7.0,63.0,High,High,Yes,10.0,90.0,Medium,Yes,0.0,Low,Medium,Private,Positive,2.0,Yes,High School,Moderate,Male,86
11.0,62.0,High,Medium,Yes,7.0,76.0,High,Yes,3.0,High,Medium,Private,Neutral,3.0,Yes,High School,Moderate,Male,88
18.0,93.0,Medium,Medium,No,7.0,76.0,Low,Yes,2.0,Medium,Medium,Private,Neutral,4.0,No,High School,Near,Female,96
30.0,98.0,Medium,Low,Yes,9.0,93.0,Medium,Yes,1.0,Low,Low,Private,Positive,3.0,No,High School,Near,Male,88
30.0,98.0,Medium,Low,Yes,9.0,93.0,Medium,Yes,1.0,Low,Low,Private,Positive,3.0,No,High School,Near,Male,88
14.0,90.0,High,High,Yes,8.0,86.0,Medium,Yes,4.0,Medium,Medium,Private,Negative,2.0,No,High School,Near,Female,99
14.0,90.0,High,High,Yes,8.0,86.0,Medium,Yes,4.0,Medium,Medium,Private,Negative,2.0,No,High School,Near,Female,99
1.0,88.0,Medium,High,Yes,3.0,69.0,High,Yes,3.0,Medium,Medium,Private,Negative,2.0,No,College,Near,Male,92
25.0,69.0,High,High,No,8.0,90.0,Low,No,0.0,Medium,Medium,Public,Negative,3.0,No,Postgraduate,Near,Female,93
17.0,93.0,Medium,Medium,No,7.0,70.0,Low,Yes,2.0,Medium,Medium,Private,Neutral,3.0,No,High School,Near,Female,96
5.0,62.0,Medium,Low,No,6.0,66.0,Medium,Yes,1.0,Low,Medium,Public,Negative,3.0,No,High School,Near,Male,54
4.0,65.0,Low,High,No,7.0,69.0,Medium,Yes,1.0,Low,Medium,Private,Negative,2.0,No,College,Far,Male,54
9.0,58.0,High,Low,Yes,8.0,68.0,High,Yes,0.0,Low,Medium,Public,Negative,2.0,Yes,College,Moderate,Male,57
12.0,67.0,Low,Low,No,8.0,68.0,Low,Yes,1.0,Low,Medium,Public,Neutral,4.0,No,High School,Far,Female,55
9.0,64.0,Medium,Low,Yes,9.0,66.0,Low,Yes,0.0,Medium,Medium,Private,Negative,3.0,No,High School,Near,Male,57
2.0,61.0,Medium,Low,Yes,7.0,77.0,Low,Yes,1.0,Low,Medium,Public,Positive,1.0,No,Postgraduate,Near,Female,54
4.0,68.0,High,Low,No,9.0,93.0,Low,No,2.0,Medium,High,Private,Negative,3.0,No,High School,Moderate,Female,58
13.0,61.0,High,Low,No,7.0,68.0,Low,No,1.0,Medium,Medium,Public,Neutral,2.0,No,High School,Near,Male,58
4.0,60.0,Low,High,Yes,7.0,71.0,High,Yes,0.0,Low,Low,Public,Positive,1.0,No,High School,Near,Male,58
13.0,61.0,Medium,Medium,No,5.0,82.0,Low,No,0.0,Low,Medium,Public,Neutral,0.0,No,High School,Near,Female,58
3.0,62.0,Medium,Medium,No,6.0,78.0,High,Yes,3.0,High,,Public,Neutral,2.0,No,High School,Near,Female,58
3.0,67.0,Medium,Medium,No,6.0,73.0,Low,Yes,1.0,Low,Medium,Private,Positive,2.0,No,College,Moderate,Male,58
7.0,62.0,High,Medium,Yes,8.0,51.0,Low,Yes,0.0,Medium,Low,Public,Positive,3.0,No,College,Moderate,Male,58
12.0,61.0,Medium,Low,No,6.0,52.0,Low,Yes,2.0,Low,Medium,Public,Positive,2.0,No,High School,Moderate,Female,58
17.0,60.0,Medium,Low,No,6.0,66.0,Medium,Yes,0.0,Low,Medium,Public,Positive,2.0,No,High School,Far,Female,58
11.0,64.0,Medium,Low,Yes,7.0,67.0,High,No,1.0,Medium,Medium,Public,Neutral,2.0,Yes,College,Near,Male,58
9.0,61.0,Low,High,Yes,7.0,53.0,Medium,Yes,0.0,Medium,Medium,Public,Positive,2.0,Yes,High School,Far,Male,58
3.0,79.0,Low,Medium,Yes,7.0,65.0,Low,Yes,0.0,Medium,Medium,Public,Negative,3.0,No,College,Far,Female,58
13.0,64.0,Medium,High,No,6.0,57.0,Low,Yes,1.0,Low,Low,Public,Neutral,3.0,Yes,High School,Far,Female,58
11.0,63.0,Medium,High,Yes,9.0,52.0,High,Yes,0.0,Low,Low,Public,Negative,3.0,Yes,College,Moderate,Male,58
3.0,60.0,Medium,Medium,Yes,5.0,76.0,High,No,1.0,Medium,High,Private,Neutral,4.0,No,High School,Moderate,Female,58
3.0,70.0,Medium,Medium,Yes,7.0,58.0,Medium,Yes,0.0,Medium,Medium,Private,Neutral,2.0,No,High School,Moderate,Male,58
6.0,73.0,Medium,Medium,No,8.0,93.0,Low,Yes,1.0,Low,Medium,Private,Neutral,2.0,Yes,High School,Far,Female,58
15.0,60.0,High,Medium,No,7.0,63.0,Low,Yes,0.0,High,Medium,Public,Positive,1.0,Yes,High School,Far,Female,58
11.0,69.0,Low,Medium,Yes,8.0,65.0,Low,Yes,0.0,Low,High,Public,Negative,2.0,No,College,Moderate,Male,58
10.0,64.0,Medium,Low,No,9.0,76.0,Low,Yes,1.0,Low,Medium,Private,Positive,2.0,No,High School,Near,Female,58
13.0,60.0,Low,Medium,No,5.0,67.0,High,Yes,1.0,Low,Medium,Public,Neutral,4.0,Yes,High School,Far,Male,58
4.0,60.0,Medium,Medium,Yes,7.0,55.0,Medium,Yes,2.0,Low,High,Public,Neutral,2.0,No,High School,Near,Male,58
