Hours_Studied,Attendance,Parental_Involvement,Access_to_Resources,Extra,Sleep_Hours,Previous_Scores,Motivation_Level,Internet_Access,Tutoring_Sessions,Family_Income,Teacher_Quality,School_Type,Peer_Influence,Physical_Activity,Learning_Disabilities,Parental_Education_Level,Distance_from_Home,Gender,Exam_Score,Rendimiento
23.0,84.0,Low,High,No,7.0,73.0,Low,Yes,0.0,Low,Medium,Public,Positive,3.0,No,High School,Near,Male,67,Medio
19.0,64.0,Low,Medium,No,8.0,59.0,Low,Yes,2.0,Medium,Medium,Public,Negative,4.0,No,High School,Near,Female,61,Bajo
24.0,98.0,Medium,Medium,Yes,7.0,91.0,Medium,Yes,2.0,Medium,Medium,Public,Neutral,4.0,No,High School,Near,Male,74,Alto
29.0,89.0,Low,Medium,Yes,8.0,98.0,Medium,Yes,1.0,Medium,Medium,Public,Negative,4.0,No,High School,Near,Male,71,Alto
19.0,92.0,Medium,Medium,Yes,6.0,65.0,Medium,Yes,3.0,Medium,Medium,Public,Neutral,4.0,No,High School,Near,Female,70,Alto
19.0,88.0,Medium,Medium,Yes,8.0,89.0,Medium,Yes,3.0,Medium,Medium,Public,Positive,3.0,No,High School,Near,Male,71,Alto
29.0,84.0,Medium,Low,Yes,7.0,68.0,Low,Yes,1.0,Low,Medium,Private,Neutral,2.0,No,High School,Near,Male,67,Medio
25.0,78.0,Low,High,Yes,6.0,50.0,Medium,Yes,1.0,High,Medium,Public,Negative,2.0,No,High School,Near,Male,66,Bajo
17.0,94.0,Medium,High,No,6.0,80.0,High,Yes,0.0,Medium,Medium,Private,Neutral,1.0,No,High School,Near,Male,69,Medio
23.0,98.0,Medium,Medium,Yes,8.0,71.0,Medium,Yes,0.0,High,Medium,Public,Positive,5.0,No,High School,Near,Male,72,Alto
17.0,80.0,Low,High,No,8.0,88.0,Medium,No,4.0,Medium,Medium,Private,Neutral,4.0,No,High School,Near,Male,68,Medio
17.0,97.0,Medium,High,Yes,6.0,87.0,Low,Yes,2.0,Low,Medium,Private,Neutral,2.0,No,High School,Near,Male,71,Alto
21.0,83.0,Medium,Medium,Yes,8.0,97.0,Low,Yes,2.0,Medium,Medium,Public,Positive,4.0,No,High School,Near,Male,70,Alto
9.0,82.0,Medium,Medium,Yes,8.0,72.0,Medium,Yes,2.0,Medium,Medium,Private,Positive,3.0,No,High School,Near,Male,66,Bajo
10.0,78.0,Medium,High,Yes,8.0,74.0,Medium,Yes,1.0,Low,Medium,Private,Neutral,4.0,No,High School,Near,Male,65,Bajo
17.0,68.0,Medium,Medium,No,8.0,70.0,Medium,Yes,2.0,Medium,Medium,Private,Positive,4.0,No,High School,Near,Female,64,Bajo
14.0,60.0,Medium,Low,Yes,10.0,65.0,Low,Yes,0.0,High,Medium,Private,Positive,3.0,No,High School,Near,Male,60,Bajo
22.0,70.0,Low,Medium,Yes,6.0,82.0,Medium,Yes,1.0,Low,Medium,Public,Neutral,3.0,No,High School,Near,Female,65,Bajo
15.0,80.0,Medium,Medium,Yes,9.0,91.0,Low,Yes,3.0,Low,Medium,Public,Positive,2.0,No,High School,Near,Female,67,Medio
12.0,75.0,Medium,High,Yes,7.0,58.0,Medium,Yes,3.0,Medium,Medium,Private,Positive,4.0,No,High School,Near,Male,66,Bajo
29.0,78.0,Medium,Medium,No,5.0,99.0,High,Yes,0.0,High,Medium,Public,Negative,1.0,No,High School,Near,Female,69,Medio
19.0,99.0,Medium,High,No,6.0,84.0,Medium,Yes,1.0,Medium,Medium,Public,Neutral,3.0,No,High School,Near,Male,72,Alto
20.0,74.0,Medium,High,No,8.0,89.0,Low,Yes,1.0,Medium,Medium,Public,Negative,2.0,No,High School,Near,Female,66,Bajo
11.0,78.0,High,Medium,Yes,8.0,100.0,High,Yes,1.0,Low,Medium,Public,Neutral,3.0,No,High School,Near,Male,66,Bajo
17.0,65.0,Low,High,Yes,5.0,75.0,Medium,Yes,2.0,Low,Medium,Public,Positive,3.0,No,High School,Near,Female,63,Bajo
21.0,62.0,High,Low,Yes,6.0,54.0,High,Yes,0.0,High,Medium,Public,Positive,3.0,No,High School,Near,Male,64,Bajo
13.0,91.0,Low,Medium,No,6.0,90.0,Medium,Yes,1.0,High,Medium,Public,Negative,2.0,Yes,High School,Near,Female,65,Bajo
22.0,83.0,High,High,Yes,6.0,94.0,Medium,Yes,0.0,High,Medium,Public,Neutral,2.0,No,High School,Near,Male,71,Alto
16.0,90.0,Medium,Medium,No,4.0,58.0,Medium,Yes,1.0,Low,Medium,Public,Neutral,3.0,No,High School,Near,Female,66,Bajo
18.0,66.0,High,High,No,4.0,51.0,Low,Yes,2.0,Low,Medium,Private,Neutral,2.0,No,High School,Near,Male,64,Bajo
16.0,83.0,Low,Medium,No,6.0,57.0,Medium,Yes,0.0,High,Medium,Public,Positive,4.0,Yes,High School,Near,Female,63,Bajo
31.0,70.0,Medium,High,Yes,7.0,66.0,Medium,Yes,1.0,High,Medium,Public,Negative,3.0,No,High School,Near,Male,69,Medio
20.0,69.0,Medium,Medium,Yes,8.0,96.0,Medium,Yes,2.0,Medium,Medium,Public,Positive,3.0,No,High School,Near,Male,67,Medio
14.0,60.0,High,Medium,No,5.0,50.0,Medium,Yes,2.0,Medium,Medium,Public,Neutral,3.0,No,High School,Near,Female,61,Bajo
25.0,65.0,High,Medium,No,5.0,90.0,Medium,Yes,2.0,Medium,Medium,Public,Positive,3.0,No,High School,Near,Female,68,Medio
13.0,72.0,Low,Medium,No,6.0,93.0,Low,Yes,1.0,Low,Medium,Public,Negative,3.0,No,High School,Near,Male,61,Bajo
21.0,65.0,Medium,Low,Yes,7.0,91.0,Low,Yes,2.0,Medium,Medium,Public,Positive,3.0,No,High School,Near,Female,64,Bajo
8.0,99.0,Medium,Medium,No,9.0,54.0,Low,Yes,2.0,Low,Medium,Public,Neutral,5.0,No,High School,Near,Female,67,Medio
12.0,72.0,Low,Medium,Yes,8.0,84.0,Medium,Yes,1.0,Low,Medium,Public,Positive,5.0,No,High School,Near,Female,63,Bajo
21.0,65.0,Low,Medium,Yes,6.0,98.0,Low,Yes,1.0,Medium,Medium,Public,Negative,4.0,No,High School,Near,Male,64,Bajo
24.0,68.0,High,Medium,No,8.0,56.0,Low,Yes,3.0,High,Medium,Public,Neutral,1.0,No,High School,Near,Male,67,Medio
21.0,84.0,Medium,Medium,Yes,6.0,52.0,Low,Yes,1.0,Medium,Medium,Public,Neutral,2.0,Yes,High School,Near,Female,65,Bajo
19.0,63.0,Low,High,No,7.0,94.0,Medium,Yes,1.0,Medium,Medium,Private,Positive,3.0,No,High School,Near,Male,64,Bajo
18.0,94.0,Medium,High,Yes,7.0,82.0,Medium,Yes,3.0,Medium,Medium,Private,Negative,2.0,Yes,High School,Near,Male,70,Alto
11.0,98.0,Medium,Medium,Yes,9.0,82.0,Low,Yes,1.0,Medium,Medium,Private,Positive,3.0,No,High School,Near,Male,68,Medio
16.0,70.0,Medium,Medium,Yes,8.0,98.0,Medium,Yes,2.0,Medium,Medium,Public,Positive,3.0,No,High School,Near,Male,65,Bajo
17.0,78.0,Medium,Medium,Yes,6.0,88.0,Medium,Yes,1.0,Medium,Medium,Private,Positive,3.0,No,High School,Near,Female,68,Medio
26.0,61.0,Medium,Low,Yes,6.0,70.0,Medium,Yes,2.0,Low,Medium,Public,Positive,3.0,No,High School,Near,Female,64,Bajo
22.0,86.0,Low,Medium,Yes,7.0,72.0,Low,Yes,3.0,Low,Medium,Public,Positive,2.0,No,High School,Near,Male,68,Medio
9.0,77.0,Medium,Medium,No,5.0,57.0,Medium,Yes,2.0,Medium,Medium,Public,Neutral,3.0,No,High School,Near,Male,63,Bajo
22.0,71.0,Low,Medium,Yes,7.0,65.0,Low,Yes,1.0,Medium,Medium,Public,Positive,4.0,No,High School,Near,Male,64,Bajo
18.0,68.0,High,Medium,No,7.0,72.0,Medium,Yes,0.0,Medium,Medium,Public,Neutral,3.0,No,High School,Near,Male,64,Bajo
16.0,86.0,Low,Medium,Yes,8.0,63.0,Medium,Yes,2.0,Medium,Medium,Public,Positive,4.0,No,High School,Near,Male,67,Medio
24.0,77.0,High,Low,No,8.0,96.0,Medium,Yes,0.0,Medium,Medium,Public,Neutral,3.0,No,High School,Near,Female,67,Medio
26.0,67.0,Medium,High,Yes,7.0,51.0,Low,Yes,2.0,High,Medium,Private,Neutral,4.0,Yes,High School,Near,Female,66,Bajo
26.0,88.0,Medium,High,Yes,5.0,79.0,Medium,Yes,1.0,Low,Medium,Private,Positive,4.0,No,High School,Near,Male,72,Alto
15.0,83.0,Medium,High,No,5.0,89.0,Low,No,1.0,Medium,Medium,Public,Neutral,2.0,Yes,High School,Near,Female,65,Bajo
18.0,94.0,Medium,Medium,Yes,6.0,87.0,High,Yes,1.0,Medium,Medium,Public,Positive,4.0,No,High School,Near,Male,71,Alto
22.0,65.0,High,Low,No,8.0,82.0,Medium,Yes,2.0,Medium,Medium,Public,Positive,1.0,No,High School,Near,Female,66,Bajo
26.0,91.0,Medium,Low,Yes,8.0,71.0,Medium,Yes,0.0,Low,Medium,Private,Neutral,3.0,No,High School,Near,Male,68,Medio
17.0,87.0,Medium,Medium,No,7.0,96.0,Medium,Yes,1.0,High,Medium,Public,Negative,5.0,No,High School,Near,Female,70,Alto
19.0,65.0,Medium,Medium,Yes,10.0,66.0,Low,Yes,0.0,Low,Medium,Public,Positive,3.0,No,High School,Near,Male,62,Bajo
13.0,88.0,Low,High,Yes,9.0,88.0,High,Yes,2.0,Low,Medium,Private,Negative,4.0,No,High School,Near,Male,68,Medio
13.0,78.0,Medium,High,Yes,9.0,96.0,High,Yes,2.0,Low,Medium,Public,Neutral,3.0,No,High School,Near,Male,67,Medio
25.0,98.0,Low,High,Yes,8.0,56.0,Medium,No,0.0,Medium,Medium,Private,Neutral,3.0,No,High School,Near,Male,71,Alto
28.0,66.0,Medium,High,Yes,8.0,97.0,Medium,Yes,0.0,Medium,Medium,Public,Neutral,2.0,No,High School,Near,Male,68,Medio
20.0,86.0,Medium,Medium,Yes,8.0,89.0,Medium,Yes,1.0,Low,Medium,Public,Negative,3.0,No,High School,Near,Male,69,Medio
26.0,75.0,Low,High,Yes,4.0,81.0,High,Yes,3.0,Medium,Medium,Private,Positive,2.0,No,High School,Near,Male,70,Alto
22.0,98.0,Medium,High,No,5.0,69.0,Low,No,1.0,Low,Medium,Public,Negative,4.0,No,High School,Near,Female,69,Medio
16.0,73.0,Medium,Medium,No,7.0,95.0,Medium,Yes,1.0,Low,Medium,Public,Negative,4.0,No,High School,Near,Male,65,Bajo
22.0,98.0,Medium,Low,Yes,7.0,52.0,Medium,No,3.0,Medium,Medium,Public,Positive,3.0,No,High School,Near,Female,70,Alto
29.0,96.0,Medium,Low,Yes,7.0,72.0,Medium,Yes,1.0,Low,Medium,Public,Positive,3.0,No,High School,Near,Male,71,Alto
20.0,71.0,Medium,Medium,Yes,7.0,88.0,Medium,Yes,1.0,Low,Medium,Public,Neutral,4.0,No,High School,Near,Female,65,Bajo
29.0,92.0,Low,Medium,No,4.0,91.0,Medium,Yes,2.0,Medium,Medium,Public,Negative,1.0,No,High School,Near,Female,72,Alto
4.0,100.0,High,High,Yes,8.0,60.0,High,Yes,0.0,Medium,Medium,Private,Positive,4.0,No,High School,Near,Male,69,Medio
25.0,70.0,Medium,Medium,No,7.0,52.0,Medium,Yes,1.0,Medium,Medium,Public,Positive,3.0,No,High School,Near,Female,66,Bajo
21.0,77.0,Low,Medium,Yes,7.0,90.0,Medium,Yes,4.0,Medium,Medium,Private,Neutral,3.0,No,High School,Near,Male,68,Medio
18.0,81.0,High,Low,Yes,8.0,71.0,Medium,Yes,0.0,Medium,Medium,Public,Neutral,3.0,No,High School,Near,Female,65,Bajo
21.0,72.0,Medium,Medium,Yes,5.0,57.0,Medium,Yes,1.0,High,Medium,Public,Neutral,5.0,Yes,High School,Near,Male,64,Bajo
8.0,61.0,Medium,Medium,Yes,7.0,54.0,Medium,Yes,1.0,High,Medium,Public,Positive,3.0,No,High School,Near,Male,60,Bajo
19.0,69.0,Medium,High,Yes,7.0,82.0,High,Yes,1.0,Low,Medium,Public,Negative,2.0,No,High School,Near,Male,65,Bajo
22.0,71.0,High,Medium,No,6.0,79.0,High,Yes,1.0,Low,Medium,Public,Positive,3.0,No,High School,Near,Male,66,Bajo
29.0,78.0,High,High,Yes,4.0,93.0,Low,Yes,5.0,Medium,Medium,Public,Neutral,3.0,No,High School,Near,Male,74,Alto
17.0,67.0,Medium,Medium,Yes,5.0,52.0,High,Yes,2.0,Medium,Medium,Private,Negative,3.0,No,High School,Near,Female,62,Bajo
15.0,95.0,Medium,Medium,No,7.0,93.0,Medium,Yes,2.0,Low,Medium,Public,Positive,4.0,No,High School,Near,Male,70,Alto
17.0,88.0,Medium,High,Yes,7.0,94.0,Low,Yes,0.0,Medium,Medium,Public,Neutral,3.0,No,High School,Near,Male,69,Medio
25.0,63.0,Medium,High,Yes,7.0,72.0,Medium,Yes,3.0,Medium,Medium,Private,Negative,4.0,No,High School,Near,Male,67,Medio
22.0,86.0,Low,Low,No,6.0,54.0,Medium,Yes,2.0,Medium,Medium,Public,Neutral,0.0,No,High School,Near,Male,64,Bajo
17.0,86.0,Medium,High,No,5.0,97.0,High,Yes,3.0,High,Medium,Public,Neutral,3.0,No,High School,Near,Male,71,Alto
23.0,98.0,Medium,Low,Yes,7.0,54.0,Low,Yes,0.0,Medium,Medium,Public,Negative,3.0,No,High School,Near,Female,68,Medio
21.0,60.0,High,Medium,No,7.0,80.0,Medium,Yes,0.0,Medium,Medium,Public,Neutral,4.0,Yes,High School,Near,Male,64,Bajo
26.0,70.0,Medium,Low,Yes,8.0,75.0,Medium,Yes,1.0,Medium,Medium,Private,Neutral,4.0,Yes,High School,Near,Female,63,Bajo
16.0,97.0,Medium,Medium,Yes,6.0,92.0,Low,Yes,0.0,High,Medium,Private,Positive,4.0,No,High School,Near,Male,71,Alto
18.0,97.0,High,Medium,Yes,4.0,75.0,Low,Yes,0.0,Low,Medium,Public,Positive,3.0,No,High School,Near,Male,69,Medio
18.0,89.0,High,Medium,Yes,4.0,73.0,Medium,Yes,3.0,High,Medium,Private,Positive,2.0,No,High School,Near,Female,100,Alto
11.0,91.0,Medium,Medium,No,6.0,94.0,Medium,Yes,3.0,Medium,Medium,Public,Neutral,3.0,No,High School,Near,Male,68,Medio
22.0,64.0,Low,Medium,No,7.0,98.0,Low,No,1.0,Medium,Medium,Public,Negative,3.0,No,High School,Near,Male,62,Bajo
22.0,81.0,Medium,Medium,Yes,7.0,77.0,Low,Yes,2.0,Medium,Medium,Public,Positive,3.0,No,High School,Near,Female,68,Medio
20.0,69.0,High,High,Yes,6.0,73.0,Medium,Yes,2.0,Low,Medium,Private,Positive,3.0,No,High School,Near,Male,66,Bajo
19.0,67.0,Low,Medium,No,5.0,92.0,High,Yes,0.0,Medium,Medium,Public,Positive,3.0,No,High School,Near,Male,64,Bajo
12.0,92.0,Medium,Medium,No,4.0,92.0,High,Yes,2.0,Medium,Medium,Public,Neutral,3.0,Yes,High School,Near,Male,67,Medio
17.0,65.0,Medium,High,Yes,8.0,66.0,Medium,Yes,1.0,High,Medium,Public,Neutral,4.0,Yes,High School,Near,Female,65,Bajo
18.0,79.0,Medium,Medium,Yes,7.0,79.0,Medium,Yes,0.0,Low,Medium,Private,Neutral,3.0,No,High School,Near,Male,65,Bajo
15.0,98.0,High,Medium,No,6.0,58.0,High,Yes,0.0,Low,Medium,Public,Positive,3.0,No,High School,Near,Male,69,Medio
19.0,67.0,Medium,Medium,No,5.0,82.0,High,Yes,1.0,Low,Medium,Private,Negative,3.0,No,High School,Near,Male,63,Bajo
22.0,99.0,Medium,Low,Yes,6.0,92.0,Low,Yes,3.0,Medium,Medium,Public,Negative,4.0,No,High School,Near,Male,72,Alto
31.0,100.0,Medium,Medium,No,7.0,59.0,Medium,Yes,2.0,High,Medium,Public,Positive,5.0,No,High School,Near,Male,76,Alto
21.0,82.0,Medium,High,Yes,7.0,66.0,High,Yes,3.0,Low,Medium,Public,Positive,3.0,Yes,High School,Near,Female,69,Medio
22.0,67.0,Medium,Medium,Yes,7.0,72.0,High,Yes,3.0,Low,Medium,Public,Positive,2.0,No,High School,Near,Female,67,Medio
20.0,73.0,High,Medium,Yes,9.0,92.0,Medium,Yes,2.0,Medium,Medium,Public,Positive,3.0,No,High School,Near,Male,69,Medio
8.0,77.0,High,Medium,Yes,6.0,87.0,Medium,Yes,0.0,Low,Medium,Public,Neutral,2.0,No,High School,Near,Male,63,Bajo
20.0,72.0,Medium,Medium,No,9.0,66.0,Medium,Yes,3.0,Low,Medium,Private,Positive,3.0,No,High School,Near,Male,67,Medio
20.0,71.0,Low,High,Yes,7.0,62.0,High,Yes,2.0,Medium,Medium,Public,Negative,5.0,No,High School,Near,Male,66,Bajo
35.0,99.0,High,High,Yes,7.0,85.0,Low,Yes,2.0,Medium,Medium,Private,Neutral,2.0,No,High School,Near,Female,79,Alto
19.0,66.0,Medium,Medium,No,8.0,74.0,Medium,Yes,1.0,High,Medium,Public,Neutral,3.0,No,High School,Near,Female,64,Bajo
22.0,89.0,High,High,Yes,6.0,80.0,Medium,Yes,1.0,High,Medium,Public,Positive,3.0,No,High School,Near,Female,73,Alto
20.0,60.0,Low,High,No,7.0,82.0,High,Yes,2.0,Low,Medium,Public,Positive,4.0,Yes,High School,Near,Male,63,Bajo
13.0,84.0,Medium,Medium,No,5.0,78.0,Medium,Yes,1.0,Low,Medium,Public,Positive,2.0,No,High School,Near,Male,65,Bajo
27.0,97.0,Low,High,Yes,8.0,81.0,Medium,Yes,0.0,High,Medium,Public,Positive,5.0,No,High School,Near,Female,73,Alto
25.0,72.0,High,High,Yes,8.0,94.0,Low,Yes,2.0,Low,Medium,Private,Positive,4.0,No,High School,Near,Female,70,Alto
25.0,67.0,High,Medium,No,9.0,93.0,High,Yes,2.0,Low,Medium,Public,Positive,3.0,Yes,High School,Near,Female,68,Medio
15.0,86.0,Medium,Medium,Yes,7.0,57.0,Medium,Yes,1.0,Medium,Medium,Public,Negative,3.0,No,High School,Near,Male,65,Bajo
28.0,89.0,Low,High,Yes,9.0,79.0,High,Yes,0.0,Low,Medium,Private,Positive,1.0,No,High School,Near,Female,71,Alto
12.0,88.0,Low,Medium,No,6.0,72.0,Low,Yes,2.0,Medium,Medium,Public,Positive,2.0,No,High School,Near,Male,64,Bajo
24.0,73.0,Medium,High,Yes,8.0,64.0,Medium,Yes,4.0,High,Medium,Private,Neutral,3.0,Yes,High School,Near,Male,68,Medio
33.0,70.0,Medium,Medium,Yes,6.0,82.0,Low,Yes,1.0,Low,Medium,Public,Neutral,4.0,No,High School,Near,Male,69,Medio
14.0,98.0,Medium,Medium,No,7.0,76.0,Medium,Yes,0.0,Medium,Medium,Private,Positive,4.0,No,High School,Near,Female,69,Medio
17.0,97.0,Medium,Medium,No,8.0,89.0,Medium,Yes,1.0,Low,Medium,Public,Neutral,4.0,No,High School,Near,Male,69,Medio
21.0,78.0,Medium,Medium,Yes,10.0,55.0,Medium,Yes,1.0,High,Medium,Private,Positive,2.0,No,High School,Near,Male,67,Medio
17.0,94.0,Low,Medium,Yes,8.0,65.0,Low,Yes,4.0,Medium,Medium,Public,Neutral,6.0,No,High School,Near,Female,68,Medio
11.0,78.0,Medium,High,Yes,8.0,51.0,Medium,Yes,2.0,Low,Medium,Public,Neutral,3.0,No,High School,Near,Male,64,Bajo
20.0,77.0,Medium,Medium,No,6.0,87.0,Low,Yes,0.0,Low,Medium,Public,Positive,4.0,No,High School,Near,Female,66,Bajo
14.0,66.0,High,Low,No,7.0,96.0,Medium,Yes,3.0,Low,Medium,Public,Negative,3.0,No,High School,Near,Male,63,Bajo
23.0,77.0,Medium,Medium,Yes,7.0,79.0,Medium,Yes,0.0,Low,Medium,Public,Neutral,2.0,No,High School,Near,Male,66,Bajo
14.0,81.0,Medium,Medium,No,9.0,81.0,Medium,Yes,1.0,Low,Medium,Private,Negative,3.0,No,High School,Near,Female,66,Bajo
29.0,61.0,Medium,High,Yes,7.0,52.0,Low,Yes,3.0,Low,Medium,Private,Positive,3.0,No,High School,Near,Female,67,Medio
15.0,78.0,High,High,No,9.0,75.0,Low,Yes,1.0,Low,Medium,Public,Negative,1.0,No,High School,Near,Male,65,Bajo
18.0,91.0,Low,Medium,Yes,5.0,76.0,Medium,Yes,1.0,Medium,Medium,Public,Neutral,3.0,No,High School,Near,Female,68,Medio
25.0,87.0,Medium,Low,No,9.0,52.0,High,Yes,1.0,Low,Medium,Private,Positive,2.0,No,High School,Near,Male,68,Medio
13.0,85.0,High,Medium,No,6.0,89.0,Medium,Yes,0.0,High,Medium,Private,Neutral,1.0,Yes,High School,Near,Male,65,Bajo
21.0,96.0,Medium,Medium,No,8.0,64.0,High,Yes,2.0,Medium,Medium,Public,Neutral,0.0,No,High School,Near,Male,71,Alto
28.0,61.0,Medium,High,No,6.0,86.0,High,Yes,1.0,Low,Medium,Private,Negative,3.0,Yes,High School,Near,Male,65,Bajo
10.0,82.0,Medium,Low,No,8.0,70.0,Medium,Yes,3.0,Low,Medium,Public,Positive,1.0,Yes,High School,Near,Female,64,Bajo
21.0,91.0,High,Medium,No,6.0,100.0,Medium,Yes,0.0,High,Medium,Private,Neutral,2.0,No,High School,Near,Female,72,Alto
22.0,82.0,Medium,Medium,No,9.0,61.0,Medium,Yes,2.0,Low,Medium,Public,Negative,2.0,Yes,High School,Near,Female,65,Bajo
25.0,73.0,Medium,High,No,8.0,53.0,High,No,0.0,Low,Medium,Private,Negative,5.0,No,High School,Near,Female,66,Bajo
13.0,65.0,Low,High,No,6.0,99.0,Medium,Yes,0.0,Low,Medium,Private,Negative,4.0,No,High School,Near,Male,61,Bajo
12.0,96.0,Low,High,Yes,8.0,62.0,Medium,Yes,2.0,Medium,Medium,Public,Negative,3.0,No,High School,Near,Female,68,Medio
23.0,79.0,High,High,Yes,8.0,82.0,Low,Yes,3.0,Medium,Medium,Public,Negative,3.0,Yes,High School,Near,Female,69,Medio
22.0,95.0,Medium,High,Yes,6.0,69.0,Medium,Yes,1.0,Low,Medium,Public,Positive,3.0,No,High School,Near,Female,72,Alto
22.0,83.0,Medium,High,Yes,5.0,82.0,Medium,Yes,2.0,Low,Medium,Public,Positive,3.0,No,High School,Near,Female,71,Alto
22.0,87.0,High,High,No,5.0,80.0,Low,Yes,2.0,Low,Medium,Public,Negative,3.0,No,High School,Near,Female,70,Alto
16.0,92.0,Medium,High,Yes,5.0,85.0,Low,Yes,1.0,Low,Medium,Public,Neutral,2.0,No,High School,Near,Male,68,Medio
21.0,86.0,Low,Medium,Yes,5.0,51.0,Medium,Yes,2.0,Low,Medium,Public,Positive,2.0,No,High School,Near,Female,67,Medio
22.0,76.0,Medium,Medium,Yes,8.0,92.0,Medium,Yes,1.0,Low,Medium,Public,Neutral,4.0,No,High School,Near,Female,68,Medio
16.0,81.0,Medium,Medium,Yes,8.0,74.0,Medium,Yes,3.0,Medium,Medium,Public,Positive,2.0,No,High School,Near,Female,68,Medio
31.0,92.0,Medium,Medium,Yes,4.0,76.0,Medium,Yes,2.0,Medium,Medium,Public,Positive,4.0,Yes,High School,Near,Male,72,Alto
23.0,75.0,Low,High,No,6.0,71.0,Low,Yes,0.0,Medium,Medium,Public,Neutral,2.0,No,High School,Near,Male,65,Bajo
13.0,76.0,Medium,High,No,5.0,99.0,Low,Yes,2.0,Medium,Medium,Private,Positive,4.0,No,High School,Near,Female,66,Bajo
24.0,64.0,Medium,Medium,Yes,8.0,90.0,High,Yes,0.0,Low,Medium,Public,Negative,3.0,No,High School,Near,Male,65,Bajo
14.0,97.0,Medium,Medium,Yes,6.0,66.0,Medium,Yes,2.0,Medium,Medium,Public,Negative,3.0,Yes,High School,Near,Female,67,Medio
25.0,64.0,Medium,High,No,5.0,89.0,Low,Yes,2.0,Medium,Medium,Public,Neutral,4.0,No,High School,Near,Male,66,Bajo
27.0,86.0,Medium,Medium,No,7.0,72.0,Low,Yes,1.0,Medium,Medium,Public,Positive,4.0,No,High School,Near,Male,69,Medio
15.0,77.0,Medium,Medium,Yes,8.0,94.0,Low,Yes,0.0,High,Medium,Public,Positive,3.0,No,High School,Near,Male,66,Bajo
26.0,76.0,Medium,High,Yes,6.0,52.0,Medium,Yes,4.0,High,Medium,Public,Neutral,3.0,No,High School,Near,Male,69,Medio
22.0,87.0,High,Low,Yes,7.0,68.0,Medium,No,0.0,Low,Medium,Public,Neutral,2.0,No,High School,Near,Male,67,Medio
25.0,63.0,High,Medium,Yes,6.0,71.0,Medium,Yes,1.0,Medium,Medium,Private,Positive,3.0,No,High School,Near,Male,66,Bajo
31.0,84.0,Medium,Medium,Yes,9.0,87.0,Medium,Yes,2.0,Low,Medium,Private,Neutral,3.0,No,High School,Near,Male,71,Alto
19.0,91.0,High,Low,No,6.0,59.0,Medium,Yes,5.0,Medium,Medium,Public,Neutral,4.0,No,High School,Near,Male,70,Alto
15.0,93.0,High,Medium,No,6.0,64.0,Medium,Yes,2.0,Medium,Medium,Public,Positive,4.0,No,High School,Near,Male,71,Alto
15.0,67.0,Medium,Medium,Yes,7.0,86.0,High,Yes,1.0,High,Medium,Private,Positive,3.0,No,High School,Near,Male,66,Bajo
15.0,96.0,Medium,Medium,No,7.0,54.0,High,No,3.0,Medium,Medium,Public,Negative,2.0,No,High School,Near,Male,67,Medio
20.0,86.0,High,Low,No,8.0,60.0,Medium,Yes,1.0,Medium,Medium,Public,Neutral,4.0,Yes,High School,Near,Female,66,Bajo
22.0,95.0,Medium,High,No,9.0,88.0,Low,Yes,0.0,Low,Medium,Public,Positive,2.0,No,High School,Near,Male,72,Alto
22.0,79.0,Medium,Medium,No,9.0,94.0,Medium,Yes,1.0,Medium,Medium,Public,Positive,3.0,No,High School,Near,Male,68,Medio
25.0,82.0,Medium,Medium,No,6.0,86.0,Medium,No,3.0,Low,Medium,Public,Positive,3.0,No,High School,Near,Female,69,Medio
20.0,97.0,Medium,Medium,Yes,7.0,76.0,Low,Yes,2.0,Low,Medium,Private,Positive,3.0,No,High School,Near,Male,71,Alto
29.0,96.0,Medium,Medium,Yes,9.0,55.0,Low,No,0.0,Medium,Medium,Public,Neutral,2.0,No,High School,Near,Female,70,Alto
18.0,78.0,Medium,Medium,No,9.0,91.0,High,Yes,2.0,High,Medium,Public,Neutral,4.0,No,High School,Near,Female,67,Medio
36.0,71.0,Medium,Medium,Yes,6.0,56.0,Medium,Yes,2.0,High,Medium,Public,Positive,2.0,No,High School,Near,Male,69,Medio
24.0,76.0,Low,High,No,8.0,69.0,Low,Yes,2.0,Medium,Medium,Public,Neutral,1.0,No,High School,Near,Male,65,Bajo
15.0,76.0,High,High,No,8.0,53.0,Medium,Yes,1.0,Low,Medium,Public,Neutral,4.0,No,High School,Near,Male,65,Bajo
14.0,71.0,Medium,Medium,Yes,8.0,85.0,Low,Yes,2.0,Medium,Medium,Public,Neutral,4.0,No,High School,Near,Male,64,Bajo
23.0,71.0,Low,Low,Yes,9.0,75.0,Low,Yes,1.0,Low,Medium,Public,Negative,2.0,No,High School,Near,Male,63,Bajo
19.0,94.0,Low,Medium,Yes,5.0,95.0,Medium,Yes,3.0,Low,Medium,Public,Positive,2.0,No,High School,Near,Male,69,Medio
24.0,63.0,Medium,Low,Yes,6.0,57.0,Medium,Yes,1.0,Low,Medium,Private,Neutral,5.0,No,High School,Near,Female,64,Bajo
23.0,87.0,High,High,Yes,8.0,91.0,High,Yes,0.0,High,Medium,Private,Positive,3.0,No,High School,Near,Male,72,Alto
20.0,67.0,Low,Medium,Yes,7.0,76.0,Medium,Yes,0.0,Medium,Medium,Public,Neutral,4.0,No,High School,Near,Male,63,Bajo
15.0,74.0,Low,High,Yes,4.0,68.0,Low,Yes,3.0,Low,Medium,Public,Positive,3.0,No,High School,Near,Female,64,Bajo
11.0,62.0,Medium,High,Yes,5.0,82.0,Medium,Yes,3.0,High,Medium,Private,Neutral,4.0,No,High School,Near,Male,64,Bajo
17.0,71.0,Medium,Medium,Yes,8.0,90.0,Medium,Yes,5.0,Medium,Medium,Public,Positive,1.0,No,High School,Near,Male,67,Medio
25.0,91.0,Medium,Medium,No,8.0,72.0,Low,Yes,2.0,Medium,Medium,Public,Positive,0.0,No,High School,Near,Male,71,Alto
21.0,95.0,Medium,Medium,No,5.0,62.0,High,Yes,1.0,Medium,Medium,Public,Positive,4.0,No,High School,Near,Male,70,Alto
13.0,69.0,Medium,Low,Yes,9.0,96.0,Low,Yes,0.0,High,Medium,Private,Neutral,4.0,No,High School,Near,Female,61,Bajo
21.0,79.0,Medium,High,Yes,7.0,66.0,Low,Yes,2.0,Low,Medium,Public,Negative,4.0,No,High School,Near,Male,67,Medio
22.0,79.0,High,Medium,No,5.0,100.0,Medium,Yes,4.0,High,Medium,Public,Negative,3.0,No,High School,Near,Male,72,Alto
15.0,95.0,Low,Low,Yes,6.0,88.0,Low,Yes,1.0,Low,Medium,Public,Negative,5.0,No,High School,Near,Male,66,Bajo
21.0,91.0,Medium,High,Yes,5.0,84.0,Medium,Yes,1.0,High,Medium,Public,Neutral,2.0,No,High School,Near,Male,70,Alto
20.0,81.0,High,Medium,Yes,6.0,51.0,High,No,3.0,Medium,Medium,Public,Neutral,4.0,Yes,High School,Near,Male,67,Medio
13.0,87.0,High,Low,Yes,4.0,72.0,Medium,Yes,2.0,Medium,Medium,Public,Neutral,3.0,No,High School,Near,Female,67,Medio
22.0,94.0,Low,Medium,Yes,7.0,75.0,High,Yes,2.0,High,Medium,Public,Neutral,2.0,No,High School,Near,Female,71,Alto
23.0,60.0,High,Medium,Yes,8.0,69.0,Medium,Yes,1.0,Low,Medium,Private,Positive,4.0,No,High School,Near,Male,66,Bajo
26.0,76.0,Medium,Medium,Yes,5.0,57.0,Medium,Yes,1.0,Medium,Medium,Public,Positive,4.0,No,High School,Near,Male,68,Medio
26.0,96.0,Medium,Medium,Yes,7.0,68.0,Medium,Yes,3.0,High,Medium,Private,Positive,3.0,No,High School,Near,Female,74,Alto
12.0,90.0,Medium,Low,Yes,6.0,54.0,Medium,No,1.0,High,Medium,Public,Neutral,3.0,No,High School,Near,Male,64,Bajo
14.0,82.0,Medium,Medium,No,8.0,65.0,Medium,Yes,1.0,Low,Medium,Private,Positive,3.0,No,High School,Near,Male,65,Bajo
23.0,81.0,Low,Medium,Yes,4.0,54.0,Medium,Yes,1.0,Low,Medium,Public,Neutral,3.0,No,High School,Near,Male,66,Bajo
23.0,74.0,Medium,High,Yes,8.0,88.0,Low,Yes,0.0,Medium,Medium,Public,Negative,3.0,Yes,High School,Near,Male,66,Bajo
23.0,81.0,Medium,Low,No,4.0,84.0,Medium,Yes,2.0,Medium,Medium,Public,Positive,5.0,No,High School,Near,Male,68,Medio
43.0,86.0,High,Medium,Yes,7.0,97.0,Medium,Yes,2.0,Medium,Medium,Public,Positive,1.0,No,High School,Near,Female,78,Alto
23.0,77.0,Medium,High,Yes,6.0,69.0,Low,Yes,1.0,Medium,Medium,Private,Positive,2.0,No,High School,Near,Female,67,Medio
27.0,89.0,Medium,High,Yes,6.0,89.0,Medium,Yes,3.0,Medium,Medium,Private,Positive,3.0,No,High School,Near,Male,74,Alto
26.0,94.0,Medium,High,No,5.0,79.0,High,Yes,1.0,Low,Medium,Public,Positive,2.0,No,High School,Near,Male,74,Alto
24.0,66.0,Medium,Low,No,9.0,82.0,Low,Yes,1.0,Medium,Medium,Public,Neutral,2.0,Yes,High School,Near,Female,62,Bajo
18.0,78.0,High,Medium,Yes,5.0,77.0,Medium,No,2.0,Medium,Medium,Public,Neutral,4.0,No,High School,Near,Male,66,Bajo
25.0,76.0,Medium,Medium,Yes,5.0,89.0,High,Yes,3.0,Medium,Medium,Public,Neutral,3.0,No,High School,Near,Female,69,Medio
15.0,87.0,Medium,High,Yes,10.0,52.0,Medium,Yes,2.0,Low,Medium,Private,Positive,3.0,No,High School,Near,Male,68,Medio
19.0,70.0,Medium,Low,No,7.0,54.0,High,Yes,0.0,Medium,Medium,Public,Positive,2.0,Yes,High School,Near,Male,89,Alto
17.0,86.0,High,Low,No,5.0,55.0,Low,No,2.0,High,Medium,Private,Neutral,4.0,No,High School,Near,Male,66,Bajo
20.0,95.0,Low,Medium,Yes,7.0,64.0,Low,No,2.0,Medium,Medium,Public,Neutral,3.0,No,High School,Near,Female,68,Medio
34.0,77.0,Medium,Low,Yes,7.0,80.0,Low,Yes,0.0,Medium,Medium,Public,Positive,3.0,No,High School,Near,Male,69,Medio
9.0,96.0,Medium,Medium,Yes,4.0,82.0,High,No,0.0,Low,Medium,Public,Positive,4.0,No,High School,Near,Male,67,Medio
24.0,100.0,High,High,Yes,6.0,86.0,Low,Yes,2.0,Medium,Medium,Private,Positive,5.0,No,High School,Near,Male,75,Alto
10.0,64.0,Medium,High,No,7.0,64.0,High,Yes,0.0,Medium,Medium,Public,Positive,4.0,Yes,High School,Near,Female,60,Bajo
17.0,69.0,High,Medium,Yes,9.0,83.0,Medium,Yes,2.0,Medium,Medium,Private,Positive,4.0,Yes,High School,Near,Female,66,Bajo
27.0,98.0,Low,High,Yes,7.0,56.0,Low,Yes,1.0,High,Medium,Private,Positive,3.0,No,High School,Near,Female,73,Alto
20.0,98.0,Medium,Low,No,7.0,50.0,Low,Yes,1.0,Medium,Medium,Private,Neutral,2.0,No,High School,Near,Female,68,Medio
14.0,64.0,Medium,Medium,Yes,6.0,85.0,Medium,Yes,0.0,Medium,Medium,Public,Neutral,3.0,No,High School,Near,Male,62,Bajo
16.0,61.0,Medium,Medium,No,9.0,86.0,Low,Yes,2.0,Low,Medium,Public,Positive,2.0,No,High School,Near,Male,62,Bajo
24.0,66.0,High,Low,Yes,8.0,81.0,High,Yes,1.0,Medium,Medium,Public,Neutral,4.0,No,High School,Near,Male,65,Bajo
16.0,100.0,High,Low,Yes,8.0,63.0,High,Yes,2.0,Low,Medium,Public,Negative,3.0,No,High School,Near,Male,69,Medio
21.0,67.0,Medium,Medium,No,7.0,96.0,Low,Yes,3.0,Low,Medium,Public,Neutral,2.0,No,High School,Near,Female,64,Bajo
20.0,80.0,Medium,High,No,5.0,94.0,Medium,Yes,0.0,Low,Medium,Private,Positive,4.0,Yes,High School,Near,Female,67,Medio
16.0,94.0,High,High,Yes,9.0,76.0,Medium,Yes,0.0,Low,Medium,Public,Neutral,2.0,No,High School,Near,Male,70,Alto
33.0,61.0,Medium,Medium,No,7.0,99.0,High,Yes,2.0,Medium,Medium,Public,Neutral,3.0,No,High School,Near,Female,70,Alto
24.0,84.0,High,Low,No,7.0,65.0,Low,Yes,3.0,Medium,Medium,Public,Positive,3.0,No,High School,Near,Female,69,Medio
8.0,71.0,High,Low,No,8.0,75.0,Medium,Yes,0.0,Medium,Medium,Public,Positive,3.0,No,High School,Near,Male,61,Bajo
21.0,94.0,Medium,Medium,No,7.0,96.0,Low,Yes,0.0,Medium,Medium,Private,Neutral,2.0,Yes,High School,Near,Male,69,Medio
16.0,71.0,High,Medium,Yes,5.0,73.0,Medium,Yes,1.0,Medium,Medium,Public,Neutral,0.0,Yes,High School,Near,Male,63,Bajo
25.0,87.0,Medium,Low,Yes,7.0,74.0,Low,Yes,0.0,Medium,Medium,Public,Neutral,4.0,Yes,High School,Near,Male,67,Medio
15.0,87.0,Low,Medium,No,4.0,54.0,Medium,Yes,1.0,Medium,Medium,Public,Neutral,6.0,No,High School,Near,Male,65,Bajo
19.0,69.0,Medium,Medium,Yes,7.0,61.0,High,Yes,3.0,High,Medium,Public,Neutral,4.0,No,High School,Near,Male,66,Bajo
23.0,61.0,Low,Medium,No,9.0,58.0,Medium,Yes,4.0,Medium,Medium,Public,Neutral,2.0,No,High School,Near,Male,63,Bajo
25.0,76.0,Medium,High,Yes,4.0,78.0,Medium,Yes,2.0,Medium,Medium,Private,Negative,3.0,No,High School,Near,Female,68,Medio
13.0,72.0,High,High,No,7.0,66.0,Medium,Yes,0.0,Low,Medium,Public,Neutral,4.0,No,High School,Near,Male,65,Bajo
18.0,92.0,Low,Medium,Yes,8.0,54.0,Medium,Yes,1.0,Medium,Medium,Public,Positive,3.0,No,High School,Near,Male,67,Medio
17.0,92.0,Low,Low,Yes,8.0,75.0,Medium,Yes,2.0,Medium,Medium,Public,Neutral,3.0,No,High School,Near,Female,68,Medio
16.0,78.0,Medium,High,No,6.0,83.0,Medium,Yes,0.0,Low,Medium,Public,Neutral,3.0,Yes,High School,Near,Male,64,Bajo
31.0,84.0,Medium,Medium,No,5.0,87.0,High,Yes,0.0,Medium,Medium,Private,Positive,3.0,No,High School,Near,Male,71,Alto
22.0,84.0,Medium,Medium,Yes,6.0,92.0,Low,Yes,0.0,Medium,Medium,Public,Neutral,5.0,No,High School,Near,Female,69,Medio
12.0,93.0,Medium,Medium,Yes,9.0,74.0,Low,Yes,1.0,Medium,Medium,Public,Neutral,3.0,No,High School,Near,Male,67,Medio
26.0,77.0,Low,Medium,No,4.0,70.0,Low,Yes,2.0,High,Medium,Public,Neutral,3.0,Yes,High School,Near,Female,65,Bajo
33.0,71.0,Low,Medium,No,5.0,84.0,Medium,Yes,1.0,Medium,Medium,Public,Positive,2.0,No,High School,Near,Male,68,Medio
26.0,71.0,High,Medium,Yes,6.0,51.0,Low,No,1.0,High,Medium,Private,Positive,3.0,No,High School,Near,Male,67,Medio
11.0,81.0,Medium,Medium,Yes,6.0,82.0,High,Yes,3.0,Medium,Medium,Public,Neutral,4.0,No,High School,Near,Male,67,Medio
17.0,78.0,Medium,High,Yes,7.0,70.0,Medium,No,2.0,Low,Medium,Public,Positive,3.0,No,High School,Near,Male,66,Bajo
28.0,78.0,High,Medium,No,9.0,73.0,High,Yes,2.0,Medium,Medium,Public,Neutral,4.0,No,High School,Near,Female,70,Alto
16.0,64.0,High,Low,Yes,5.0,65.0,Medium,Yes,3.0,Medium,Medium,Private,Positive,4.0,No,High School,Near,Female,65,Bajo
23.0,89.0,Low,Low,Yes,7.0,56.0,Low,Yes,4.0,Medium,Medium,Private,Positive,4.0,No,High School,Near,Female,69,Medio
25.0,69.0,Medium,Medium,Yes,7.0,70.0,Low,No,1.0,High,Medium,Public,Positive,4.0,No,High School,Near,Female,65,Bajo
14.0,68.0,High,Medium,No,6.0,65.0,Medium,Yes,1.0,High,Medium,Public,Neutral,3.0,Yes,High School,Near,Male,63,Bajo
20.0,77.0,Medium,Medium,No,5.0,98.0,Low,Yes,2.0,Low,Medium,Private,Neutral,2.0,No,High School,Near,Female,67,Medio
1.0,69.0,High,Medium,Yes,6.0,97.0,Medium,Yes,1.0,Low,Medium,Public,Positive,3.0,No,High School,Near,Female,61,Bajo
14.0,83.0,Medium,Low,Yes,6.0,82.0,Medium,Yes,0.0,Medium,Medium,Public,Positive,2.0,No,High School,Near,Female,65,Bajo
18.0,75.0,Low,High,Yes,8.0,95.0,Medium,Yes,1.0,Low,Medium,Public,Neutral,2.0,No,High School,Near,Female,66,Bajo
13.0,78.0,Medium,High,Yes,8.0,88.0,High,Yes,0.0,High,Medium,Public,Neutral,3.0,No,High School,Near,Male,66,Bajo
30.0,81.0,Medium,Low,Yes,5.0,67.0,Medium,Yes,1.0,High,Medium,Public,Negative,1.0,No,High School,Near,Male,69,Medio
11.0,68.0,Medium,Medium,No,6.0,80.0,Medium,Yes,2.0,Medium,Medium,Public,Positive,3.0,No,High School,Near,Female,63,Bajo
17.0,66.0,Low,High,No,6.0,61.0,Medium,Yes,1.0,High,Medium,Public,Positive,6.0,No,High School,Near,Male,65,Bajo
21.0,95.0,Low,Low,No,10.0,84.0,Low,Yes,0.0,High,Medium,Public,Neutral,4.0,Yes,High School,Near,Male,67,Medio
29.0,77.0,High,High,Yes,7.0,52.0,Medium,Yes,2.0,High,Medium,Public,Negative,3.0,Yes,High School,Near,Female,69,Medio
11.0,76.0,Low,Medium,Yes,5.0,92.0,Medium,Yes,4.0,Medium,Medium,Public,Negative,2.0,No,High School,Near,Male,65,Bajo
27.0,61.0,Medium,Medium,No,6.0,79.0,Medium,Yes,1.0,Low,Medium,Public,Positive,3.0,No,High School,Near,Male,65,Bajo
20.0,80.0,High,Low,Yes,6.0,53.0,Medium,Yes,0.0,Low,Medium,Public,Neutral,2.0,No,High School,Near,Male,65,Bajo
14.0,82.0,Medium,High,Yes,8.0,94.0,Low,Yes,2.0,Low,Medium,Public,Negative,5.0,No,High School,Near,Female,67,Medio
23.0,82.0,Low,Medium,Yes,8.0,94.0,Medium,Yes,1.0,Medium,Medium,Public,Negative,2.0,Yes,High School,Near,Male,66,Bajo
21.0,88.0,Medium,High,No,7.0,93.0,Medium,Yes,4.0,Low,Medium,Public,Positive,3.0,No,High School,Near,Female,72,Alto
16.0,67.0,Medium,High,No,7.0,89.0,High,Yes,3.0,Low,Medium,Public,Positive,3.0,No,High School,Near,Male,66,Bajo
20.0,70.0,Medium,Medium,Yes,7.0,84.0,Low,No,2.0,Medium,Medium,Private,Neutral,4.0,No,High School,Near,Male,65,Bajo
18.0,92.0,High,Medium,Yes,7.0,70.0,Medium,Yes,1.0,Low,Medium,Public,Neutral,3.0,No,High School,Near,Male,69,Medio
21.0,98.0,Medium,Low,No,4.0,57.0,Medium,Yes,2.0,High,Medium,Public,Neutral,2.0,No,High School,Near,Female,68,Medio
24.0,65.0,Medium,Low,No,7.0,64.0,Low,Yes,1.0,High,Medium,Public,Neutral,1.0,No,High School,Near,Male,64,Bajo
30.0,80.0,Low,High,No,6.0,67.0,Medium,Yes,3.0,Medium,Medium,Public,Negative,4.0,No,High School,Near,Female,69,Medio
13.0,69.0,Medium,Low,Yes,5.0,68.0,Low,Yes,0.0,High,Medium,Public,Positive,1.0,Yes,High School,Near,Female,59,Bajo
33.0,62.0,High,Medium,Yes,10.0,78.0,Medium,Yes,0.0,Medium,Medium,Private,Positive,3.0,No,High School,Near,Female,68,Medio
8.0,73.0,Medium,Medium,No,7.0,60.0,Medium,No,0.0,High,Medium,Private,Neutral,3.0,No,High School,Near,Female,60,Bajo
19.0,66.0,Medium,High,No,7.0,59.0,Medium,Yes,1.0,High,Medium,Public,Negative,3.0,No,High School,Near,Male,62,Bajo
24.0,88.0,Low,Medium,Yes,6.0,86.0,Low,Yes,0.0,Low,Medium,Public,Negative,3.0,No,High School,Near,Male,67,Medio
22.0,81.0,Low,High,Yes,8.0,50.0,High,Yes,4.0,Medium,Medium,Private,Positive,5.0,No,High School,Near,Female,68,Medio
16.0,66.0,Medium,High,Yes,5.0,57.0,High,Yes,3.0,Medium,Medium,Public,Positive,3.0,No,High School,Near,Female,64,Bajo
19.0,60.0,Medium,High,Yes,7.0,72.0,High,Yes,3.0,Low,Medium,Public,Positive,3.0,No,High School,Near,Female,65,Bajo
17.0,92.0,Low,Low,Yes,6.0,57.0,Medium,Yes,2.0,Medium,Medium,Private,Positive,2.0,Yes,High School,Near,Female,65,Bajo
16.0,67.0,High,Medium,No,8.0,98.0,Medium,Yes,0.0,Low,Medium,Public,Neutral,3.0,No,High School,Near,Female,63,Bajo
25.0,84.0,Medium,Low,Yes,6.0,84.0,Low,Yes,2.0,Medium,Medium,Public,Positive,3.0,No,High School,Near,Male,70,Alto
22.0,73.0,Low,Medium,Yes,9.0,72.0,Low,Yes,3.0,Medium,Medium,Public,Positive,3.0,No,High School,Near,Female,66,Bajo
16.0,83.0,Medium,High,Yes,7.0,56.0,Low,Yes,4.0,High,Medium,Public,Positive,3.0,No,High School,Near,Female,68,Medio
25.0,73.0,Low,Low,No,8.0,69.0,Medium,Yes,3.0,Medium,Medium,Private,Positive,3.0,No,High School,Near,Female,66,Bajo
22.0,63.0,Low,Low,No,8.0,83.0,Medium,Yes,3.0,Medium,Medium,Private,Negative,1.0,No,High School,Near,Male,63,Bajo
25.0,69.0,High,Medium,Yes,9.0,98.0,Medium,Yes,1.0,Low,Medium,Public,Negative,3.0,Yes,High School,Near,Female,66,Bajo
24.0,68.0,Medium,Medium,Yes,6.0,74.0,Medium,Yes,1.0,Medium,Medium,Public,Neutral,3.0,No,High School,Near,Female,65,Bajo
15.0,77.0,Medium,Medium,Yes,8.0,85.0,High,Yes,1.0,Low,Medium,Public,Positive,2.0,No,High School,Near,Male,66,Bajo
17.0,86.0,High,Low,Yes,4.0,60.0,High,Yes,2.0,High,Medium,Private,Positive,3.0,Yes,High School,Near,Female,67,Medio
24.0,71.0,Medium,Medium,Yes,7.0,81.0,Medium,Yes,0.0,Low,Medium,Private,Positive,3.0,No,High School,Near,Male,66,Bajo
24.0,60.0,Low,Medium,No,6.0,62.0,High,Yes,4.0,Low,Medium,Public,Negative,3.0,No,High School,Near,Female,63,Bajo
20.0,81.0,Medium,Medium,Yes,5.0,60.0,Low,Yes,3.0,Medium,Medium,Public,Positive,4.0,Yes,High School,Near,Male,66,Bajo
21.0,84.0,Medium,Medium,No,6.0,75.0,Low,No,1.0,High,Medium,Public,Positive,3.0,No,High School,Near,Male,67,Medio
28.0,99.0,Medium,Medium,Yes,6.0,61.0,Medium,No,1.0,Low,Medium,Public,Positive,3.0,No,High School,Near,Male,71,Alto
16.0,84.0,Medium,High,Yes,7.0,86.0,Medium,Yes,1.0,Low,Medium,Private,Neutral,2.0,No,High School,Near,Female,67,Medio
23.0,79.0,Medium,High,Yes,6.0,97.0,Medium,Yes,1.0,High,Medium,Public,Neutral,4.0,No,High School,Near,Male,69,Medio
19.0,83.0,Medium,Medium,Yes,7.0,70.0,Medium,Yes,2.0,Low,Medium,Public,Negative,4.0,Yes,High School,Near,Female,67,Medio
19.0,97.0,High,Medium,Yes,6.0,66.0,High,Yes,2.0,Medium,Medium,Private,Positive,2.0,No,High School,Near,Female,72,Alto
27.0,93.0,High,Low,No,6.0,59.0,High,Yes,2.0,Low,Medium,Private,Negative,4.0,No,High School,Near,Female,70,Alto
25.0,73.0,Medium,High,Yes,7.0,70.0,Low,Yes,0.0,Low,Medium,Private,Neutral,4.0,No,High School,Near,Male,67,Medio
25.0,69.0,Low,High,Yes,7.0,78.0,Medium,Yes,0.0,Low,Medium,Public,Negative,3.0,No,High School,Near,Female,64,Bajo
28.0,71.0,Medium,Medium,No,8.0,69.0,High,Yes,1.0,Medium,Medium,Private,Neutral,1.0,No,High School,Near,Female,67,Medio
20.0,80.0,Low,High,No,8.0,81.0,Medium,Yes,3.0,Medium,Medium,Private,Negative,4.0,No,High School,Near,Male,69,Medio
24.0,90.0,Low,Low,No,7.0,83.0,Medium,Yes,0.0,Low,Medium,Private,Positive,3.0,No,High School,Near,Male,68,Medio
18.0,80.0,Medium,Medium,No,8.0,55.0,Low,Yes,2.0,Low,Medium,Public,Neutral,3.0,No,High School,Near,Male,63,Bajo
22.0,63.0,Medium,High,Yes,7.0,85.0,Medium,Yes,4.0,High,Medium,Public,Negative,3.0,No,High School,Near,Female,68,Medio
19.0,89.0,High,Medium,Yes,7.0,95.0,Medium,Yes,0.0,Medium,Medium,Public,Positive,3.0,No,High School,Near,Male,70,Alto
21.0,92.0,Medium,Low,Yes,8.0,51.0,Low,Yes,0.0,Medium,Medium,Public,Neutral,2.0,No,High School,Near,Male,66,Bajo
24.0,72.0,High,High,No,6.0,78.0,High,Yes,0.0,Low,Medium,Public,Negative,6.0,No,High School,Near,Female,68,Medio
15.0,87.0,High,Low,Yes,4.0,80.0,High,Yes,0.0,Low,Medium,Private,Positive,3.0,No,High School,Near,Male,67,Medio
33.0,77.0,Low,High,Yes,5.0,85.0,Medium,Yes,0.0,Low,Medium,Private,Neutral,5.0,No,High School,Near,Female,69,Medio
14.0,96.0,Medium,Low,Yes,9.0,69.0,High,Yes,0.0,Medium,Medium,Private,Negative,3.0,Yes,High School,Near,Female,66,Bajo
13.0,94.0,Medium,Medium,Yes,7.0,91.0,Low,Yes,3.0,Low,Medium,Public,Neutral,3.0,No,High School,Near,Male,68,Medio
27.0,81.0,Medium,Medium,Yes,7.0,77.0,Medium,Yes,2.0,Medium,Medium,Public,Neutral,2.0,Yes,High School,Near,Female,69,Medio
25.0,88.0,Medium,Medium,Yes,7.0,70.0,Low,Yes,1.0,Medium,Medium,Private,Positive,3.0,No,High School,Near,Male,70,Alto
24.0,95.0,Medium,High,Yes,8.0,86.0,High,Yes,1.0,Medium,Medium,Private,Neutral,3.0,No,High School,Near,Male,74,Alto
24.0,80.0,Medium,High,Yes,7.0,96.0,High,Yes,0.0,Low,Medium,Public,Positive,0.0,No,High School,Near,Female,70,Alto
20.0,73.0,Medium,Medium,Yes,7.0,91.0,Low,Yes,1.0,Medium,Medium,Public,Neutral,2.0,No,High School,Near,Male,66,Bajo
15.0,90.0,High,Medium,Yes,8.0,97.0,Medium,Yes,1.0,Low,Medium,Private,Negative,3.0,No,High School,Near,Female,69,Medio
20.0,69.0,Medium,High,No,6.0,63.0,Low,Yes,0.0,Low,Medium,Public,Negative,3.0,No,High School,Near,Male,64,Bajo
16.0,76.0,Low,High,Yes,8.0,56.0,Medium,No,1.0,Low,Medium,Public,Positive,1.0,No,High School,Near,Male,62,Bajo
26.0,95.0,Low,High,No,7.0,77.0,Medium,Yes,0.0,Medium,Medium,Public,Neutral,3.0,No,High School,Near,Female,70,Alto
19.0,89.0,High,Medium,Yes,7.0,52.0,Medium,Yes,2.0,Medium,Medium,Public,Negative,4.0,No,High School,Near,Male,68,Medio
15.0,76.0,Medium,Medium,Yes,6.0,84.0,Low,Yes,0.0,Medium,Medium,Public,Neutral,3.0,No,High School,Near,Female,65,Bajo
18.0,69.0,High,High,No,7.0,62.0,Low,Yes,3.0,Medium,Medium,Public,Positive,3.0,No,High School,Near,Male,65,Bajo
22.0,74.0,High,High,Yes,6.0,73.0,Low,Yes,3.0,High,Medium,Public,Positive,4.0,No,High School,Near,Female,71,Alto
17.0,71.0,High,Medium,Yes,9.0,83.0,Low,Yes,2.0,Medium,Medium,Public,Neutral,5.0,No,High School,Near,Male,66,Bajo
15.0,67.0,Medium,Medium,No,4.0,74.0,Medium,Yes,0.0,Low,Medium,Public,Negative,3.0,No,High School,Near,Male,61,Bajo
21.0,90.0,Low,Medium,Yes,8.0,62.0,Low,Yes,2.0,Medium,Medium,Public,Negative,5.0,Yes,High School,Near,Male,67,Medio
21.0,70.0,Low,High,Yes,4.0,94.0,Medium,Yes,0.0,Low,Medium,Private,Neutral,2.0,No,High School,Near,Male,65,Bajo
17.0,78.0,Medium,High,No,8.0,88.0,Medium,Yes,0.0,Low,Medium,Public,Negative,3.0,No,High School,Near,Female,65,Bajo
17.0,75.0,Medium,High,Yes,6.0,80.0,Medium,No,1.0,Low,Medium,Private,Positive,5.0,No,High School,Near,Male,65,Bajo
21.0,99.0,Medium,Medium,No,8.0,85.0,High,Yes,4.0,Medium,Medium,Public,Positive,4.0,No,High School,Near,Male,73,Alto
11.0,76.0,Medium,Medium,Yes,7.0,71.0,Medium,No,1.0,Medium,Medium,Public,Neutral,2.0,No,High School,Near,Male,62,Bajo
12.0,63.0,Medium,High,Yes,5.0,69.0,Low,Yes,0.0,Medium,Medium,Public,Negative,2.0,No,High School,Near,Female,60,Bajo
16.0,64.0,Low,Medium,Yes,9.0,58.0,Low,Yes,1.0,Medium,Medium,Public,Positive,3.0,No,High School,Near,Female,61,Bajo
19.0,84.0,Low,Medium,Yes,8.0,90.0,High,Yes,2.0,Low,Medium,Private,Neutral,3.0,No,High School,Near,Male,67,Medio
22.0,84.0,High,Medium,No,8.0,69.0,Medium,No,3.0,Medium,Medium,Private,Neutral,4.0,No,High School,Near,Male,70,Alto
29.0,77.0,Low,High,No,6.0,85.0,Medium,Yes,1.0,Medium,Medium,Public,Positive,1.0,No,High School,Near,Male,69,Medio
25.0,77.0,Medium,Low,Yes,8.0,65.0,High,No,0.0,Medium,Medium,Public,Positive,5.0,No,High School,Near,Female,66,Bajo
19.0,62.0,Medium,Medium,No,5.0,90.0,Low,Yes,2.0,Low,Medium,Public,Positive,3.0,No,High School,Near,Male,64,Bajo
20.0,81.0,High,Medium,Yes,4.0,55.0,Medium,Yes,1.0,High,Medium,Private,Positive,2.0,No,High School,Near,Male,68,Medio
14.0,80.0,High,Medium,Yes,5.0,81.0,Medium,Yes,1.0,Low,Medium,Public,Positive,4.0,No,High School,Near,Female,67,Medio
20.0,66.0,Medium,Medium,No,6.0,90.0,High,Yes,0.0,Medium,Medium,Public,Neutral,1.0,No,High School,Near,Female,64,Bajo
18.0,64.0,Medium,Medium,Yes,6.0,83.0,High,Yes,2.0,Low,Medium,Public,Positive,2.0,No,High School,Near,Male,65,Bajo
22.0,65.0,Low,High,Yes,6.0,85.0,Medium,Yes,2.0,High,Medium,Public,Positive,3.0,Yes,High School,Near,Female,66,Bajo
15.0,64.0,Medium,Medium,Yes,6.0,76.0,High,Yes,2.0,Medium,Medium,Private,Positive,4.0,Yes,High School,Near,Female,63,Bajo
23.0,84.0,High,Medium,Yes,6.0,78.0,Low,Yes,2.0,Low,Medium,Public,Negative,2.0,No,High School,Near,Female,68,Medio
29.0,68.0,Medium,High,Yes,4.0,53.0,Medium,Yes,1.0,Medium,Medium,Private,Negative,4.0,No,High School,Near,Male,66,Bajo
19.0,70.0,Medium,Medium,No,7.0,63.0,Low,No,3.0,Low,Medium,Public,Neutral,5.0,No,High School,Near,Male,63,Bajo
22.0,67.0,Low,Medium,No,7.0,86.0,Low,Yes,1.0,Low,Medium,Public,Positive,3.0,No,High School,Near,Female,63,Bajo
24.0,98.0,High,Medium,Yes,6.0,97.0,Medium,Yes,1.0,Medium,Medium,Public,Positive,4.0,No,High School,Near,Male,74,Alto
18.0,94.0,Medium,High,Yes,9.0,77.0,Low,Yes,1.0,Medium,Medium,Public,Positive,2.0,No,High School,Near,Male,70,Alto
21.0,69.0,High,High,Yes,7.0,86.0,Medium,Yes,2.0,Low,Medium,Private,Neutral,3.0,No,High School,Near,Male,68,Medio
20.0,73.0,Medium,Medium,Yes,7.0,84.0,Medium,Yes,0.0,Medium,Medium,Public,Neutral,4.0,No,High School,Near,Female,66,Bajo
21.0,68.0,Medium,Low,No,8.0,100.0,Low,Yes,0.0,Medium,Medium,Public,Positive,4.0,No,High School,Near,Male,63,Bajo
15.0,80.0,Low,High,No,5.0,90.0,Medium,Yes,4.0,Low,Medium,Public,Positive,3.0,No,High School,Near,Female,67,Medio
20.0,61.0,Medium,Medium,No,7.0,81.0,Medium,Yes,1.0,Medium,Medium,Public,Neutral,3.0,No,High School,Near,Male,62,Bajo
23.0,87.0,High,High,No,8.0,56.0,Medium,Yes,1.0,Medium,Medium,Public,Positive,3.0,No,High School,Near,Male,71,Alto
29.0,81.0,High,Medium,No,7.0,68.0,Medium,Yes,2.0,Medium,Medium,Public,Neutral,4.0,No,High School,Near,Male,72,Alto
26.0,96.0,Medium,Medium,Yes,5.0,63.0,Medium,No,1.0,High,Medium,Private,Positive,2.0,No,High School,Near,Male,72,Alto
33.0,67.0,Medium,Medium,Yes,6.0,93.0,High,Yes,0.0,Low,Medium,Public,Neutral,3.0,No,High School,Near,Female,68,Medio
15.0,92.0,Medium,Low,Yes,7.0,72.0,Low,Yes,1.0,Medium,Medium,Public,Negative,5.0,No,High School,Near,Female,66,Bajo
25.0,92.0,Medium,Medium,No,4.0,77.0,Medium,Yes,0.0,Low,Medium,Public,Positive,3.0,No,High School,Near,Male,70,Alto
21.0,65.0,Medium,Low,Yes,5.0,98.0,High,No,2.0,Low,Medium,Private,Positive,4.0,No,High School,Near,Male,66,Bajo
33.0,76.0,Medium,Medium,Yes,10.0,92.0,Low,Yes,1.0,High,Medium,Private,Positive,3.0,No,High School,Near,Female,72,Alto
15.0,67.0,High,Medium,Yes,8.0,89.0,Low,Yes,0.0,High,Medium,Public,Neutral,4.0,No,High School,Near,Female,64,Bajo
15.0,70.0,High,Medium,No,9.0,57.0,Medium,Yes,1.0,Medium,Medium,Private,Negative,3.0,No,High School,Near,Female,63,Bajo
16.0,71.0,Medium,Medium,No,8.0,51.0,Medium,Yes,0.0,Low,Medium,Public,Negative,2.0,No,High School,Near,Female,61,Bajo
7.0,82.0,High,High,Yes,8.0,56.0,Medium,Yes,0.0,Low,Medium,Private,Negative,2.0,No,High School,Near,Male,62,Bajo
17.0,76.0,Medium,High,No,7.0,87.0,High,Yes,1.0,Medium,Medium,Public,Positive,4.0,No,High School,Near,Female,68,Medio
15.0,98.0,Low,Medium,Yes,8.0,71.0,Low,Yes,1.0,Medium,Medium,Public,Positive,3.0,No,High School,Near,Male,68,Medio
21.0,65.0,Low,Medium,No,9.0,56.0,High,Yes,1.0,Medium,Medium,Public,Positive,5.0,No,High School,Near,Male,63,Bajo
22.0,99.0,Medium,Low,Yes,8.0,87.0,Low,Yes,1.0,Medium,Medium,Private,Neutral,4.0,No,High School,Near,Female,70,Alto
31.0,69.0,High,Low,Yes,7.0,60.0,Medium,Yes,1.0,Low,Medium,Public,Neutral,3.0,No,High School,Near,Female,68,Medio
26.0,91.0,High,Medium,Yes,7.0,79.0,Medium,Yes,1.0,Low,Medium,Private,Neutral,5.0,No,High School,Near,Female,72,Alto
17.0,74.0,Medium,Medium,Yes,8.0,87.0,Medium,Yes,4.0,Low,Medium,Public,Positive,3.0,No,High School,Near,Male,67,Medio
15.0,66.0,Low,High,No,6.0,80.0,Medium,No,1.0,Low,Medium,Private,Neutral,1.0,No,High School,Near,Male,61,Bajo
23.0,94.0,Low,Medium,No,8.0,100.0,Medium,No,0.0,Low,Medium,Public,Neutral,3.0,No,High School,Near,Male,69,Medio
12.0,72.0,Medium,Low,Yes,6.0,72.0,High,Yes,2.0,Low,Medium,Private,Negative,2.0,No,High School,Near,Female,61,Bajo
31.0,86.0,High,High,Yes,6.0,66.0,Medium,Yes,3.0,Medium,Medium,Public,Positive,3.0,No,High School,Near,Male,75,Alto
27.0,83.0,High,Low,No,5.0,60.0,Medium,Yes,0.0,High,Medium,Public,Neutral,2.0,No,High School,Near,Female,68,Medio
17.0,79.0,Medium,Low,Yes,6.0,75.0,Low,Yes,1.0,Medium,Medium,Public,Neutral,4.0,No,High School,Near,Male,65,Bajo
10.0,80.0,High,Medium,Yes,6.0,93.0,High,Yes,4.0,Medium,Medium,Public,Negative,3.0,No,High School,Near,Female,67,Medio
28.0,89.0,Medium,High,Yes,10.0,97.0,High,Yes,3.0,Medium,Medium,Public,Negative,6.0,No,High School,Near,Female,75,Alto
19.0,64.0,Low,Medium,No,6.0,99.0,Medium,Yes,1.0,Medium,Medium,Public,Positive,3.0,No,High School,Near,Male,64,Bajo
27.0,87.0,Medium,Medium,No,8.0,77.0,Medium,Yes,1.0,Low,Medium,Public,Neutral,4.0,No,High School,Near,Male,70,Alto
10.0,96.0,High,High,No,6.0,80.0,Medium,No,0.0,Medium,Medium,Public,Neutral,4.0,No,High School,Near,Female,67,Medio
16.0,62.0,Medium,Medium,Yes,7.0,79.0,Low,Yes,2.0,Medium,Medium,Public,Neutral,3.0,No,High School,Near,Male,63,Bajo
20.0,66.0,High,High,No,7.0,73.0,Medium,Yes,1.0,Medium,Medium,Public,Negative,4.0,No,High School,Near,Female,65,Bajo
20.0,89.0,Medium,Medium,Yes,4.0,58.0,Medium,Yes,1.0,Medium,Medium,Public,Positive,3.0,No,High School,Near,Female,67,Medio
17.0,77.0,Low,High,Yes,5.0,53.0,Medium,Yes,2.0,High,Medium,Public,Neutral,3.0,No,High School,Near,Male,86,Alto
24.0,76.0,Low,High,No,6.0,72.0,High,Yes,3.0,Medium,Medium,Public,Neutral,3.0,Yes,High School,Near,Female,67,Medio
14.0,65.0,High,Medium,No,5.0,59.0,Low,Yes,1.0,High,Medium,Public,Positive,4.0,No,High School,Near,Male,63,Bajo
19.0,80.0,Medium,Medium,No,7.0,94.0,Medium,Yes,0.0,Medium,Medium,Public,Neutral,3.0,No,High School,Near,Female,66,Bajo
21.0,65.0,High,High,No,7.0,88.0,Low,Yes,2.0,Low,Medium,Private,Neutral,1.0,No,High School,Near,Male,65,Bajo
23.0,79.0,Medium,Medium,No,5.0,81.0,Medium,Yes,1.0,Medium,Medium,Private,Neutral,3.0,No,High School,Near,Female,67,Medio
24.0,91.0,Medium,Medium,No,7.0,52.0,Low,Yes,0.0,High,Medium,Public,Neutral,4.0,No,High School,Near,Male,69,Medio
13.0,70.0,High,High,No,6.0,81.0,Medium,Yes,2.0,Medium,Medium,Public,Positive,2.0,No,High School,Near,Male,66,Bajo
11.0,79.0,Medium,Medium,Yes,7.0,81.0,Medium,Yes,1.0,High,Medium,Public,Neutral,2.0,No,High School,Near,Male,64,Bajo
28.0,100.0,High,Low,Yes,6.0,72.0,Medium,Yes,1.0,Low,Medium,Public,Negative,2.0,No,High School,Near,Female,73,Alto
22.0,87.0,Low,Medium,No,8.0,83.0,Low,Yes,1.0,Low,Medium,Public,Neutral,1.0,No,High School,Near,Male,66,Bajo
16.0,94.0,Medium,Medium,No,9.0,93.0,Low,Yes,1.0,Low,Medium,Public,Negative,4.0,No,High School,Near,Female,68,Medio
29.0,77.0,High,Low,Yes,8.0,88.0,Low,Yes,0.0,Medium,Medium,Public,Positive,4.0,No,High School,Near,Male,70,Alto
21.0,91.0,High,Medium,No,9.0,74.0,Medium,Yes,2.0,Low,Medium,Private,Negative,2.0,No,High School,Near,Female,69,Medio
27.0,62.0,Medium,High,Yes,5.0,63.0,Low,Yes,4.0,High,Medium,Public,Negative,4.0,No,High School,Near,Female,67,Medio
20.0,65.0,Medium,Low,No,6.0,74.0,Low,Yes,0.0,Medium,Medium,Private,Positive,3.0,No,High School,Near,Male,62,Bajo
32.0,68.0,Medium,Low,No,8.0,97.0,High,Yes,1.0,Low,Medium,Public,Positive,2.0,No,High School,Near,Male,68,Medio
31.0,76.0,Medium,High,Yes,9.0,91.0,Medium,Yes,1.0,Low,Medium,Private,Neutral,4.0,No,High School,Near,Male,72,Alto
19.0,94.0,Low,Medium,No,8.0,51.0,Medium,Yes,3.0,Medium,Medium,Private,Positive,5.0,No,High School,Near,Male,69,Medio
26.0,74.0,Low,Low,No,5.0,89.0,Low,Yes,3.0,High,Medium,Private,Negative,2.0,No,High School,Near,Male,66,Bajo
24.0,86.0,High,High,No,6.0,59.0,Medium,Yes,1.0,Low,Medium,Public,Positive,3.0,No,High School,Near,Female,70,Alto
28.0,88.0,High,Medium,No,8.0,79.0,Medium,Yes,0.0,Medium,Medium,Public,Positive,3.0,No,High School,Near,Male,71,Alto
14.0,83.0,Medium,Medium,Yes,7.0,90.0,Medium,Yes,0.0,Low,Medium,Public,Negative,3.0,No,High School,Near,Female,65,Bajo
24.0,74.0,High,Medium,Yes,6.0,78.0,Medium,Yes,3.0,Low,Medium,Public,Positive,3.0,No,High School,Near,Female,70,Alto
26.0,83.0,Low,Low,No,7.0,70.0,High,No,2.0,Medium,Medium,Public,Negative,4.0,Yes,High School,Near,Male,65,Bajo
9.0,74.0,Medium,High,No,7.0,66.0,Low,Yes,1.0,High,Medium,Private,Neutral,3.0,No,High School,Near,Female,62,Bajo
13.0,63.0,High,Medium,Yes,5.0,65.0,Medium,Yes,2.0,High,Medium,Private,Neutral,2.0,No,High School,Near,Male,62,Bajo
8.0,100.0,High,Medium,Yes,8.0,92.0,Medium,Yes,1.0,Medium,Medium,Public,Neutral,3.0,No,High School,Near,Female,70,Alto
18.0,65.0,Medium,High,Yes,6.0,91.0,Medium,No,5.0,Low,Medium,Private,Neutral,3.0,No,High School,Near,Male,66,Bajo
24.0,63.0,High,Low,Yes,7.0,91.0,Low,Yes,4.0,Low,Medium,Private,Positive,4.0,No,High School,Near,Female,67,Medio
29.0,95.0,Medium,Low,No,9.0,64.0,Medium,Yes,1.0,Medium,Medium,Public,Positive,3.0,No,High School,Near,Female,72,Alto
20.0,72.0,High,Low,Yes,7.0,90.0,Low,Yes,0.0,Low,Medium,Private,Negative,3.0,No,High School,Near,Female,66,Bajo
30.0,86.0,Medium,Low,Yes,8.0,52.0,Medium,Yes,2.0,Medium,Medium,Public,Negative,2.0,Yes,High School,Near,Female,68,Medio
12.0,73.0,High,Medium,No,5.0,60.0,Medium,Yes,1.0,Low,Medium,Public,Negative,4.0,No,High School,Near,Male,62,Bajo
10.0,76.0,Low,Medium,Yes,8.0,76.0,Medium,Yes,2.0,High,Medium,Private,Positive,3.0,Yes,High School,Near,Male,64,Bajo
20.0,70.0,Medium,Medium,No,8.0,70.0,Medium,Yes,0.0,Low,Medium,Public,Neutral,5.0,No,High School,Near,Female,65,Bajo
22.0,74.0,Medium,Low,Yes,6.0,56.0,Low,Yes,4.0,Medium,Medium,Public,Negative,3.0,No,High School,Near,Male,66,Bajo
20.0,76.0,Medium,Low,No,7.0,52.0,Medium,Yes,2.0,Low,Medium,Private,Neutral,3.0,No,High School,Near,Female,64,Bajo
8.0,89.0,Medium,High,Yes,7.0,81.0,Low,Yes,4.0,Low,Medium,Public,Neutral,3.0,No,High School,Near,Male,67,Medio
19.0,80.0,High,Medium,Yes,7.0,66.0,Low,Yes,4.0,Medium,Medium,Public,Negative,4.0,No,High School,Near,Female,69,Medio
12.0,98.0,High,Medium,Yes,8.0,51.0,Medium,Yes,0.0,Medium,Medium,Public,Positive,5.0,No,High School,Near,Male,68,Medio
24.0,62.0,Medium,Medium,No,6.0,72.0,High,Yes,2.0,Low,Medium,Public,Neutral,4.0,No,High School,Near,Male,64,Bajo
22.0,80.0,High,Medium,Yes,7.0,65.0,Medium,Yes,2.0,High,Medium,Private,Neutral,2.0,No,High School,Near,Female,68,Medio
14.0,83.0,Low,Low,Yes,9.0,79.0,Medium,Yes,1.0,Medium,Medium,Public,Positive,3.0,No,High School,Near,Male,64,Bajo
17.0,97.0,Medium,High,No,9.0,96.0,High,Yes,0.0,High,Medium,Public,Negative,1.0,No,High School,Near,Male,71,Alto
14.0,62.0,High,High,Yes,8.0,65.0,Low,Yes,3.0,Low,Medium,Public,Negative,2.0,No,High School,Near,Male,61,Bajo
20.0,83.0,Low,Medium,No,7.0,100.0,Medium,Yes,4.0,Low,Medium,Public,Negative,3.0,No,High School,Near,Male,68,Medio
26.0,94.0,High,Medium,Yes,10.0,54.0,Low,Yes,2.0,High,Medium,Public,Neutral,5.0,No,High School,Near,Male,73,Alto
14.0,70.0,High,Medium,Yes,9.0,54.0,Medium,No,3.0,Medium,Medium,Public,Positive,1.0,No,High School,Near,Male,64,Bajo
23.0,95.0,Medium,Medium,Yes,7.0,86.0,Medium,Yes,3.0,Low,Medium,Public,Positive,4.0,Yes,High School,Near,Male,72,Alto
17.0,61.0,Medium,Medium,Yes,7.0,87.0,High,Yes,5.0,Medium,Medium,Public,Neutral,3.0,No,High School,Near,Male,65,Bajo
15.0,89.0,Medium,Medium,Yes,6.0,71.0,Medium,Yes,1.0,Medium,Medium,Public,Positive,4.0,No,High School,Near,Female,68,Medio
19.0,97.0,High,Low,Yes,8.0,64.0,Medium,Yes,2.0,Low,Medium,Public,Positive,3.0,No,High School,Near,Male,71,Alto
14.0,86.0,Medium,Low,Yes,8.0,90.0,Medium,No,3.0,Medium,Medium,Public,Negative,3.0,Yes,High School,Near,Male,65,Bajo
17.0,78.0,Medium,Medium,No,8.0,98.0,Low,Yes,2.0,Medium,Medium,Private,Positive,2.0,No,High School,Near,Male,66,Bajo
13.0,62.0,Low,High,No,7.0,99.0,Medium,Yes,4.0,Medium,Medium,Public,Positive,1.0,No,High School,Near,Female,63,Bajo
32.0,97.0,Medium,High,No,5.0,82.0,Medium,Yes,1.0,Medium,Medium,Public,Neutral,3.0,No,High School,Near,Male,74,Alto
20.0,79.0,High,Low,Yes,7.0,87.0,Low,No,2.0,Medium,Medium,Private,Neutral,4.0,Yes,High School,Near,Female,66,Bajo
16.0,61.0,Medium,Low,No,8.0,91.0,High,Yes,2.0,Medium,Medium,Public,Neutral,3.0,No,High School,Near,Male,63,Bajo
21.0,88.0,High,Medium,Yes,6.0,90.0,High,Yes,2.0,High,Medium,Private,Neutral,4.0,No,High School,Near,Male,72,Alto
19.0,79.0,Medium,High,No,7.0,100.0,Low,Yes,1.0,High,Medium,Public,Positive,2.0,No,High School,Near,Female,69,Medio
19.0,65.0,Medium,High,Yes,9.0,91.0,Medium,Yes,1.0,Medium,Medium,Public,Positive,4.0,No,High School,Near,Male,67,Medio
24.0,69.0,Low,High,No,5.0,83.0,Low,Yes,3.0,Low,Medium,Private,Neutral,3.0,No,High School,Near,Male,66,Bajo
25.0,63.0,High,Medium,No,7.0,69.0,Medium,Yes,0.0,Low,Medium,Private,Negative,5.0,No,High School,Near,Female,64,Bajo
17.0,83.0,Low,Medium,No,9.0,80.0,Medium,Yes,4.0,Medium,Medium,Public,Negative,2.0,No,High School,Near,Female,67,Medio
17.0,85.0,Medium,Low,No,7.0,94.0,High,Yes,4.0,Low,Medium,Public,Positive,3.0,No,High School,Near,Female,69,Medio
18.0,80.0,Medium,Low,Yes,6.0,65.0,Medium,Yes,2.0,Low,Medium,Public,Negative,2.0,No,High School,Near,Female,65,Bajo
6.0,93.0,Medium,Medium,No,7.0,52.0,High,Yes,0.0,Medium,Medium,Public,Neutral,2.0,No,High School,Near,Female,64,Bajo
11.0,94.0,Medium,Low,Yes,8.0,66.0,High,No,1.0,High,Medium,Public,Neutral,4.0,No,High School,Near,Female,65,Bajo
28.0,85.0,Medium,High,Yes,7.0,98.0,Medium,Yes,2.0,Low,Medium,Private,Positive,1.0,Yes,High School,Near,Male,72,Alto
30.0,61.0,Low,High,Yes,8.0,90.0,Medium,Yes,2.0,Low,Medium,Public,Negative,2.0,No,High School,Near,Female,66,Bajo
19.0,88.0,Medium,Low,No,7.0,59.0,Medium,Yes,2.0,Low,Medium,Public,Neutral,3.0,No,High School,Near,Female,66,Bajo
23.0,77.0,High,High,Yes,7.0,51.0,Medium,Yes,1.0,Low,Medium,Private,Positive,3.0,No,High School,Near,Male,67,Medio
22.0,83.0,Medium,Medium,Yes,8.0,83.0,High,Yes,1.0,High,Medium,Private,Negative,3.0,Yes,High School,Near,Male,69,Medio
38.0,86.0,Low,High,Yes,7.0,79.0,Low,Yes,3.0,Low,Medium,Public,Negative,3.0,No,High School,Near,Male,73,Alto
27.0,74.0,Medium,High,No,6.0,54.0,Medium,Yes,3.0,Medium,Medium,Public,Neutral,3.0,No,High School,Near,Female,69,Medio
19.0,97.0,Medium,Low,No,8.0,98.0,Medium,Yes,1.0,Low,Medium,Private,Neutral,4.0,Yes,High School,Near,Male,68,Medio
14.0,65.0,Low,Medium,Yes,7.0,81.0,Medium,Yes,1.0,Low,Medium,Public,Positive,3.0,No,High School,Near,Female,61,Bajo
10.0,87.0,Medium,Low,Yes,6.0,83.0,Medium,No,0.0,Low,Medium,Public,Positive,4.0,No,High School,Near,Male,63,Bajo
21.0,60.0,Medium,High,Yes,8.0,93.0,Low,Yes,0.0,Low,Medium,Public,Positive,2.0,No,High School,Near,Female,63,Bajo
15.0,97.0,Low,Medium,Yes,9.0,67.0,Medium,Yes,1.0,Low,Medium,Public,Neutral,2.0,No,High School,Near,Male,68,Medio
11.0,65.0,Medium,High,No,7.0,78.0,Medium,Yes,2.0,Low,Medium,Public,Neutral,3.0,No,High School,Near,Female,63,Bajo
16.0,64.0,High,Medium,Yes,7.0,79.0,Medium,Yes,3.0,Medium,Medium,Private,Positive,4.0,Yes,High School,Near,Female,66,Bajo
14.0,73.0,High,Medium,Yes,5.0,98.0,Medium,Yes,2.0,Low,Medium,Public,Negative,4.0,No,High School,Near,Female,65,Bajo
30.0,75.0,High,High,No,7.0,57.0,High,Yes,0.0,Low,Medium,Public,Neutral,1.0,Yes,High School,Near,Female,68,Medio
25.0,69.0,Medium,Medium,Yes,7.0,88.0,High,Yes,0.0,Low,Medium,Public,Negative,4.0,No,High School,Near,Female,66,Bajo
20.0,83.0,Low,Low,No,7.0,79.0,Low,No,2.0,Medium,Medium,Public,Positive,5.0,No,High School,Near,Male,66,Bajo
29.0,78.0,High,Medium,No,6.0,92.0,Medium,Yes,2.0,Low,Medium,Private,Negative,4.0,No,High School,Near,Male,70,Alto
20.0,61.0,Low,Low,Yes,8.0,92.0,Medium,Yes,0.0,Medium,Medium,Public,Negative,2.0,No,High School,Near,Female,61,Bajo
15.0,73.0,Medium,Low,Yes,7.0,51.0,Medium,Yes,2.0,Low,Medium,Private,Negative,3.0,No,High School,Near,Male,61,Bajo
29.0,92.0,Medium,Medium,Yes,10.0,63.0,High,Yes,1.0,Low,Medium,Private,Negative,4.0,No,High School,Near,Male,71,Alto
23.0,88.0,Low,Medium,Yes,7.0,59.0,Medium,Yes,1.0,Medium,Medium,Public,Negative,2.0,No,High School,Near,Male,67,Medio
14.0,89.0,High,High,Yes,4.0,73.0,Medium,Yes,2.0,Medium,Medium,Public,Negative,3.0,No,High School,Near,Male,70,Alto
19.0,88.0,High,Medium,No,5.0,95.0,Medium,Yes,2.0,Low,Medium,Private,Negative,4.0,No,High School,Near,Male,69,Medio
15.0,72.0,High,High,No,8.0,50.0,Medium,Yes,2.0,Medium,Medium,Public,Neutral,4.0,No,High School,Near,Female,65,Bajo
12.0,64.0,High,Low,Yes,6.0,74.0,High,Yes,0.0,Medium,Medium,Public,Positive,2.0,No,High School,Near,Male,61,Bajo
26.0,71.0,Medium,Low,No,6.0,94.0,Low,Yes,3.0,Low,Medium,Public,Positive,4.0,No,High School,Near,Male,68,Medio
31.0,93.0,High,Low,Yes,5.0,96.0,Medium,Yes,2.0,Low,Medium,Public,Positive,2.0,No,High School,Near,Male,74,Alto
12.0,99.0,Medium,Medium,No,6.0,83.0,Low,Yes,1.0,Medium,Medium,Public,Negative,3.0,No,High School,Near,Female,67,Medio
23.0,80.0,Medium,Medium,Yes,7.0,91.0,Low,Yes,5.0,High,Medium,Public,Negative,1.0,No,High School,Near,Female,70,Alto
16.0,60.0,Low,Medium,Yes,8.0,66.0,Low,Yes,1.0,High,Medium,Private,Neutral,2.0,Yes,High School,Near,Female,59,Bajo
17.0,66.0,High,High,No,5.0,64.0,Low,Yes,0.0,Medium,Medium,Private,Neutral,2.0,No,High School,Near,Male,64,Bajo
16.0,73.0,High,Medium,Yes,8.0,52.0,Medium,Yes,2.0,Medium,Medium,Public,Positive,4.0,No,High School,Near,Female,66,Bajo
15.0,83.0,Low,Low,Yes,5.0,75.0,Medium,Yes,1.0,Medium,Medium,Public,Neutral,3.0,No,High School,Near,Female,63,Bajo
20.0,63.0,Low,Low,Yes,8.0,73.0,Low,Yes,0.0,High,Medium,Public,Neutral,3.0,No,High School,Near,Female,61,Bajo
15.0,98.0,Low,High,Yes,8.0,69.0,Low,Yes,2.0,Low,Medium,Public,Neutral,4.0,No,High School,Near,Female,68,Medio
22.0,75.0,Medium,Medium,No,6.0,56.0,Low,Yes,3.0,Medium,Medium,Private,Positive,3.0,No,High School,Near,Male,65,Bajo
20.0,97.0,Medium,High,No,5.0,62.0,Medium,Yes,1.0,Medium,Medium,Private,Neutral,4.0,No,High School,Near,Male,69,Medio
19.0,91.0,High,Low,Yes,8.0,60.0,Medium,Yes,2.0,Low,Medium,Private,Neutral,4.0,No,High School,Near,Male,68,Medio
15.0,90.0,Medium,Low,Yes,6.0,97.0,Low,Yes,2.0,High,Medium,Public,Positive,2.0,No,High School,Near,Male,69,Medio
17.0,84.0,Medium,Low,Yes,7.0,98.0,High,Yes,1.0,Low,Medium,Public,Neutral,2.0,No,High School,Near,Female,67,Medio
25.0,85.0,High,High,No,8.0,50.0,High,Yes,1.0,High,Medium,Public,Neutral,1.0,No,High School,Near,Female,70,Alto
23.0,86.0,Medium,Medium,Yes,8.0,59.0,Low,Yes,1.0,Low,Medium,Public,Neutral,3.0,No,High School,Near,Female,68,Medio
14.0,85.0,Medium,Medium,No,6.0,94.0,Low,Yes,0.0,High,Medium,Public,Positive,4.0,No,High School,Near,Male,67,Medio
21.0,82.0,High,Medium,No,7.0,52.0,Medium,Yes,4.0,Low,Medium,Public,Neutral,3.0,No,High School,Near,Male,67,Medio
25.0,99.0,High,Medium,Yes,6.0,97.0,High,Yes,0.0,Medium,Medium,Public,Positive,3.0,No,High School,Near,Male,75,Alto
10.0,89.0,Low,Low,Yes,8.0,69.0,Low,Yes,3.0,Low,Medium,Public,Negative,4.0,No,High School,Near,Male,63,Bajo
23.0,91.0,Low,Medium,No,9.0,77.0,High,Yes,1.0,Low,Medium,Public,Positive,5.0,No,High School,Near,Male,70,Alto
16.0,95.0,Medium,Low,Yes,6.0,88.0,Low,Yes,2.0,High,Medium,Public,Positive,4.0,No,High School,Near,Female,70,Alto
23.0,69.0,Medium,High,Yes,7.0,62.0,Medium,Yes,1.0,Medium,Medium,Public,Neutral,4.0,Yes,High School,Near,Male,64,Bajo
15.0,63.0,Medium,Low,No,8.0,55.0,Low,Yes,0.0,Medium,Medium,Public,Neutral,3.0,No,High School,Near,Female,59,Bajo
9.0,79.0,Medium,Low,No,7.0,90.0,High,Yes,1.0,High,Medium,Public,Neutral,3.0,No,High School,Near,Male,63,Bajo
10.0,81.0,High,Medium,Yes,8.0,99.0,Medium,No,2.0,Medium,Medium,Public,Positive,4.0,No,High School,Near,Female,67,Medio
20.0,93.0,Low,High,Yes,7.0,83.0,Medium,Yes,0.0,Medium,Medium,Private,Negative,2.0,Yes,High School,Near,Male,68,Medio
22.0,78.0,Medium,Medium,Yes,5.0,91.0,Low,Yes,0.0,Medium,Medium,Private,Negative,3.0,No,High School,Near,Male,68,Medio
15.0,83.0,Medium,Medium,No,7.0,97.0,Medium,Yes,2.0,Low,Medium,Private,Neutral,2.0,No,High School,Near,Female,97,Alto
24.0,81.0,Medium,Low,No,9.0,61.0,Medium,Yes,1.0,Low,Medium,Public,Positive,4.0,No,High School,Near,Female,66,Bajo
10.0,62.0,Medium,Low,No,7.0,68.0,High,Yes,3.0,Medium,Medium,Public,Neutral,3.0,No,High School,Near,Male,61,Bajo
20.0,85.0,High,Medium,No,9.0,61.0,High,Yes,2.0,High,Medium,Public,Positive,3.0,No,High School,Near,Male,70,Alto
13.0,93.0,Low,Low,Yes,4.0,53.0,High,Yes,1.0,Medium,Medium,Public,Positive,1.0,No,High School,Near,Male,65,Bajo
16.0,66.0,Low,Medium,Yes,8.0,87.0,High,Yes,3.0,Medium,Medium,Public,Positive,2.0,No,High School,Near,Female,64,Bajo
20.0,84.0,Medium,High,Yes,6.0,57.0,High,Yes,2.0,Medium,Medium,Public,Positive,4.0,No,High School,Near,Female,69,Medio
15.0,84.0,Medium,High,No,6.0,55.0,Low,Yes,1.0,Medium,Medium,Private,Negative,2.0,No,High School,Near,Male,64,Bajo
18.0,67.0,Low,Low,Yes,9.0,68.0,Low,Yes,2.0,Low,Medium,Private,Negative,2.0,No,High School,Near,Male,61,Bajo
26.0,65.0,Low,Medium,No,7.0,53.0,Low,Yes,3.0,High,Medium,Public,Positive,2.0,No,High School,Near,Female,64,Bajo
17.0,99.0,Medium,High,No,6.0,59.0,Medium,Yes,0.0,Medium,Medium,Public,Neutral,3.0,No,High School,Near,Male,68,Medio
25.0,76.0,Medium,High,No,8.0,53.0,High,Yes,1.0,High,Medium,Public,Positive,3.0,Yes,High School,Near,Female,67,Medio
13.0,69.0,High,Low,No,4.0,94.0,Medium,Yes,3.0,Low,Medium,Public,Positive,3.0,Yes,High School,Near,Male,62,Bajo
23.0,67.0,Medium,Medium,Yes,9.0,89.0,Medium,Yes,2.0,Low,Medium,Public,Neutral,2.0,No,High School,Near,Female,66,Bajo
29.0,87.0,Medium,High,Yes,10.0,93.0,High,Yes,1.0,Low,Medium,Public,Neutral,4.0,No,High School,Near,Male,72,Alto
5.0,84.0,Medium,Medium,Yes,8.0,93.0,High,Yes,4.0,High,Medium,Public,Positive,3.0,No,High School,Near,Male,68,Medio
15.0,86.0,Medium,High,Yes,8.0,97.0,Medium,Yes,4.0,High,Medium,Public,Positive,3.0,No,High School,Near,Male,71,Alto
23.0,64.0,Medium,Medium,Yes,7.0,59.0,High,Yes,3.0,Medium,Medium,Public,Positive,2.0,No,High School,Near,Female,65,Bajo
19.0,96.0,Medium,Low,Yes,5.0,95.0,Low,No,2.0,Medium,Medium,Private,Neutral,3.0,No,High School,Near,Female,68,Medio
22.0,76.0,Medium,Low,No,9.0,76.0,Medium,Yes,2.0,Low,Medium,Public,Neutral,5.0,No,High School,Near,Female,65,Bajo
16.0,73.0,High,Low,Yes,8.0,58.0,Medium,Yes,1.0,Medium,Medium,Public,Neutral,4.0,No,High School,Near,Female,64,Bajo
21.0,78.0,Medium,Low,No,8.0,83.0,Medium,Yes,2.0,Medium,Medium,Public,Positive,4.0,Yes,High School,Near,Male,65,Bajo
19.0,76.0,High,High,Yes,8.0,66.0,Low,Yes,0.0,Low,Medium,Private,Negative,4.0,Yes,High School,Near,Male,65,Bajo
27.0,95.0,High,Medium,No,7.0,52.0,High,Yes,3.0,Medium,Medium,Private,Negative,3.0,No,High School,Near,Female,73,Alto
22.0,97.0,Medium,High,Yes,6.0,54.0,Medium,Yes,1.0,Low,Medium,Public,Positive,3.0,No,High School,Near,Male,72,Alto
22.0,72.0,Low,Medium,Yes,10.0,71.0,Medium,Yes,1.0,Medium,Medium,Private,Negative,1.0,No,High School,Near,Male,64,Bajo
18.0,95.0,Medium,Medium,Yes,7.0,91.0,Low,Yes,0.0,Low,Medium,Public,Positive,4.0,Yes,High School,Near,Male,69,Medio
17.0,91.0,Medium,Medium,No,6.0,66.0,High,Yes,1.0,High,Medium,Private,Positive,3.0,No,High School,Near,Male,69,Medio
17.0,97.0,Medium,High,Yes,9.0,88.0,Medium,No,0.0,Medium,Medium,Public,Positive,2.0,No,High School,Near,Male,70,Alto
22.0,70.0,Low,Medium,No,7.0,53.0,Low,Yes,1.0,Low,Medium,Public,Positive,3.0,No,High School,Near,Female,83,Alto
17.0,83.0,High,Medium,No,7.0,70.0,Low,Yes,3.0,Low,Medium,Private,Neutral,5.0,No,High School,Near,Female,68,Medio
22.0,71.0,Low,High,Yes,9.0,56.0,High,Yes,1.0,Low,Medium,Public,Neutral,3.0,Yes,High School,Near,Female,84,Alto
32.0,93.0,Medium,Medium,Yes,8.0,93.0,High,Yes,1.0,Medium,Medium,Public,Negative,3.0,No,High School,Near,Female,75,Alto
25.0,60.0,Low,High,No,8.0,98.0,Medium,Yes,1.0,Medium,Medium,Public,Neutral,5.0,No,High School,Near,Female,67,Medio
18.0,83.0,Medium,High,Yes,5.0,66.0,Medium,Yes,0.0,High,Medium,Private,Positive,4.0,No,High School,Near,Male,69,Medio
27.0,74.0,High,Medium,No,8.0,99.0,High,No,3.0,Medium,Medium,Public,Positive,4.0,No,High School,Near,Male,71,Alto
18.0,73.0,Medium,Low,Yes,5.0,88.0,Medium,Yes,1.0,Medium,Medium,Public,Positive,5.0,No,High School,Near,Female,66,Bajo
8.0,86.0,Medium,High,No,6.0,50.0,High,Yes,1.0,Medium,Medium,Public,Positive,2.0,No,High School,Near,Male,65,Bajo
14.0,94.0,High,Medium,No,7.0,74.0,Medium,Yes,1.0,High,Medium,Private,Positive,5.0,No,High School,Near,Male,70,Alto
9.0,84.0,High,Low,No,7.0,92.0,High,Yes,1.0,Low,Medium,Public,Negative,4.0,No,High School,Near,Male,66,Bajo
18.0,94.0,High,Medium,Yes,8.0,77.0,Medium,Yes,3.0,Medium,Medium,Public,Positive,4.0,No,High School,Near,Male,74,Alto
20.0,71.0,High,Medium,No,8.0,77.0,Medium,Yes,0.0,High,Medium,Private,Neutral,4.0,No,High School,Near,Male,66,Bajo
30.0,81.0,Medium,High,No,8.0,72.0,Low,Yes,0.0,Low,Medium,Public,Neutral,2.0,No,High School,Near,Male,68,Medio
22.0,78.0,Medium,High,Yes,5.0,70.0,Medium,Yes,2.0,Low,Medium,Public,Positive,1.0,No,High School,Near,Male,68,Medio
19.0,60.0,Medium,High,No,10.0,51.0,Medium,Yes,0.0,Medium,Medium,Public,Positive,3.0,Yes,High School,Near,Female,62,Bajo
25.0,82.0,Medium,High,Yes,7.0,81.0,Medium,Yes,2.0,Medium,Medium,Private,Neutral,2.0,No,High School,Near,Male,71,Alto
7.0,86.0,Medium,Low,No,9.0,88.0,Medium,Yes,2.0,Low,Medium,Public,Negative,2.0,No,High School,Near,Female,63,Bajo
21.0,84.0,High,High,No,4.0,90.0,Medium,Yes,2.0,Medium,Medium,Public,Neutral,3.0,No,High School,Near,Male,69,Medio
25.0,89.0,Medium,Medium,Yes,7.0,81.0,High,Yes,3.0,Medium,Medium,Public,Negative,0.0,No,High School,Near,Male,71,Alto
11.0,83.0,High,Low,Yes,5.0,67.0,Medium,Yes,1.0,Medium,Medium,Public,Positive,2.0,No,High School,Near,Male,66,Bajo
27.0,63.0,Medium,High,No,6.0,51.0,Low,Yes,0.0,Low,Medium,Public,Positive,2.0,No,High School,Near,Male,64,Bajo
22.0,65.0,Medium,Medium,Yes,7.0,95.0,Low,Yes,3.0,Low,Medium,Public,Positive,2.0,No,High School,Near,Female,65,Bajo
18.0,84.0,Medium,High,No,6.0,71.0,Medium,Yes,4.0,Medium,Medium,Public,Positive,2.0,No,High School,Near,Female,69,Medio
24.0,71.0,Medium,Low,No,9.0,80.0,Medium,Yes,2.0,Medium,Medium,Private,Positive,3.0,No,High School,Near,Female,66,Bajo
34.0,63.0,Medium,High,Yes,10.0,60.0,Low,Yes,1.0,Medium,Medium,Public,Negative,4.0,No,High School,Near,Female,67,Medio
21.0,77.0,Medium,Low,Yes,6.0,57.0,Medium,Yes,4.0,Low,Medium,Public,Negative,5.0,No,High School,Near,Male,65,Bajo
21.0,82.0,Low,Low,Yes,6.0,54.0,High,Yes,3.0,Low,Medium,Public,Negative,2.0,No,High School,Near,Male,65,Bajo
17.0,73.0,High,Medium,No,5.0,90.0,High,Yes,1.0,Low,Medium,Private,Positive,4.0,No,High School,Near,Male,67,Medio
15.0,89.0,Low,Medium,Yes,9.0,82.0,Low,Yes,1.0,Medium,Medium,Public,Neutral,3.0,No,High School,Near,Male,66,Bajo
25.0,86.0,Medium,Medium,Yes,7.0,81.0,Low,Yes,1.0,High,Medium,Public,Positive,1.0,No,High School,Near,Male,69,Medio
15.0,73.0,Medium,High,No,7.0,96.0,Low,Yes,1.0,Low,Medium,Public,Negative,2.0,No,High School,Near,Male,64,Bajo
20.0,90.0,Medium,Medium,Yes,7.0,58.0,High,Yes,1.0,High,Medium,Private,Neutral,4.0,No,High School,Near,Male,70,Alto
17.0,86.0,High,Medium,Yes,7.0,59.0,Low,Yes,3.0,Low,Medium,Public,Positive,3.0,No,High School,Near,Male,68,Medio
23.0,85.0,High,Low,Yes,6.0,59.0,Low,Yes,1.0,Medium,Medium,Public,Negative,1.0,No,High School,Near,Male,68,Medio
22.0,82.0,High,Medium,Yes,7.0,71.0,Low,Yes,1.0,High,Medium,Private,Positive,3.0,No,High School,Near,Female,69,Medio
26.0,60.0,Medium,Medium,Yes,7.0,94.0,High,Yes,3.0,High,Medium,Public,Positive,2.0,No,High School,Near,Female,68,Medio
17.0,88.0,Medium,Medium,Yes,8.0,94.0,Medium,Yes,5.0,Medium,Medium,Public,Neutral,2.0,Yes,High School,Near,Female,70,Alto
18.0,75.0,High,Medium,Yes,5.0,80.0,Medium,Yes,2.0,Low,Medium,Public,Neutral,3.0,No,High School,Near,Female,67,Medio
14.0,98.0,High,High,Yes,7.0,83.0,Medium,No,3.0,Low,Medium,Public,Positive,3.0,No,High School,Near,Male,72,Alto
17.0,93.0,High,Low,No,6.0,95.0,Medium,Yes,1.0,Low,Medium,Public,Neutral,4.0,No,High School,Near,Male,69,Medio
22.0,84.0,High,Medium,No,7.0,81.0,Medium,Yes,1.0,Medium,Medium,Private,Positive,3.0,No,High School,Near,Male,69,Medio
25.0,70.0,Low,Medium,Yes,8.0,61.0,Low,No,3.0,Low,Medium,Public,Positive,4.0,No,High School,Near,Female,64,Bajo
14.0,68.0,Low,Medium,Yes,6.0,85.0,Medium,Yes,2.0,Medium,Medium,Public,Neutral,3.0,No,High School,Near,Female,63,Bajo
25.0,74.0,High,High,Yes,9.0,88.0,Medium,Yes,3.0,Medium,Medium,Public,Neutral,3.0,Yes,High School,Near,Male,70,Alto
28.0,79.0,High,Medium,Yes,4.0,82.0,Medium,Yes,0.0,Medium,Medium,Private,Positive,3.0,No,High School,Near,Male,70,Alto
22.0,72.0,High,Medium,Yes,9.0,64.0,Low,Yes,1.0,Medium,Medium,Public,Negative,2.0,No,High School,Near,Female,66,Bajo
31.0,81.0,Medium,Medium,No,9.0,70.0,Low,Yes,1.0,Low,Medium,Public,Neutral,4.0,No,High School,Near,Female,70,Alto
15.0,67.0,Medium,High,Yes,6.0,74.0,High,Yes,0.0,High,Medium,Public,Positive,2.0,No,High School,Near,Female,66,Bajo
13.0,99.0,Medium,Medium,Yes,6.0,57.0,Medium,Yes,1.0,Low,Medium,Public,Negative,5.0,No,High School,Near,Male,68,Medio
9.0,64.0,Medium,Medium,No,5.0,73.0,Medium,Yes,1.0,Medium,Medium,Public,Positive,4.0,No,High School,Near,Male,61,Bajo
29.0,97.0,Medium,Medium,No,8.0,58.0,Medium,Yes,1.0,High,Medium,Private,Negative,4.0,No,High School,Near,Female,72,Alto
24.0,97.0,High,Low,No,7.0,75.0,Low,Yes,1.0,Medium,Medium,Public,Negative,2.0,No,High School,Near,Female,69,Medio
20.0,81.0,Medium,Low,Yes,6.0,53.0,Low,Yes,0.0,Medium,Medium,Public,Neutral,4.0,No,High School,Near,Female,63,Bajo
22.0,89.0,Medium,High,Yes,5.0,97.0,Medium,Yes,2.0,Medium,Medium,Private,Neutral,5.0,No,High School,Near,Male,72,Alto
13.0,77.0,Medium,Medium,Yes,10.0,62.0,Medium,Yes,1.0,High,Medium,Private,Neutral,4.0,No,High School,Near,Male,65,Bajo
35.0,85.0,Medium,High,Yes,6.0,73.0,High,Yes,1.0,High,Medium,Public,Negative,5.0,No,High School,Near,Female,74,Alto
21.0,74.0,Medium,Low,Yes,7.0,52.0,Low,Yes,1.0,High,Medium,Public,Negative,4.0,No,High School,Near,Male,62,Bajo
21.0,72.0,High,Medium,No,7.0,60.0,Low,Yes,0.0,Low,Medium,Private,Neutral,4.0,No,High School,Near,Male,65,Bajo
24.0,83.0,Low,High,No,6.0,85.0,Low,Yes,1.0,Low,Medium,Public,Neutral,4.0,No,High School,Near,Female,68,Medio
23.0,80.0,Medium,Low,Yes,6.0,56.0,Medium,Yes,3.0,Medium,Medium,Public,Positive,2.0,Yes,High School,Near,Male,66,Bajo
21.0,83.0,High,Medium,Yes,6.0,81.0,Low,Yes,3.0,High,Medium,Public,Negative,4.0,No,High School,Near,Male,71,Alto
15.0,71.0,Medium,High,No,8.0,50.0,Low,Yes,1.0,Medium,Medium,Public,Neutral,2.0,Yes,High School,Near,Female,62,Bajo
23.0,75.0,Low,High,Yes,6.0,73.0,Low,Yes,1.0,Low,Medium,Public,Positive,2.0,No,High School,Near,Female,65,Bajo
31.0,63.0,Medium,High,No,9.0,86.0,Low,Yes,0.0,High,Medium,Public,Neutral,3.0,No,High School,Near,Male,68,Medio
28.0,62.0,Medium,High,No,6.0,96.0,Medium,Yes,4.0,Medium,Medium,Public,Positive,3.0,No,High School,Near,Male,70,Alto
30.0,70.0,Low,Medium,No,8.0,75.0,Medium,Yes,1.0,Medium,Medium,Private,Positive,2.0,No,High School,Near,Female,67,Medio
17.0,63.0,Medium,Medium,No,4.0,92.0,Medium,Yes,2.0,Low,Medium,Public,Negative,4.0,No,High School,Near,Female,63,Bajo
14.0,64.0,High,High,Yes,6.0,90.0,Low,Yes,0.0,Low,Medium,Private,Negative,2.0,No,High School,Near,Female,63,Bajo
19.0,93.0,Medium,High,No,6.0,65.0,Medium,Yes,0.0,Medium,Medium,Public,Neutral,3.0,No,High School,Near,Male,69,Medio
20.0,62.0,Low,Medium,Yes,5.0,94.0,High,Yes,3.0,Medium,Medium,Public,Neutral,3.0,No,High School,Near,Male,66,Bajo
27.0,86.0,Medium,Medium,Yes,7.0,82.0,Low,Yes,2.0,Low,Medium,Public,Positive,3.0,No,High School,Near,Female,70,Alto
10.0,71.0,Medium,Medium,Yes,7.0,55.0,High,Yes,2.0,Low,Medium,Public,Positive,3.0,No,High School,Near,Female,63,Bajo
29.0,95.0,Low,Medium,Yes,4.0,97.0,Medium,Yes,0.0,Medium,Medium,Private,Positive,4.0,Yes,High School,Near,Female,72,Alto
19.0,79.0,High,Medium,Yes,10.0,59.0,Low,Yes,1.0,Medium,Medium,Public,Neutral,3.0,Yes,High School,Near,Male,65,Bajo
17.0,72.0,Medium,High,Yes,7.0,74.0,Low,Yes,2.0,High,Medium,Public,Positive,4.0,No,High School,Near,Male,67,Medio
14.0,81.0,Medium,Medium,Yes,7.0,73.0,Low,No,1.0,High,Medium,Private,Positive,3.0,Yes,High School,Near,Male,63,Bajo
10.0,75.0,High,Medium,No,9.0,81.0,Medium,Yes,3.0,Low,Medium,Public,Negative,5.0,No,High School,Near,Female,65,Bajo
25.0,83.0,Medium,Medium,Yes,8.0,83.0,Medium,Yes,2.0,Low,Medium,Public,Neutral,1.0,Yes,High School,Near,Female,67,Medio
20.0,65.0,Medium,Low,Yes,7.0,62.0,High,Yes,0.0,Medium,Medium,Public,Neutral,0.0,Yes,High School,Near,Male,80,Alto
12.0,100.0,Medium,Medium,Yes,4.0,68.0,Medium,Yes,2.0,Low,Medium,Public,Neutral,3.0,No,High School,Near,Male,68,Medio
12.0,77.0,Medium,Medium,Yes,8.0,57.0,Medium,Yes,2.0,Low,Medium,Public,Negative,2.0,No,High School,Near,Male,63,Bajo
18.0,74.0,Medium,Medium,No,6.0,56.0,Medium,Yes,1.0,Medium,Medium,Private,Positive,3.0,No,High School,Near,Male,64,Bajo
30.0,88.0,Medium,Medium,No,9.0,91.0,Medium,Yes,3.0,Medium,Medium,Public,Positive,3.0,No,High School,Near,Female,73,Alto
18.0,75.0,Medium,Medium,Yes,6.0,88.0,Low,Yes,2.0,Medium,Medium,Public,Negative,1.0,Yes,High School,Near,Female,66,Bajo
11.0,93.0,Medium,Medium,Yes,6.0,72.0,Low,Yes,2.0,Low,Medium,Public,Negative,3.0,No,High School,Near,Male,66,Bajo
19.0,78.0,High,High,No,5.0,55.0,Medium,Yes,0.0,Medium,Medium,Public,Neutral,4.0,No,High School,Near,Male,66,Bajo
18.0,89.0,Medium,High,Yes,5.0,72.0,Low,Yes,4.0,Medium,Medium,Public,Neutral,2.0,No,High School,Near,Female,69,Medio
4.0,64.0,Medium,High,Yes,7.0,65.0,Medium,Yes,1.0,Medium,Medium,Public,Negative,4.0,No,High School,Near,Male,59,Bajo
20.0,94.0,Medium,Medium,No,7.0,89.0,Medium,Yes,0.0,Low,Medium,Private,Neutral,1.0,No,High School,Near,Male,68,Medio
19.0,89.0,Medium,Medium,No,6.0,55.0,Medium,Yes,1.0,Low,Medium,Private,Neutral,3.0,No,High School,Near,Female,67,Medio
24.0,68.0,Medium,Medium,Yes,10.0,73.0,Low,Yes,1.0,Medium,Medium,Public,Neutral,4.0,Yes,High School,Near,Female,64,Bajo
31.0,66.0,Low,High,Yes,8.0,80.0,Low,Yes,0.0,Low,Medium,Private,Negative,4.0,No,High School,Near,Female,65,Bajo
27.0,73.0,Medium,Medium,No,7.0,99.0,Low,Yes,1.0,Low,Medium,Public,Positive,4.0,No,High School,Near,Male,68,Medio
18.0,99.0,Medium,High,Yes,4.0,54.0,Low,Yes,0.0,Medium,Medium,Public,Positive,3.0,No,High School,Near,Male,70,Alto
13.0,70.0,Medium,Medium,No,8.0,56.0,Medium,Yes,2.0,Medium,Medium,Public,Neutral,0.0,No,High School,Near,Male,62,Bajo
35.0,78.0,High,Low,Yes,10.0,99.0,Medium,Yes,1.0,Low,Medium,Private,Positive,2.0,No,High School,Near,Male,72,Alto
20.0,61.0,Medium,Low,Yes,7.0,70.0,Low,Yes,1.0,Medium,Medium,Private,Positive,4.0,No,High School,Near,Female,62,Bajo
20.0,76.0,High,High,Yes,6.0,87.0,Low,Yes,1.0,Low,Medium,Public,Negative,4.0,No,High School,Near,Male,68,Medio
20.0,83.0,High,Medium,No,7.0,89.0,Medium,Yes,3.0,Low,Medium,Private,Negative,4.0,No,High School,Near,Female,69,Medio
21.0,98.0,High,Medium,No,5.0,66.0,Low,Yes,3.0,High,Medium,Public,Positive,5.0,No,High School,Near,Male,73,Alto
19.0,81.0,High,High,No,8.0,61.0,Low,Yes,3.0,Medium,Medium,Private,Negative,5.0,No,High School,Near,Male,69,Medio
17.0,93.0,Medium,Medium,Yes,9.0,64.0,Medium,Yes,1.0,Medium,Medium,Public,Neutral,3.0,No,High School,Near,Female,67,Medio
17.0,82.0,Medium,Low,No,6.0,88.0,Low,Yes,2.0,Low,Medium,Private,Neutral,3.0,No,High School,Near,Male,65,Bajo
20.0,62.0,Low,Low,No,6.0,92.0,High,Yes,2.0,Medium,Medium,Public,Positive,3.0,No,High School,Near,Male,63,Bajo
17.0,73.0,High,Medium,Yes,7.0,85.0,Medium,Yes,2.0,Low,Medium,Public,Positive,2.0,No,High School,Near,Male,66,Bajo
16.0,83.0,Medium,Medium,No,6.0,72.0,Medium,Yes,1.0,Low,Medium,Public,Positive,2.0,No,High School,Near,Male,66,Bajo
21.0,98.0,Medium,High,No,5.0,63.0,Low,Yes,0.0,Low,Medium,Public,Neutral,2.0,No,High School,Near,Male,70,Alto
18.0,94.0,Medium,Medium,No,6.0,71.0,Low,Yes,2.0,High,Medium,Public,Neutral,3.0,No,High School,Near,Male,69,Medio
29.0,69.0,Medium,High,No,6.0,96.0,Low,Yes,1.0,High,Medium,Public,Positive,4.0,No,High School,Near,Female,70,Alto
4.0,69.0,Medium,Low,No,9.0,93.0,Low,No,2.0,Medium,Medium,Private,Negative,3.0,No,High School,Near,Female,58,Bajo
27.0,68.0,Medium,Medium,No,9.0,66.0,Medium,Yes,3.0,High,Medium,Private,Positive,3.0,No,High School,Near,Male,67,Medio
27.0,97.0,High,High,Yes,9.0,66.0,Low,Yes,1.0,Low,Medium,Public,Positive,3.0,No,High School,Near,Male,73,Alto
8.0,94.0,High,Low,No,8.0,89.0,High,Yes,0.0,Medium,Medium,Public,Neutral,2.0,No,High School,Near,Female,66,Bajo
18.0,91.0,High,High,Yes,7.0,71.0,High,Yes,0.0,Medium,Medium,Public,Neutral,3.0,No,High School,Near,Male,70,Alto
18.0,76.0,High,High,No,6.0,79.0,Medium,Yes,1.0,Medium,Medium,Private,Positive,2.0,No,High School,Near,Female,67,Medio
12.0,80.0,Low,Low,No,9.0,71.0,High,Yes,1.0,Low,Medium,Private,Positive,3.0,Yes,High School,Near,Female,60,Bajo
15.0,79.0,High,Medium,No,8.0,62.0,Low,Yes,1.0,Low,Medium,Public,Positive,3.0,No,High School,Near,Male,65,Bajo
13.0,70.0,Medium,Medium,No,5.0,59.0,Medium,Yes,0.0,Medium,Medium,Private,Positive,2.0,No,High School,Near,Female,63,Bajo
31.0,80.0,High,High,Yes,6.0,57.0,Low,Yes,1.0,Medium,Medium,Private,Positive,3.0,No,High School,Near,Female,72,Alto
26.0,61.0,Low,Medium,Yes,5.0,51.0,High,Yes,0.0,Low,Medium,Private,Neutral,5.0,No,High School,Near,Female,62,Bajo
28.0,65.0,Medium,Medium,Yes,4.0,64.0,Medium,Yes,6.0,Medium,Medium,Public,Neutral,3.0,No,High School,Near,Male,70,Alto
24.0,95.0,High,Low,Yes,8.0,59.0,Medium,Yes,2.0,Low,Medium,Public,Negative,1.0,No,High School,Near,Male,70,Alto
13.0,90.0,Medium,Medium,No,5.0,63.0,Medium,Yes,0.0,Low,Medium,Public,Neutral,4.0,No,High School,Near,Female,64,Bajo
17.0,77.0,Medium,Medium,Yes,6.0,54.0,Low,Yes,3.0,Low,Medium,Public,Neutral,4.0,No,High School,Near,Male,64,Bajo
23.0,81.0,Medium,Low,Yes,7.0,67.0,Medium,Yes,0.0,Medium,Medium,Private,Positive,5.0,No,High School,Near,Female,67,Medio
13.0,75.0,Medium,High,Yes,7.0,76.0,High,Yes,1.0,Medium,Medium,Public,Negative,1.0,No,High School,Near,Male,64,Bajo
24.0,90.0,Medium,Medium,Yes,6.0,97.0,Low,Yes,1.0,High,Medium,Public,Positive,4.0,No,High School,Near,Male,72,Alto
19.0,91.0,Medium,Low,No,9.0,67.0,Medium,Yes,0.0,Medium,Medium,Private,Negative,3.0,No,High School,Near,Female,66,Bajo
18.0,91.0,Medium,Medium,No,5.0,52.0,Medium,Yes,2.0,Medium,Medium,Public,Negative,4.0,No,High School,Near,Female,66,Bajo
24.0,89.0,Medium,High,Yes,5.0,68.0,Medium,Yes,0.0,Low,Medium,Public,Positive,2.0,No,High School,Near,Female,71,Alto
23.0,68.0,Low,Low,No,8.0,91.0,Medium,Yes,5.0,Low,Medium,Public,Negative,5.0,No,High School,Near,Female,66,Bajo
18.0,74.0,Medium,Low,Yes,6.0,67.0,High,Yes,2.0,Low,Medium,Public,Neutral,2.0,No,High School,Near,Male,64,Bajo
27.0,79.0,Medium,Low,No,6.0,65.0,Low,Yes,0.0,Medium,Medium,Private,Negative,2.0,No,High School,Near,Male,66,Bajo
14.0,73.0,Medium,Low,Yes,5.0,96.0,Low,Yes,1.0,Low,Medium,Public,Negative,3.0,No,High School,Near,Female,62,Bajo
24.0,90.0,Medium,Medium,No,8.0,65.0,Medium,Yes,4.0,Low,Medium,Public,Neutral,4.0,No,High School,Near,Male,70,Alto
24.0,73.0,Medium,Medium,Yes,7.0,99.0,Medium,Yes,3.0,Medium,Medium,Private,Neutral,3.0,No,High School,Near,Female,69,Medio
18.0,66.0,High,Medium,No,7.0,92.0,Medium,Yes,2.0,Low,Medium,Private,Neutral,4.0,No,High School,Near,Male,65,Bajo
22.0,76.0,High,Medium,Yes,6.0,84.0,High,Yes,2.0,Medium,Medium,Public,Neutral,3.0,No,High School,Near,Male,70,Alto
12.0,99.0,High,High,Yes,6.0,80.0,Medium,No,0.0,High,Medium,Public,Positive,3.0,No,High School,Near,Male,70,Alto
26.0,69.0,Medium,Medium,Yes,7.0,61.0,Medium,Yes,1.0,High,Medium,Public,Positive,2.0,No,High School,Near,Male,67,Medio
19.0,84.0,Medium,High,Yes,8.0,87.0,Low,Yes,2.0,Low,Medium,Public,Positive,3.0,No,High School,Near,Female,69,Medio
17.0,77.0,Low,Medium,No,9.0,67.0,Low,Yes,0.0,Low,Medium,Public,Neutral,5.0,Yes,High School,Near,Female,62,Bajo
26.0,63.0,Medium,High,Yes,9.0,74.0,Medium,Yes,1.0,Low,Medium,Private,Positive,4.0,No,High School,Near,Female,67,Medio
16.0,80.0,High,Medium,No,8.0,55.0,High,No,0.0,Low,Medium,Public,Positive,6.0,No,High School,Near,Male,65,Bajo
12.0,88.0,Medium,Medium,No,8.0,65.0,Medium,Yes,0.0,Low,Medium,Public,Positive,4.0,No,High School,Near,Male,65,Bajo
11.0,81.0,Medium,High,Yes,5.0,76.0,Medium,Yes,1.0,Low,Medium,Public,Neutral,3.0,No,High School,Near,Male,65,Bajo
24.0,95.0,Medium,Low,Yes,6.0,73.0,Medium,No,3.0,Low,Medium,Public,Positive,2.0,No,High School,Near,Male,69,Medio
12.0,72.0,Medium,Medium,No,8.0,67.0,Low,Yes,4.0,Medium,Medium,Public,Neutral,4.0,No,High School,Near,Male,63,Bajo
31.0,63.0,Low,High,Yes,7.0,74.0,Low,Yes,3.0,Medium,Medium,Public,Negative,2.0,No,High School,Near,Male,66,Bajo
8.0,97.0,Medium,High,Yes,8.0,87.0,Medium,Yes,0.0,Medium,Medium,Public,Positive,2.0,Yes,High School,Near,Male,67,Medio
30.0,75.0,Medium,Medium,No,8.0,73.0,High,Yes,1.0,Medium,Medium,Public,Negative,3.0,No,High School,Near,Male,69,Medio
21.0,83.0,Medium,Medium,Yes,8.0,75.0,High,Yes,1.0,Low,Medium,Public,Neutral,2.0,No,High School,Near,Male,67,Medio
19.0,92.0,Medium,Medium,Yes,5.0,85.0,Medium,Yes,1.0,Medium,Medium,Private,Neutral,4.0,No,High School,Near,Male,70,Alto
17.0,73.0,High,High,Yes,7.0,92.0,Medium,Yes,2.0,High,Medium,Private,Negative,2.0,No,High School,Near,Male,67,Medio
22.0,89.0,High,Medium,No,6.0,76.0,Medium,Yes,2.0,Low,Medium,Public,Neutral,4.0,No,High School,Near,Male,70,Alto
20.0,65.0,High,High,Yes,6.0,97.0,Medium,Yes,0.0,Low,Medium,Private,Negative,3.0,No,High School,Near,Female,65,Bajo
27.0,72.0,Medium,Low,No,4.0,68.0,Medium,No,0.0,Medium,Medium,Public,Negative,3.0,Yes,High School,Near,Male,63,Bajo
21.0,66.0,Medium,Medium,Yes,7.0,63.0,Medium,Yes,0.0,High,Medium,Public,Neutral,3.0,No,High School,Near,Female,64,Bajo
21.0,92.0,High,Medium,Yes,4.0,85.0,Low,Yes,1.0,High,Medium,Public,Negative,3.0,No,High School,Near,Male,69,Medio
18.0,69.0,Low,Medium,No,8.0,59.0,Low,No,1.0,Low,Medium,Public,Positive,4.0,No,High School,Near,Female,60,Bajo
20.0,89.0,Low,Medium,Yes,9.0,95.0,Medium,Yes,3.0,Low,Medium,Public,Positive,3.0,No,High School,Near,Male,69,Medio
22.0,98.0,Medium,Low,Yes,8.0,69.0,Medium,Yes,4.0,High,Medium,Private,Positive,2.0,No,High School,Near,Female,72,Alto
10.0,81.0,Medium,Low,Yes,7.0,85.0,Low,Yes,1.0,Low,Medium,Public,Neutral,2.0,No,High School,Near,Male,63,Bajo
12.0,82.0,Low,Medium,No,9.0,79.0,High,Yes,0.0,Low,Medium,Private,Positive,2.0,No,High School,Near,Female,63,Bajo
24.0,78.0,High,Low,Yes,7.0,53.0,High,Yes,0.0,Medium,Medium,Public,Neutral,4.0,Yes,High School,Near,Male,66,Bajo
21.0,73.0,Medium,Medium,No,6.0,85.0,Medium,Yes,6.0,Medium,Medium,Public,Neutral,5.0,No,High School,Near,Male,70,Alto
19.0,79.0,Medium,High,Yes,7.0,90.0,Medium,Yes,1.0,High,Medium,Public,Negative,4.0,No,High School,Near,Female,68,Medio
20.0,84.0,Medium,Medium,Yes,10.0,99.0,Low,Yes,2.0,Medium,Medium,Private,Positive,3.0,No,High School,Near,Male,69,Medio
22.0,99.0,Medium,Medium,Yes,5.0,71.0,High,Yes,0.0,Medium,Medium,Public,Neutral,4.0,No,High School,Near,Female,72,Alto
17.0,98.0,Low,High,No,5.0,75.0,Low,Yes,1.0,Low,Medium,Private,Positive,3.0,Yes,High School,Near,Male,67,Medio
15.0,94.0,Low,Medium,No,8.0,94.0,Low,Yes,1.0,High,Medium,Public,Positive,4.0,No,High School,Near,Male,68,Medio
21.0,96.0,Medium,High,No,7.0,63.0,Medium,Yes,1.0,Medium,Medium,Private,Negative,2.0,No,High School,Near,Female,70,Alto
14.0,79.0,High,Medium,Yes,6.0,59.0,Medium,Yes,5.0,Medium,Medium,Public,Positive,3.0,No,High School,Near,Male,68,Medio
22.0,86.0,Medium,Medium,Yes,5.0,57.0,High,Yes,2.0,Medium,Medium,Public,Positive,3.0,No,High School,Near,Male,69,Medio
10.0,96.0,Medium,Medium,No,4.0,99.0,Medium,Yes,1.0,Medium,Medium,Private,Negative,5.0,No,High School,Near,Female,68,Medio
26.0,76.0,Medium,Medium,No,5.0,64.0,Low,Yes,0.0,Medium,Medium,Public,Positive,5.0,No,High School,Near,Female,66,Bajo
23.0,98.0,Medium,Medium,No,9.0,88.0,High,Yes,1.0,Low,Medium,Public,Negative,4.0,No,High School,Near,Female,72,Alto
22.0,77.0,Medium,Medium,Yes,7.0,72.0,Medium,Yes,2.0,Medium,Medium,Public,Neutral,3.0,No,High School,Near,Male,67,Medio
26.0,84.0,Low,High,No,4.0,62.0,Medium,No,3.0,High,Medium,Public,Positive,2.0,No,High School,Near,Male,70,Alto
30.0,88.0,High,Medium,Yes,9.0,96.0,Medium,Yes,1.0,Medium,Medium,Private,Neutral,3.0,Yes,High School,Near,Male,73,Alto
26.0,98.0,Medium,Low,Yes,9.0,73.0,High,Yes,1.0,High,Medium,Public,Neutral,6.0,No,High School,Near,Male,73,Alto
9.0,70.0,Medium,Medium,No,9.0,78.0,Low,Yes,1.0,Medium,Medium,Public,Neutral,2.0,No,High School,Near,Female,60,Bajo
12.0,90.0,Medium,High,No,6.0,61.0,Low,Yes,2.0,Medium,Medium,Public,Neutral,3.0,No,High School,Near,Male,67,Medio
16.0,81.0,High,Medium,Yes,7.0,66.0,Medium,Yes,3.0,High,Medium,Private,Positive,4.0,No,High School,Near,Male,69,Medio
20.0,71.0,Medium,Low,No,7.0,87.0,High,Yes,1.0,Medium,Medium,Public,Negative,5.0,No,High School,Near,Male,65,Bajo
23.0,91.0,Low,High,Yes,9.0,67.0,Low,Yes,2.0,Low,Medium,Public,Neutral,4.0,No,High School,Near,Female,70,Alto
16.0,82.0,High,High,Yes,6.0,75.0,Low,Yes,3.0,Medium,Medium,Public,Neutral,3.0,No,High School,Near,Female,68,Medio
21.0,86.0,Medium,Low,No,6.0,56.0,Medium,Yes,1.0,Low,Medium,Private,Negative,2.0,No,High School,Near,Female,66,Bajo
15.0,73.0,Low,High,Yes,8.0,93.0,Medium,Yes,1.0,Low,Medium,Public,Positive,4.0,No,High School,Near,Male,65,Bajo
16.0,79.0,Low,Medium,Yes,9.0,87.0,Medium,Yes,1.0,Low,Medium,Public,Neutral,2.0,No,High School,Near,Female,64,Bajo
12.0,85.0,High,High,Yes,7.0,88.0,High,Yes,1.0,Low,Medium,Public,Neutral,0.0,No,High School,Near,Female,67,Medio
14.0,76.0,High,Medium,Yes,8.0,59.0,Low,Yes,3.0,Medium,Medium,Private,Neutral,5.0,No,High School,Near,Male,65,Bajo
12.0,68.0,High,High,Yes,7.0,75.0,Medium,Yes,1.0,Medium,Medium,Private,Positive,4.0,No,High School,Near,Male,64,Bajo
14.0,98.0,High,High,No,7.0,51.0,Medium,Yes,0.0,Medium,Medium,Public,Positive,1.0,Yes,High School,Near,Male,67,Medio
26.0,80.0,Medium,Low,Yes,6.0,66.0,Medium,Yes,2.0,High,Medium,Public,Neutral,4.0,No,High School,Near,Male,70,Alto
14.0,89.0,Medium,Low,Yes,5.0,67.0,Low,No,3.0,Low,Medium,Private,Neutral,3.0,No,High School,Near,Female,63,Bajo
36.0,76.0,Medium,Medium,No,6.0,96.0,Medium,Yes,1.0,Low,Medium,Private,Neutral,2.0,No,High School,Near,Male,71,Alto
23.0,74.0,High,Low,No,6.0,100.0,Low,Yes,2.0,High,Medium,Private,Positive,3.0,No,High School,Near,Male,68,Medio
21.0,76.0,Medium,Medium,No,7.0,81.0,Medium,Yes,0.0,Medium,Medium,Private,Positive,2.0,No,High School,Near,Female,67,Medio
15.0,76.0,High,High,Yes,9.0,76.0,Medium,Yes,1.0,Medium,Medium,Public,Neutral,2.0,No,High School,Near,Female,67,Medio
24.0,82.0,Low,Medium,Yes,7.0,72.0,Medium,Yes,0.0,Medium,Medium,Public,Positive,2.0,No,High School,Near,Female,68,Medio
17.0,82.0,High,Medium,No,6.0,51.0,Medium,Yes,1.0,Low,Medium,Public,Positive,3.0,No,High School,Near,Male,66,Bajo
21.0,80.0,Medium,Medium,Yes,8.0,90.0,Medium,Yes,0.0,Medium,Medium,Public,Negative,4.0,No,High School,Near,Male,68,Medio
35.0,65.0,High,Medium,Yes,7.0,84.0,High,Yes,0.0,Medium,Medium,Public,Positive,2.0,No,High School,Near,Male,70,Alto
19.0,80.0,Low,Low,No,8.0,82.0,Medium,Yes,5.0,Low,Medium,Public,Positive,3.0,No,High School,Near,Male,67,Medio
27.0,67.0,Low,Medium,Yes,6.0,90.0,Medium,Yes,2.0,High,Medium,Private,Neutral,3.0,No,High School,Near,Male,67,Medio
16.0,65.0,Low,High,No,9.0,96.0,Low,Yes,2.0,Low,Medium,Public,Negative,2.0,No,High School,Near,Male,62,Bajo
20.0,97.0,Medium,High,No,9.0,69.0,Low,Yes,0.0,Low,Medium,Public,Negative,3.0,Yes,High School,Near,Male,67,Medio
31.0,84.0,Medium,High,No,7.0,71.0,Low,Yes,4.0,Low,Medium,Public,Negative,4.0,No,High School,Near,Male,70,Alto
16.0,86.0,High,High,No,8.0,99.0,Medium,Yes,4.0,Low,Medium,Private,Neutral,4.0,No,High School,Near,Male,72,Alto
31.0,76.0,Medium,Medium,Yes,9.0,83.0,Medium,Yes,2.0,High,Medium,Private,Negative,3.0,No,High School,Near,Female,70,Alto
24.0,96.0,Low,High,No,6.0,93.0,Medium,Yes,2.0,Low,Medium,Public,Neutral,2.0,No,High School,Near,Female,94,Alto
17.0,86.0,Medium,Medium,No,7.0,61.0,Medium,No,2.0,High,Medium,Public,Positive,3.0,No,High School,Near,Male,66,Bajo
24.0,91.0,Low,Low,Yes,7.0,66.0,High,Yes,2.0,Low,Medium,Public,Neutral,3.0,No,High School,Near,Male,69,Medio
26.0,75.0,High,Medium,No,5.0,70.0,Low,Yes,0.0,High,Medium,Private,Neutral,2.0,No,High School,Near,Male,68,Medio
24.0,98.0,High,Low,No,8.0,66.0,High,Yes,2.0,Low,Medium,Public,Positive,1.0,No,High School,Near,Male,71,Alto
11.0,93.0,High,Medium,No,9.0,94.0,Medium,Yes,4.0,Low,Medium,Public,Neutral,4.0,No,High School,Near,Male,69,Medio
16.0,94.0,Medium,Medium,No,7.0,76.0,Low,Yes,2.0,Medium,Medium,Public,Neutral,3.0,Yes,High School,Near,Female,67,Medio
19.0,67.0,Low,Medium,Yes,8.0,98.0,Medium,Yes,2.0,Low,Medium,Private,Negative,2.0,No,High School,Near,Female,64,Bajo
20.0,71.0,Medium,Medium,Yes,9.0,66.0,Medium,Yes,1.0,Medium,Medium,Private,Negative,5.0,Yes,High School,Near,Female,63,Bajo
24.0,71.0,Medium,High,Yes,6.0,52.0,Medium,Yes,2.0,Medium,Medium,Private,Neutral,3.0,No,High School,Near,Female,66,Bajo
21.0,71.0,High,Medium,Yes,8.0,57.0,Low,No,2.0,High,Medium,Public,Positive,1.0,No,High School,Near,Female,66,Bajo
12.0,94.0,Low,High,Yes,6.0,61.0,Medium,Yes,3.0,High,Medium,Public,Neutral,4.0,No,High School,Near,Male,69,Medio
22.0,61.0,Low,Low,Yes,6.0,82.0,Low,Yes,4.0,Medium,Medium,Public,Positive,4.0,No,High School,Near,Female,64,Bajo
24.0,63.0,High,Medium,No,8.0,59.0,Low,Yes,1.0,Low,Medium,Public,Neutral,3.0,Yes,High School,Near,Male,62,Bajo
23.0,71.0,Medium,Medium,Yes,7.0,69.0,High,Yes,3.0,Low,Medium,Public,Positive,5.0,Yes,High School,Near,Female,66,Bajo
26.0,68.0,Medium,High,Yes,8.0,90.0,Medium,Yes,4.0,Low,Medium,Private,Neutral,3.0,No,High School,Near,Male,70,Alto
25.0,69.0,High,Medium,Yes,7.0,56.0,Medium,Yes,2.0,Low,Medium,Private,Neutral,4.0,No,High School,Near,Male,67,Medio
23.0,92.0,Low,Medium,No,8.0,54.0,Medium,Yes,0.0,High,Medium,Public,Positive,1.0,No,High School,Near,Female,68,Medio
20.0,83.0,High,Low,No,9.0,77.0,High,Yes,0.0,Low,Medium,Public,Positive,3.0,Yes,High School,Near,Male,67,Medio
10.0,60.0,Medium,Medium,No,9.0,85.0,Medium,Yes,0.0,Medium,Medium,Public,Positive,4.0,No,High School,Near,Male,62,Bajo
23.0,77.0,Low,Medium,Yes,8.0,96.0,Medium,Yes,1.0,High,Medium,Private,Neutral,1.0,Yes,High School,Near,Male,67,Medio
21.0,76.0,Medium,High,Yes,8.0,83.0,Medium,Yes,0.0,Low,Medium,Public,Positive,5.0,No,High School,Near,Male,68,Medio
22.0,65.0,Low,Medium,No,7.0,97.0,Low,Yes,2.0,Medium,Medium,Private,Neutral,4.0,No,High School,Near,Female,64,Bajo
12.0,87.0,Medium,Low,Yes,7.0,62.0,Medium,No,2.0,Medium,Medium,Public,Neutral,4.0,No,High School,Near,Female,64,Bajo
14.0,88.0,Medium,Medium,No,8.0,67.0,Medium,Yes,2.0,High,Medium,Public,Neutral,3.0,No,High School,Near,Male,66,Bajo
26.0,89.0,Medium,Low,Yes,7.0,92.0,Medium,Yes,2.0,Low,Medium,Public,Positive,2.0,No,High School,Near,Male,72,Alto
20.0,89.0,Medium,High,Yes,8.0,91.0,Medium,Yes,2.0,Medium,Medium,Public,Positive,3.0,No,High School,Near,Female,72,Alto
24.0,60.0,Medium,High,Yes,9.0,83.0,High,Yes,2.0,Medium,Medium,Public,Positive,3.0,Yes,High School,Near,Male,66,Bajo
20.0,98.0,Low,Medium,No,7.0,75.0,High,Yes,4.0,Medium,Medium,Private,Positive,1.0,No,High School,Near,Male,72,Alto
20.0,93.0,High,Medium,Yes,4.0,51.0,Low,Yes,1.0,Medium,Medium,Public,Positive,3.0,No,High School,Near,Male,69,Medio
26.0,96.0,High,High,Yes,10.0,64.0,Low,Yes,2.0,Medium,Medium,Private,Neutral,3.0,Yes,High School,Near,Female,72,Alto
17.0,61.0,Low,Low,Yes,6.0,58.0,Medium,Yes,1.0,Medium,Medium,Public,Neutral,4.0,No,High School,Near,Male,60,Bajo
21.0,97.0,Medium,Medium,Yes,7.0,53.0,Medium,Yes,0.0,High,Medium,Public,Neutral,2.0,No,High School,Near,Male,69,Medio
17.0,92.0,Medium,High,No,8.0,89.0,Medium,Yes,0.0,Low,Medium,Public,Positive,3.0,Yes,High School,Near,Male,68,Medio
17.0,93.0,Low,Medium,Yes,9.0,57.0,High,Yes,3.0,Low,Medium,Private,Neutral,2.0,No,High School,Near,Male,69,Medio
18.0,64.0,Medium,Low,Yes,10.0,68.0,Low,Yes,1.0,Low,Medium,Public,Positive,5.0,No,High School,Near,Male,62,Bajo
21.0,90.0,Medium,Medium,Yes,6.0,99.0,Low,Yes,2.0,Low,Medium,Public,Positive,2.0,No,High School,Near,Male,71,Alto
17.0,98.0,Medium,High,Yes,9.0,70.0,Low,Yes,1.0,High,Medium,Private,Negative,2.0,No,High School,Near,Male,70,Alto
28.0,87.0,Low,Low,Yes,7.0,57.0,Medium,Yes,2.0,Medium,Medium,Private,Negative,4.0,No,High School,Near,Male,68,Medio
15.0,83.0,High,Medium,Yes,10.0,84.0,Medium,Yes,1.0,High,Medium,Public,Negative,2.0,No,High School,Near,Male,68,Medio
19.0,98.0,Medium,High,No,9.0,90.0,Low,No,1.0,High,Medium,Private,Positive,2.0,No,High School,Near,Female,70,Alto
17.0,78.0,Medium,High,No,7.0,64.0,Medium,Yes,0.0,Low,Medium,Private,Neutral,3.0,No,High School,Near,Female,65,Bajo
29.0,84.0,High,Medium,Yes,6.0,90.0,Medium,Yes,0.0,Medium,Medium,Public,Positive,3.0,No,High School,Near,Male,73,Alto
21.0,79.0,High,Medium,No,4.0,64.0,Low,Yes,0.0,Low,Medium,Public,Negative,4.0,No,High School,Near,Male,66,Bajo
26.0,97.0,Medium,Medium,No,8.0,85.0,Low,No,2.0,High,Medium,Public,Neutral,3.0,No,High School,Near,Male,71,Alto
11.0,63.0,High,Medium,Yes,9.0,56.0,High,Yes,2.0,Medium,Medium,Public,Neutral,3.0,No,High School,Near,Female,62,Bajo
22.0,80.0,Medium,Medium,Yes,8.0,71.0,High,Yes,2.0,Low,Medium,Private,Positive,3.0,No,High School,Near,Female,68,Medio
25.0,87.0,Medium,High,No,4.0,76.0,Low,Yes,1.0,Low,Medium,Public,Positive,4.0,No,High School,Near,Male,70,Alto
20.0,92.0,Medium,Low,No,5.0,86.0,Low,Yes,0.0,Medium,Medium,Public,Neutral,2.0,No,High School,Near,Female,68,Medio
26.0,83.0,High,Low,Yes,8.0,83.0,Medium,Yes,2.0,Low,Medium,Public,Neutral,2.0,No,High School,Near,Female,71,Alto
17.0,96.0,Medium,Medium,Yes,10.0,93.0,Medium,Yes,2.0,Medium,Medium,Public,Negative,4.0,No,High School,Near,Female,70,Alto
28.0,98.0,Medium,Medium,Yes,7.0,59.0,Medium,Yes,1.0,Low,Medium,Public,Positive,3.0,No,High School,Near,Male,72,Alto
34.0,63.0,Medium,High,Yes,9.0,83.0,Medium,Yes,2.0,Medium,Medium,Public,Negative,2.0,No,High School,Near,Male,69,Medio
18.0,76.0,Medium,High,No,5.0,56.0,Medium,Yes,1.0,Low,Medium,Public,Negative,2.0,No,High School,Near,Male,63,Bajo
17.0,61.0,Medium,Medium,No,7.0,74.0,High,Yes,0.0,Medium,Medium,Public,Neutral,2.0,No,High School,Near,Female,62,Bajo
29.0,73.0,Medium,Medium,No,7.0,76.0,Medium,Yes,2.0,Low,Medium,Private,Neutral,3.0,No,High School,Near,Female,68,Medio
29.0,81.0,Low,Medium,Yes,9.0,51.0,Low,Yes,2.0,Medium,Medium,Public,Positive,5.0,No,High School,Near,Male,70,Alto
17.0,96.0,Medium,Medium,Yes,6.0,54.0,Medium,Yes,1.0,Medium,Medium,Private,Positive,4.0,No,High School,Near,Male,69,Medio
17.0,94.0,Medium,Medium,No,10.0,92.0,Low,Yes,2.0,Low,Medium,Private,Negative,2.0,No,High School,Near,Male,68,Medio
18.0,65.0,High,Medium,Yes,7.0,64.0,Medium,Yes,2.0,High,Medium,Public,Positive,1.0,No,High School,Near,Male,65,Bajo
12.0,64.0,Medium,Low,No,5.0,67.0,Medium,Yes,3.0,Low,Medium,Private,Positive,2.0,Yes,High School,Near,Male,59,Bajo
14.0,84.0,Medium,Medium,No,5.0,82.0,Medium,Yes,3.0,Low,Medium,Public,Positive,3.0,No,High School,Near,Male,66,Bajo
14.0,81.0,High,Medium,No,6.0,61.0,Low,Yes,0.0,Low,Medium,Public,Positive,4.0,No,High School,Near,Male,64,Bajo
15.0,71.0,Low,Medium,No,8.0,60.0,High,No,5.0,Low,Medium,Public,Positive,4.0,No,High School,Near,Female,63,Bajo
20.0,96.0,Medium,Medium,No,6.0,71.0,Medium,Yes,5.0,Low,Medium,Public,Neutral,3.0,No,High School,Near,Male,72,Alto
21.0,97.0,Medium,High,Yes,6.0,53.0,Low,Yes,0.0,Low,Medium,Public,Negative,3.0,Yes,High School,Near,Male,67,Medio
29.0,76.0,Medium,Medium,No,8.0,96.0,Low,Yes,2.0,Low,Medium,Public,Positive,2.0,No,High School,Near,Male,94,Alto
14.0,96.0,Medium,High,Yes,4.0,97.0,Low,Yes,2.0,Medium,Medium,Public,Negative,3.0,No,High School,Near,Female,70,Alto
26.0,75.0,Low,Medium,No,6.0,72.0,Medium,Yes,0.0,Low,Medium,Public,Neutral,3.0,No,High School,Near,Male,66,Bajo
19.0,89.0,Low,Medium,Yes,5.0,60.0,Low,Yes,4.0,Medium,Medium,Public,Positive,2.0,No,High School,Near,Female,69,Medio
20.0,79.0,Medium,Low,Yes,6.0,74.0,Low,Yes,2.0,Low,Medium,Public,Positive,2.0,No,High School,Near,Male,64,Bajo
24.0,65.0,Medium,Medium,No,7.0,55.0,Low,Yes,1.0,Low,Medium,Private,Positive,3.0,Yes,High School,Near,Female,63,Bajo
13.0,97.0,High,High,No,7.0,70.0,Medium,Yes,1.0,Low,Medium,Public,Neutral,4.0,No,High School,Near,Female,71,Alto
22.0,78.0,High,Medium,No,7.0,54.0,Medium,Yes,1.0,Medium,Medium,Public,Negative,3.0,Yes,High School,Near,Male,65,Bajo
21.0,89.0,Low,Medium,Yes,9.0,85.0,Low,Yes,1.0,Medium,Medium,Public,Negative,5.0,No,High School,Near,Female,68,Medio
23.0,75.0,Medium,Medium,No,7.0,64.0,High,Yes,1.0,Low,Medium,Public,Negative,3.0,Yes,High School,Near,Male,64,Bajo
22.0,61.0,Low,Low,Yes,10.0,76.0,High,Yes,1.0,High,Medium,Public,Positive,2.0,No,High School,Near,Male,64,Bajo
35.0,64.0,Medium,Medium,Yes,8.0,51.0,Medium,Yes,2.0,Medium,Medium,Public,Negative,5.0,Yes,High School,Near,Male,66,Bajo
16.0,80.0,High,Medium,No,6.0,76.0,Medium,Yes,1.0,Medium,Medium,Public,Positive,4.0,No,High School,Near,Male,68,Medio
17.0,88.0,Medium,Medium,No,10.0,50.0,Medium,Yes,3.0,Low,Medium,Public,Neutral,5.0,No,High School,Near,Female,67,Medio
16.0,73.0,Low,High,Yes,7.0,96.0,Medium,Yes,1.0,Medium,Medium,Private,Positive,3.0,No,High School,Near,Female,66,Bajo
17.0,88.0,Medium,Medium,Yes,10.0,75.0,Medium,Yes,2.0,Medium,Medium,Public,Neutral,3.0,No,High School,Near,Male,68,Medio
16.0,88.0,Low,Medium,No,7.0,55.0,Medium,Yes,3.0,Low,Medium,Public,Neutral,3.0,No,High School,Near,Male,66,Bajo
27.0,88.0,Medium,Medium,No,7.0,67.0,Medium,Yes,3.0,High,Medium,Public,Neutral,4.0,No,High School,Near,Male,71,Alto
29.0,80.0,Medium,High,Yes,8.0,52.0,Medium,Yes,4.0,Low,Medium,Public,Positive,4.0,No,High School,Near,Female,71,Alto
17.0,97.0,Medium,High,No,7.0,77.0,Medium,Yes,0.0,Low,Medium,Private,Negative,4.0,No,High School,Near,Male,68,Medio
15.0,80.0,High,Low,No,9.0,56.0,High,Yes,3.0,Medium,Medium,Public,Neutral,3.0,Yes,High School,Near,Female,64,Bajo
23.0,78.0,Medium,Medium,Yes,10.0,74.0,Low,Yes,3.0,Medium,Medium,Public,Negative,4.0,No,High School,Near,Male,67,Medio
17.0,68.0,High,Medium,Yes,4.0,65.0,High,Yes,0.0,Medium,Medium,Private,Positive,2.0,No,High School,Near,Male,64,Bajo
24.0,72.0,High,Low,Yes,8.0,88.0,High,Yes,3.0,Low,Medium,Public,Positive,2.0,No,High School,Near,Female,68,Medio
21.0,62.0,Medium,Low,No,6.0,74.0,High,Yes,0.0,Low,Medium,Private,Positive,3.0,Yes,High School,Near,Male,62,Bajo
11.0,85.0,Medium,Low,Yes,4.0,92.0,Low,Yes,0.0,Medium,Medium,Public,Neutral,1.0,No,High School,Near,Male,64,Bajo
29.0,70.0,Low,High,No,8.0,97.0,Low,Yes,3.0,Low,Medium,Public,Positive,3.0,No,High School,Near,Male,70,Alto
31.0,72.0,Medium,Medium,No,8.0,98.0,High,Yes,0.0,Low,Medium,Public,Neutral,4.0,No,High School,Near,Male,68,Medio
16.0,91.0,Medium,Medium,No,8.0,63.0,High,Yes,2.0,Medium,Medium,Public,Neutral,3.0,No,High School,Near,Female,69,Medio
18.0,73.0,Low,Medium,Yes,8.0,88.0,Low,Yes,3.0,Low,Medium,Public,Positive,4.0,No,High School,Near,Male,65,Bajo
22.0,70.0,Medium,High,Yes,8.0,72.0,Medium,Yes,2.0,High,Medium,Public,Neutral,3.0,No,High School,Near,Male,67,Medio
22.0,67.0,High,Medium,No,6.0,71.0,Low,Yes,2.0,Medium,Medium,Public,Positive,2.0,No,High School,Near,Male,65,Bajo
24.0,91.0,High,Medium,No,7.0,93.0,Low,Yes,0.0,Medium,Medium,Public,Positive,2.0,No,High School,Near,Male,71,Alto
32.0,65.0,Medium,Low,Yes,8.0,57.0,Low,Yes,2.0,Low,Medium,Public,Positive,3.0,No,High School,Near,Female,65,Bajo
19.0,78.0,Medium,Medium,Yes,9.0,74.0,Low,Yes,2.0,Low,Medium,Public,Positive,5.0,No,High School,Near,Female,66,Bajo
15.0,80.0,High,Medium,No,7.0,80.0,Medium,Yes,0.0,Low,Medium,Public,Neutral,5.0,No,High School,Near,Female,65,Bajo
12.0,87.0,Medium,Medium,Yes,7.0,53.0,Low,Yes,2.0,Medium,Medium,Private,Neutral,1.0,No,High School,Near,Male,65,Bajo
16.0,85.0,Low,Medium,No,7.0,93.0,High,Yes,1.0,Medium,Medium,Public,Positive,3.0,No,High School,Near,Male,68,Medio
20.0,92.0,Medium,Medium,Yes,5.0,66.0,Medium,Yes,2.0,Medium,Medium,Public,Negative,2.0,Yes,High School,Near,Male,68,Medio
31.0,62.0,High,Medium,No,8.0,83.0,Medium,Yes,0.0,Medium,Medium,Private,Neutral,2.0,Yes,High School,Near,Female,67,Medio
17.0,72.0,Low,Medium,Yes,5.0,96.0,High,Yes,3.0,High,Medium,Public,Negative,3.0,No,High School,Near,Male,65,Bajo
21.0,71.0,Medium,Low,No,8.0,86.0,Medium,Yes,2.0,Medium,Medium,Public,Neutral,2.0,No,High School,Near,Male,66,Bajo
20.0,66.0,Medium,Medium,Yes,7.0,94.0,Low,Yes,0.0,Medium,Medium,Public,Neutral,4.0,No,High School,Near,Female,63,Bajo
27.0,72.0,High,High,Yes,5.0,53.0,Medium,Yes,1.0,High,Medium,Private,Neutral,5.0,No,High School,Near,Male,70,Alto
35.0,72.0,High,High,Yes,5.0,75.0,Medium,Yes,1.0,Low,Medium,Public,Positive,5.0,No,High School,Near,Male,72,Alto
17.0,81.0,Medium,High,No,6.0,78.0,Medium,Yes,2.0,Low,Medium,Private,Positive,2.0,No,High School,Near,Male,67,Medio
17.0,87.0,High,Low,Yes,6.0,84.0,Medium,Yes,0.0,Medium,Medium,Public,Positive,3.0,No,High School,Near,Male,67,Medio
26.0,75.0,Low,Medium,Yes,9.0,56.0,Medium,Yes,1.0,Low,Medium,Public,Positive,5.0,No,High School,Near,Male,66,Bajo
24.0,89.0,Low,Medium,No,7.0,83.0,Medium,No,1.0,Low,Medium,Public,Neutral,3.0,No,High School,Near,Male,66,Bajo
31.0,73.0,High,Medium,Yes,8.0,57.0,Medium,Yes,2.0,Low,Medium,Public,Neutral,4.0,No,High School,Near,Male,69,Medio
24.0,72.0,Medium,Low,Yes,9.0,53.0,Medium,Yes,0.0,Low,Medium,Private,Neutral,4.0,Yes,High School,Near,Male,62,Bajo
18.0,82.0,Low,Medium,No,9.0,73.0,Low,Yes,2.0,Low,Medium,Public,Positive,4.0,No,High School,Near,Female,66,Bajo
24.0,61.0,Medium,Medium,No,7.0,80.0,High,Yes,0.0,Low,Medium,Public,Positive,3.0,No,High School,Near,Male,64,Bajo
27.0,63.0,High,Medium,Yes,6.0,98.0,Medium,Yes,1.0,Low,Medium,Public,Positive,2.0,No,High School,Near,Female,67,Medio
25.0,77.0,High,High,No,8.0,85.0,Medium,Yes,2.0,Medium,Medium,Public,Positive,1.0,No,High School,Near,Male,71,Alto
23.0,98.0,High,Medium,Yes,6.0,80.0,Medium,Yes,1.0,Medium,Medium,Public,Positive,2.0,No,High School,Near,Male,73,Alto
26.0,89.0,Medium,Low,Yes,10.0,61.0,Low,Yes,0.0,Medium,Medium,Public,Neutral,3.0,No,High School,Near,Female,68,Medio
27.0,64.0,High,Low,Yes,8.0,58.0,Medium,Yes,2.0,High,Medium,Public,Neutral,1.0,No,High School,Near,Male,66,Bajo
28.0,94.0,Medium,High,Yes,7.0,80.0,Medium,Yes,3.0,Low,Medium,Public,Positive,4.0,No,High School,Near,Male,75,Alto
24.0,89.0,Medium,High,Yes,8.0,61.0,Medium,Yes,1.0,Low,Medium,Public,Positive,3.0,No,High School,Near,Female,72,Alto
19.0,84.0,High,Low,Yes,7.0,85.0,Medium,Yes,1.0,High,Medium,Private,Neutral,3.0,No,High School,Near,Male,68,Medio
21.0,93.0,Medium,Medium,Yes,6.0,56.0,Medium,No,1.0,Low,Medium,Public,Positive,3.0,No,High School,Near,Male,68,Medio
27.0,76.0,Low,High,Yes,8.0,67.0,Medium,Yes,1.0,Medium,Medium,Public,Positive,4.0,No,High School,Near,Male,69,Medio
15.0,69.0,Medium,Medium,Yes,7.0,89.0,Medium,Yes,1.0,Low,Medium,Public,Negative,2.0,No,High School,Near,Female,63,Bajo
22.0,80.0,Medium,High,Yes,10.0,92.0,Medium,Yes,0.0,Medium,Medium,Public,Positive,2.0,No,High School,Near,Female,70,Alto
18.0,82.0,Low,Medium,Yes,6.0,67.0,Low,Yes,1.0,High,Medium,Private,Positive,3.0,No,High School,Near,Male,66,Bajo
20.0,82.0,Low,Low,Yes,8.0,60.0,Medium,Yes,3.0,Medium,Medium,Public,Positive,4.0,No,High School,Near,Male,66,Bajo
28.0,83.0,Medium,High,No,6.0,98.0,Medium,Yes,1.0,Low,Medium,Private,Neutral,2.0,No,High School,Near,Male,72,Alto
21.0,98.0,Low,Medium,No,6.0,88.0,Medium,Yes,1.0,Medium,Medium,Public,Neutral,3.0,No,High School,Near,Male,71,Alto
20.0,96.0,High,Medium,No,4.0,90.0,Medium,Yes,3.0,Low,Medium,Private,Neutral,2.0,No,High School,Near,Male,72,Alto
12.0,95.0,Medium,Medium,No,8.0,61.0,High,Yes,4.0,High,Medium,Private,Neutral,1.0,No,High School,Near,Male,69,Medio
24.0,92.0,Low,High,Yes,6.0,71.0,Low,Yes,2.0,Low,Medium,Public,Positive,2.0,No,High School,Near,Male,71,Alto
24.0,98.0,Medium,Low,No,9.0,53.0,Medium,Yes,3.0,High,Medium,Private,Negative,2.0,No,High School,Near,Male,69,Medio
33.0,64.0,High,Medium,No,8.0,55.0,Medium,Yes,1.0,Medium,Medium,Public,Neutral,3.0,No,High School,Near,Female,68,Medio
18.0,71.0,Low,Low,Yes,7.0,61.0,Low,Yes,2.0,Low,Medium,Public,Negative,4.0,No,High School,Near,Male,61,Bajo
21.0,80.0,Medium,High,No,5.0,65.0,High,Yes,2.0,Medium,Medium,Private,Neutral,1.0,No,High School,Near,Male,68,Medio
21.0,94.0,High,Medium,Yes,8.0,100.0,Low,Yes,0.0,Low,Medium,Public,Neutral,3.0,No,High School,Near,Male,72,Alto
29.0,80.0,Medium,Medium,Yes,6.0,71.0,Medium,Yes,0.0,Medium,Medium,Public,Positive,3.0,No,High School,Near,Female,70,Alto
19.0,90.0,High,Medium,Yes,5.0,85.0,High,Yes,0.0,Medium,Medium,Private,Positive,5.0,No,High School,Near,Female,73,Alto
22.0,66.0,Medium,High,No,8.0,95.0,Low,Yes,3.0,Medium,Medium,Private,Positive,3.0,No,High School,Near,Female,67,Medio
24.0,70.0,Medium,High,No,5.0,62.0,Medium,Yes,2.0,Low,Medium,Private,Negative,4.0,Yes,High School,Near,Male,65,Bajo
21.0,89.0,Medium,Medium,No,4.0,57.0,Medium,Yes,1.0,High,Medium,Private,Positive,2.0,No,High School,Near,Female,68,Medio
17.0,67.0,Low,High,Yes,9.0,62.0,High,Yes,3.0,Medium,Medium,Public,Positive,3.0,No,High School,Near,Male,65,Bajo
21.0,74.0,High,Medium,No,6.0,94.0,Medium,Yes,1.0,Low,Medium,Public,Positive,1.0,No,High School,Near,Male,97,Alto
26.0,71.0,High,Low,Yes,4.0,83.0,Low,Yes,1.0,Medium,Medium,Public,Negative,3.0,No,High School,Near,Male,66,Bajo
14.0,74.0,High,High,Yes,6.0,73.0,High,Yes,2.0,Medium,Medium,Private,Neutral,3.0,No,High School,Near,Female,67,Medio
21.0,88.0,High,Medium,No,6.0,91.0,Medium,Yes,2.0,High,Medium,Public,Neutral,1.0,No,High School,Near,Female,70,Alto
16.0,75.0,High,Medium,Yes,9.0,62.0,Medium,Yes,3.0,Low,Medium,Public,Positive,4.0,No,High School,Near,Female,66,Bajo
27.0,82.0,Medium,High,Yes,5.0,62.0,Low,Yes,1.0,Low,Medium,Private,Neutral,4.0,No,High School,Near,Female,69,Medio
11.0,64.0,High,Medium,Yes,5.0,78.0,Low,Yes,2.0,Low,Medium,Private,Neutral,4.0,No,High School,Near,Male,62,Bajo
17.0,92.0,Medium,Low,Yes,8.0,90.0,High,Yes,1.0,High,Medium,Public,Negative,3.0,No,High School,Near,Male,68,Medio
22.0,75.0,Medium,High,Yes,6.0,63.0,Low,Yes,1.0,Low,Medium,Public,Positive,2.0,No,High School,Near,Male,67,Medio
29.0,86.0,Medium,Medium,Yes,7.0,61.0,Medium,Yes,0.0,Medium,Medium,Public,Negative,4.0,No,High School,Near,Female,68,Medio
20.0,89.0,High,Medium,Yes,6.0,74.0,Medium,Yes,1.0,Low,Medium,Private,Neutral,2.0,No,High School,Near,Male,69,Medio
17.0,68.0,Medium,Medium,Yes,10.0,57.0,Medium,Yes,1.0,High,Medium,Private,Positive,1.0,Yes,High School,Near,Female,62,Bajo
31.0,95.0,High,Medium,Yes,5.0,87.0,Medium,Yes,2.0,Low,Medium,Public,Neutral,3.0,No,High School,Near,Male,75,Alto
11.0,85.0,Medium,Medium,No,7.0,79.0,Low,Yes,2.0,High,Medium,Public,Positive,3.0,No,High School,Near,Male,65,Bajo
7.0,77.0,High,Medium,No,9.0,76.0,Medium,Yes,2.0,Medium,Medium,Public,Negative,3.0,No,High School,Near,Male,63,Bajo
23.0,67.0,High,Medium,No,6.0,94.0,Low,Yes,1.0,Medium,Medium,Public,Positive,2.0,No,High School,Near,Male,66,Bajo
17.0,98.0,Low,High,No,6.0,87.0,High,No,3.0,Medium,Medium,Private,Positive,5.0,No,High School,Near,Female,71,Alto
14.0,90.0,High,Medium,Yes,8.0,57.0,Medium,Yes,0.0,Medium,Medium,Public,Positive,3.0,Yes,High School,Near,Male,66,Bajo
24.0,68.0,Medium,Medium,No,9.0,71.0,Medium,Yes,2.0,Medium,Medium,Public,Neutral,4.0,No,High School,Near,Male,66,Bajo
21.0,74.0,Medium,High,No,6.0,66.0,Low,Yes,1.0,Medium,Medium,Private,Negative,4.0,No,High School,Near,Male,66,Bajo
17.0,92.0,High,High,Yes,9.0,90.0,Medium,Yes,1.0,High,Medium,Public,Positive,3.0,No,High School,Near,Male,71,Alto
12.0,88.0,Medium,Medium,Yes,7.0,86.0,High,Yes,3.0,Medium,Medium,Public,Positive,3.0,Yes,High School,Near,Male,68,Medio
25.0,91.0,Medium,Medium,No,8.0,74.0,High,Yes,1.0,Medium,Medium,Private,Positive,3.0,No,High School,Near,Male,71,Alto
24.0,78.0,Medium,Medium,Yes,9.0,91.0,Low,Yes,0.0,High,Medium,Public,Negative,3.0,No,High School,Near,Female,68,Medio
19.0,89.0,Low,Medium,No,8.0,71.0,Medium,Yes,2.0,Low,Medium,Public,Positive,4.0,No,High School,Near,Male,68,Medio
31.0,75.0,Medium,Medium,No,7.0,90.0,Low,Yes,2.0,Medium,Medium,Public,Neutral,2.0,Yes,High School,Near,Male,68,Medio
14.0,68.0,Medium,Medium,Yes,6.0,52.0,Medium,Yes,2.0,Low,Medium,Public,Positive,2.0,No,High School,Near,Male,62,Bajo
11.0,85.0,High,Low,Yes,10.0,57.0,High,Yes,0.0,Medium,Medium,Public,Neutral,5.0,No,High School,Near,Male,65,Bajo
16.0,99.0,Low,High,No,6.0,88.0,High,Yes,2.0,Low,Medium,Public,Neutral,3.0,No,High School,Near,Male,71,Alto
20.0,72.0,Medium,High,Yes,7.0,56.0,Low,Yes,0.0,Low,Medium,Public,Negative,6.0,Yes,High School,Near,Male,63,Bajo
21.0,78.0,High,Medium,No,8.0,84.0,Low,Yes,1.0,High,Medium,Public,Positive,4.0,No,High School,Near,Male,68,Medio
19.0,87.0,High,Low,Yes,8.0,86.0,Low,Yes,1.0,Medium,Medium,Public,Positive,4.0,No,High School,Near,Female,69,Medio
22.0,82.0,High,High,No,10.0,83.0,Medium,Yes,1.0,Low,Medium,Private,Neutral,2.0,Yes,High School,Near,Male,69,Medio
12.0,94.0,Medium,High,Yes,7.0,91.0,Low,Yes,3.0,Medium,Medium,Private,Positive,3.0,No,High School,Near,Female,71,Alto
29.0,90.0,Medium,High,No,7.0,76.0,Medium,Yes,0.0,Low,Medium,Public,Neutral,1.0,No,High School,Near,Female,71,Alto
20.0,62.0,Medium,Medium,Yes,9.0,95.0,Low,Yes,0.0,Medium,Medium,Private,Neutral,3.0,Yes,High School,Near,Male,62,Bajo
27.0,100.0,Low,Low,Yes,7.0,78.0,Low,Yes,2.0,Medium,Medium,Public,Negative,2.0,No,High School,Near,Male,70,Alto
22.0,90.0,High,High,No,8.0,75.0,High,Yes,1.0,Low,Medium,Private,Neutral,3.0,No,High School,Near,Male,70,Alto
23.0,95.0,Medium,Medium,Yes,7.0,75.0,Medium,Yes,2.0,High,Medium,Public,Positive,2.0,No,High School,Near,Male,73,Alto
23.0,86.0,Medium,High,Yes,8.0,96.0,Low,Yes,3.0,Medium,Medium,Private,Positive,2.0,No,High School,Near,Female,71,Alto
23.0,94.0,Medium,Low,Yes,8.0,62.0,Medium,Yes,2.0,Low,Medium,Public,Positive,0.0,No,High School,Near,Female,69,Medio
24.0,64.0,Medium,High,Yes,6.0,85.0,High,Yes,0.0,High,Medium,Private,Neutral,3.0,Yes,High School,Near,Male,66,Bajo
28.0,74.0,Medium,Low,Yes,4.0,62.0,Medium,Yes,1.0,Low,Medium,Private,Neutral,3.0,No,High School,Near,Male,65,Bajo
21.0,95.0,High,Medium,No,4.0,55.0,Medium,Yes,2.0,Medium,Medium,Private,Neutral,1.0,No,High School,Near,Male,71,Alto
24.0,68.0,Medium,Medium,Yes,4.0,98.0,High,Yes,2.0,Medium,Medium,Public,Negative,2.0,No,High School,Near,Male,68,Medio
19.0,63.0,Medium,High,Yes,7.0,56.0,Medium,Yes,2.0,Low,Medium,Private,Positive,3.0,No,High School,Near,Female,64,Bajo
29.0,92.0,Low,Low,Yes,4.0,84.0,Medium,Yes,2.0,Low,Medium,Public,Negative,3.0,No,High School,Near,Male,71,Alto
16.0,93.0,Low,Medium,No,7.0,71.0,Medium,Yes,0.0,Medium,Medium,Public,Positive,2.0,No,High School,Near,Male,67,Medio
31.0,67.0,Medium,Low,No,7.0,92.0,High,Yes,2.0,Medium,Medium,Public,Negative,3.0,No,High School,Near,Female,66,Bajo
20.0,94.0,Low,High,Yes,8.0,89.0,Medium,Yes,1.0,Low,Medium,Public,Positive,4.0,No,High School,Near,Male,71,Alto
11.0,87.0,Low,Medium,No,8.0,57.0,High,Yes,0.0,Low,Medium,Public,Negative,2.0,No,High School,Near,Male,62,Bajo
21.0,81.0,High,Medium,No,8.0,73.0,Medium,Yes,3.0,Low,Medium,Public,Positive,2.0,Yes,High School,Near,Male,67,Medio
16.0,93.0,Medium,Low,Yes,8.0,51.0,Medium,Yes,3.0,Low,Medium,Public,Neutral,2.0,No,High School,Near,Male,67,Medio
25.0,77.0,Low,Medium,Yes,7.0,71.0,Medium,Yes,0.0,Medium,Medium,Public,Negative,3.0,No,High School,Near,Female,66,Bajo
16.0,68.0,Low,Medium,Yes,7.0,85.0,High,Yes,1.0,Low,Medium,Private,Positive,3.0,No,High School,Near,Female,64,Bajo
17.0,71.0,Low,Medium,Yes,6.0,62.0,Medium,Yes,2.0,Low,Medium,Public,Neutral,3.0,Yes,High School,Near,Male,62,Bajo
9.0,80.0,Medium,High,No,7.0,91.0,Low,Yes,1.0,Medium,Medium,Public,Neutral,3.0,No,High School,Near,Female,65,Bajo
17.0,81.0,Medium,Low,Yes,5.0,53.0,Low,Yes,0.0,Medium,Medium,Public,Neutral,1.0,No,High School,Near,Male,63,Bajo
5.0,92.0,Medium,Medium,Yes,9.0,52.0,Medium,Yes,2.0,High,Medium,Private,Neutral,4.0,Yes,High School,Near,Female,64,Bajo
10.0,92.0,Low,High,Yes,6.0,51.0,Low,Yes,1.0,Medium,Medium,Private,Neutral,3.0,No,High School,Near,Female,65,Bajo
25.0,83.0,Medium,High,No,7.0,64.0,Medium,Yes,0.0,Low,Medium,Public,Neutral,2.0,No,High School,Near,Male,68,Medio
25.0,91.0,Medium,High,Yes,7.0,73.0,Medium,Yes,2.0,Low,Medium,Public,Positive,3.0,No,High School,Near,Female,72,Alto
23.0,68.0,Medium,Medium,Yes,9.0,55.0,Medium,Yes,0.0,Low,Medium,Public,Positive,3.0,No,High School,Near,Male,64,Bajo
14.0,62.0,High,Medium,No,4.0,100.0,Low,Yes,1.0,Low,Medium,Public,Neutral,3.0,No,High School,Near,Male,62,Bajo
20.0,95.0,Medium,Low,Yes,7.0,100.0,Low,No,3.0,Low,Medium,Private,Neutral,2.0,No,High School,Near,Female,69,Medio
20.0,63.0,Low,Low,Yes,8.0,76.0,Medium,Yes,3.0,Medium,Medium,Public,Neutral,4.0,No,High School,Near,Female,64,Bajo
13.0,70.0,High,Medium,No,10.0,78.0,Medium,Yes,1.0,Low,Medium,Public,Negative,2.0,No,High School,Near,Female,61,Bajo
29.0,88.0,Medium,High,No,7.0,96.0,Low,Yes,2.0,Low,Medium,Public,Positive,2.0,No,High School,Near,Female,72,Alto
25.0,76.0,Medium,Low,Yes,6.0,88.0,Low,Yes,1.0,Medium,Medium,Private,Negative,3.0,No,High School,Near,Male,66,Bajo
19.0,95.0,High,Low,No,10.0,58.0,Low,Yes,2.0,High,Medium,Public,Positive,3.0,No,High School,Near,Male,69,Medio
20.0,72.0,Medium,Medium,No,8.0,90.0,High,No,2.0,Low,Medium,Private,Neutral,2.0,No,High School,Near,Female,65,Bajo
21.0,60.0,High,Medium,Yes,9.0,62.0,Medium,Yes,2.0,Low,Medium,Public,Positive,3.0,No,High School,Near,Male,64,Bajo
8.0,72.0,Low,Medium,Yes,5.0,72.0,Medium,Yes,3.0,High,Medium,Private,Positive,4.0,No,High School,Near,Female,62,Bajo
19.0,83.0,Medium,Medium,No,8.0,77.0,High,Yes,1.0,Low,Medium,Public,Positive,4.0,No,High School,Near,Male,66,Bajo
16.0,75.0,Low,Low,Yes,5.0,86.0,Medium,Yes,0.0,Low,Medium,Public,Positive,1.0,No,High School,Near,Female,62,Bajo
14.0,81.0,Medium,Medium,Yes,5.0,58.0,High,Yes,3.0,Low,Medium,Public,Negative,4.0,No,High School,Near,Male,66,Bajo
18.0,95.0,Medium,High,No,8.0,54.0,Medium,Yes,2.0,High,Medium,Public,Neutral,3.0,No,High School,Near,Female,70,Alto
31.0,96.0,Medium,Medium,Yes,8.0,93.0,Low,Yes,3.0,Low,Medium,Public,Positive,3.0,No,High School,Near,Male,75,Alto
24.0,71.0,Low,High,Yes,6.0,91.0,Medium,Yes,3.0,High,Medium,Public,Neutral,2.0,No,High School,Near,Female,67,Medio
17.0,78.0,Low,Medium,Yes,9.0,76.0,Low,Yes,4.0,Medium,Medium,Public,Positive,2.0,No,High School,Near,Male,66,Bajo
23.0,82.0,Medium,High,No,6.0,83.0,Medium,Yes,2.0,Medium,Medium,Private,Positive,3.0,No,High School,Near,Male,71,Alto
28.0,98.0,High,Medium,Yes,7.0,86.0,Medium,Yes,2.0,Medium,Medium,Private,Neutral,2.0,No,High School,Near,Female,75,Alto
26.0,100.0,High,High,No,7.0,74.0,Low,Yes,1.0,Medium,Medium,Public,Neutral,2.0,No,High School,Near,Female,72,Alto
20.0,69.0,High,Medium,No,7.0,63.0,Low,Yes,2.0,Low,Medium,Private,Negative,2.0,No,High School,Near,Female,64,Bajo
16.0,89.0,Medium,Medium,Yes,9.0,74.0,Medium,No,1.0,Low,Medium,Public,Neutral,3.0,No,High School,Near,Male,65,Bajo
24.0,75.0,Low,Medium,No,5.0,98.0,High,Yes,1.0,Low,Medium,Public,Positive,3.0,No,High School,Near,Male,67,Medio
22.0,60.0,Medium,Medium,No,6.0,92.0,Low,Yes,2.0,Low,Medium,Public,Negative,2.0,No,High School,Near,Male,63,Bajo
25.0,60.0,Medium,Low,Yes,5.0,73.0,Low,Yes,1.0,Medium,Medium,Public,Negative,2.0,No,High School,Near,Male,62,Bajo
24.0,78.0,Low,High,Yes,10.0,61.0,High,Yes,2.0,Medium,Medium,Public,Positive,4.0,No,High School,Near,Female,69,Medio
26.0,80.0,Medium,Medium,Yes,7.0,94.0,Medium,Yes,1.0,Low,Medium,Private,Positive,2.0,No,High School,Near,Male,70,Alto
17.0,61.0,Low,Medium,Yes,6.0,82.0,High,Yes,0.0,Medium,Medium,Public,Neutral,4.0,No,High School,Near,Male,63,Bajo
28.0,87.0,Medium,Medium,Yes,7.0,70.0,Medium,Yes,2.0,Low,Medium,Public,Neutral,2.0,No,High School,Near,Male,71,Alto
21.0,72.0,Medium,Low,Yes,8.0,56.0,Medium,Yes,0.0,Low,Medium,Public,Neutral,4.0,No,High School,Near,Male,63,Bajo
32.0,82.0,Low,Medium,Yes,8.0,88.0,Low,Yes,0.0,High,Medium,Public,Positive,2.0,No,High School,Near,Male,71,Alto
16.0,72.0,Medium,Medium,Yes,6.0,66.0,Low,Yes,0.0,Low,Medium,Private,Positive,4.0,No,High School,Near,Male,63,Bajo
30.0,67.0,Medium,High,Yes,6.0,80.0,High,Yes,0.0,Low,Medium,Public,Neutral,4.0,No,High School,Near,Male,68,Medio
21.0,76.0,Medium,Low,Yes,5.0,78.0,High,No,0.0,Low,Medium,Public,Neutral,3.0,No,High School,Near,Male,65,Bajo
16.0,69.0,High,High,Yes,7.0,85.0,Medium,Yes,0.0,High,Medium,Private,Negative,3.0,No,High School,Near,Female,66,Bajo
17.0,81.0,Low,Medium,Yes,9.0,77.0,Medium,Yes,3.0,Low,Medium,Public,Neutral,4.0,No,High School,Near,Male,66,Bajo
18.0,68.0,High,High,No,6.0,82.0,Low,Yes,0.0,Medium,Medium,Public,Positive,3.0,No,High School,Near,Male,66,Bajo
23.0,80.0,Low,Low,Yes,8.0,54.0,Medium,Yes,0.0,Medium,Medium,Private,Positive,2.0,No,High School,Near,Female,65,Bajo
23.0,66.0,Medium,High,No,6.0,83.0,Medium,Yes,0.0,High,Medium,Public,Positive,2.0,No,High School,Near,Female,66,Bajo
17.0,87.0,Medium,Medium,Yes,5.0,60.0,Medium,Yes,4.0,Medium,Medium,Private,Positive,3.0,Yes,High School,Near,Female,67,Medio
20.0,90.0,High,Medium,No,8.0,70.0,Medium,Yes,0.0,Medium,Medium,Private,Neutral,3.0,No,High School,Near,Female,68,Medio
33.0,64.0,Medium,Low,Yes,10.0,76.0,Low,Yes,2.0,High,Medium,Private,Neutral,3.0,No,High School,Near,Male,68,Medio
30.0,79.0,Low,Medium,No,8.0,84.0,Medium,Yes,3.0,Low,Medium,Private,Negative,3.0,No,High School,Near,Female,69,Medio
23.0,63.0,Medium,Low,Yes,6.0,87.0,Low,Yes,1.0,Medium,Medium,Public,Neutral,2.0,No,High School,Near,Male,64,Bajo
20.0,84.0,Medium,Medium,No,6.0,85.0,Medium,Yes,0.0,Medium,Medium,Private,Positive,3.0,No,High School,Near,Male,67,Medio
21.0,71.0,Medium,Medium,Yes,10.0,55.0,Low,Yes,1.0,Medium,Medium,Public,Negative,4.0,No,High School,Near,Female,63,Bajo
24.0,81.0,Low,High,Yes,7.0,69.0,Medium,Yes,3.0,Low,Medium,Public,Negative,3.0,No,High School,Near,Male,67,Medio
14.0,81.0,Medium,High,Yes,6.0,64.0,Low,No,2.0,High,Medium,Public,Neutral,2.0,No,High School,Near,Female,64,Bajo
18.0,97.0,Low,Medium,No,7.0,70.0,Low,Yes,0.0,High,Medium,Public,Neutral,2.0,Yes,High School,Near,Female,66,Bajo
10.0,82.0,High,Medium,No,7.0,82.0,Low,Yes,2.0,Low,Medium,Private,Neutral,4.0,No,High School,Near,Male,65,Bajo
22.0,83.0,Medium,Medium,Yes,8.0,60.0,Low,No,4.0,Medium,Medium,Public,Neutral,2.0,No,High School,Near,Female,68,Medio
24.0,76.0,Low,High,No,9.0,75.0,Low,Yes,0.0,Low,Medium,Private,Positive,5.0,No,High School,Near,Male,66,Bajo
17.0,98.0,High,High,No,9.0,94.0,Low,Yes,0.0,High,Medium,Public,Negative,3.0,No,High School,Near,Male,71,Alto
29.0,91.0,Medium,High,Yes,7.0,87.0,Medium,No,2.0,Medium,Medium,Private,Negative,4.0,No,High School,Near,Female,74,Alto
13.0,71.0,Medium,High,No,7.0,86.0,Low,Yes,2.0,Low,Medium,Public,Positive,3.0,No,High School,Near,Male,65,Bajo
11.0,94.0,Low,High,Yes,8.0,92.0,High,Yes,0.0,Medium,Medium,Public,Neutral,4.0,No,High School,Near,Female,68,Medio
21.0,77.0,Medium,High,Yes,6.0,70.0,Low,No,2.0,High,Medium,Private,Positive,2.0,No,High School,Near,Male,68,Medio
26.0,93.0,Medium,Medium,No,8.0,88.0,Medium,Yes,1.0,Medium,Medium,Public,Neutral,4.0,Yes,High School,Near,Male,72,Alto
30.0,93.0,High,High,Yes,7.0,53.0,Medium,Yes,3.0,Low,Medium,Private,Negative,2.0,No,High School,Near,Female,74,Alto
17.0,68.0,Low,High,No,8.0,53.0,Medium,Yes,0.0,Low,Medium,Public,Neutral,2.0,No,High School,Near,Male,61,Bajo
26.0,88.0,Low,Low,No,10.0,67.0,Low,Yes,0.0,Low,Medium,Private,Positive,3.0,No,High School,Near,Male,65,Bajo
20.0,72.0,High,Low,No,8.0,60.0,Low,Yes,0.0,Low,Medium,Public,Neutral,5.0,No,High School,Near,Male,63,Bajo
19.0,72.0,High,Medium,Yes,7.0,76.0,Medium,Yes,1.0,Medium,Medium,Public,Positive,2.0,No,High School,Near,Female,66,Bajo
25.0,72.0,Low,High,Yes,6.0,59.0,Medium,Yes,2.0,Low,Medium,Public,Negative,3.0,No,High School,Near,Male,66,Bajo
24.0,89.0,High,Medium,Yes,7.0,99.0,Medium,Yes,2.0,Low,Medium,Private,Neutral,4.0,No,High School,Near,Female,73,Alto
11.0,69.0,Medium,Medium,No,5.0,93.0,Medium,Yes,0.0,Medium,Medium,Public,Negative,4.0,No,High School,Near,Male,63,Bajo
29.0,60.0,High,High,Yes,8.0,99.0,Medium,Yes,0.0,Medium,Medium,Public,Positive,4.0,Yes,High School,Near,Female,68,Medio
28.0,89.0,High,Low,Yes,4.0,90.0,High,Yes,3.0,Low,Medium,Public,Positive,2.0,Yes,High School,Near,Female,73,Alto
16.0,67.0,Low,High,Yes,8.0,98.0,Medium,Yes,0.0,High,Medium,Private,Negative,3.0,No,High School,Near,Male,63,Bajo
22.0,64.0,Medium,High,Yes,8.0,68.0,Medium,Yes,2.0,Medium,Medium,Public,Negative,4.0,No,High School,Near,Male,65,Bajo
23.0,70.0,Low,High,Yes,7.0,75.0,High,Yes,0.0,Low,Medium,Public,Positive,4.0,No,High School,Near,Female,66,Bajo
22.0,75.0,Low,Low,Yes,6.0,62.0,Medium,Yes,0.0,High,Medium,Public,Negative,3.0,No,High School,Near,Female,65,Bajo
17.0,79.0,Low,High,Yes,7.0,82.0,Medium,Yes,0.0,Medium,Medium,Public,Negative,2.0,No,High School,Near,Male,66,Bajo
16.0,62.0,High,Medium,No,4.0,89.0,High,Yes,3.0,Low,Medium,Public,Neutral,3.0,No,High School,Near,Female,65,Bajo
20.0,99.0,Medium,Medium,No,8.0,75.0,Medium,Yes,2.0,Low,Medium,Private,Negative,2.0,No,High School,Near,Female,70,Alto
27.0,89.0,Medium,Medium,No,7.0,65.0,Medium,Yes,1.0,Medium,Medium,Public,Neutral,3.0,No,High School,Near,Female,70,Alto
23.0,73.0,High,Medium,Yes,9.0,75.0,Medium,Yes,0.0,High,Medium,Private,Positive,3.0,No,High School,Near,Female,68,Medio
18.0,73.0,Medium,High,No,8.0,53.0,Medium,No,1.0,Low,Medium,Public,Neutral,3.0,No,High School,Near,Male,64,Bajo
25.0,78.0,Medium,Medium,No,7.0,86.0,Medium,Yes,1.0,Medium,Medium,Public,Negative,3.0,No,High School,Near,Female,68,Medio
3.0,85.0,Low,High,No,8.0,73.0,Low,Yes,2.0,Low,Medium,Private,Neutral,3.0,No,High School,Near,Male,62,Bajo
27.0,66.0,Medium,Medium,Yes,6.0,95.0,Medium,Yes,1.0,Medium,Medium,Public,Positive,3.0,No,High School,Near,Male,68,Medio
10.0,68.0,Low,Medium,No,6.0,96.0,Low,Yes,1.0,High,Medium,Public,Neutral,3.0,No,High School,Near,Male,61,Bajo
18.0,94.0,High,Medium,Yes,7.0,56.0,Low,No,1.0,Low,Medium,Public,Positive,3.0,No,High School,Near,Male,69,Medio
13.0,70.0,Medium,Medium,Yes,7.0,100.0,Medium,Yes,3.0,Low,Medium,Public,Neutral,3.0,No,High School,Near,Male,65,Bajo
12.0,75.0,Medium,High,Yes,6.0,98.0,Medium,Yes,2.0,Low,Medium,Public,Neutral,2.0,No,High School,Near,Male,65,Bajo
27.0,95.0,Medium,High,No,7.0,81.0,Low,Yes,3.0,Low,Medium,Public,Neutral,2.0,No,High School,Near,Male,72,Alto
17.0,87.0,Medium,Medium,Yes,7.0,91.0,High,Yes,3.0,Low,Medium,Public,Positive,3.0,Yes,High School,Near,Female,70,Alto
22.0,74.0,Medium,High,Yes,10.0,51.0,Medium,No,1.0,Medium,Medium,Private,Negative,4.0,No,High School,Near,Male,65,Bajo
20.0,87.0,Medium,Medium,No,7.0,99.0,Medium,Yes,3.0,Low,Medium,Public,Negative,3.0,No,High School,Near,Male,69,Medio
23.0,61.0,High,Low,Yes,6.0,73.0,Medium,Yes,1.0,Medium,Medium,Public,Positive,3.0,No,High School,Near,Male,65,Bajo
20.0,89.0,Low,Medium,Yes,7.0,95.0,Low,Yes,3.0,Low,Medium,Private,Neutral,2.0,No,High School,Near,Male,69,Medio
12.0,79.0,Low,Medium,Yes,9.0,69.0,Medium,Yes,2.0,Low,Medium,Public,Neutral,3.0,No,High School,Near,Male,65,Bajo
26.0,93.0,Medium,High,Yes,9.0,89.0,Medium,Yes,0.0,Low,Medium,Public,Neutral,3.0,No,High School,Near,Male,72,Alto
17.0,98.0,High,Low,Yes,10.0,71.0,Medium,Yes,0.0,Low,Medium,Private,Positive,3.0,No,High School,Near,Female,70,Alto
11.0,97.0,Medium,Medium,Yes,7.0,68.0,Low,Yes,0.0,Low,Medium,Private,Negative,2.0,No,High School,Near,Female,64,Bajo
17.0,96.0,Medium,Low,No,8.0,97.0,Low,Yes,0.0,Medium,Medium,Public,Negative,3.0,No,High School,Near,Female,67,Medio
29.0,80.0,Medium,Low,No,5.0,85.0,High,Yes,0.0,High,Medium,Public,Neutral,2.0,No,High School,Near,Male,69,Medio
25.0,74.0,Low,Medium,Yes,6.0,92.0,Low,Yes,4.0,Medium,Medium,Private,Positive,3.0,No,High School,Near,Male,70,Alto
18.0,79.0,Medium,Medium,Yes,5.0,77.0,Low,Yes,1.0,Low,Medium,Public,Neutral,3.0,No,High School,Near,Male,65,Bajo
18.0,88.0,High,High,Yes,8.0,96.0,Low,Yes,1.0,Low,Medium,Public,Positive,3.0,No,High School,Near,Female,69,Medio
18.0,95.0,High,Medium,Yes,7.0,87.0,High,Yes,5.0,Medium,Medium,Public,Neutral,2.0,No,High School,Near,Male,74,Alto
32.0,68.0,Low,Medium,Yes,7.0,54.0,Medium,Yes,1.0,Low,Medium,Private,Neutral,1.0,No,High School,Near,Male,66,Bajo
22.0,97.0,Medium,Medium,Yes,6.0,88.0,High,Yes,1.0,Low,Medium,Private,Positive,4.0,No,High School,Near,Male,72,Alto
23.0,93.0,Medium,Low,Yes,8.0,51.0,High,No,0.0,Low,Medium,Private,Positive,1.0,No,High School,Near,Male,67,Medio
26.0,99.0,Low,High,Yes,4.0,91.0,High,Yes,2.0,High,Medium,Public,Neutral,4.0,No,High School,Near,Female,75,Alto
21.0,95.0,Medium,Low,Yes,7.0,67.0,Medium,Yes,3.0,Medium,Medium,Public,Positive,2.0,No,High School,Near,Female,70,Alto
18.0,71.0,Low,Low,No,7.0,80.0,Medium,Yes,1.0,Medium,Medium,Public,Neutral,4.0,No,High School,Near,Female,63,Bajo
19.0,64.0,Medium,Medium,No,4.0,87.0,High,Yes,2.0,Medium,Medium,Private,Positive,4.0,No,High School,Near,Male,65,Bajo
20.0,64.0,Medium,High,No,8.0,82.0,Medium,Yes,3.0,Medium,Medium,Public,Negative,3.0,No,High School,Near,Female,64,Bajo
20.0,72.0,Medium,High,No,7.0,84.0,Low,Yes,2.0,Medium,Medium,Public,Negative,2.0,No,High School,Near,Female,65,Bajo
24.0,85.0,Medium,Medium,Yes,8.0,95.0,Medium,Yes,2.0,Medium,Medium,Public,Negative,4.0,No,High School,Near,Female,70,Alto
20.0,92.0,Medium,Low,No,10.0,69.0,Medium,Yes,0.0,Low,Medium,Public,Positive,2.0,No,High School,Near,Male,67,Medio
24.0,96.0,Medium,Medium,Yes,7.0,77.0,Low,No,0.0,Low,Medium,Public,Negative,2.0,Yes,High School,Near,Female,67,Medio
20.0,85.0,Medium,High,No,8.0,59.0,Medium,Yes,1.0,Medium,Medium,Public,Positive,3.0,No,High School,Near,Female,68,Medio
20.0,60.0,Medium,Medium,No,9.0,73.0,High,Yes,4.0,Medium,Medium,Public,Negative,4.0,No,High School,Near,Male,65,Bajo
8.0,67.0,High,Medium,Yes,8.0,58.0,Low,Yes,2.0,Medium,Medium,Public,Positive,1.0,No,High School,Near,Female,61,Bajo
25.0,64.0,Medium,Low,Yes,6.0,82.0,Low,Yes,2.0,Low,Medium,Public,Negative,3.0,No,High School,Near,Female,63,Bajo
22.0,75.0,Medium,Low,Yes,5.0,66.0,Low,Yes,2.0,Low,Medium,Public,Positive,2.0,No,High School,Near,Male,80,Alto
26.0,80.0,Medium,Medium,Yes,8.0,93.0,Medium,Yes,2.0,Low,Medium,Public,Neutral,1.0,No,High School,Near,Male,69,Medio
3.0,62.0,Medium,Low,No,6.0,67.0,Medium,Yes,1.0,Low,Medium,Public,Negative,3.0,No,High School,Near,Male,55,Bajo
33.0,74.0,Medium,Medium,No,9.0,64.0,Medium,Yes,2.0,Medium,Medium,Private,Neutral,4.0,No,High School,Near,Female,70,Alto
19.0,67.0,Medium,Medium,Yes,6.0,75.0,High,Yes,1.0,Low,Medium,Public,Neutral,3.0,No,High School,Near,Female,65,Bajo
27.0,86.0,Low,Medium,Yes,7.0,59.0,Low,Yes,1.0,Medium,Medium,Public,Neutral,3.0,No,High School,Near,Male,68,Medio
14.0,79.0,Medium,Low,Yes,5.0,60.0,Medium,Yes,3.0,Low,Medium,Public,Negative,5.0,No,High School,Near,Male,64,Bajo
24.0,80.0,Medium,Medium,No,6.0,89.0,Medium,Yes,1.0,Low,Medium,Public,Neutral,3.0,No,High School,Near,Male,69,Medio
14.0,77.0,Low,High,No,6.0,75.0,Medium,Yes,1.0,Medium,Medium,Public,Neutral,4.0,Yes,High School,Near,Female,89,Alto
16.0,98.0,Medium,Low,Yes,6.0,60.0,Medium,Yes,1.0,Medium,Medium,Private,Positive,3.0,No,High School,Near,Male,67,Medio
31.0,69.0,Medium,Medium,No,7.0,52.0,Medium,No,2.0,High,Medium,Public,Neutral,5.0,No,High School,Near,Male,92,Alto
19.0,81.0,High,High,No,6.0,73.0,Low,No,1.0,Low,Medium,Private,Positive,3.0,No,High School,Near,Female,67,Medio
21.0,89.0,Low,Medium,Yes,10.0,87.0,Low,Yes,3.0,Medium,Medium,Public,Positive,3.0,No,High School,Near,Male,70,Alto
25.0,82.0,High,Low,No,8.0,68.0,Medium,Yes,1.0,Low,Medium,Public,Neutral,3.0,No,High School,Near,Male,68,Medio
23.0,97.0,Medium,Low,Yes,9.0,62.0,Medium,Yes,0.0,Low,Medium,Private,Positive,2.0,No,High School,Near,Male,70,Alto
21.0,75.0,Medium,Medium,Yes,7.0,70.0,Low,Yes,3.0,Medium,Medium,Public,Positive,4.0,Yes,High School,Near,Male,67,Medio
22.0,79.0,Medium,Medium,Yes,7.0,98.0,High,Yes,0.0,High,Medium,Public,Neutral,3.0,No,High School,Near,Male,69,Medio
34.0,64.0,Medium,Medium,No,6.0,71.0,High,Yes,0.0,Low,Medium,Private,Negative,4.0,No,High School,Near,Female,67,Medio
20.0,84.0,High,High,Yes,10.0,63.0,Medium,Yes,0.0,Low,Medium,Private,Positive,4.0,No,High School,Near,Female,69,Medio
21.0,72.0,Medium,High,No,7.0,78.0,Low,No,0.0,High,Medium,Public,Neutral,1.0,Yes,High School,Near,Female,63,Bajo
26.0,66.0,Medium,Medium,No,6.0,91.0,Medium,Yes,3.0,Medium,Medium,Public,Positive,3.0,No,High School,Near,Female,69,Medio
27.0,82.0,Medium,High,No,6.0,51.0,Low,Yes,1.0,Low,Medium,Public,Negative,3.0,No,High School,Near,Male,66,Bajo
27.0,81.0,Medium,Medium,No,8.0,78.0,Medium,Yes,0.0,Medium,Medium,Public,Positive,3.0,No,High School,Near,Male,68,Medio
24.0,63.0,Medium,Medium,Yes,9.0,92.0,Medium,Yes,4.0,Medium,Medium,Private,Positive,4.0,No,High School,Near,Male,69,Medio
13.0,88.0,High,Low,Yes,9.0,61.0,Low,Yes,4.0,Medium,Medium,Private,Negative,3.0,No,High School,Near,Female,66,Bajo
30.0,85.0,Medium,Medium,Yes,6.0,96.0,Low,Yes,1.0,Medium,Medium,Private,Neutral,4.0,No,High School,Near,Female,72,Alto
13.0,68.0,Low,Medium,Yes,6.0,79.0,Medium,Yes,1.0,High,Medium,Private,Negative,3.0,No,High School,Near,Male,62,Bajo
22.0,79.0,Medium,Medium,No,9.0,76.0,Medium,Yes,1.0,Low,Medium,Private,Positive,2.0,No,High School,Near,Male,67,Medio
15.0,89.0,High,Low,No,10.0,98.0,Low,Yes,0.0,Low,Medium,Private,Positive,2.0,No,High School,Near,Male,67,Medio
20.0,81.0,High,High,Yes,7.0,56.0,Low,No,1.0,Medium,Medium,Private,Positive,3.0,No,High School,Near,Male,67,Medio
22.0,76.0,Medium,Low,No,9.0,87.0,Low,Yes,2.0,Low,Medium,Public,Neutral,3.0,Yes,High School,Near,Female,65,Bajo
22.0,73.0,High,Low,No,5.0,91.0,Medium,Yes,1.0,Medium,Medium,Public,Positive,3.0,No,High School,Near,Male,67,Medio
23.0,84.0,Low,Low,No,6.0,74.0,Medium,No,3.0,Low,Medium,Public,Positive,1.0,No,High School,Near,Female,66,Bajo
30.0,98.0,Low,Low,Yes,5.0,50.0,High,Yes,0.0,Low,Medium,Public,Negative,2.0,No,High School,Near,Male,70,Alto
23.0,87.0,Low,High,No,8.0,76.0,Medium,Yes,2.0,High,Medium,Public,Positive,5.0,Yes,High School,Near,Female,71,Alto
19.0,63.0,Low,High,Yes,7.0,58.0,Medium,Yes,2.0,Low,Medium,Private,Neutral,3.0,No,High School,Near,Female,64,Bajo
26.0,78.0,Low,High,Yes,7.0,78.0,Low,Yes,4.0,Medium,Medium,Private,Neutral,4.0,No,High School,Near,Female,69,Medio
27.0,96.0,Medium,High,Yes,9.0,87.0,Low,No,0.0,Medium,Medium,Public,Positive,2.0,No,High School,Near,Male,72,Alto
13.0,64.0,Medium,Low,Yes,6.0,77.0,Medium,Yes,0.0,Low,Medium,Public,Neutral,4.0,No,High School,Near,Male,60,Bajo
24.0,100.0,Medium,Low,Yes,7.0,82.0,Low,Yes,1.0,Medium,Medium,Private,Positive,3.0,No,High School,Near,Male,71,Alto
24.0,98.0,Medium,Medium,Yes,5.0,55.0,High,Yes,0.0,Medium,Medium,Public,Positive,3.0,No,High School,Near,Male,71,Alto
18.0,63.0,High,High,No,9.0,55.0,Medium,Yes,2.0,High,Medium,Private,Positive,2.0,No,High School,Near,Female,66,Bajo
28.0,97.0,Medium,Medium,No,9.0,93.0,Low,Yes,3.0,Medium,Medium,Public,Neutral,3.0,No,High School,Near,Female,74,Alto
19.0,75.0,Medium,Medium,No,8.0,52.0,High,Yes,0.0,Low,Medium,Public,Negative,4.0,No,High School,Near,Male,64,Bajo
21.0,94.0,Medium,Low,Yes,7.0,64.0,Low,Yes,2.0,Medium,Medium,Private,Neutral,2.0,No,High School,Near,Male,68,Medio
19.0,77.0,High,Low,No,6.0,97.0,Low,Yes,4.0,Low,Medium,Public,Negative,2.0,No,High School,Near,Male,66,Bajo
20.0,78.0,Medium,Medium,No,5.0,73.0,Low,Yes,1.0,Low,Medium,Public,Negative,3.0,No,High School,Near,Female,65,Bajo
13.0,85.0,Low,High,Yes,7.0,84.0,Medium,No,0.0,Low,Medium,Public,Neutral,5.0,No,High School,Near,Female,64,Bajo
11.0,91.0,Medium,Low,No,8.0,61.0,Medium,Yes,1.0,High,Medium,Private,Positive,3.0,No,High School,Near,Male,65,Bajo
30.0,61.0,High,High,No,10.0,64.0,Low,Yes,4.0,Medium,Medium,Public,Positive,2.0,No,High School,Near,Male,69,Medio
15.0,84.0,Medium,High,Yes,6.0,75.0,Medium,Yes,2.0,Medium,Medium,Private,Positive,4.0,Yes,High School,Near,Female,68,Medio
14.0,67.0,Medium,High,No,7.0,82.0,Low,Yes,1.0,Medium,Medium,Public,Neutral,3.0,No,High School,Near,Female,62,Bajo
7.0,74.0,Low,High,No,9.0,98.0,High,Yes,3.0,High,Medium,Public,Neutral,2.0,No,High School,Near,Male,63,Bajo
16.0,74.0,High,Low,No,9.0,79.0,High,Yes,0.0,High,Medium,Public,Neutral,4.0,No,High School,Near,Female,65,Bajo
12.0,79.0,Low,High,No,6.0,55.0,Medium,Yes,1.0,Low,Medium,Private,Neutral,4.0,No,High School,Near,Female,62,Bajo
30.0,73.0,Low,Medium,No,7.0,68.0,Medium,Yes,0.0,Low,Medium,Public,Positive,2.0,No,High School,Near,Male,67,Medio
26.0,64.0,Low,High,No,6.0,62.0,Low,Yes,1.0,Low,Medium,Private,Positive,5.0,No,High School,Near,Male,64,Bajo
16.0,66.0,Medium,Low,No,6.0,63.0,Low,Yes,2.0,Medium,Medium,Public,Neutral,3.0,No,High School,Near,Male,61,Bajo
34.0,61.0,Low,Medium,No,9.0,75.0,Medium,Yes,1.0,Low,Medium,Public,Neutral,2.0,No,High School,Near,Male,65,Bajo
26.0,79.0,High,Low,No,7.0,66.0,Medium,Yes,1.0,High,Medium,Public,Positive,5.0,Yes,High School,Near,Male,67,Medio
18.0,98.0,High,Low,No,7.0,64.0,Medium,Yes,0.0,Medium,Medium,Public,Positive,4.0,No,High School,Near,Male,70,Alto
5.0,65.0,Medium,High,Yes,7.0,98.0,Low,Yes,1.0,Low,Medium,Private,Positive,3.0,No,High School,Near,Male,59,Bajo
34.0,98.0,Medium,High,No,7.0,79.0,Medium,Yes,1.0,Low,Medium,Private,Neutral,4.0,No,High School,Near,Male,75,Alto
12.0,89.0,Low,Medium,Yes,7.0,63.0,Medium,Yes,4.0,Low,Medium,Public,Neutral,2.0,No,High School,Near,Male,67,Medio
10.0,85.0,Medium,Medium,Yes,6.0,64.0,Low,Yes,1.0,Medium,Medium,Public,Negative,3.0,No,High School,Near,Male,64,Bajo
26.0,86.0,Medium,High,Yes,9.0,91.0,Medium,Yes,3.0,High,Medium,Public,Neutral,3.0,Yes,High School,Near,Female,72,Alto
35.0,93.0,Medium,Medium,Yes,6.0,94.0,Medium,Yes,5.0,Medium,Medium,Public,Neutral,2.0,Yes,High School,Near,Female,76,Alto
28.0,64.0,Medium,High,Yes,6.0,84.0,Low,Yes,2.0,Medium,Medium,Private,Positive,2.0,No,High School,Near,Male,69,Medio
23.0,80.0,Low,Medium,No,7.0,72.0,Low,Yes,0.0,Low,Medium,Public,Negative,5.0,No,High School,Near,Male,65,Bajo
24.0,88.0,High,Medium,No,10.0,88.0,Low,Yes,2.0,High,Medium,Public,Positive,1.0,No,High School,Near,Female,72,Alto
25.0,83.0,Medium,High,Yes,6.0,97.0,Low,Yes,0.0,Low,Medium,Public,Neutral,4.0,No,High School,Near,Male,69,Medio
25.0,93.0,High,Medium,No,8.0,58.0,Medium,Yes,0.0,High,Medium,Private,Positive,4.0,No,High School,Near,Female,71,Alto
22.0,63.0,High,Medium,No,7.0,93.0,High,Yes,0.0,Medium,Medium,Private,Neutral,2.0,No,High School,Near,Male,64,Bajo
21.0,88.0,High,High,Yes,7.0,92.0,High,Yes,2.0,Medium,Medium,Public,Positive,3.0,No,High School,Near,Female,74,Alto
20.0,81.0,Medium,High,Yes,8.0,68.0,Medium,Yes,0.0,Medium,Medium,Public,Neutral,3.0,No,High School,Near,Male,68,Medio
15.0,75.0,Medium,High,Yes,4.0,65.0,High,Yes,1.0,Low,Medium,Private,Positive,4.0,No,High School,Near,Female,66,Bajo
18.0,74.0,Medium,Medium,No,6.0,78.0,High,Yes,0.0,High,Medium,Public,Positive,2.0,No,High School,Near,Female,65,Bajo
10.0,85.0,High,Medium,Yes,8.0,64.0,Low,Yes,2.0,High,Medium,Public,Neutral,3.0,No,High School,Near,Female,67,Medio
19.0,96.0,Medium,Medium,No,7.0,57.0,High,Yes,0.0,Low,Medium,Public,Positive,3.0,No,High School,Near,Female,69,Medio
14.0,80.0,High,Low,Yes,7.0,98.0,High,Yes,2.0,Low,Medium,Private,Negative,2.0,No,High School,Near,Male,66,Bajo
13.0,93.0,Medium,High,Yes,8.0,75.0,Medium,Yes,1.0,Medium,Medium,Private,Positive,2.0,No,High School,Near,Male,69,Medio
21.0,76.0,Medium,Medium,Yes,6.0,74.0,Medium,Yes,2.0,Medium,Medium,Private,Neutral,3.0,No,High School,Near,Male,67,Medio
28.0,64.0,Medium,Medium,Yes,9.0,56.0,Medium,Yes,1.0,Low,Medium,Public,Negative,2.0,No,High School,Near,Male,64,Bajo
26.0,62.0,High,High,No,8.0,75.0,Medium,Yes,2.0,Medium,Medium,Public,Neutral,2.0,No,High School,Near,Male,67,Medio
11.0,62.0,Low,High,Yes,7.0,87.0,High,No,3.0,Low,Medium,Public,Positive,3.0,No,High School,Near,Female,61,Bajo
14.0,75.0,Medium,Low,Yes,8.0,62.0,Low,Yes,0.0,High,Medium,Public,Negative,2.0,No,High School,Near,Female,61,Bajo
26.0,73.0,Medium,Medium,Yes,9.0,68.0,High,Yes,4.0,Medium,Medium,Public,Neutral,2.0,No,High School,Near,Male,68,Medio
14.0,89.0,Low,High,No,6.0,59.0,Low,Yes,2.0,Low,Medium,Public,Neutral,5.0,No,High School,Near,Male,66,Bajo
19.0,90.0,Medium,Medium,No,8.0,68.0,Low,Yes,0.0,High,Medium,Public,Negative,4.0,No,High School,Near,Male,66,Bajo
23.0,62.0,Medium,High,No,10.0,93.0,High,Yes,2.0,Low,Medium,Public,Positive,4.0,No,High School,Near,Female,68,Medio
14.0,69.0,Low,High,No,8.0,62.0,High,Yes,1.0,Medium,Medium,Private,Neutral,2.0,No,High School,Near,Male,63,Bajo
21.0,71.0,Medium,Medium,Yes,7.0,51.0,Medium,Yes,3.0,Medium,Medium,Private,Neutral,3.0,No,High School,Near,Female,66,Bajo
12.0,82.0,High,Medium,Yes,10.0,77.0,High,Yes,0.0,Medium,Medium,Public,Neutral,4.0,No,High School,Near,Female,66,Bajo
16.0,66.0,High,Medium,Yes,7.0,79.0,High,Yes,0.0,High,Medium,Private,Neutral,3.0,No,High School,Near,Female,66,Bajo
22.0,65.0,Medium,Medium,Yes,9.0,66.0,High,Yes,2.0,Medium,Medium,Public,Negative,4.0,No,High School,Near,Male,65,Bajo
10.0,98.0,Medium,Medium,Yes,6.0,82.0,Medium,Yes,2.0,High,Medium,Public,Positive,2.0,No,High School,Near,Male,69,Medio
23.0,92.0,Medium,High,No,9.0,52.0,High,Yes,1.0,High,Medium,Private,Positive,2.0,No,High School,Near,Female,71,Alto
20.0,67.0,High,High,No,6.0,67.0,High,Yes,1.0,Medium,Medium,Public,Positive,2.0,Yes,High School,Near,Female,66,Bajo
23.0,76.0,Medium,Medium,Yes,7.0,57.0,High,Yes,1.0,Medium,Medium,Public,Negative,3.0,No,High School,Near,Female,66,Bajo
21.0,74.0,Medium,High,Yes,6.0,61.0,Low,No,0.0,Low,Medium,Private,Positive,4.0,No,High School,Near,Male,65,Bajo
28.0,92.0,Low,Medium,No,10.0,69.0,Medium,Yes,4.0,Low,Medium,Public,Neutral,4.0,No,High School,Near,Female,71,Alto
21.0,80.0,Medium,High,No,7.0,75.0,High,Yes,3.0,Medium,Medium,Private,Neutral,2.0,No,High School,Near,Male,69,Medio
17.0,65.0,Low,Low,Yes,5.0,55.0,Medium,Yes,2.0,Low,Medium,Public,Positive,3.0,No,High School,Near,Female,61,Bajo
21.0,90.0,High,Medium,Yes,7.0,55.0,High,Yes,1.0,Low,Medium,Public,Neutral,4.0,No,High School,Near,Female,70,Alto
23.0,76.0,Medium,Medium,No,8.0,84.0,High,Yes,2.0,High,Medium,Public,Positive,4.0,No,High School,Near,Female,70,Alto
20.0,71.0,Medium,Medium,No,7.0,70.0,High,Yes,0.0,High,Medium,Public,Negative,4.0,No,High School,Near,Female,65,Bajo
20.0,75.0,Medium,Low,Yes,6.0,59.0,Medium,Yes,2.0,Medium,Medium,Public,Negative,1.0,No,High School,Near,Male,64,Bajo
16.0,80.0,High,High,Yes,9.0,62.0,Low,Yes,0.0,High,Medium,Public,Neutral,4.0,No,High School,Near,Female,68,Medio
16.0,74.0,Low,Medium,Yes,9.0,86.0,Low,Yes,1.0,Low,Medium,Private,Neutral,2.0,No,High School,Near,Female,63,Bajo
12.0,70.0,Medium,High,No,5.0,53.0,Medium,Yes,2.0,Low,Medium,Private,Positive,3.0,No,High School,Near,Male,63,Bajo
30.0,76.0,Medium,Medium,Yes,6.0,75.0,Low,Yes,3.0,High,Medium,Public,Positive,3.0,No,High School,Near,Female,71,Alto
13.0,61.0,High,Low,No,7.0,68.0,Low,No,1.0,Medium,Medium,Public,Neutral,2.0,No,High School,Near,Male,58,Bajo
16.0,91.0,Medium,Medium,Yes,6.0,91.0,Medium,Yes,1.0,Medium,Medium,Public,Neutral,2.0,No,High School,Near,Female,68,Medio
16.0,67.0,Medium,High,No,8.0,90.0,High,Yes,1.0,High,Medium,Public,Neutral,4.0,No,High School,Near,Male,65,Bajo
25.0,62.0,Medium,Medium,No,10.0,84.0,Low,Yes,2.0,Low,Medium,Public,Positive,3.0,No,High School,Near,Female,65,Bajo
18.0,86.0,High,Low,Yes,6.0,69.0,Low,Yes,2.0,Medium,Medium,Public,Positive,2.0,No,High School,Near,Male,68,Medio
27.0,91.0,Low,High,Yes,9.0,82.0,Medium,Yes,0.0,Low,Medium,Public,Neutral,1.0,No,High School,Near,Male,69,Medio
16.0,93.0,Medium,Medium,Yes,5.0,82.0,Low,Yes,5.0,High,Medium,Public,Positive,1.0,No,High School,Near,Male,71,Alto
22.0,80.0,Low,Medium,No,8.0,67.0,Low,Yes,2.0,Low,Medium,Private,Positive,2.0,No,High School,Near,Male,65,Bajo
15.0,68.0,Low,Medium,Yes,6.0,94.0,Low,Yes,0.0,Medium,Medium,Public,Neutral,5.0,No,High School,Near,Female,64,Bajo
33.0,89.0,Low,Medium,No,8.0,99.0,Medium,Yes,2.0,High,Medium,Private,Positive,4.0,No,High School,Near,Male,75,Alto
13.0,88.0,High,Medium,No,4.0,66.0,Low,Yes,1.0,Low,Medium,Public,Positive,4.0,No,High School,Near,Female,67,Medio
22.0,70.0,Medium,High,Yes,5.0,90.0,High,Yes,1.0,Medium,Medium,Public,Neutral,3.0,No,High School,Near,Female,68,Medio
24.0,96.0,High,High,No,8.0,75.0,Low,Yes,1.0,Medium,Medium,Public,Positive,1.0,No,High School,Near,Female,72,Alto
22.0,64.0,Medium,Medium,No,6.0,73.0,High,Yes,3.0,Medium,Medium,Public,Positive,4.0,No,High School,Near,Female,67,Medio
19.0,99.0,High,Medium,No,7.0,69.0,Medium,Yes,1.0,High,Medium,Public,Positive,3.0,No,High School,Near,Male,72,Alto
19.0,94.0,Medium,Low,Yes,10.0,65.0,High,Yes,1.0,Low,Medium,Public,Negative,3.0,No,High School,Near,Male,69,Medio
20.0,88.0,Low,Low,No,7.0,96.0,Low,Yes,0.0,High,Medium,Public,Positive,3.0,No,High School,Near,Male,68,Medio
19.0,98.0,Medium,Medium,Yes,8.0,87.0,Medium,Yes,0.0,Medium,Medium,Private,Negative,6.0,No,High School,Near,Male,70,Alto
26.0,89.0,Medium,Medium,No,6.0,72.0,High,Yes,1.0,Low,Medium,Public,Neutral,3.0,Yes,High School,Near,Female,69,Medio
33.0,68.0,Medium,Low,Yes,5.0,88.0,Medium,Yes,2.0,Low,Medium,Public,Negative,1.0,No,High School,Near,Male,67,Medio
17.0,78.0,Medium,Medium,No,7.0,86.0,Medium,No,0.0,Low,Medium,Public,Neutral,3.0,No,High School,Near,Female,63,Bajo
12.0,63.0,Medium,High,No,5.0,63.0,Low,Yes,4.0,Low,Medium,Private,Positive,2.0,No,High School,Near,Male,61,Bajo
19.0,76.0,Medium,High,Yes,6.0,59.0,Medium,Yes,1.0,Medium,Medium,Public,Neutral,3.0,No,High School,Near,Female,66,Bajo
35.0,90.0,High,Medium,Yes,7.0,92.0,Low,No,0.0,Low,Medium,Private,Neutral,4.0,No,High School,Near,Male,73,Alto
15.0,75.0,Medium,High,Yes,7.0,91.0,High,Yes,0.0,Medium,Medium,Public,Neutral,3.0,No,High School,Near,Male,67,Medio
30.0,73.0,High,Medium,Yes,8.0,100.0,Medium,Yes,2.0,High,Medium,Public,Neutral,2.0,No,High School,Near,Female,72,Alto
30.0,84.0,High,Medium,No,8.0,51.0,Low,Yes,1.0,Low,Medium,Public,Positive,4.0,Yes,High School,Near,Male,69,Medio
17.0,95.0,Low,High,No,5.0,77.0,Medium,Yes,2.0,Medium,Medium,Public,Positive,4.0,No,High School,Near,Female,69,Medio
23.0,62.0,Low,High,Yes,6.0,85.0,Medium,Yes,1.0,Low,Medium,Public,Negative,3.0,Yes,High School,Near,Male,63,Bajo
30.0,75.0,Medium,Medium,Yes,4.0,79.0,Low,Yes,0.0,Medium,Medium,Public,Negative,4.0,No,High School,Near,Male,67,Medio
18.0,66.0,Medium,Medium,No,6.0,86.0,Medium,Yes,0.0,High,Medium,Public,Positive,2.0,No,High School,Near,Female,63,Bajo
19.0,88.0,Medium,High,Yes,8.0,57.0,Low,No,1.0,Medium,Medium,Private,Negative,4.0,No,High School,Near,Male,66,Bajo
17.0,64.0,Medium,Medium,No,9.0,50.0,Medium,Yes,2.0,Low,Medium,Public,Positive,4.0,No,High School,Near,Female,62,Bajo
14.0,87.0,Medium,Medium,Yes,7.0,55.0,Medium,Yes,2.0,Low,Medium,Private,Positive,4.0,No,High School,Near,Male,68,Medio
16.0,71.0,Medium,High,No,9.0,69.0,Medium,Yes,1.0,Low,Medium,Public,Neutral,4.0,No,High School,Near,Female,65,Bajo
13.0,68.0,Low,Low,Yes,8.0,66.0,Medium,Yes,0.0,Medium,Medium,Public,Neutral,4.0,Yes,High School,Near,Male,59,Bajo
20.0,97.0,High,Medium,Yes,7.0,94.0,High,Yes,1.0,Medium,Medium,Public,Negative,1.0,No,High School,Near,Male,72,Alto
15.0,61.0,Medium,High,Yes,6.0,54.0,Medium,Yes,0.0,High,Medium,Private,Neutral,2.0,No,High School,Near,Male,63,Bajo
21.0,78.0,Medium,Medium,No,4.0,72.0,Medium,Yes,1.0,Medium,Medium,Public,Neutral,4.0,No,High School,Near,Male,68,Medio
11.0,61.0,Medium,Medium,Yes,9.0,98.0,High,Yes,0.0,Medium,Medium,Public,Negative,2.0,No,High School,Near,Male,61,Bajo
22.0,79.0,Low,Medium,No,7.0,75.0,Low,Yes,1.0,Low,Medium,Private,Neutral,3.0,No,High School,Near,Female,65,Bajo
25.0,80.0,Medium,Medium,Yes,9.0,57.0,Low,Yes,2.0,Low,Medium,Public,Positive,3.0,No,High School,Near,Female,68,Medio
8.0,73.0,Low,Medium,Yes,6.0,65.0,High,Yes,1.0,Low,Medium,Public,Neutral,4.0,No,High School,Near,Male,61,Bajo
22.0,65.0,Low,Low,Yes,10.0,81.0,Medium,Yes,1.0,Low,Medium,Private,Neutral,3.0,No,High School,Near,Male,63,Bajo
27.0,75.0,Medium,Medium,Yes,7.0,51.0,High,Yes,1.0,Medium,Medium,Public,Negative,2.0,No,High School,Near,Male,67,Medio
13.0,87.0,Low,Medium,Yes,6.0,98.0,Low,Yes,0.0,High,Medium,Public,Positive,3.0,Yes,High School,Near,Male,66,Bajo
30.0,91.0,Medium,Medium,Yes,7.0,78.0,High,Yes,3.0,Medium,Medium,Private,Positive,2.0,No,High School,Near,Male,75,Alto
23.0,81.0,Medium,Medium,No,7.0,85.0,Low,Yes,0.0,Medium,Medium,Public,Positive,4.0,No,High School,Near,Male,68,Medio
16.0,84.0,Low,Medium,No,7.0,75.0,High,Yes,2.0,Medium,Medium,Public,Negative,3.0,No,High School,Near,Female,65,Bajo
20.0,68.0,Low,Medium,No,6.0,98.0,High,Yes,0.0,Low,Medium,Public,Negative,4.0,No,High School,Near,Female,64,Bajo
23.0,71.0,High,Medium,Yes,4.0,79.0,Medium,No,2.0,Low,Medium,Public,Positive,3.0,No,High School,Near,Male,67,Medio
20.0,66.0,Low,Medium,Yes,6.0,83.0,Medium,Yes,2.0,Low,Medium,Private,Neutral,3.0,No,High School,Near,Male,64,Bajo
23.0,70.0,Medium,High,Yes,9.0,93.0,Medium,Yes,0.0,Low,Medium,Public,Neutral,2.0,Yes,High School,Near,Female,67,Medio
14.0,69.0,Medium,High,Yes,6.0,93.0,Low,No,2.0,Low,Medium,Private,Neutral,0.0,No,High School,Near,Male,63,Bajo
21.0,81.0,High,Medium,Yes,4.0,51.0,Medium,Yes,0.0,Medium,Medium,Private,Positive,2.0,No,High School,Near,Female,67,Medio
12.0,83.0,High,Low,Yes,5.0,64.0,Medium,Yes,1.0,High,Medium,Private,Negative,2.0,No,High School,Near,Female,65,Bajo
19.0,98.0,High,Low,Yes,7.0,62.0,High,Yes,1.0,Low,Medium,Public,Neutral,2.0,No,High School,Near,Female,70,Alto
15.0,68.0,Medium,Medium,Yes,6.0,50.0,High,Yes,2.0,High,Medium,Public,Neutral,3.0,No,High School,Near,Male,62,Bajo
16.0,86.0,High,Medium,Yes,7.0,94.0,Medium,Yes,2.0,Low,Medium,Public,Neutral,3.0,No,High School,Near,Female,69,Medio
27.0,93.0,Medium,Low,Yes,6.0,66.0,Medium,Yes,2.0,Medium,Medium,Public,Negative,3.0,No,High School,Near,Female,70,Alto
27.0,82.0,Medium,Medium,Yes,9.0,67.0,Low,Yes,1.0,Low,Medium,Private,Neutral,2.0,No,High School,Near,Male,68,Medio
24.0,70.0,Medium,High,No,8.0,55.0,Medium,Yes,4.0,Low,Medium,Public,Positive,4.0,No,High School,Near,Female,68,Medio
13.0,71.0,Medium,Medium,Yes,10.0,99.0,Medium,Yes,0.0,Low,Medium,Public,Neutral,3.0,No,High School,Near,Male,64,Bajo
18.0,62.0,Low,High,Yes,6.0,91.0,High,No,4.0,Low,Medium,Private,Neutral,1.0,No,High School,Near,Male,63,Bajo
27.0,72.0,Low,Low,Yes,7.0,79.0,Medium,Yes,2.0,High,Medium,Public,Positive,2.0,No,High School,Near,Female,68,Medio
21.0,90.0,High,Low,Yes,9.0,89.0,Low,Yes,1.0,Low,Medium,Public,Neutral,2.0,No,High School,Near,Female,67,Medio
34.0,62.0,High,Low,No,8.0,89.0,Low,Yes,3.0,Low,Medium,Private,Neutral,4.0,No,High School,Near,Female,68,Medio
22.0,69.0,Medium,High,Yes,6.0,83.0,Medium,Yes,1.0,Low,Medium,Public,Positive,2.0,No,High School,Near,Female,66,Bajo
21.0,88.0,Medium,Medium,Yes,8.0,59.0,Low,No,2.0,Medium,Medium,Private,Negative,1.0,No,High School,Near,Male,67,Medio
18.0,91.0,High,Medium,No,8.0,86.0,High,Yes,1.0,Medium,Medium,Public,Neutral,4.0,Yes,High School,Near,Male,69,Medio
21.0,78.0,High,Medium,Yes,4.0,78.0,Medium,Yes,2.0,High,Medium,Private,Negative,3.0,No,High School,Near,Male,68,Medio
19.0,88.0,Medium,High,No,6.0,86.0,Medium,Yes,4.0,Medium,Medium,Public,Positive,3.0,Yes,High School,Near,Male,70,Alto
24.0,76.0,Medium,Medium,No,7.0,77.0,Medium,Yes,3.0,Medium,Medium,Private,Negative,4.0,No,High School,Near,Female,68,Medio
26.0,66.0,Low,Medium,Yes,9.0,98.0,Medium,Yes,2.0,Low,Medium,Public,Neutral,2.0,No,High School,Near,Male,66,Bajo
15.0,76.0,Medium,High,Yes,8.0,81.0,Medium,Yes,2.0,Low,Medium,Private,Neutral,4.0,No,High School,Near,Female,67,Medio
12.0,83.0,Medium,Medium,No,6.0,79.0,Medium,Yes,1.0,High,Medium,Public,Neutral,4.0,No,High School,Near,Female,65,Bajo
9.0,98.0,Medium,Medium,No,6.0,92.0,Medium,Yes,0.0,Medium,Medium,Public,Neutral,5.0,No,High School,Near,Male,67,Medio
23.0,63.0,Medium,Medium,No,8.0,69.0,High,Yes,2.0,Medium,Medium,Public,Negative,4.0,Yes,High School,Near,Male,63,Bajo
13.0,80.0,Low,High,Yes,4.0,66.0,High,Yes,2.0,Low,Medium,Public,Negative,2.0,No,High School,Near,Female,64,Bajo
7.0,73.0,High,Medium,Yes,6.0,75.0,Medium,Yes,3.0,Low,Medium,Public,Neutral,3.0,No,High School,Near,Female,64,Bajo
22.0,80.0,Low,Low,No,9.0,79.0,High,Yes,0.0,Medium,Medium,Private,Neutral,3.0,No,High School,Near,Female,66,Bajo
35.0,61.0,Medium,High,Yes,7.0,61.0,Low,Yes,2.0,Medium,Medium,Private,Positive,4.0,Yes,High School,Near,Male,68,Medio
20.0,73.0,High,Medium,Yes,6.0,84.0,High,Yes,0.0,Medium,Medium,Public,Positive,3.0,No,High School,Near,Male,67,Medio
25.0,93.0,Medium,High,No,5.0,90.0,Low,Yes,1.0,Medium,Medium,Public,Positive,2.0,No,High School,Near,Male,72,Alto
20.0,82.0,Medium,Medium,Yes,8.0,79.0,Low,Yes,1.0,Low,Medium,Public,Positive,4.0,No,High School,Near,Male,67,Medio
19.0,78.0,Medium,Medium,No,7.0,76.0,High,Yes,2.0,Medium,Medium,Public,Neutral,3.0,No,High School,Near,Female,66,Bajo
26.0,71.0,High,Low,No,7.0,65.0,Medium,Yes,1.0,Low,Medium,Public,Positive,3.0,No,High School,Near,Female,66,Bajo
18.0,72.0,High,High,Yes,8.0,95.0,Medium,Yes,1.0,Medium,Medium,Public,Negative,4.0,No,High School,Near,Male,67,Medio
22.0,75.0,Medium,Medium,No,7.0,88.0,Low,Yes,0.0,Low,Medium,Private,Neutral,3.0,No,High School,Near,Male,65,Bajo
22.0,93.0,High,Medium,No,7.0,74.0,Low,Yes,2.0,Medium,Medium,Public,Negative,3.0,No,High School,Near,Male,70,Alto
16.0,99.0,Low,Medium,Yes,5.0,83.0,Low,Yes,0.0,Low,Medium,Private,Neutral,4.0,No,High School,Near,Female,69,Medio
26.0,78.0,High,High,Yes,5.0,67.0,Low,Yes,1.0,High,Medium,Private,Negative,3.0,No,High School,Near,Male,69,Medio
19.0,76.0,High,Medium,Yes,8.0,53.0,Medium,Yes,1.0,Medium,Medium,Public,Negative,4.0,No,High School,Near,Female,66,Bajo
15.0,94.0,Medium,Low,No,8.0,60.0,Medium,Yes,2.0,Medium,Medium,Public,Neutral,4.0,No,High School,Near,Male,66,Bajo
23.0,77.0,High,High,Yes,8.0,54.0,Medium,Yes,1.0,Low,Medium,Public,Negative,3.0,No,High School,Near,Female,67,Medio
15.0,82.0,Medium,High,Yes,6.0,75.0,Medium,Yes,1.0,Medium,Medium,Public,Positive,3.0,No,High School,Near,Male,67,Medio
20.0,69.0,Medium,Medium,Yes,8.0,81.0,High,Yes,2.0,Medium,Medium,Public,Positive,4.0,No,High School,Near,Male,67,Medio
20.0,90.0,High,High,Yes,6.0,69.0,Medium,Yes,2.0,High,Medium,Public,Neutral,3.0,No,High School,Near,Female,72,Alto
27.0,81.0,Medium,Low,Yes,9.0,77.0,Low,Yes,1.0,Medium,Medium,Public,Neutral,4.0,No,High School,Near,Female,68,Medio
23.0,92.0,Medium,Low,Yes,6.0,54.0,High,Yes,3.0,Medium,Medium,Public,Positive,2.0,Yes,High School,Near,Male,70,Alto
20.0,91.0,Medium,Medium,Yes,6.0,88.0,Medium,Yes,1.0,Low,Medium,Public,Positive,4.0,No,High School,Near,Male,69,Medio
25.0,69.0,High,Low,Yes,7.0,52.0,High,Yes,1.0,Low,Medium,Public,Positive,4.0,No,High School,Near,Male,65,Bajo
28.0,89.0,High,High,No,8.0,82.0,Medium,Yes,0.0,Medium,Medium,Public,Negative,3.0,No,High School,Near,Male,72,Alto
23.0,92.0,Medium,High,No,7.0,72.0,Medium,Yes,0.0,Low,Medium,Public,Neutral,4.0,No,High School,Near,Female,69,Medio
20.0,74.0,Medium,Medium,Yes,7.0,59.0,Low,Yes,5.0,High,Medium,Public,Positive,4.0,No,High School,Near,Female,68,Medio
12.0,67.0,High,High,No,6.0,76.0,High,Yes,1.0,Low,Medium,Public,Negative,2.0,No,High School,Near,Male,62,Bajo
14.0,60.0,Medium,Low,Yes,7.0,89.0,Low,Yes,2.0,Medium,Medium,Public,Neutral,3.0,No,High School,Near,Male,60,Bajo
18.0,78.0,High,Medium,Yes,7.0,71.0,Low,Yes,3.0,Medium,Medium,Public,Neutral,4.0,No,High School,Near,Male,67,Medio
16.0,74.0,High,High,Yes,6.0,68.0,Low,Yes,2.0,Medium,Medium,Public,Neutral,4.0,No,High School,Near,Male,67,Medio
19.0,82.0,Medium,High,Yes,7.0,57.0,Medium,Yes,1.0,Medium,Medium,Public,Neutral,3.0,No,High School,Near,Male,67,Medio
20.0,68.0,Medium,Medium,Yes,7.0,80.0,Low,Yes,0.0,Low,Medium,Private,Neutral,4.0,No,High School,Near,Female,63,Bajo
23.0,94.0,Medium,Low,Yes,10.0,91.0,High,Yes,1.0,Medium,Medium,Public,Neutral,3.0,No,High School,Near,Male,71,Alto
20.0,70.0,Medium,Medium,Yes,6.0,78.0,High,Yes,0.0,Medium,Medium,Private,Positive,2.0,No,High School,Near,Female,66,Bajo
23.0,69.0,Medium,Medium,Yes,6.0,58.0,High,Yes,0.0,Medium,Medium,Public,Neutral,1.0,No,High School,Near,Female,65,Bajo
20.0,79.0,High,Medium,Yes,7.0,83.0,High,Yes,2.0,Medium,Medium,Public,Positive,2.0,No,High School,Near,Female,69,Medio
8.0,80.0,High,Low,No,6.0,52.0,High,Yes,2.0,Medium,Medium,Public,Positive,1.0,No,High School,Near,Female,63,Bajo
14.0,69.0,Medium,Medium,Yes,5.0,92.0,High,Yes,3.0,Low,Medium,Public,Negative,2.0,No,High School,Near,Female,64,Bajo
19.0,71.0,High,High,No,5.0,96.0,High,Yes,2.0,Low,Medium,Private,Neutral,0.0,Yes,High School,Near,Female,67,Medio
13.0,67.0,Medium,Medium,Yes,6.0,80.0,High,Yes,1.0,Low,Medium,Public,Negative,2.0,No,High School,Near,Male,62,Bajo
24.0,89.0,Medium,Low,Yes,6.0,94.0,Low,Yes,2.0,Medium,Medium,Public,Neutral,2.0,No,High School,Near,Male,68,Medio
29.0,91.0,Medium,High,No,5.0,54.0,Low,Yes,2.0,Low,Medium,Public,Neutral,3.0,No,High School,Near,Male,71,Alto
27.0,78.0,High,Medium,No,7.0,61.0,Medium,No,1.0,Low,Medium,Public,Negative,3.0,No,High School,Near,Female,66,Bajo
19.0,89.0,Medium,High,Yes,4.0,66.0,Low,Yes,1.0,Low,Medium,Public,Positive,1.0,No,High School,Near,Female,69,Medio
29.0,89.0,Medium,Low,Yes,8.0,89.0,Low,Yes,1.0,Medium,Medium,Private,Neutral,4.0,No,High School,Near,Male,71,Alto
21.0,66.0,Medium,Medium,Yes,6.0,74.0,Medium,Yes,2.0,Medium,Medium,Private,Neutral,4.0,No,High School,Near,Female,66,Bajo
18.0,99.0,Medium,Medium,No,6.0,67.0,Medium,Yes,5.0,Low,Medium,Public,Positive,3.0,No,High School,Near,Female,72,Alto
16.0,93.0,Medium,Medium,Yes,8.0,58.0,Medium,Yes,1.0,High,Medium,Public,Positive,4.0,No,High School,Near,Female,70,Alto
18.0,68.0,Low,Medium,No,8.0,91.0,High,Yes,1.0,Low,Medium,Private,Neutral,3.0,No,High School,Near,Female,65,Bajo
18.0,67.0,High,Medium,No,6.0,51.0,Medium,Yes,0.0,Medium,Medium,Public,Positive,2.0,No,High School,Near,Female,64,Bajo
21.0,65.0,Medium,Medium,Yes,8.0,67.0,Medium,Yes,1.0,Low,Medium,Public,Positive,2.0,No,High School,Near,Male,63,Bajo
21.0,66.0,Medium,Medium,No,9.0,62.0,Low,No,3.0,Medium,Medium,Private,Positive,2.0,No,High School,Near,Male,63,Bajo
20.0,90.0,Low,Medium,No,5.0,56.0,Medium,No,3.0,Medium,Medium,Public,Positive,2.0,No,High School,Near,Male,66,Bajo
23.0,79.0,High,High,Yes,8.0,59.0,Low,Yes,1.0,Low,Medium,Public,Negative,4.0,No,High School,Near,Male,68,Medio
27.0,91.0,Medium,High,Yes,5.0,75.0,Low,Yes,1.0,High,Medium,Public,Neutral,4.0,No,High School,Near,Male,74,Alto
26.0,90.0,High,High,No,9.0,71.0,Low,Yes,0.0,High,Medium,Private,Negative,2.0,No,High School,Near,Female,71,Alto
11.0,84.0,High,Medium,Yes,6.0,76.0,High,Yes,3.0,Low,Medium,Public,Negative,3.0,No,High School,Near,Female,67,Medio
5.0,87.0,High,Low,No,6.0,86.0,Medium,Yes,2.0,Medium,Medium,Public,Positive,3.0,No,High School,Near,Female,66,Bajo
26.0,61.0,High,Medium,Yes,9.0,95.0,Medium,Yes,0.0,Medium,Medium,Private,Negative,6.0,No,High School,Near,Male,67,Medio
12.0,72.0,Low,High,Yes,8.0,56.0,High,Yes,3.0,Low,Medium,Public,Positive,1.0,Yes,High School,Near,Male,62,Bajo
19.0,86.0,Medium,Low,No,6.0,54.0,Low,Yes,1.0,High,Medium,Private,Positive,5.0,No,High School,Near,Male,68,Medio
13.0,60.0,Medium,Medium,Yes,7.0,66.0,Medium,Yes,2.0,Low,Medium,Public,Positive,3.0,No,High School,Near,Male,62,Bajo
9.0,61.0,High,Medium,Yes,6.0,77.0,Low,No,1.0,High,Medium,Private,Neutral,2.0,No,High School,Near,Male,82,Alto
23.0,94.0,High,Medium,No,5.0,55.0,High,Yes,2.0,Medium,Medium,Public,Positive,2.0,Yes,High School,Near,Male,70,Alto
25.0,87.0,High,Medium,No,7.0,86.0,Medium,Yes,4.0,Medium,Medium,Private,Negative,2.0,No,High School,Near,Male,72,Alto
17.0,71.0,Low,High,Yes,6.0,78.0,Low,Yes,0.0,Medium,Medium,Public,Positive,4.0,No,High School,Near,Female,64,Bajo
4.0,88.0,Medium,High,No,6.0,87.0,Low,Yes,1.0,Medium,Medium,Public,Neutral,4.0,No,High School,Near,Male,66,Bajo
17.0,92.0,Medium,Medium,Yes,9.0,68.0,High,Yes,0.0,Medium,Medium,Private,Positive,3.0,No,High School,Near,Female,68,Medio
22.0,72.0,Low,Medium,No,6.0,70.0,Low,Yes,1.0,High,Medium,Public,Neutral,3.0,No,High School,Near,Male,64,Bajo
11.0,61.0,Low,Medium,Yes,7.0,90.0,High,Yes,0.0,Medium,Medium,Public,Neutral,3.0,No,High School,Near,Female,61,Bajo
21.0,97.0,Medium,Medium,Yes,9.0,63.0,Medium,Yes,0.0,Medium,Medium,Public,Positive,1.0,No,High School,Near,Male,69,Medio
20.0,74.0,High,High,No,7.0,69.0,Low,Yes,2.0,High,Medium,Private,Neutral,2.0,No,High School,Near,Male,68,Medio
23.0,64.0,Medium,Medium,No,6.0,51.0,Medium,Yes,1.0,Medium,Medium,Public,Positive,5.0,No,High School,Near,Male,64,Bajo
21.0,80.0,Medium,High,No,7.0,78.0,Medium,Yes,1.0,Low,Medium,Private,Negative,4.0,No,High School,Near,Female,67,Medio
14.0,91.0,Medium,Medium,Yes,8.0,93.0,Medium,Yes,0.0,Medium,Medium,Public,Neutral,3.0,No,High School,Near,Male,67,Medio
27.0,69.0,Medium,Medium,No,8.0,51.0,Medium,Yes,1.0,High,Medium,Public,Negative,2.0,No,High School,Near,Male,65,Bajo
19.0,71.0,High,Medium,Yes,10.0,81.0,Medium,Yes,2.0,Medium,Medium,Public,Positive,3.0,No,High School,Near,Female,68,Medio
20.0,70.0,Medium,High,Yes,6.0,92.0,Medium,Yes,2.0,Medium,Medium,Public,Positive,3.0,No,High School,Near,Male,67,Medio
14.0,100.0,Low,Medium,No,7.0,75.0,Low,Yes,1.0,Low,Medium,Public,Positive,3.0,No,High School,Near,Male,67,Medio
17.0,68.0,Medium,High,Yes,5.0,66.0,Medium,Yes,1.0,High,Medium,Public,Negative,4.0,No,High School,Near,Male,64,Bajo
15.0,83.0,High,High,Yes,8.0,100.0,Medium,Yes,0.0,Medium,Medium,Public,Positive,3.0,No,High School,Near,Female,70,Alto
19.0,97.0,Medium,High,No,7.0,53.0,Medium,Yes,2.0,Low,Medium,Private,Neutral,3.0,No,High School,Near,Male,69,Medio
30.0,66.0,Medium,High,No,7.0,61.0,Low,Yes,0.0,High,Medium,Private,Positive,2.0,No,High School,Near,Male,66,Bajo
12.0,99.0,Low,Medium,No,6.0,94.0,Medium,Yes,2.0,Medium,Medium,Public,Neutral,3.0,No,High School,Near,Male,69,Medio
10.0,98.0,Low,Medium,Yes,6.0,65.0,Medium,Yes,1.0,Low,Medium,Private,Positive,2.0,No,High School,Near,Male,66,Bajo
29.0,95.0,High,Medium,Yes,7.0,91.0,Low,Yes,1.0,Low,Medium,Public,Neutral,3.0,No,High School,Near,Female,73,Alto
19.0,69.0,Medium,Medium,Yes,6.0,67.0,Medium,No,4.0,High,Medium,Private,Positive,4.0,No,High School,Near,Male,66,Bajo
16.0,85.0,Medium,High,Yes,7.0,91.0,High,Yes,0.0,Medium,Medium,Public,Neutral,2.0,No,High School,Near,Male,69,Medio
26.0,90.0,Medium,Low,Yes,7.0,84.0,Low,Yes,1.0,Medium,Medium,Public,Positive,3.0,No,High School,Near,Male,70,Alto
16.0,99.0,High,Medium,Yes,5.0,73.0,High,Yes,1.0,Medium,Medium,Private,Positive,5.0,Yes,High School,Near,Male,71,Alto
31.0,67.0,Low,High,Yes,5.0,76.0,Medium,Yes,2.0,Medium,Medium,Public,Positive,4.0,No,High School,Near,Male,70,Alto
24.0,91.0,High,Low,Yes,6.0,59.0,Medium,Yes,0.0,Low,Medium,Private,Neutral,4.0,No,High School,Near,Male,69,Medio
17.0,74.0,Medium,Medium,No,9.0,56.0,Medium,Yes,1.0,Medium,Medium,Private,Negative,3.0,No,High School,Near,Male,63,Bajo
33.0,67.0,High,Medium,Yes,6.0,86.0,Medium,Yes,4.0,Medium,Medium,Public,Positive,3.0,Yes,High School,Near,Female,71,Alto
16.0,77.0,High,High,No,7.0,92.0,Low,Yes,2.0,Medium,Medium,Public,Negative,2.0,No,High School,Near,Male,67,Medio
24.0,92.0,Medium,Medium,Yes,5.0,86.0,High,Yes,3.0,Medium,Medium,Public,Neutral,2.0,No,High School,Near,Female,73,Alto
22.0,79.0,Low,High,Yes,6.0,96.0,Medium,Yes,1.0,High,Medium,Public,Neutral,2.0,No,High School,Near,Male,68,Medio
28.0,82.0,Low,Medium,Yes,5.0,95.0,Medium,Yes,0.0,High,Medium,Public,Neutral,3.0,No,High School,Near,Male,69,Medio
29.0,100.0,High,High,Yes,8.0,89.0,Medium,Yes,2.0,Medium,Medium,Private,Neutral,3.0,No,High School,Near,Female,76,Alto
20.0,76.0,Low,Medium,Yes,5.0,95.0,Medium,Yes,4.0,Low,Medium,Public,Positive,3.0,No,High School,Near,Male,68,Medio
15.0,85.0,Medium,Medium,No,8.0,58.0,High,Yes,1.0,Low,Medium,Private,Negative,3.0,No,High School,Near,Male,65,Bajo
23.0,75.0,Medium,Medium,Yes,8.0,87.0,Low,Yes,0.0,High,Medium,Public,Positive,1.0,No,High School,Near,Female,66,Bajo
16.0,76.0,Medium,Low,No,7.0,88.0,High,Yes,0.0,Low,Medium,Public,Positive,2.0,No,High School,Near,Male,65,Bajo
32.0,88.0,Low,Medium,No,8.0,58.0,Low,Yes,3.0,Low,Medium,Private,Negative,3.0,No,High School,Near,Male,69,Medio
21.0,98.0,High,Medium,Yes,10.0,95.0,Medium,Yes,0.0,Medium,Medium,Public,Neutral,1.0,No,High School,Near,Male,71,Alto
18.0,82.0,High,Low,Yes,8.0,50.0,Medium,Yes,1.0,High,Medium,Public,Positive,3.0,No,High School,Near,Male,66,Bajo
21.0,91.0,Medium,High,No,5.0,72.0,Medium,Yes,3.0,Low,Medium,Public,Negative,3.0,Yes,High School,Near,Female,69,Medio
12.0,64.0,Medium,Medium,No,9.0,51.0,Low,No,2.0,Low,Medium,Public,Neutral,4.0,No,High School,Near,Male,59,Bajo
14.0,68.0,Medium,High,No,7.0,76.0,Medium,Yes,2.0,High,Medium,Public,Positive,3.0,No,High School,Near,Male,65,Bajo
27.0,80.0,High,High,No,10.0,71.0,High,Yes,4.0,Low,Medium,Public,Neutral,2.0,No,High School,Near,Male,72,Alto
16.0,61.0,Medium,Low,Yes,6.0,81.0,Medium,Yes,0.0,Medium,Medium,Public,Negative,2.0,No,High School,Near,Male,60,Bajo
14.0,70.0,Medium,Medium,Yes,9.0,88.0,Low,Yes,0.0,High,Medium,Private,Positive,4.0,No,High School,Near,Female,64,Bajo
23.0,81.0,Medium,Medium,No,7.0,88.0,Low,Yes,1.0,Low,Medium,Public,Positive,4.0,No,High School,Near,Male,69,Medio
27.0,61.0,High,High,Yes,10.0,86.0,Medium,Yes,3.0,Medium,Medium,Private,Positive,3.0,No,High School,Near,Female,70,Alto
24.0,71.0,Medium,High,Yes,7.0,55.0,Low,Yes,2.0,High,Medium,Public,Positive,3.0,No,High School,Near,Male,67,Medio
26.0,81.0,Medium,Medium,No,10.0,71.0,Low,Yes,0.0,Medium,Medium,Private,Positive,5.0,Yes,High School,Near,Female,67,Medio
15.0,83.0,Medium,Low,Yes,8.0,91.0,Medium,Yes,0.0,Low,Medium,Private,Neutral,3.0,No,High School,Near,Male,64,Bajo
11.0,97.0,Medium,Medium,Yes,8.0,83.0,Low,Yes,4.0,Medium,Medium,Private,Negative,2.0,No,High School,Near,Male,68,Medio
29.0,86.0,Medium,High,No,10.0,84.0,Low,Yes,1.0,Low,Medium,Private,Positive,4.0,No,High School,Near,Female,72,Alto
18.0,77.0,Medium,High,Yes,6.0,61.0,Medium,Yes,1.0,Low,Medium,Private,Neutral,3.0,No,High School,Near,Female,65,Bajo
18.0,97.0,Medium,High,No,8.0,66.0,Low,Yes,2.0,Medium,Medium,Public,Neutral,2.0,No,High School,Near,Male,70,Alto
28.0,91.0,High,Medium,No,7.0,98.0,Low,Yes,2.0,Low,Medium,Private,Positive,5.0,No,High School,Near,Male,75,Alto
23.0,68.0,Low,Low,Yes,7.0,92.0,Medium,No,3.0,Low,Medium,Private,Neutral,4.0,No,High School,Near,Male,65,Bajo
23.0,65.0,Medium,High,Yes,7.0,58.0,Low,Yes,1.0,Low,Medium,Public,Neutral,3.0,Yes,High School,Near,Female,63,Bajo
33.0,87.0,Medium,High,No,8.0,77.0,Low,Yes,0.0,Low,Medium,Private,Positive,3.0,Yes,High School,Near,Male,71,Alto
16.0,82.0,Medium,Low,Yes,8.0,75.0,Medium,Yes,2.0,Medium,Medium,Public,Positive,2.0,No,High School,Near,Female,66,Bajo
26.0,92.0,Medium,Low,Yes,6.0,72.0,Medium,Yes,1.0,Low,Medium,Private,Neutral,3.0,No,High School,Near,Female,69,Medio
20.0,90.0,High,Medium,No,7.0,74.0,Low,No,0.0,High,Medium,Private,Positive,3.0,No,High School,Near,Female,68,Medio
22.0,85.0,Medium,High,No,4.0,82.0,Medium,Yes,1.0,Medium,Medium,Public,Positive,2.0,No,High School,Near,Male,71,Alto
29.0,99.0,High,Medium,Yes,8.0,98.0,High,No,5.0,Low,Medium,Public,Neutral,2.0,No,High School,Near,Male,77,Alto
23.0,81.0,High,Low,Yes,10.0,94.0,High,Yes,1.0,Medium,Medium,Public,Neutral,2.0,No,High School,Near,Female,70,Alto
23.0,65.0,Medium,Medium,No,7.0,94.0,Medium,Yes,1.0,High,Medium,Public,Negative,3.0,No,High School,Near,Female,66,Bajo
26.0,93.0,High,Medium,No,5.0,85.0,Low,Yes,1.0,High,Medium,Public,Positive,3.0,No,High School,Near,Female,73,Alto
18.0,70.0,Medium,Medium,Yes,8.0,51.0,Medium,Yes,1.0,Low,Medium,Private,Negative,3.0,No,High School,Near,Male,62,Bajo
15.0,91.0,Medium,Medium,No,6.0,72.0,Low,Yes,0.0,Medium,Medium,Public,Neutral,2.0,No,High School,Near,Female,65,Bajo
14.0,98.0,High,High,Yes,7.0,76.0,Medium,Yes,0.0,Low,Medium,Public,Neutral,2.0,No,High School,Near,Male,71,Alto
8.0,88.0,Medium,Medium,Yes,8.0,92.0,High,Yes,1.0,Low,Medium,Public,Negative,4.0,No,High School,Near,Male,66,Bajo
32.0,84.0,Low,Medium,Yes,8.0,96.0,Medium,Yes,1.0,Low,Medium,Public,Positive,3.0,No,High School,Near,Female,72,Alto
13.0,78.0,Medium,Medium,Yes,9.0,73.0,Medium,Yes,0.0,Medium,Medium,Private,Negative,4.0,No,High School,Near,Male,64,Bajo
19.0,75.0,Medium,Medium,No,7.0,65.0,Low,Yes,0.0,Low,Medium,Private,Neutral,4.0,No,High School,Near,Female,63,Bajo
18.0,74.0,Low,Medium,Yes,7.0,67.0,Low,Yes,0.0,Low,Medium,Public,Positive,3.0,No,High School,Near,Male,63,Bajo
22.0,85.0,High,Medium,No,8.0,79.0,High,Yes,5.0,Medium,Medium,Public,Neutral,2.0,No,High School,Near,Female,72,Alto
25.0,90.0,Medium,Medium,Yes,7.0,64.0,Medium,Yes,2.0,Medium,Medium,Public,Positive,2.0,No,High School,Near,Male,71,Alto
25.0,87.0,High,High,Yes,6.0,96.0,Low,No,3.0,Medium,Medium,Public,Positive,2.0,No,High School,Near,Female,72,Alto
17.0,68.0,Medium,High,Yes,8.0,71.0,Medium,Yes,1.0,Medium,Medium,Private,Neutral,2.0,No,High School,Near,Male,65,Bajo
19.0,80.0,Medium,Medium,Yes,5.0,100.0,Medium,Yes,0.0,Medium,Medium,Public,Neutral,3.0,No,High School,Near,Female,67,Medio
22.0,92.0,Low,High,Yes,7.0,55.0,Low,Yes,1.0,Low,Medium,Public,Positive,4.0,No,High School,Near,Female,68,Medio
19.0,79.0,Medium,High,Yes,5.0,59.0,Medium,Yes,2.0,Low,Medium,Private,Neutral,2.0,No,High School,Near,Male,66,Bajo
30.0,81.0,Medium,High,No,6.0,76.0,Medium,Yes,0.0,High,Medium,Public,Positive,3.0,No,High School,Near,Male,72,Alto
23.0,91.0,High,Medium,No,6.0,93.0,Medium,Yes,3.0,Low,Medium,Public,Neutral,3.0,No,High School,Near,Female,71,Alto
24.0,86.0,Medium,High,No,6.0,68.0,Low,Yes,3.0,Low,Medium,Public,Positive,3.0,Yes,High School,Near,Female,70,Alto
24.0,76.0,Medium,Medium,No,9.0,92.0,Medium,Yes,1.0,Medium,Medium,Public,Neutral,3.0,No,High School,Near,Female,68,Medio
27.0,96.0,Medium,High,No,9.0,71.0,Low,Yes,0.0,Low,Medium,Private,Positive,4.0,No,High School,Near,Female,72,Alto
21.0,67.0,Low,Medium,Yes,9.0,93.0,High,Yes,1.0,Low,Medium,Public,Neutral,3.0,No,High School,Near,Male,66,Bajo
12.0,100.0,Medium,Medium,No,7.0,64.0,Medium,Yes,1.0,Medium,Medium,Public,Positive,6.0,No,High School,Near,Male,69,Medio
22.0,65.0,Low,Medium,Yes,6.0,74.0,High,Yes,2.0,Medium,Medium,Public,Positive,1.0,No,High School,Near,Male,65,Bajo
16.0,61.0,High,High,No,8.0,64.0,Medium,Yes,1.0,Low,Medium,Public,Positive,3.0,No,High School,Near,Male,62,Bajo
17.0,96.0,High,High,No,7.0,61.0,Low,Yes,1.0,Low,Medium,Public,Positive,1.0,No,High School,Near,Female,69,Medio
24.0,70.0,Medium,Medium,Yes,7.0,71.0,Medium,Yes,1.0,Medium,Medium,Public,Negative,4.0,No,High School,Near,Male,65,Bajo
27.0,89.0,Medium,Low,No,4.0,67.0,Medium,Yes,2.0,Low,Medium,Private,Neutral,4.0,No,High School,Near,Female,69,Medio
20.0,92.0,Low,High,Yes,8.0,89.0,Medium,Yes,1.0,Low,Medium,Public,Neutral,3.0,No,High School,Near,Female,69,Medio
22.0,94.0,High,Medium,Yes,8.0,87.0,Medium,Yes,2.0,Low,Medium,Private,Neutral,5.0,No,High School,Near,Female,73,Alto
30.0,100.0,High,Medium,Yes,7.0,68.0,Low,Yes,2.0,Medium,Medium,Private,Neutral,2.0,No,High School,Near,Female,75,Alto
21.0,72.0,High,High,Yes,8.0,100.0,Medium,Yes,3.0,Low,Medium,Private,Positive,3.0,No,High School,Near,Male,70,Alto
36.0,88.0,Medium,High,No,8.0,99.0,High,Yes,0.0,Low,Medium,Private,Negative,3.0,No,High School,Near,Female,74,Alto
23.0,65.0,Medium,Medium,Yes,6.0,96.0,Medium,Yes,0.0,Low,Medium,Public,Positive,3.0,No,High School,Near,Male,65,Bajo
9.0,76.0,Medium,Medium,No,7.0,79.0,Medium,Yes,1.0,Medium,Medium,Public,Negative,3.0,No,High School,Near,Male,63,Bajo
25.0,94.0,High,High,No,5.0,71.0,Low,Yes,4.0,Medium,Medium,Public,Negative,4.0,No,High School,Near,Female,74,Alto
22.0,75.0,High,High,Yes,9.0,66.0,Low,Yes,0.0,Low,Medium,Private,Neutral,2.0,No,High School,Near,Male,67,Medio
28.0,84.0,Medium,Medium,Yes,8.0,51.0,Medium,No,3.0,Medium,Medium,Public,Positive,4.0,No,High School,Near,Female,71,Alto
24.0,80.0,High,Low,Yes,6.0,82.0,Medium,Yes,1.0,Low,Medium,Public,Neutral,3.0,No,High School,Near,Female,68,Medio
19.0,86.0,High,Medium,No,8.0,78.0,Medium,Yes,2.0,Medium,Medium,Public,Negative,4.0,No,High School,Near,Female,69,Medio
13.0,99.0,Medium,High,No,7.0,81.0,Medium,Yes,0.0,Medium,Medium,Public,Positive,4.0,No,High School,Near,Male,71,Alto
19.0,62.0,High,Medium,Yes,6.0,79.0,Low,Yes,7.0,Medium,Medium,Public,Neutral,2.0,No,High School,Near,Female,66,Bajo
15.0,83.0,Medium,Medium,Yes,7.0,57.0,Low,Yes,0.0,Medium,Medium,Private,Positive,3.0,No,High School,Near,Male,65,Bajo
17.0,95.0,Medium,Low,Yes,8.0,85.0,Low,No,1.0,Low,Medium,Private,Negative,2.0,No,High School,Near,Female,66,Bajo
24.0,79.0,Low,Low,Yes,8.0,68.0,High,Yes,2.0,Low,Medium,Private,Negative,2.0,No,High School,Near,Male,65,Bajo
30.0,63.0,Medium,Medium,No,10.0,76.0,Medium,Yes,1.0,Medium,Medium,Public,Neutral,4.0,No,High School,Near,Female,67,Medio
22.0,82.0,High,Medium,No,7.0,68.0,High,Yes,2.0,Low,Medium,Private,Neutral,4.0,No,High School,Near,Male,70,Alto
13.0,73.0,Medium,Medium,Yes,7.0,51.0,Medium,Yes,1.0,Low,Medium,Public,Positive,4.0,No,High School,Near,Male,63,Bajo
23.0,66.0,Low,Low,No,8.0,94.0,Low,Yes,1.0,Medium,Medium,Private,Neutral,3.0,No,High School,Near,Male,64,Bajo
27.0,94.0,Medium,Medium,Yes,7.0,57.0,Medium,Yes,1.0,Medium,Medium,Private,Neutral,1.0,No,High School,Near,Male,71,Alto
16.0,81.0,Medium,High,Yes,6.0,79.0,Medium,Yes,2.0,Low,Medium,Public,Positive,3.0,No,High School,Near,Female,68,Medio
19.0,97.0,Medium,Low,No,6.0,94.0,Medium,Yes,2.0,High,Medium,Public,Neutral,4.0,No,High School,Near,Male,72,Alto
20.0,92.0,Medium,High,Yes,4.0,61.0,Medium,Yes,2.0,High,Medium,Public,Neutral,4.0,No,High School,Near,Male,71,Alto
15.0,88.0,Low,Low,Yes,8.0,71.0,Medium,No,1.0,Low,Medium,Private,Positive,2.0,No,High School,Near,Male,64,Bajo
24.0,60.0,High,Low,Yes,5.0,69.0,Medium,Yes,1.0,Medium,Medium,Public,Neutral,5.0,No,High School,Near,Male,64,Bajo
19.0,77.0,High,Medium,Yes,6.0,54.0,Low,Yes,3.0,High,Medium,Private,Negative,2.0,No,High School,Near,Male,66,Bajo
23.0,68.0,Medium,High,Yes,7.0,71.0,High,Yes,3.0,Medium,Medium,Public,Positive,3.0,No,High School,Near,Female,68,Medio
15.0,96.0,High,Medium,No,7.0,74.0,Medium,Yes,2.0,Low,Medium,Private,Positive,2.0,No,High School,Near,Male,68,Medio
17.0,67.0,High,Medium,Yes,10.0,51.0,Medium,Yes,3.0,Low,Medium,Public,Positive,5.0,No,High School,Near,Male,65,Bajo
24.0,71.0,Medium,Medium,Yes,5.0,74.0,Medium,Yes,1.0,Medium,Medium,Private,Positive,3.0,No,High School,Near,Male,67,Medio
18.0,81.0,Medium,Low,Yes,10.0,55.0,Low,Yes,3.0,Low,Medium,Public,Negative,2.0,No,High School,Near,Male,64,Bajo
30.0,71.0,High,Medium,Yes,9.0,95.0,High,No,1.0,Medium,Medium,Public,Neutral,4.0,No,High School,Near,Male,70,Alto
18.0,68.0,Medium,High,Yes,8.0,83.0,Low,Yes,1.0,Low,Medium,Public,Positive,2.0,No,High School,Near,Male,65,Bajo
21.0,84.0,Medium,Low,No,9.0,53.0,Low,Yes,2.0,Medium,Medium,Public,Negative,3.0,No,High School,Near,Female,65,Bajo
26.0,64.0,High,Medium,No,8.0,91.0,High,Yes,1.0,Medium,Medium,Public,Positive,4.0,No,High School,Near,Male,68,Medio
11.0,62.0,Medium,High,Yes,4.0,68.0,Medium,Yes,2.0,High,Medium,Public,Negative,3.0,No,High School,Near,Male,61,Bajo
9.0,75.0,High,Low,No,8.0,61.0,High,Yes,3.0,Medium,Medium,Public,Neutral,3.0,No,High School,Near,Male,63,Bajo
11.0,89.0,Medium,Medium,Yes,5.0,63.0,Medium,Yes,0.0,Medium,Medium,Public,Neutral,2.0,No,High School,Near,Female,65,Bajo
28.0,82.0,Medium,Medium,Yes,6.0,80.0,Medium,Yes,1.0,Low,Medium,Private,Neutral,5.0,No,High School,Near,Female,69,Medio
17.0,77.0,Medium,Medium,No,7.0,54.0,Low,Yes,1.0,Low,Medium,Public,Positive,2.0,No,High School,Near,Male,64,Bajo
35.0,83.0,Medium,Low,No,6.0,53.0,Medium,Yes,1.0,Low,Medium,Private,Neutral,2.0,No,High School,Near,Female,69,Medio
17.0,75.0,High,Medium,Yes,8.0,81.0,Low,Yes,3.0,High,Medium,Public,Neutral,3.0,Yes,High School,Near,Male,67,Medio
21.0,97.0,Medium,High,Yes,7.0,99.0,High,Yes,1.0,Medium,Medium,Public,Neutral,1.0,No,High School,Near,Male,74,Alto
29.0,62.0,High,Medium,Yes,8.0,74.0,Medium,Yes,1.0,Low,Medium,Private,Negative,3.0,Yes,High School,Near,Male,66,Bajo
32.0,87.0,Medium,High,Yes,7.0,71.0,Medium,Yes,0.0,High,Medium,Public,Neutral,4.0,Yes,High School,Near,Male,72,Alto
32.0,96.0,Medium,Low,Yes,7.0,97.0,Low,Yes,1.0,Low,Medium,Public,Neutral,5.0,No,High School,Near,Male,73,Alto
27.0,92.0,High,Medium,No,6.0,62.0,High,Yes,0.0,Medium,Medium,Public,Positive,4.0,No,High School,Near,Male,73,Alto
26.0,67.0,Low,Medium,Yes,5.0,62.0,High,Yes,0.0,Medium,Medium,Public,Negative,2.0,No,High School,Near,Male,63,Bajo
24.0,72.0,High,Medium,Yes,7.0,95.0,Medium,Yes,3.0,Low,Medium,Public,Negative,2.0,No,High School,Near,Male,69,Medio
25.0,89.0,Low,Low,Yes,6.0,82.0,High,Yes,2.0,Low,Medium,Public,Neutral,6.0,No,High School,Near,Male,71,Alto
17.0,63.0,High,Medium,No,9.0,53.0,High,Yes,1.0,Low,Medium,Public,Neutral,4.0,No,High School,Near,Male,63,Bajo
15.0,92.0,Medium,High,Yes,5.0,84.0,Medium,Yes,0.0,High,Medium,Public,Positive,5.0,No,High School,Near,Female,69,Medio
20.0,89.0,High,High,Yes,10.0,91.0,Low,Yes,3.0,Medium,Medium,Private,Neutral,3.0,No,High School,Near,Male,72,Alto
19.0,89.0,High,Low,Yes,7.0,64.0,Medium,Yes,2.0,Low,Medium,Public,Positive,4.0,Yes,High School,Near,Female,68,Medio
17.0,64.0,Low,High,No,7.0,69.0,Medium,Yes,1.0,Medium,Medium,Public,Negative,3.0,No,High School,Near,Female,62,Bajo
24.0,89.0,Low,High,Yes,6.0,60.0,Medium,Yes,1.0,Low,Medium,Private,Neutral,2.0,No,High School,Near,Male,68,Medio
26.0,87.0,Medium,Medium,Yes,8.0,82.0,High,Yes,1.0,Low,Medium,Public,Negative,2.0,No,High School,Near,Male,71,Alto
21.0,93.0,Medium,Low,Yes,7.0,83.0,Low,No,1.0,High,Medium,Public,Neutral,3.0,Yes,High School,Near,Male,67,Medio
29.0,62.0,Low,High,Yes,7.0,53.0,High,Yes,0.0,Low,Medium,Private,Positive,3.0,No,High School,Near,Female,65,Bajo
13.0,61.0,Low,Medium,Yes,8.0,84.0,High,No,1.0,Medium,Medium,Public,Neutral,3.0,Yes,High School,Near,Male,60,Bajo
19.0,75.0,Medium,High,Yes,8.0,83.0,High,Yes,2.0,High,Medium,Public,Neutral,2.0,No,High School,Near,Male,68,Medio
16.0,66.0,Low,Medium,Yes,9.0,52.0,Medium,Yes,1.0,Medium,Medium,Public,Negative,3.0,Yes,High School,Near,Male,59,Bajo
9.0,82.0,High,Medium,No,8.0,78.0,Medium,Yes,0.0,High,Medium,Public,Neutral,0.0,No,High School,Near,Female,64,Bajo
20.0,97.0,High,Medium,Yes,6.0,81.0,High,Yes,2.0,Low,Medium,Public,Neutral,3.0,No,High School,Near,Male,71,Alto
19.0,76.0,High,High,No,4.0,72.0,Low,Yes,2.0,High,Medium,Public,Neutral,2.0,No,High School,Near,Female,68,Medio
29.0,94.0,Low,Medium,Yes,7.0,95.0,Medium,No,2.0,Low,Medium,Public,Neutral,3.0,Yes,High School,Near,Male,70,Alto
24.0,60.0,Low,Low,No,7.0,66.0,Medium,Yes,1.0,Medium,Medium,Public,Neutral,4.0,No,High School,Near,Female,62,Bajo
14.0,67.0,Medium,Medium,No,10.0,53.0,Medium,Yes,2.0,High,Medium,Public,Neutral,3.0,No,High School,Near,Male,62,Bajo
31.0,61.0,High,Medium,No,7.0,84.0,Medium,Yes,2.0,Medium,Medium,Private,Neutral,3.0,No,High School,Near,Male,68,Medio
27.0,73.0,Medium,Medium,No,8.0,80.0,Low,Yes,3.0,Medium,Medium,Private,Negative,3.0,No,High School,Near,Female,68,Medio
23.0,96.0,Medium,Medium,Yes,8.0,99.0,High,Yes,3.0,Low,Medium,Public,Positive,4.0,No,High School,Near,Female,74,Alto
19.0,64.0,Low,Medium,No,8.0,62.0,Medium,Yes,0.0,High,Medium,Public,Positive,4.0,Yes,High School,Near,Male,61,Bajo
14.0,84.0,Medium,Medium,Yes,8.0,70.0,Medium,Yes,1.0,Low,Medium,Public,Neutral,5.0,No,High School,Near,Male,67,Medio
18.0,78.0,Medium,Low,No,6.0,73.0,Medium,Yes,1.0,High,Medium,Public,Positive,2.0,No,High School,Near,Female,65,Bajo
27.0,98.0,Low,Medium,Yes,6.0,93.0,Low,No,5.0,High,Medium,Public,Positive,3.0,No,High School,Near,Female,100,Alto
31.0,65.0,Medium,Low,Yes,7.0,71.0,Medium,Yes,1.0,Low,Medium,Public,Neutral,4.0,No,High School,Near,Male,65,Bajo
29.0,68.0,Medium,Medium,No,4.0,89.0,Medium,Yes,0.0,Medium,Medium,Private,Neutral,4.0,Yes,High School,Near,Male,67,Medio
17.0,61.0,Medium,High,Yes,7.0,58.0,Low,Yes,2.0,Low,Medium,Public,Positive,3.0,Yes,High School,Near,Female,61,Bajo
13.0,77.0,Medium,Medium,No,6.0,70.0,Medium,Yes,3.0,Medium,Medium,Public,Neutral,4.0,Yes,High School,Near,Male,64,Bajo
21.0,71.0,High,Low,No,7.0,58.0,High,Yes,1.0,Medium,Medium,Public,Positive,3.0,Yes,High School,Near,Female,64,Bajo
9.0,95.0,Medium,Medium,Yes,7.0,97.0,Medium,Yes,1.0,Low,Medium,Public,Neutral,2.0,No,High School,Near,Male,67,Medio
22.0,84.0,Medium,Medium,Yes,5.0,59.0,Medium,Yes,0.0,High,Medium,Private,Positive,3.0,No,High School,Near,Female,69,Medio
19.0,85.0,High,Medium,Yes,9.0,71.0,Low,Yes,1.0,Medium,Medium,Public,Positive,2.0,No,High School,Near,Female,69,Medio
17.0,81.0,High,Medium,No,7.0,54.0,Medium,Yes,4.0,Low,Medium,Public,Positive,3.0,No,High School,Near,Female,67,Medio
10.0,64.0,Medium,High,No,8.0,96.0,Medium,Yes,1.0,Medium,Medium,Public,Neutral,3.0,No,High School,Near,Male,62,Bajo
23.0,78.0,Low,High,No,7.0,81.0,Medium,Yes,0.0,Low,Medium,Private,Neutral,1.0,No,High School,Near,Male,66,Bajo
17.0,100.0,High,Medium,No,8.0,98.0,Low,Yes,0.0,Medium,Medium,Public,Positive,4.0,No,High School,Near,Male,72,Alto
13.0,93.0,Medium,Medium,Yes,5.0,52.0,Low,Yes,2.0,Medium,Medium,Public,Positive,3.0,No,High School,Near,Female,67,Medio
3.0,96.0,High,High,Yes,9.0,59.0,Medium,Yes,2.0,Low,Medium,Public,Negative,3.0,No,High School,Near,Female,66,Bajo
20.0,93.0,Low,Low,Yes,8.0,69.0,Medium,Yes,2.0,Low,Medium,Public,Neutral,4.0,No,High School,Near,Male,67,Medio
31.0,64.0,High,Low,Yes,7.0,81.0,Low,Yes,1.0,Medium,Medium,Public,Positive,4.0,No,High School,Near,Female,67,Medio
30.0,69.0,Medium,Medium,Yes,7.0,66.0,Medium,Yes,0.0,Medium,Medium,Public,Positive,4.0,No,High School,Near,Female,68,Medio
17.0,60.0,High,Medium,Yes,9.0,86.0,Medium,Yes,0.0,Low,Medium,Public,Positive,2.0,No,High School,Near,Male,63,Bajo
16.0,72.0,Medium,High,No,6.0,58.0,Low,Yes,1.0,Medium,Medium,Public,Negative,2.0,No,High School,Near,Male,62,Bajo
23.0,64.0,High,Medium,Yes,5.0,80.0,Low,Yes,3.0,Medium,Medium,Public,Negative,2.0,Yes,High School,Near,Female,65,Bajo
14.0,79.0,Medium,Medium,Yes,6.0,70.0,Medium,Yes,1.0,Low,Medium,Public,Positive,6.0,No,High School,Near,Male,65,Bajo
22.0,87.0,Medium,High,Yes,7.0,75.0,Medium,Yes,0.0,Medium,Medium,Public,Positive,2.0,Yes,High School,Near,Female,70,Alto
25.0,95.0,Low,Medium,No,7.0,78.0,Medium,Yes,7.0,Low,Medium,Public,Positive,4.0,No,High School,Near,Male,73,Alto
27.0,90.0,High,Medium,Yes,9.0,53.0,Medium,Yes,1.0,Medium,Medium,Public,Positive,2.0,No,High School,Near,Female,73,Alto
19.0,98.0,Medium,Low,Yes,6.0,96.0,Medium,No,2.0,Low,Medium,Private,Negative,2.0,No,High School,Near,Male,68,Medio
19.0,62.0,Medium,Low,No,6.0,89.0,High,Yes,3.0,Medium,Medium,Public,Positive,1.0,No,High School,Near,Male,63,Bajo
15.0,60.0,Medium,Low,Yes,5.0,72.0,High,Yes,2.0,High,Medium,Public,Positive,2.0,No,High School,Near,Male,62,Bajo
15.0,86.0,High,Medium,Yes,8.0,77.0,Medium,Yes,0.0,Medium,Medium,Public,Positive,3.0,No,High School,Near,Male,69,Medio
19.0,72.0,Medium,High,No,5.0,52.0,Medium,Yes,2.0,Medium,Medium,Public,Neutral,3.0,No,High School,Near,Male,66,Bajo
22.0,70.0,Medium,High,Yes,8.0,75.0,High,Yes,0.0,Medium,Medium,Private,Positive,3.0,No,High School,Near,Male,68,Medio
25.0,73.0,High,Medium,Yes,6.0,71.0,Low,Yes,0.0,Low,Medium,Private,Positive,3.0,No,High School,Near,Female,67,Medio
15.0,71.0,High,High,Yes,6.0,69.0,Low,Yes,2.0,Low,Medium,Private,Negative,4.0,No,High School,Near,Female,65,Bajo
29.0,80.0,Low,Medium,Yes,10.0,91.0,High,No,1.0,High,Medium,Public,Positive,3.0,No,High School,Near,Male,70,Alto
18.0,78.0,Low,Medium,Yes,9.0,59.0,High,No,0.0,High,Medium,Private,Positive,1.0,No,High School,Near,Female,64,Bajo
20.0,80.0,Low,Low,Yes,7.0,59.0,High,Yes,2.0,Medium,Medium,Private,Neutral,3.0,No,High School,Near,Male,65,Bajo
16.0,87.0,Medium,Medium,No,5.0,76.0,High,Yes,1.0,Low,Medium,Private,Neutral,2.0,No,High School,Near,Female,67,Medio
5.0,75.0,Medium,Low,Yes,10.0,84.0,Medium,Yes,0.0,High,Medium,Private,Neutral,4.0,No,High School,Near,Female,62,Bajo
25.0,70.0,Medium,Medium,Yes,7.0,51.0,High,Yes,3.0,Low,Medium,Public,Positive,4.0,No,High School,Near,Male,66,Bajo
24.0,67.0,High,High,Yes,7.0,77.0,Low,Yes,0.0,High,Medium,Public,Positive,2.0,No,High School,Near,Female,68,Medio
18.0,74.0,Medium,Low,No,8.0,65.0,High,Yes,0.0,Medium,Medium,Public,Positive,4.0,No,High School,Near,Female,64,Bajo
20.0,90.0,High,Low,No,4.0,88.0,Medium,Yes,3.0,Low,Medium,Public,Negative,3.0,No,High School,Near,Male,69,Medio
23.0,90.0,Medium,Medium,Yes,6.0,73.0,Low,No,1.0,High,Medium,Private,Positive,2.0,No,High School,Near,Female,69,Medio
11.0,87.0,Medium,Medium,Yes,7.0,92.0,Medium,Yes,1.0,Medium,Medium,Public,Positive,5.0,No,High School,Near,Female,67,Medio
17.0,69.0,Medium,Medium,Yes,7.0,70.0,Low,Yes,0.0,Low,Medium,Public,Neutral,3.0,Yes,High School,Near,Male,61,Bajo
25.0,84.0,High,Medium,Yes,5.0,91.0,Low,Yes,1.0,Medium,Medium,Public,Positive,4.0,Yes,High School,Near,Female,70,Alto
12.0,83.0,Low,Medium,Yes,7.0,86.0,Low,Yes,1.0,High,Medium,Public,Negative,4.0,No,High School,Near,Female,65,Bajo
22.0,79.0,Medium,Medium,Yes,7.0,91.0,Low,Yes,0.0,Low,Medium,Public,Positive,4.0,Yes,High School,Near,Male,66,Bajo
12.0,82.0,Low,Medium,Yes,10.0,91.0,Medium,Yes,3.0,Low,Medium,Public,Negative,3.0,No,High School,Near,Male,66,Bajo
23.0,80.0,Medium,High,Yes,9.0,74.0,Medium,Yes,4.0,Medium,Medium,Public,Negative,3.0,No,High School,Near,Male,69,Medio
20.0,83.0,Medium,Medium,Yes,7.0,68.0,High,Yes,1.0,Medium,Medium,Public,Positive,1.0,No,High School,Near,Female,67,Medio
10.0,89.0,High,High,Yes,7.0,88.0,Medium,Yes,2.0,High,Medium,Private,Positive,2.0,No,High School,Near,Female,71,Alto
27.0,64.0,High,High,Yes,9.0,68.0,High,Yes,1.0,Low,Medium,Private,Neutral,4.0,No,High School,Near,Male,68,Medio
16.0,90.0,Medium,Medium,No,7.0,54.0,High,No,2.0,Medium,Medium,Public,Positive,3.0,No,High School,Near,Female,67,Medio
15.0,65.0,High,Medium,No,5.0,93.0,Low,Yes,2.0,Low,Medium,Public,Neutral,4.0,Yes,High School,Near,Female,63,Bajo
21.0,63.0,Medium,Medium,No,10.0,70.0,Low,Yes,1.0,High,Medium,Private,Positive,2.0,No,High School,Near,Female,64,Bajo
27.0,99.0,High,Medium,Yes,6.0,57.0,Medium,Yes,3.0,Low,Medium,Public,Neutral,3.0,No,High School,Near,Male,73,Alto
14.0,98.0,Medium,Medium,Yes,10.0,82.0,High,Yes,1.0,Low,Medium,Private,Positive,3.0,No,High School,Near,Male,69,Medio
20.0,62.0,High,Low,No,8.0,94.0,High,Yes,1.0,Medium,Medium,Public,Positive,3.0,No,High School,Near,Female,65,Bajo
23.0,78.0,High,Low,Yes,6.0,93.0,Medium,Yes,0.0,Medium,Medium,Private,Positive,5.0,No,High School,Near,Male,70,Alto
24.0,67.0,High,Medium,Yes,4.0,78.0,Low,Yes,1.0,Low,Medium,Public,Positive,2.0,No,High School,Near,Female,67,Medio
21.0,79.0,Medium,Low,Yes,8.0,54.0,High,Yes,3.0,Low,Medium,Public,Positive,3.0,No,High School,Near,Female,67,Medio
18.0,93.0,Medium,High,Yes,5.0,85.0,Medium,Yes,0.0,Low,Medium,Public,Positive,3.0,No,High School,Near,Male,70,Alto
15.0,98.0,High,Low,No,8.0,80.0,Low,No,2.0,High,Medium,Public,Negative,2.0,No,High School,Near,Female,69,Medio
21.0,85.0,High,Medium,No,10.0,61.0,High,Yes,2.0,Medium,Medium,Public,Neutral,2.0,Yes,High School,Near,Male,68,Medio
14.0,74.0,Medium,High,No,5.0,95.0,High,Yes,1.0,Low,Medium,Public,Positive,3.0,Yes,High School,Near,Male,66,Bajo
2.0,84.0,Low,High,No,8.0,54.0,Low,Yes,3.0,Low,Medium,Public,Positive,4.0,No,High School,Near,Male,62,Bajo
23.0,72.0,Medium,Medium,Yes,6.0,69.0,Low,Yes,2.0,High,Medium,Public,Positive,4.0,No,High School,Near,Male,67,Medio
25.0,96.0,Medium,Low,Yes,9.0,55.0,High,Yes,2.0,Medium,Medium,Public,Neutral,4.0,No,High School,Near,Male,71,Alto
6.0,95.0,High,Medium,Yes,7.0,96.0,Medium,Yes,4.0,Low,Medium,Public,Neutral,2.0,No,High School,Near,Female,68,Medio
14.0,82.0,High,Medium,Yes,7.0,52.0,High,Yes,3.0,Low,Medium,Public,Negative,2.0,No,High School,Near,Female,66,Bajo
24.0,73.0,Low,Medium,Yes,9.0,71.0,High,Yes,0.0,Low,Medium,Public,Neutral,3.0,No,High School,Near,Male,64,Bajo
32.0,72.0,High,Medium,Yes,8.0,93.0,Low,Yes,1.0,Low,Medium,Private,Neutral,4.0,No,High School,Near,Female,71,Alto
20.0,61.0,Low,Low,Yes,6.0,63.0,Medium,Yes,1.0,Medium,Medium,Public,Positive,4.0,No,High School,Near,Male,61,Bajo
16.0,93.0,Medium,High,No,10.0,55.0,Medium,No,2.0,Low,Medium,Public,Neutral,2.0,No,High School,Near,Male,67,Medio
19.0,78.0,Medium,Low,Yes,5.0,56.0,Low,Yes,3.0,High,Medium,Public,Neutral,4.0,No,High School,Near,Female,65,Bajo
28.0,73.0,High,Medium,Yes,7.0,70.0,Low,No,0.0,Low,Medium,Private,Negative,6.0,No,High School,Near,Female,66,Bajo
16.0,79.0,High,High,Yes,6.0,71.0,Medium,Yes,2.0,Low,Medium,Public,Neutral,4.0,No,High School,Near,Female,68,Medio
15.0,93.0,Medium,Medium,No,5.0,86.0,Medium,Yes,0.0,Low,Medium,Public,Neutral,2.0,No,High School,Near,Male,66,Bajo
17.0,65.0,Medium,Medium,No,5.0,62.0,Medium,Yes,2.0,Medium,Medium,Public,Positive,4.0,No,High School,Near,Female,63,Bajo
14.0,94.0,Low,Low,Yes,7.0,85.0,Low,Yes,1.0,High,Medium,Public,Neutral,3.0,No,High School,Near,Female,66,Bajo
21.0,96.0,Medium,High,No,8.0,100.0,Medium,Yes,1.0,High,Medium,Private,Positive,2.0,No,High School,Near,Female,73,Alto
30.0,98.0,Medium,Low,Yes,9.0,93.0,Medium,Yes,1.0,Low,Medium,Private,Positive,3.0,No,High School,Near,Male,88,Alto
22.0,76.0,Medium,Medium,No,9.0,82.0,High,Yes,0.0,Medium,Medium,Private,Neutral,4.0,No,High School,Near,Male,67,Medio
18.0,69.0,High,High,Yes,7.0,97.0,Medium,Yes,2.0,Medium,Medium,Public,Positive,2.0,No,High School,Near,Female,69,Medio
18.0,75.0,Medium,Low,Yes,6.0,100.0,High,Yes,2.0,Low,Medium,Public,Positive,3.0,No,High School,Near,Female,67,Medio
11.0,73.0,Medium,High,Yes,9.0,79.0,Medium,Yes,1.0,Low,Medium,Public,Neutral,2.0,No,High School,Near,Male,64,Bajo
25.0,67.0,Medium,High,Yes,6.0,64.0,Medium,No,0.0,Low,Medium,Public,Neutral,2.0,No,High School,Near,Male,64,Bajo
20.0,84.0,Low,Medium,No,5.0,96.0,Low,Yes,1.0,Low,Medium,Public,Negative,2.0,No,High School,Near,Male,65,Bajo
19.0,79.0,Medium,Medium,No,8.0,92.0,High,Yes,1.0,Medium,Medium,Public,Positive,2.0,No,High School,Near,Male,68,Medio
39.0,95.0,Medium,High,Yes,9.0,54.0,High,Yes,2.0,Medium,Medium,Private,Positive,3.0,No,High School,Near,Male,77,Alto
22.0,61.0,Medium,Medium,Yes,6.0,97.0,High,Yes,0.0,Low,Medium,Public,Negative,2.0,Yes,High School,Near,Male,63,Bajo
15.0,86.0,High,High,Yes,10.0,68.0,Medium,Yes,0.0,High,Medium,Public,Neutral,5.0,No,High School,Near,Male,69,Medio
17.0,91.0,Medium,Medium,Yes,8.0,66.0,Medium,Yes,3.0,Medium,Medium,Public,Positive,2.0,No,High School,Near,Male,69,Medio
27.0,90.0,Medium,Low,No,8.0,67.0,Medium,Yes,2.0,Medium,Medium,Public,Negative,3.0,No,High School,Near,Male,70,Alto
21.0,95.0,High,Medium,Yes,6.0,66.0,High,Yes,1.0,Medium,Medium,Public,Positive,4.0,No,High School,Near,Male,73,Alto
11.0,89.0,Medium,Low,Yes,9.0,76.0,Medium,Yes,1.0,Medium,Medium,Public,Neutral,3.0,No,High School,Near,Male,66,Bajo
26.0,97.0,Medium,Low,No,5.0,79.0,High,Yes,2.0,Low,Medium,Private,Positive,3.0,No,High School,Near,Female,71,Alto
16.0,73.0,Medium,Low,Yes,6.0,71.0,Medium,Yes,2.0,High,Medium,Public,Positive,5.0,No,High School,Near,Male,66,Bajo
31.0,80.0,Medium,Medium,Yes,6.0,71.0,High,Yes,2.0,Low,Medium,Public,Neutral,3.0,No,High School,Near,Female,71,Alto
26.0,61.0,Medium,Low,Yes,5.0,87.0,Medium,Yes,3.0,High,Medium,Public,Positive,2.0,Yes,High School,Near,Male,66,Bajo
17.0,60.0,Medium,High,Yes,8.0,50.0,High,Yes,0.0,Low,Medium,Public,Positive,4.0,No,High School,Near,Female,63,Bajo
28.0,70.0,High,High,Yes,8.0,97.0,Medium,Yes,5.0,Low,Medium,Public,Negative,5.0,Yes,High School,Near,Male,70,Alto
20.0,64.0,High,Medium,Yes,8.0,86.0,Medium,Yes,1.0,Medium,Medium,Public,Neutral,2.0,No,High School,Near,Male,66,Bajo
25.0,70.0,Medium,Medium,No,7.0,85.0,Medium,Yes,1.0,Medium,Medium,Public,Negative,4.0,No,High School,Near,Male,66,Bajo
23.0,67.0,Medium,Medium,No,8.0,71.0,High,Yes,2.0,Medium,Medium,Public,Neutral,4.0,No,High School,Near,Female,66,Bajo
15.0,61.0,Medium,Medium,No,7.0,98.0,Medium,Yes,1.0,Medium,Medium,Public,Neutral,3.0,No,High School,Near,Male,62,Bajo
16.0,96.0,Medium,Medium,No,6.0,50.0,High,Yes,1.0,Medium,Medium,Public,Positive,3.0,No,High School,Near,Male,69,Medio
26.0,60.0,Low,High,Yes,6.0,54.0,Low,Yes,1.0,Low,Medium,Private,Positive,1.0,No,High School,Near,Male,63,Bajo
18.0,89.0,Medium,Low,Yes,4.0,90.0,Low,Yes,1.0,High,Medium,Public,Positive,2.0,Yes,High School,Near,Female,68,Medio
18.0,66.0,Medium,High,No,9.0,87.0,Medium,Yes,1.0,Medium,Medium,Private,Positive,3.0,No,High School,Near,Male,64,Bajo
14.0,96.0,Low,High,Yes,9.0,64.0,High,Yes,2.0,Low,Medium,Public,Neutral,3.0,No,High School,Near,Male,69,Medio
23.0,96.0,Low,Medium,Yes,10.0,80.0,Low,Yes,3.0,Low,Medium,Public,Positive,3.0,No,High School,Near,Male,71,Alto
32.0,86.0,Medium,Medium,Yes,6.0,77.0,Medium,No,2.0,Medium,Medium,Private,Negative,4.0,No,High School,Near,Male,71,Alto
14.0,87.0,Medium,Medium,No,6.0,76.0,Medium,Yes,1.0,Low,Medium,Private,Positive,4.0,No,High School,Near,Female,66,Bajo
20.0,60.0,Medium,Medium,Yes,4.0,80.0,Low,Yes,2.0,High,Medium,Private,Positive,3.0,Yes,High School,Near,Male,63,Bajo
28.0,99.0,Low,Medium,Yes,8.0,100.0,Low,Yes,0.0,Medium,Medium,Public,Positive,2.0,No,High School,Near,Male,72,Alto
20.0,95.0,Medium,Medium,Yes,8.0,99.0,Low,No,1.0,Low,Medium,Private,Neutral,3.0,No,High School,Near,Female,70,Alto
23.0,96.0,Medium,Low,No,9.0,99.0,Medium,Yes,0.0,High,Medium,Private,Neutral,2.0,No,High School,Near,Female,71,Alto
14.0,86.0,Low,Low,Yes,6.0,77.0,Medium,Yes,3.0,High,Medium,Private,Neutral,3.0,No,High School,Near,Male,65,Bajo
23.0,74.0,Medium,Low,Yes,8.0,66.0,Low,Yes,0.0,High,Medium,Public,Negative,4.0,No,High School,Near,Female,65,Bajo
19.0,96.0,Low,Medium,No,6.0,78.0,High,Yes,1.0,Low,Medium,Public,Positive,2.0,No,High School,Near,Male,67,Medio
26.0,72.0,High,Medium,No,9.0,81.0,High,Yes,0.0,Medium,Medium,Public,Neutral,3.0,No,High School,Near,Male,68,Medio
27.0,83.0,Medium,Medium,Yes,8.0,66.0,Medium,Yes,3.0,Medium,Medium,Public,Positive,4.0,No,High School,Near,Female,70,Alto
36.0,64.0,Medium,Medium,Yes,5.0,82.0,Medium,Yes,2.0,Medium,Medium,Private,Positive,2.0,No,High School,Near,Female,70,Alto
23.0,97.0,Low,High,Yes,7.0,81.0,Low,Yes,2.0,Medium,Medium,Public,Neutral,3.0,No,High School,Near,Male,72,Alto
22.0,66.0,Medium,High,No,4.0,95.0,Medium,Yes,1.0,Low,Medium,Public,Neutral,5.0,No,High School,Near,Male,65,Bajo
21.0,69.0,Medium,Medium,Yes,5.0,62.0,High,Yes,2.0,Low,Medium,Public,Positive,3.0,No,High School,Near,Male,65,Bajo
18.0,82.0,High,Medium,Yes,5.0,85.0,High,Yes,3.0,Medium,Medium,Private,Neutral,4.0,No,High School,Near,Male,71,Alto
22.0,91.0,High,High,Yes,6.0,73.0,Low,Yes,3.0,High,Medium,Public,Positive,4.0,No,High School,Near,Male,74,Alto
18.0,85.0,Low,Medium,No,7.0,56.0,Low,Yes,0.0,Low,Medium,Private,Positive,4.0,No,High School,Near,Male,64,Bajo
21.0,69.0,Medium,Medium,No,7.0,66.0,High,Yes,1.0,Medium,Medium,Private,Neutral,4.0,No,High School,Near,Female,64,Bajo
28.0,60.0,Medium,High,Yes,7.0,53.0,Low,Yes,3.0,Low,Medium,Private,Neutral,3.0,No,High School,Near,Female,65,Bajo
14.0,90.0,Low,Medium,Yes,7.0,66.0,Medium,Yes,1.0,Medium,Medium,Public,Neutral,5.0,No,High School,Near,Male,67,Medio
27.0,99.0,High,Medium,No,7.0,53.0,Low,Yes,2.0,Low,Medium,Public,Neutral,3.0,No,High School,Near,Male,73,Alto
28.0,92.0,Low,High,No,5.0,96.0,High,Yes,1.0,Medium,Medium,Public,Neutral,3.0,No,High School,Near,Male,72,Alto
19.0,78.0,Medium,Medium,No,7.0,55.0,Low,Yes,0.0,Medium,Medium,Public,Positive,3.0,No,High School,Near,Male,65,Bajo
7.0,96.0,Medium,High,No,9.0,91.0,Medium,Yes,0.0,Low,Medium,Public,Neutral,4.0,No,High School,Near,Male,67,Medio
16.0,76.0,Medium,Medium,Yes,7.0,95.0,Low,Yes,2.0,Medium,Medium,Public,Negative,3.0,No,High School,Near,Female,66,Bajo
28.0,81.0,High,Medium,Yes,8.0,73.0,Low,Yes,0.0,Medium,Medium,Public,Negative,3.0,No,High School,Near,Male,70,Alto
20.0,79.0,High,Medium,No,8.0,53.0,Medium,Yes,2.0,Medium,Medium,Private,Neutral,3.0,No,High School,Near,Female,66,Bajo
14.0,78.0,High,High,Yes,8.0,80.0,Low,Yes,1.0,Medium,Medium,Public,Neutral,1.0,No,High School,Near,Female,66,Bajo
17.0,91.0,Medium,Low,Yes,7.0,62.0,Low,Yes,3.0,High,Medium,Public,Negative,3.0,No,High School,Near,Male,68,Medio
25.0,81.0,Low,Medium,Yes,8.0,59.0,Low,Yes,3.0,Low,Medium,Public,Positive,4.0,No,High School,Near,Male,68,Medio
23.0,73.0,High,High,No,8.0,78.0,Low,Yes,0.0,High,Medium,Public,Neutral,4.0,No,High School,Near,Female,67,Medio
19.0,70.0,High,Medium,Yes,8.0,68.0,High,No,1.0,Low,Medium,Public,Positive,3.0,No,High School,Near,Female,65,Bajo
18.0,62.0,Medium,Low,Yes,8.0,87.0,Medium,Yes,4.0,Low,Medium,Public,Positive,4.0,No,High School,Near,Female,64,Bajo
18.0,83.0,High,Medium,No,5.0,80.0,High,Yes,1.0,High,Medium,Public,Positive,2.0,No,High School,Near,Male,70,Alto
14.0,69.0,Low,Medium,No,5.0,91.0,Medium,Yes,0.0,High,Medium,Public,Positive,3.0,No,High School,Near,Male,63,Bajo
30.0,66.0,Medium,High,No,6.0,53.0,Low,No,2.0,Low,Medium,Public,Positive,2.0,No,High School,Near,Male,65,Bajo
18.0,86.0,Low,Medium,Yes,9.0,62.0,Medium,Yes,4.0,Medium,Medium,Public,Negative,2.0,Yes,High School,Near,Female,67,Medio
27.0,87.0,Medium,Medium,Yes,7.0,78.0,Low,Yes,3.0,Low,Medium,Private,Negative,5.0,No,High School,Near,Female,71,Alto
29.0,90.0,High,Medium,Yes,7.0,94.0,Medium,Yes,1.0,Low,Medium,Private,Neutral,4.0,No,High School,Near,Female,73,Alto
26.0,80.0,Medium,Medium,No,4.0,91.0,Low,Yes,1.0,Low,Medium,Private,Neutral,3.0,No,High School,Near,Male,67,Medio
17.0,96.0,High,Medium,Yes,7.0,84.0,Medium,Yes,2.0,Low,Medium,Private,Positive,3.0,No,High School,Near,Female,72,Alto
22.0,97.0,Medium,Medium,No,7.0,79.0,High,Yes,2.0,Medium,Medium,Public,Positive,0.0,No,High School,Near,Male,71,Alto
20.0,92.0,Medium,High,Yes,4.0,82.0,High,Yes,0.0,Medium,Medium,Public,Neutral,4.0,No,High School,Near,Male,72,Alto
15.0,85.0,High,High,Yes,7.0,61.0,Medium,Yes,1.0,Medium,Medium,Public,Negative,3.0,No,High School,Near,Male,68,Medio
22.0,72.0,Low,Low,Yes,5.0,80.0,Medium,Yes,2.0,Low,Medium,Public,Neutral,3.0,No,High School,Near,Female,65,Bajo
13.0,99.0,High,Medium,No,6.0,75.0,Low,Yes,1.0,Medium,Medium,Public,Positive,4.0,Yes,High School,Near,Female,68,Medio
27.0,71.0,Medium,Low,No,8.0,69.0,Medium,Yes,1.0,High,Medium,Public,Positive,4.0,No,High School,Near,Male,67,Medio
17.0,68.0,Medium,Medium,No,7.0,94.0,High,Yes,1.0,High,Medium,Private,Neutral,4.0,No,High School,Near,Female,66,Bajo
21.0,78.0,Medium,Low,Yes,6.0,91.0,Medium,Yes,0.0,Medium,Medium,Private,Neutral,1.0,Yes,High School,Near,Male,64,Bajo
22.0,62.0,High,Medium,No,6.0,54.0,Medium,Yes,3.0,Low,Medium,Private,Neutral,3.0,No,High School,Near,Male,65,Bajo
18.0,99.0,Medium,Medium,No,6.0,99.0,Medium,Yes,0.0,Low,Medium,Public,Neutral,3.0,No,High School,Near,Male,69,Medio
24.0,84.0,Medium,Medium,Yes,7.0,61.0,Medium,Yes,2.0,Medium,Medium,Public,Positive,2.0,No,High School,Near,Male,68,Medio
17.0,82.0,High,High,No,5.0,61.0,Medium,Yes,3.0,Medium,Medium,Public,Neutral,4.0,No,High School,Near,Male,69,Medio
25.0,86.0,Medium,Medium,Yes,9.0,97.0,Low,Yes,1.0,High,Medium,Private,Neutral,3.0,No,High School,Near,Male,70,Alto
12.0,80.0,High,Medium,No,5.0,72.0,Medium,Yes,1.0,High,Medium,Private,Positive,4.0,Yes,High School,Near,Female,65,Bajo
21.0,61.0,Medium,Medium,No,4.0,90.0,Low,Yes,2.0,Medium,Medium,Public,Neutral,3.0,No,High School,Near,Male,63,Bajo
32.0,84.0,Low,Medium,Yes,8.0,64.0,Medium,Yes,1.0,Low,Medium,Private,Positive,3.0,No,High School,Near,Female,71,Alto
14.0,89.0,Medium,High,Yes,6.0,94.0,Low,Yes,0.0,Low,Medium,Private,Neutral,2.0,No,High School,Near,Male,68,Medio
16.0,77.0,Medium,Medium,Yes,7.0,92.0,High,Yes,5.0,Low,Medium,Public,Positive,3.0,No,High School,Near,Female,70,Alto
23.0,90.0,Medium,High,Yes,8.0,76.0,High,Yes,2.0,Medium,Medium,Public,Positive,3.0,No,High School,Near,Female,72,Alto
21.0,69.0,Medium,Medium,Yes,6.0,85.0,Medium,Yes,3.0,Low,Medium,Public,Neutral,1.0,No,High School,Near,Female,64,Bajo
22.0,69.0,Low,Medium,No,7.0,98.0,Low,Yes,0.0,Low,Medium,Public,Positive,2.0,No,High School,Near,Male,64,Bajo
23.0,66.0,Medium,Low,Yes,8.0,73.0,High,Yes,2.0,High,Medium,Public,Positive,2.0,No,High School,Near,Female,66,Bajo
24.0,75.0,Medium,High,Yes,9.0,75.0,High,Yes,0.0,Medium,Medium,Public,Positive,3.0,No,High School,Near,Male,69,Medio
27.0,94.0,Medium,Low,No,6.0,86.0,Medium,Yes,2.0,Medium,Medium,Private,Neutral,2.0,No,High School,Near,Female,71,Alto
22.0,93.0,Medium,High,Yes,6.0,69.0,High,Yes,0.0,High,Medium,Public,Negative,3.0,Yes,High School,Near,Male,69,Medio
19.0,75.0,High,Medium,No,8.0,98.0,Low,Yes,1.0,Low,Medium,Public,Neutral,3.0,No,High School,Near,Male,67,Medio
24.0,84.0,Low,Medium,Yes,7.0,52.0,Medium,Yes,0.0,Low,Medium,Public,Neutral,3.0,No,High School,Near,Male,66,Bajo
31.0,89.0,Medium,Medium,No,7.0,70.0,Medium,Yes,2.0,Low,Medium,Public,Positive,2.0,No,High School,Near,Female,71,Alto
19.0,70.0,Medium,Low,Yes,9.0,86.0,Low,Yes,2.0,High,Medium,Public,Neutral,2.0,Yes,High School,Near,Male,63,Bajo
14.0,67.0,Medium,Low,No,4.0,71.0,Medium,Yes,0.0,High,Medium,Public,Neutral,4.0,No,High School,Near,Female,62,Bajo
27.0,99.0,Medium,High,No,5.0,63.0,Medium,Yes,0.0,Medium,Medium,Public,Neutral,4.0,No,High School,Near,Female,73,Alto
19.0,85.0,High,Medium,No,4.0,71.0,Low,Yes,1.0,Medium,Medium,Public,Negative,3.0,No,High School,Near,Female,66,Bajo
7.0,99.0,High,Medium,Yes,9.0,94.0,Medium,Yes,3.0,High,Medium,Public,Positive,2.0,No,High School,Near,Male,72,Alto
25.0,74.0,High,Low,Yes,8.0,77.0,Low,Yes,1.0,Low,Medium,Public,Neutral,2.0,No,High School,Near,Female,67,Medio
17.0,88.0,Low,Low,No,5.0,67.0,Medium,No,0.0,Medium,Medium,Public,Neutral,3.0,No,High School,Near,Male,65,Bajo
19.0,69.0,Medium,Medium,Yes,7.0,84.0,Medium,Yes,2.0,Medium,Medium,Public,Neutral,4.0,No,High School,Near,Male,66,Bajo
22.0,70.0,High,Medium,Yes,7.0,81.0,Low,Yes,3.0,Medium,Medium,Public,Neutral,2.0,No,High School,Near,Female,68,Medio
21.0,80.0,Medium,High,Yes,4.0,78.0,Medium,Yes,1.0,Medium,Medium,Private,Neutral,4.0,No,High School,Near,Female,69,Medio
24.0,73.0,High,Medium,Yes,7.0,70.0,Medium,Yes,0.0,High,Medium,Public,Negative,3.0,No,High School,Near,Female,68,Medio
17.0,67.0,Medium,High,Yes,5.0,54.0,Medium,Yes,0.0,Low,Medium,Public,Negative,2.0,No,High School,Near,Male,61,Bajo
23.0,71.0,High,Low,Yes,8.0,81.0,Medium,Yes,3.0,Medium,Medium,Private,Positive,2.0,No,High School,Near,Male,68,Medio
18.0,61.0,High,Low,Yes,5.0,71.0,Low,Yes,3.0,High,Medium,Private,Neutral,3.0,No,High School,Near,Male,64,Bajo
24.0,88.0,Medium,Low,Yes,7.0,71.0,Low,No,1.0,Low,Medium,Public,Neutral,3.0,No,High School,Near,Male,67,Medio
24.0,80.0,Low,High,Yes,9.0,62.0,High,Yes,3.0,High,Medium,Public,Neutral,3.0,No,High School,Near,Male,68,Medio
14.0,64.0,Medium,High,No,8.0,62.0,Low,Yes,1.0,Medium,Medium,Public,Positive,4.0,Yes,High School,Near,Male,61,Bajo
27.0,67.0,High,Low,No,8.0,89.0,Low,Yes,1.0,Low,Medium,Public,Positive,3.0,No,High School,Near,Female,66,Bajo
17.0,64.0,High,Low,Yes,7.0,74.0,Low,Yes,2.0,Medium,Medium,Public,Positive,2.0,No,High School,Near,Female,64,Bajo
25.0,85.0,Low,Medium,No,5.0,55.0,Low,Yes,3.0,High,Medium,Public,Negative,3.0,No,High School,Near,Female,67,Medio
22.0,64.0,Medium,High,No,6.0,52.0,Low,Yes,2.0,High,Medium,Private,Negative,4.0,No,High School,Near,Female,64,Bajo
31.0,90.0,High,High,No,7.0,61.0,Low,Yes,0.0,Low,Medium,Public,Positive,3.0,No,High School,Near,Male,72,Alto
19.0,61.0,Medium,Medium,No,7.0,74.0,Low,Yes,2.0,High,Medium,Public,Negative,3.0,No,High School,Near,Male,62,Bajo
18.0,70.0,High,Medium,Yes,5.0,81.0,Low,Yes,2.0,Low,Medium,Private,Negative,2.0,No,High School,Near,Female,63,Bajo
20.0,96.0,High,High,No,8.0,57.0,Low,Yes,1.0,Low,Medium,Private,Neutral,4.0,No,High School,Near,Male,70,Alto
18.0,89.0,High,Medium,No,5.0,72.0,Low,Yes,3.0,Medium,Medium,Public,Positive,3.0,No,High School,Near,Male,69,Medio
25.0,63.0,Low,Medium,Yes,9.0,54.0,Medium,Yes,3.0,Medium,Medium,Public,Positive,2.0,No,High School,Near,Male,64,Bajo
10.0,93.0,Low,Medium,No,7.0,52.0,Medium,Yes,2.0,Medium,Medium,Public,Positive,3.0,No,High School,Near,Male,66,Bajo
14.0,80.0,Low,Medium,Yes,8.0,93.0,Medium,Yes,3.0,Low,Medium,Private,Positive,4.0,No,High School,Near,Female,67,Medio
14.0,94.0,High,High,Yes,8.0,83.0,Medium,Yes,4.0,Medium,Medium,Public,Negative,5.0,Yes,High School,Near,Female,71,Alto
26.0,84.0,Medium,High,Yes,10.0,89.0,Medium,Yes,0.0,Low,Medium,Private,Positive,1.0,No,High School,Near,Female,70,Alto
30.0,87.0,Low,Medium,No,7.0,59.0,Medium,Yes,2.0,Medium,Medium,Public,Neutral,3.0,No,High School,Near,Male,69,Medio
19.0,100.0,Medium,Low,No,6.0,66.0,High,Yes,0.0,Low,Medium,Public,Neutral,3.0,No,High School,Near,Male,68,Medio
19.0,69.0,Medium,High,Yes,6.0,72.0,Medium,No,1.0,Low,Medium,Public,Neutral,1.0,No,High School,Near,Female,64,Bajo
20.0,85.0,High,Medium,Yes,9.0,83.0,Low,Yes,3.0,Medium,Medium,Public,Positive,3.0,Yes,High School,Near,Male,70,Alto
27.0,78.0,High,Low,Yes,5.0,77.0,Medium,Yes,0.0,Medium,Medium,Private,Neutral,3.0,No,High School,Near,Male,69,Medio
14.0,62.0,Medium,Medium,Yes,6.0,78.0,Medium,Yes,0.0,High,Medium,Public,Positive,2.0,No,High School,Near,Female,63,Bajo
21.0,61.0,Low,Medium,No,7.0,58.0,Medium,Yes,1.0,Medium,Medium,Public,Negative,3.0,No,High School,Near,Female,60,Bajo
26.0,65.0,High,Low,No,7.0,74.0,Medium,Yes,2.0,Low,Medium,Public,Negative,4.0,No,High School,Near,Female,65,Bajo
23.0,86.0,Medium,Medium,No,8.0,91.0,Medium,Yes,0.0,Low,Medium,Public,Negative,0.0,No,High School,Near,Male,67,Medio
21.0,83.0,Medium,Low,No,5.0,75.0,Low,Yes,1.0,Medium,Medium,Public,Negative,4.0,No,High School,Near,Male,66,Bajo
26.0,82.0,Low,High,No,7.0,60.0,Medium,No,3.0,Low,Medium,Public,Neutral,3.0,No,High School,Near,Female,68,Medio
4.0,61.0,Low,High,Yes,7.0,71.0,High,Yes,0.0,Low,Medium,Public,Positive,1.0,No,High School,Near,Male,58,Bajo
24.0,79.0,Low,High,Yes,5.0,88.0,Medium,Yes,0.0,Medium,Medium,Public,Neutral,3.0,No,High School,Near,Female,67,Medio
16.0,97.0,Medium,Medium,Yes,8.0,57.0,Low,Yes,0.0,Medium,Medium,Public,Positive,4.0,Yes,High School,Near,Male,68,Medio
9.0,76.0,Medium,Medium,Yes,7.0,79.0,Medium,Yes,1.0,Low,Medium,Public,Neutral,3.0,No,High School,Near,Female,62,Bajo
23.0,85.0,Low,High,No,7.0,98.0,High,No,2.0,Low,Medium,Public,Negative,3.0,No,High School,Near,Female,69,Medio
28.0,91.0,Medium,High,Yes,6.0,69.0,High,Yes,1.0,Medium,Medium,Private,Neutral,4.0,No,High School,Near,Male,73,Alto
19.0,91.0,High,Low,No,6.0,52.0,Medium,Yes,2.0,Low,Medium,Public,Negative,4.0,Yes,High School,Near,Male,66,Bajo
26.0,81.0,Low,Medium,Yes,5.0,82.0,Medium,Yes,0.0,Medium,Medium,Public,Negative,5.0,Yes,High School,Near,Female,67,Medio
30.0,94.0,Medium,Medium,No,8.0,52.0,Medium,Yes,1.0,Medium,Medium,Public,Neutral,4.0,No,High School,Near,Female,71,Alto
28.0,76.0,Medium,Medium,Yes,9.0,60.0,Medium,Yes,1.0,Low,Medium,Public,Neutral,2.0,No,High School,Near,Male,66,Bajo
30.0,96.0,High,Medium,Yes,10.0,52.0,Medium,Yes,0.0,High,Medium,Public,Positive,4.0,No,High School,Near,Female,74,Alto
24.0,70.0,Medium,High,No,8.0,59.0,Low,Yes,2.0,Low,Medium,Public,Positive,5.0,No,High School,Near,Male,67,Medio
20.0,71.0,High,Medium,No,6.0,93.0,High,Yes,2.0,Medium,Medium,Public,Negative,2.0,No,High School,Near,Male,68,Medio
10.0,62.0,Medium,Medium,No,6.0,87.0,High,Yes,2.0,Low,Medium,Public,Neutral,3.0,No,High School,Near,Male,61,Bajo
19.0,92.0,Medium,High,No,8.0,67.0,Medium,Yes,2.0,Medium,Medium,Private,Negative,2.0,No,High School,Near,Female,69,Medio
15.0,77.0,Low,Medium,Yes,7.0,95.0,Low,Yes,4.0,Low,Medium,Public,Positive,4.0,No,High School,Near,Male,65,Bajo
33.0,69.0,Medium,High,Yes,7.0,83.0,Medium,Yes,2.0,Medium,Medium,Public,Neutral,2.0,No,High School,Near,Male,71,Alto
19.0,69.0,Medium,Low,No,7.0,72.0,Medium,Yes,1.0,Low,Medium,Public,Positive,2.0,No,High School,Near,Female,61,Bajo
21.0,96.0,Medium,High,Yes,9.0,53.0,Medium,Yes,0.0,Low,Medium,Public,Neutral,3.0,No,High School,Near,Male,70,Alto
23.0,93.0,Medium,Low,No,6.0,87.0,Medium,Yes,2.0,Medium,Medium,Private,Neutral,3.0,No,High School,Near,Male,70,Alto
20.0,82.0,Medium,High,Yes,9.0,69.0,Low,Yes,1.0,Medium,Medium,Public,Positive,3.0,No,High School,Near,Male,69,Medio
30.0,85.0,High,Low,Yes,7.0,65.0,High,Yes,2.0,Low,Medium,Public,Negative,3.0,No,High School,Near,Female,70,Alto
16.0,79.0,High,Medium,Yes,6.0,64.0,Medium,Yes,4.0,Low,Medium,Public,Positive,4.0,Yes,High School,Near,Male,67,Medio
21.0,76.0,Low,Medium,No,6.0,50.0,Low,Yes,2.0,Low,Medium,Public,Negative,4.0,No,High School,Near,Female,63,Bajo
16.0,97.0,Medium,Medium,No,7.0,87.0,Medium,Yes,1.0,High,Medium,Public,Neutral,3.0,No,High School,Near,Female,70,Alto
12.0,65.0,Medium,Medium,No,8.0,57.0,Medium,Yes,1.0,High,Medium,Private,Positive,5.0,Yes,High School,Near,Female,61,Bajo
16.0,77.0,Low,High,Yes,6.0,76.0,Low,Yes,1.0,Low,Medium,Public,Neutral,1.0,No,High School,Near,Female,64,Bajo
20.0,74.0,Medium,Medium,Yes,8.0,51.0,High,Yes,2.0,Medium,Medium,Public,Negative,3.0,No,High School,Near,Male,65,Bajo
17.0,80.0,Medium,Medium,No,6.0,81.0,Medium,Yes,1.0,Medium,Medium,Public,Neutral,1.0,No,High School,Near,Male,65,Bajo
16.0,78.0,Medium,Low,Yes,7.0,68.0,High,Yes,3.0,Low,Medium,Private,Positive,3.0,No,High School,Near,Female,66,Bajo
12.0,81.0,High,High,Yes,5.0,82.0,Low,Yes,1.0,Medium,Medium,Public,Positive,3.0,No,High School,Near,Female,66,Bajo
20.0,66.0,Low,Medium,Yes,8.0,54.0,Medium,Yes,2.0,Medium,Medium,Public,Positive,2.0,No,High School,Near,Male,63,Bajo
11.0,81.0,Low,High,Yes,7.0,63.0,Medium,Yes,3.0,Medium,Medium,Public,Neutral,2.0,No,High School,Near,Male,66,Bajo
25.0,70.0,Medium,Medium,Yes,9.0,56.0,High,Yes,0.0,Low,Medium,Public,Positive,1.0,No,High School,Near,Male,64,Bajo
20.0,67.0,High,Low,No,8.0,82.0,Medium,Yes,3.0,Low,Medium,Public,Neutral,4.0,Yes,High School,Near,Male,65,Bajo
11.0,63.0,High,Medium,No,7.0,55.0,Low,Yes,3.0,High,Medium,Private,Positive,1.0,No,High School,Near,Male,62,Bajo
18.0,91.0,Low,High,Yes,9.0,81.0,High,Yes,4.0,High,Medium,Public,Neutral,5.0,No,High School,Near,Male,71,Alto
15.0,77.0,Medium,Medium,Yes,8.0,57.0,Low,Yes,1.0,Low,Medium,Public,Neutral,2.0,No,High School,Near,Male,63,Bajo
22.0,85.0,Medium,High,No,9.0,97.0,High,Yes,0.0,Medium,Medium,Public,Negative,3.0,No,High School,Near,Male,70,Alto
28.0,89.0,Medium,Low,Yes,6.0,71.0,Low,Yes,2.0,Low,Medium,Private,Neutral,4.0,No,High School,Near,Male,70,Alto
9.0,87.0,Medium,Medium,No,8.0,56.0,Medium,Yes,1.0,Medium,Medium,Public,Positive,3.0,No,High School,Near,Female,65,Bajo
21.0,79.0,High,High,Yes,8.0,52.0,Medium,Yes,1.0,Low,Medium,Public,Neutral,3.0,Yes,High School,Near,Female,66,Bajo
19.0,76.0,Medium,Low,Yes,5.0,66.0,Medium,Yes,2.0,Medium,Medium,Private,Positive,4.0,No,High School,Near,Female,66,Bajo
24.0,75.0,Medium,Low,No,9.0,95.0,High,Yes,0.0,Medium,Medium,Public,Positive,2.0,No,High School,Near,Male,68,Medio
21.0,86.0,High,High,No,5.0,57.0,Medium,Yes,1.0,Low,Medium,Private,Negative,3.0,No,High School,Near,Male,68,Medio
15.0,80.0,High,Medium,Yes,5.0,90.0,Medium,Yes,4.0,Medium,Medium,Private,Neutral,3.0,No,High School,Near,Female,69,Medio
18.0,94.0,Medium,Medium,Yes,4.0,71.0,Medium,Yes,3.0,High,Medium,Public,Positive,3.0,No,High School,Near,Female,71,Alto
15.0,95.0,Medium,Medium,Yes,8.0,90.0,Low,Yes,2.0,Low,Medium,Private,Negative,1.0,No,High School,Near,Male,69,Medio
26.0,67.0,Medium,High,Yes,5.0,94.0,Medium,Yes,0.0,Medium,Medium,Public,Positive,2.0,No,High School,Near,Male,68,Medio
20.0,65.0,Medium,High,Yes,6.0,100.0,Medium,Yes,2.0,Low,Medium,Public,Neutral,5.0,No,High School,Near,Male,67,Medio
31.0,85.0,High,Medium,No,8.0,53.0,Medium,Yes,2.0,Low,Medium,Public,Positive,3.0,No,High School,Near,Male,72,Alto
20.0,72.0,High,Medium,Yes,7.0,90.0,High,Yes,2.0,Medium,Medium,Public,Neutral,3.0,No,High School,Near,Male,68,Medio
16.0,61.0,High,Medium,Yes,6.0,53.0,Low,Yes,0.0,High,Medium,Public,Positive,4.0,Yes,High School,Near,Female,60,Bajo
11.0,96.0,Medium,High,No,5.0,66.0,High,Yes,2.0,Low,Medium,Public,Neutral,4.0,No,High School,Near,Male,68,Medio
9.0,69.0,High,Medium,Yes,7.0,82.0,High,Yes,1.0,High,Medium,Public,Positive,2.0,No,High School,Near,Female,65,Bajo
10.0,97.0,Low,High,No,8.0,72.0,High,Yes,0.0,Low,Medium,Public,Neutral,3.0,No,High School,Near,Female,67,Medio
22.0,89.0,Low,Medium,No,8.0,78.0,Low,Yes,4.0,High,Medium,Private,Positive,3.0,No,High School,Near,Female,70,Alto
23.0,91.0,Medium,Low,Yes,10.0,98.0,High,Yes,0.0,Low,Medium,Private,Negative,3.0,No,High School,Near,Female,70,Alto
11.0,68.0,Medium,Medium,No,6.0,91.0,Low,Yes,3.0,Low,Medium,Public,Negative,2.0,No,High School,Near,Female,61,Bajo
25.0,69.0,High,Low,Yes,5.0,68.0,Medium,Yes,2.0,High,Medium,Public,Positive,4.0,No,High School,Near,Male,68,Medio
17.0,81.0,Medium,High,No,7.0,80.0,High,Yes,1.0,Low,Medium,Public,Negative,3.0,No,High School,Near,Female,67,Medio
21.0,67.0,Medium,High,No,7.0,52.0,Medium,Yes,3.0,Low,Medium,Public,Negative,3.0,Yes,High School,Near,Female,62,Bajo
30.0,72.0,Medium,Low,No,7.0,73.0,Medium,Yes,0.0,High,Medium,Public,Neutral,4.0,No,High School,Near,Male,66,Bajo
25.0,73.0,High,Medium,Yes,6.0,80.0,Medium,Yes,3.0,High,Medium,Public,Positive,2.0,No,High School,Near,Female,69,Medio
18.0,66.0,Medium,High,Yes,4.0,86.0,Medium,Yes,2.0,Medium,Medium,Public,Negative,4.0,No,High School,Near,Female,66,Bajo
15.0,68.0,Medium,Medium,Yes,5.0,95.0,Medium,Yes,0.0,High,Medium,Public,Negative,5.0,No,High School,Near,Female,64,Bajo
7.0,92.0,High,Medium,No,8.0,64.0,High,Yes,1.0,Low,Medium,Public,Neutral,4.0,No,High School,Near,Male,66,Bajo
16.0,67.0,Medium,Medium,No,7.0,95.0,Low,Yes,2.0,Medium,Medium,Public,Neutral,5.0,Yes,High School,Near,Male,63,Bajo
19.0,61.0,Low,High,Yes,8.0,83.0,Low,Yes,1.0,Medium,Medium,Private,Negative,3.0,No,High School,Near,Male,62,Bajo
14.0,85.0,Medium,Medium,Yes,8.0,54.0,Low,Yes,1.0,High,Medium,Private,Negative,4.0,No,High School,Near,Male,65,Bajo
19.0,99.0,Low,High,No,8.0,69.0,Low,Yes,0.0,High,Medium,Private,Negative,2.0,No,High School,Near,Male,68,Medio
20.0,73.0,High,High,Yes,8.0,74.0,Low,Yes,1.0,Low,Medium,Private,Negative,4.0,No,High School,Near,Male,65,Bajo
19.0,65.0,Medium,High,Yes,7.0,68.0,Low,Yes,1.0,Low,Medium,Public,Neutral,4.0,No,High School,Near,Female,63,Bajo
16.0,83.0,High,High,Yes,7.0,56.0,Medium,Yes,3.0,Medium,Medium,Public,Negative,2.0,No,High School,Near,Male,68,Medio
21.0,96.0,Medium,High,Yes,4.0,78.0,Low,Yes,2.0,High,Medium,Private,Positive,2.0,No,High School,Near,Male,72,Alto
23.0,91.0,High,Low,No,6.0,57.0,Medium,Yes,2.0,Low,Medium,Private,Positive,3.0,No,High School,Near,Male,69,Medio
13.0,85.0,Low,Medium,No,6.0,96.0,Low,Yes,1.0,Low,Medium,Public,Positive,5.0,No,High School,Near,Male,66,Bajo
28.0,73.0,Low,Low,Yes,7.0,93.0,High,Yes,2.0,Low,Medium,Private,Neutral,3.0,No,High School,Near,Male,68,Medio
19.0,82.0,Low,Low,No,6.0,74.0,Medium,Yes,1.0,Medium,Medium,Public,Neutral,2.0,No,High School,Near,Male,64,Bajo
20.0,64.0,Medium,Low,Yes,8.0,53.0,Low,Yes,1.0,Low,Medium,Public,Positive,2.0,No,High School,Near,Male,61,Bajo
24.0,87.0,Low,Medium,No,6.0,78.0,High,Yes,0.0,Low,Medium,Public,Neutral,2.0,Yes,High School,Near,Male,67,Medio
21.0,89.0,Medium,Low,Yes,9.0,80.0,Medium,Yes,0.0,Medium,Medium,Public,Neutral,3.0,No,High School,Near,Male,68,Medio
26.0,99.0,Medium,Medium,No,6.0,94.0,High,Yes,2.0,Medium,Medium,Public,Positive,3.0,No,High School,Near,Male,74,Alto
22.0,70.0,Medium,High,Yes,6.0,53.0,Medium,Yes,3.0,Medium,Medium,Public,Positive,2.0,No,High School,Near,Female,67,Medio
16.0,61.0,Medium,High,Yes,6.0,85.0,Medium,Yes,2.0,Medium,Medium,Private,Positive,3.0,No,High School,Near,Male,64,Bajo
22.0,82.0,Low,High,No,6.0,78.0,Medium,Yes,3.0,Medium,Medium,Public,Neutral,3.0,No,High School,Near,Male,69,Medio
13.0,88.0,High,Medium,Yes,9.0,59.0,Medium,Yes,0.0,Low,Medium,Private,Negative,3.0,Yes,High School,Near,Female,63,Bajo
21.0,92.0,Medium,Medium,No,7.0,56.0,Medium,Yes,0.0,Low,Medium,Private,Neutral,4.0,No,High School,Near,Female,67,Medio
20.0,68.0,High,Medium,Yes,7.0,85.0,Medium,Yes,1.0,Medium,Medium,Public,Neutral,3.0,No,High School,Near,Male,65,Bajo
19.0,70.0,Medium,Medium,Yes,6.0,67.0,Medium,Yes,5.0,Medium,Medium,Public,Positive,4.0,No,High School,Near,Female,67,Medio
19.0,81.0,High,Medium,No,7.0,100.0,Medium,Yes,1.0,Low,Medium,Private,Negative,5.0,No,High School,Near,Female,68,Medio
9.0,73.0,Medium,Low,Yes,7.0,95.0,Medium,No,3.0,Low,Medium,Private,Negative,3.0,No,High School,Near,Male,62,Bajo
17.0,94.0,High,Medium,Yes,7.0,78.0,Medium,Yes,1.0,Low,Medium,Public,Neutral,3.0,No,High School,Near,Female,70,Alto
21.0,79.0,Low,High,Yes,7.0,82.0,Medium,Yes,1.0,High,Medium,Public,Negative,3.0,No,High School,Near,Female,67,Medio
21.0,92.0,High,High,Yes,9.0,58.0,Medium,Yes,2.0,High,Medium,Public,Neutral,5.0,No,High School,Near,Female,89,Alto
14.0,83.0,High,Medium,Yes,7.0,95.0,Low,Yes,1.0,Low,Medium,Private,Neutral,2.0,Yes,High School,Near,Female,65,Bajo
28.0,91.0,Low,Medium,Yes,5.0,73.0,Medium,No,2.0,Medium,Medium,Public,Neutral,2.0,No,High School,Near,Female,69,Medio
15.0,73.0,Medium,Medium,No,7.0,76.0,High,Yes,2.0,Low,Medium,Public,Positive,4.0,No,High School,Near,Female,64,Bajo
26.0,93.0,High,Low,No,6.0,94.0,Medium,Yes,6.0,High,Medium,Private,Negative,4.0,No,High School,Near,Female,74,Alto
23.0,71.0,Medium,High,No,8.0,50.0,Medium,Yes,0.0,High,Medium,Public,Positive,2.0,No,High School,Near,Female,64,Bajo
16.0,82.0,Low,High,No,7.0,75.0,Medium,Yes,0.0,Low,Medium,Public,Negative,2.0,No,High School,Near,Female,64,Bajo
31.0,69.0,Medium,Low,Yes,9.0,81.0,Medium,Yes,2.0,Medium,Medium,Private,Negative,2.0,No,High School,Near,Male,67,Medio
13.0,79.0,Low,Low,Yes,6.0,58.0,High,Yes,2.0,Medium,Medium,Public,Positive,4.0,No,High School,Near,Male,63,Bajo
26.0,73.0,High,Medium,Yes,7.0,53.0,Low,Yes,3.0,Medium,Medium,Private,Neutral,5.0,No,High School,Near,Female,68,Medio
26.0,71.0,Low,Medium,Yes,5.0,77.0,Low,Yes,0.0,Medium,Medium,Public,Neutral,5.0,No,High School,Near,Male,66,Bajo
16.0,99.0,Low,High,Yes,7.0,77.0,High,Yes,0.0,Low,Medium,Public,Neutral,3.0,Yes,High School,Near,Female,68,Medio
28.0,66.0,Medium,High,No,5.0,67.0,Medium,Yes,1.0,High,Medium,Private,Positive,1.0,No,High School,Near,Female,68,Medio
18.0,91.0,Medium,Medium,No,7.0,94.0,Medium,Yes,3.0,Low,Medium,Private,Neutral,2.0,No,High School,Near,Female,69,Medio
22.0,99.0,High,Low,No,7.0,65.0,Medium,Yes,3.0,Low,Medium,Public,Neutral,3.0,No,High School,Near,Female,71,Alto
22.0,61.0,Low,High,Yes,7.0,76.0,Medium,Yes,1.0,High,Medium,Public,Positive,3.0,No,High School,Near,Female,65,Bajo
19.0,88.0,Low,Medium,Yes,8.0,59.0,Medium,Yes,2.0,Medium,Medium,Private,Neutral,4.0,No,High School,Near,Male,67,Medio
25.0,70.0,Medium,Medium,No,7.0,51.0,Medium,Yes,1.0,High,Medium,Public,Negative,4.0,No,High School,Near,Female,65,Bajo
25.0,62.0,High,Medium,No,5.0,71.0,Medium,Yes,0.0,Low,Medium,Private,Positive,4.0,No,High School,Near,Male,65,Bajo
10.0,76.0,Medium,Low,No,6.0,76.0,Medium,Yes,1.0,High,Medium,Public,Negative,2.0,No,High School,Near,Male,80,Alto
28.0,97.0,Medium,Medium,Yes,7.0,88.0,High,Yes,2.0,Medium,Medium,Public,Neutral,2.0,No,High School,Near,Male,74,Alto
10.0,60.0,Medium,Medium,No,7.0,72.0,Low,No,3.0,Medium,Medium,Public,Positive,3.0,No,High School,Near,Male,59,Bajo
26.0,84.0,Medium,Medium,No,7.0,64.0,Low,Yes,2.0,High,Medium,Public,Neutral,3.0,No,High School,Near,Male,69,Medio
27.0,80.0,Medium,Low,Yes,9.0,80.0,Medium,Yes,0.0,High,Medium,Public,Neutral,2.0,Yes,High School,Near,Male,66,Bajo
13.0,95.0,Medium,Medium,Yes,7.0,69.0,Medium,Yes,1.0,Low,Medium,Public,Positive,2.0,Yes,High School,Near,Female,66,Bajo
18.0,63.0,High,High,No,8.0,62.0,Medium,Yes,2.0,High,Medium,Public,Positive,4.0,No,High School,Near,Female,65,Bajo
13.0,87.0,High,Medium,Yes,4.0,96.0,Low,Yes,3.0,Low,Medium,Public,Neutral,3.0,Yes,High School,Near,Male,67,Medio
19.0,87.0,High,High,No,8.0,77.0,Low,Yes,3.0,Low,Medium,Private,Neutral,4.0,No,High School,Near,Male,69,Medio
18.0,87.0,Medium,Low,Yes,10.0,60.0,High,Yes,2.0,Medium,Medium,Public,Positive,3.0,No,High School,Near,Female,68,Medio
25.0,98.0,Medium,Medium,Yes,9.0,84.0,Medium,Yes,1.0,Medium,Medium,Private,Neutral,2.0,No,High School,Near,Female,73,Alto
28.0,93.0,Low,High,Yes,6.0,90.0,Medium,Yes,1.0,Low,Medium,Public,Positive,2.0,Yes,High School,Near,Female,71,Alto
28.0,62.0,High,Medium,Yes,10.0,88.0,Medium,Yes,0.0,Low,Medium,Public,Positive,2.0,Yes,High School,Near,Male,67,Medio
17.0,79.0,Medium,Medium,Yes,7.0,80.0,Low,Yes,1.0,High,Medium,Public,Positive,3.0,No,High School,Near,Female,67,Medio
19.0,76.0,High,Low,No,7.0,76.0,Medium,Yes,0.0,High,Medium,Public,Neutral,2.0,No,High School,Near,Male,66,Bajo
10.0,72.0,Medium,Low,No,7.0,89.0,Medium,Yes,3.0,Medium,Medium,Public,Negative,4.0,No,High School,Near,Female,63,Bajo
15.0,78.0,High,High,No,7.0,85.0,Medium,No,1.0,High,Medium,Public,Negative,1.0,No,High School,Near,Male,65,Bajo
26.0,75.0,Medium,Low,Yes,4.0,79.0,Medium,Yes,2.0,High,Medium,Public,Negative,1.0,No,High School,Near,Male,67,Medio
30.0,77.0,Medium,Low,Yes,8.0,83.0,Medium,Yes,1.0,Low,Medium,Public,Positive,3.0,No,High School,Near,Male,69,Medio
13.0,99.0,Medium,Medium,Yes,7.0,58.0,Medium,Yes,1.0,Low,Medium,Public,Neutral,2.0,No,High School,Near,Male,67,Medio
16.0,64.0,High,Medium,Yes,7.0,51.0,High,Yes,4.0,High,Medium,Public,Neutral,3.0,No,High School,Near,Male,66,Bajo
20.0,97.0,High,High,Yes,7.0,97.0,Low,Yes,2.0,Medium,Medium,Private,Neutral,4.0,No,High School,Near,Female,74,Alto
22.0,79.0,High,Medium,No,6.0,97.0,Medium,No,2.0,High,Medium,Public,Positive,2.0,No,High School,Near,Female,69,Medio
15.0,85.0,Low,Medium,Yes,7.0,89.0,High,Yes,0.0,Medium,Medium,Public,Negative,4.0,No,High School,Near,Female,66,Bajo
23.0,93.0,High,Low,Yes,9.0,69.0,Low,Yes,0.0,Medium,Medium,Private,Positive,3.0,Yes,High School,Near,Male,69,Medio
17.0,74.0,Medium,Medium,Yes,8.0,58.0,Low,Yes,1.0,High,Medium,Public,Neutral,2.0,No,High School,Near,Male,63,Bajo
20.0,77.0,Medium,Low,Yes,7.0,68.0,Medium,No,0.0,Medium,Medium,Private,Positive,3.0,No,High School,Near,Female,65,Bajo
23.0,76.0,Low,Medium,No,7.0,86.0,Low,No,1.0,Low,Medium,Private,Positive,4.0,No,High School,Near,Male,64,Bajo
20.0,75.0,Low,Medium,No,7.0,67.0,High,Yes,0.0,Medium,Medium,Private,Neutral,4.0,No,High School,Near,Male,64,Bajo
17.0,97.0,Low,High,Yes,6.0,90.0,Low,Yes,2.0,Medium,Medium,Public,Negative,2.0,No,High School,Near,Male,69,Medio
19.0,93.0,High,High,No,7.0,84.0,Medium,Yes,5.0,Low,Medium,Public,Negative,3.0,No,High School,Near,Female,73,Alto
19.0,64.0,Medium,Medium,Yes,8.0,81.0,High,Yes,1.0,Medium,Medium,Public,Negative,3.0,Yes,High School,Near,Male,62,Bajo
18.0,64.0,Low,Low,Yes,7.0,97.0,Low,Yes,2.0,Medium,Medium,Private,Neutral,4.0,No,High School,Near,Male,62,Bajo
18.0,77.0,Medium,Medium,Yes,6.0,95.0,High,Yes,0.0,Medium,Medium,Private,Positive,2.0,No,High School,Near,Female,68,Medio
30.0,64.0,Medium,Medium,No,7.0,86.0,Low,Yes,1.0,Medium,Medium,Private,Positive,3.0,No,High School,Near,Female,66,Bajo
23.0,85.0,Low,High,Yes,8.0,60.0,High,Yes,2.0,Medium,Medium,Public,Positive,1.0,Yes,High School,Near,Female,68,Medio
18.0,66.0,Low,High,Yes,5.0,97.0,Medium,Yes,4.0,Medium,Medium,Public,Neutral,4.0,No,High School,Near,Male,66,Bajo
24.0,81.0,Low,Medium,Yes,6.0,61.0,Low,Yes,3.0,Medium,Medium,Public,Positive,3.0,No,High School,Near,Male,69,Medio
18.0,60.0,Medium,Medium,Yes,5.0,69.0,Medium,Yes,0.0,Medium,Medium,Public,Neutral,2.0,No,High School,Near,Female,62,Bajo
27.0,73.0,Low,Medium,No,7.0,91.0,Medium,Yes,2.0,High,Medium,Public,Neutral,4.0,No,High School,Near,Female,68,Medio
22.0,87.0,Medium,Medium,No,8.0,60.0,Low,Yes,2.0,Medium,Medium,Public,Negative,2.0,No,High School,Near,Male,67,Medio
19.0,79.0,Low,Medium,No,9.0,82.0,Medium,Yes,1.0,Low,Medium,Private,Neutral,4.0,No,High School,Near,Male,65,Bajo
23.0,99.0,Low,Medium,No,9.0,73.0,Medium,Yes,0.0,Low,Medium,Public,Negative,4.0,No,High School,Near,Male,69,Medio
11.0,95.0,Medium,Medium,No,6.0,81.0,High,Yes,2.0,Low,Medium,Public,Positive,3.0,No,High School,Near,Male,67,Medio
13.0,74.0,Low,Low,Yes,7.0,98.0,High,Yes,0.0,Medium,Medium,Public,Positive,3.0,No,High School,Near,Female,64,Bajo
13.0,62.0,Low,Medium,Yes,6.0,90.0,Medium,No,3.0,High,Medium,Private,Neutral,3.0,Yes,High School,Near,Female,62,Bajo
21.0,94.0,Medium,Medium,Yes,9.0,65.0,Low,Yes,5.0,High,Medium,Private,Neutral,3.0,Yes,High School,Near,Male,71,Alto
30.0,96.0,Medium,High,Yes,9.0,53.0,Medium,No,0.0,Medium,Medium,Private,Neutral,3.0,No,High School,Near,Male,72,Alto
33.0,93.0,High,High,Yes,7.0,98.0,Low,Yes,0.0,Medium,Medium,Public,Negative,2.0,Yes,High School,Near,Female,74,Alto
24.0,65.0,Low,High,No,6.0,79.0,Low,Yes,1.0,Medium,Medium,Public,Neutral,2.0,No,High School,Near,Male,66,Bajo
23.0,100.0,High,Low,Yes,4.0,59.0,Medium,Yes,2.0,Medium,Medium,Public,Positive,4.0,No,High School,Near,Female,72,Alto
9.0,70.0,High,Medium,No,5.0,81.0,Medium,Yes,1.0,High,Medium,Private,Neutral,4.0,No,High School,Near,Female,65,Bajo
17.0,89.0,High,Medium,Yes,4.0,52.0,High,Yes,0.0,Low,Medium,Public,Positive,3.0,No,High School,Near,Female,67,Medio
15.0,96.0,Medium,High,Yes,5.0,59.0,High,Yes,2.0,Medium,Medium,Private,Neutral,2.0,No,High School,Near,Male,70,Alto
16.0,69.0,High,Medium,Yes,10.0,82.0,Medium,Yes,0.0,Low,Medium,Public,Negative,1.0,Yes,High School,Near,Male,62,Bajo
19.0,96.0,Low,Low,Yes,5.0,70.0,High,Yes,0.0,Low,Medium,Public,Positive,2.0,No,High School,Near,Male,66,Bajo
17.0,72.0,Low,Medium,Yes,5.0,66.0,Medium,Yes,2.0,High,Medium,Public,Negative,3.0,No,High School,Near,Male,65,Bajo
8.0,99.0,Low,High,Yes,6.0,83.0,High,Yes,2.0,Medium,Medium,Public,Positive,4.0,Yes,High School,Near,Male,70,Alto
24.0,71.0,High,High,Yes,10.0,93.0,Low,Yes,2.0,Medium,Medium,Private,Positive,2.0,Yes,High School,Near,Female,69,Medio
14.0,98.0,Medium,Medium,Yes,7.0,84.0,Low,Yes,3.0,High,Medium,Public,Neutral,3.0,No,High School,Near,Female,70,Alto
21.0,62.0,High,High,No,8.0,73.0,Medium,Yes,2.0,High,Medium,Private,Negative,2.0,No,High School,Near,Female,66,Bajo
32.0,88.0,Medium,Low,Yes,7.0,83.0,Low,Yes,1.0,Low,Medium,Private,Positive,4.0,No,High School,Near,Male,73,Alto
14.0,81.0,High,Medium,No,4.0,85.0,Low,Yes,3.0,Medium,Medium,Public,Positive,4.0,No,High School,Near,Female,69,Medio
5.0,79.0,High,High,Yes,9.0,89.0,Low,Yes,3.0,Medium,Medium,Private,Neutral,3.0,No,High School,Near,Female,66,Bajo
18.0,69.0,High,Medium,Yes,8.0,65.0,Medium,Yes,4.0,Medium,Medium,Public,Neutral,4.0,No,High School,Near,Male,65,Bajo
27.0,88.0,Medium,Low,No,7.0,56.0,High,Yes,2.0,Low,Medium,Public,Neutral,4.0,No,High School,Near,Female,70,Alto
32.0,68.0,High,High,No,10.0,84.0,Medium,Yes,0.0,Medium,Medium,Private,Positive,2.0,No,High School,Near,Male,70,Alto
13.0,82.0,High,Medium,No,6.0,56.0,High,Yes,2.0,Low,Medium,Public,Neutral,4.0,No,High School,Near,Male,67,Medio
23.0,70.0,Medium,High,Yes,7.0,73.0,High,Yes,1.0,Low,Medium,Private,Positive,3.0,No,High School,Near,Male,68,Medio
17.0,98.0,Medium,Low,Yes,6.0,62.0,Low,Yes,1.0,Medium,Medium,Private,Neutral,2.0,No,High School,Near,Female,68,Medio
19.0,61.0,High,Medium,No,9.0,67.0,Medium,Yes,0.0,Low,Medium,Public,Negative,2.0,No,High School,Near,Female,61,Bajo
36.0,68.0,Medium,Medium,Yes,8.0,74.0,High,Yes,2.0,Medium,Medium,Public,Negative,3.0,No,High School,Near,Male,70,Alto
11.0,70.0,High,High,No,7.0,95.0,High,Yes,0.0,Low,Medium,Public,Negative,5.0,No,High School,Near,Male,65,Bajo
22.0,77.0,Low,Medium,Yes,5.0,84.0,Medium,No,3.0,High,Medium,Public,Positive,2.0,No,High School,Near,Male,66,Bajo
23.0,69.0,Medium,Medium,Yes,6.0,59.0,Medium,Yes,3.0,High,Medium,Public,Neutral,3.0,No,High School,Near,Male,67,Medio
27.0,80.0,Low,Low,Yes,5.0,94.0,High,Yes,3.0,High,Medium,Public,Negative,3.0,No,High School,Near,Male,69,Medio
21.0,95.0,Medium,High,No,9.0,75.0,Medium,Yes,1.0,Low,Medium,Public,Neutral,2.0,No,High School,Near,Male,69,Medio
22.0,88.0,Medium,Medium,Yes,5.0,60.0,Low,Yes,1.0,Low,Medium,Public,Neutral,2.0,No,High School,Near,Male,67,Medio
18.0,83.0,High,Low,No,9.0,76.0,Medium,Yes,0.0,Medium,Medium,Private,Neutral,4.0,No,High School,Near,Female,66,Bajo
22.0,64.0,Low,Medium,Yes,9.0,60.0,Medium,Yes,1.0,High,Medium,Private,Neutral,2.0,No,High School,Near,Male,63,Bajo
18.0,88.0,High,Medium,No,6.0,68.0,Low,Yes,0.0,Medium,Medium,Public,Neutral,4.0,No,High School,Near,Female,67,Medio
24.0,67.0,High,Low,Yes,6.0,90.0,Medium,Yes,0.0,Low,Medium,Public,Neutral,1.0,No,High School,Near,Male,64,Bajo
18.0,91.0,Medium,Low,No,6.0,83.0,Medium,Yes,2.0,Low,Medium,Private,Neutral,4.0,No,High School,Near,Male,68,Medio
22.0,70.0,Medium,High,Yes,8.0,74.0,Low,Yes,2.0,Low,Medium,Public,Negative,2.0,No,High School,Near,Male,65,Bajo
20.0,77.0,Medium,Low,No,9.0,61.0,Medium,Yes,2.0,Medium,Medium,Public,Neutral,3.0,No,High School,Near,Male,65,Bajo
27.0,74.0,Medium,Low,Yes,9.0,64.0,High,No,1.0,Low,Medium,Public,Neutral,3.0,No,High School,Near,Male,65,Bajo
20.0,94.0,Low,Medium,Yes,6.0,99.0,Medium,Yes,0.0,Medium,Medium,Public,Negative,4.0,No,High School,Near,Female,70,Alto
9.0,65.0,Medium,High,Yes,9.0,67.0,Medium,Yes,1.0,High,Medium,Public,Neutral,3.0,No,High School,Near,Female,62,Bajo
28.0,83.0,High,Low,No,9.0,81.0,Medium,Yes,0.0,Low,Medium,Public,Neutral,4.0,No,High School,Near,Male,68,Medio
15.0,66.0,Low,High,Yes,7.0,75.0,Low,Yes,0.0,High,Medium,Public,Negative,3.0,No,High School,Near,Male,62,Bajo
16.0,88.0,Medium,High,Yes,7.0,51.0,Medium,Yes,0.0,Medium,Medium,Public,Positive,3.0,No,High School,Near,Female,68,Medio
16.0,96.0,High,Medium,Yes,9.0,97.0,Medium,Yes,0.0,Medium,Medium,Private,Neutral,5.0,No,High School,Near,Male,72,Alto
28.0,77.0,High,Medium,Yes,9.0,54.0,Low,Yes,1.0,High,Medium,Public,Positive,3.0,No,High School,Near,Female,70,Alto
7.0,80.0,High,Medium,No,9.0,83.0,Low,No,3.0,Medium,Medium,Public,Neutral,3.0,No,High School,Near,Female,62,Bajo
39.0,97.0,High,High,Yes,10.0,91.0,Medium,Yes,2.0,Low,Medium,Public,Positive,3.0,No,High School,Near,Female,79,Alto
26.0,81.0,Medium,High,Yes,8.0,87.0,Medium,Yes,2.0,High,Medium,Public,Neutral,1.0,No,High School,Near,Male,73,Alto
21.0,80.0,High,High,Yes,7.0,90.0,High,Yes,1.0,Low,Medium,Public,Negative,2.0,No,High School,Near,Male,68,Medio
20.0,83.0,High,Medium,Yes,9.0,87.0,Low,Yes,0.0,High,Medium,Public,Neutral,2.0,No,High School,Near,Male,68,Medio
22.0,88.0,Medium,Medium,Yes,10.0,72.0,Medium,Yes,2.0,Low,Medium,Public,Neutral,2.0,No,High School,Near,Female,69,Medio
23.0,64.0,Medium,Low,Yes,6.0,95.0,High,Yes,1.0,Low,Medium,Public,Positive,2.0,Yes,High School,Near,Female,63,Bajo
24.0,93.0,Medium,Medium,Yes,7.0,96.0,Medium,No,5.0,High,Medium,Public,Negative,4.0,No,High School,Near,Female,74,Alto
23.0,77.0,Medium,Medium,Yes,5.0,72.0,Medium,Yes,2.0,High,Medium,Public,Negative,5.0,No,High School,Near,Female,69,Medio
21.0,63.0,Medium,Low,No,8.0,74.0,Medium,Yes,0.0,Low,Medium,Public,Negative,3.0,No,High School,Near,Female,61,Bajo
19.0,91.0,Medium,Low,Yes,8.0,74.0,Low,Yes,4.0,Medium,Medium,Public,Neutral,2.0,Yes,High School,Near,Female,69,Medio
19.0,75.0,Medium,Low,No,6.0,64.0,High,Yes,2.0,Low,Medium,Public,Neutral,3.0,No,High School,Near,Female,64,Bajo
19.0,64.0,Medium,Medium,Yes,9.0,56.0,Low,Yes,2.0,Low,Medium,Public,Positive,4.0,No,High School,Near,Female,63,Bajo
27.0,85.0,Low,High,No,6.0,63.0,Low,Yes,1.0,Low,Medium,Public,Negative,2.0,No,High School,Near,Male,68,Medio
24.0,95.0,High,Medium,Yes,6.0,92.0,Medium,Yes,2.0,Low,Medium,Public,Neutral,3.0,No,High School,Near,Male,72,Alto
2.0,96.0,Low,High,Yes,9.0,77.0,Medium,Yes,3.0,Medium,Medium,Public,Neutral,2.0,No,High School,Near,Female,65,Bajo
24.0,98.0,Low,Low,No,6.0,93.0,Low,No,2.0,Low,Medium,Public,Positive,4.0,No,High School,Near,Male,69,Medio
21.0,95.0,Medium,Low,No,5.0,87.0,Low,Yes,2.0,Medium,Medium,Private,Neutral,4.0,No,High School,Near,Male,70,Alto
20.0,60.0,Medium,Medium,Yes,8.0,67.0,Low,Yes,1.0,Medium,Medium,Public,Neutral,4.0,No,High School,Near,Female,63,Bajo
18.0,75.0,Low,Medium,Yes,7.0,59.0,Low,Yes,0.0,Medium,Medium,Public,Positive,2.0,Yes,High School,Near,Female,62,Bajo
27.0,93.0,Medium,Medium,Yes,9.0,78.0,Low,Yes,1.0,Low,Medium,Public,Positive,2.0,No,High School,Near,Female,72,Alto
26.0,75.0,High,High,No,8.0,97.0,Medium,Yes,1.0,Low,Medium,Public,Neutral,4.0,No,High School,Near,Male,69,Medio
15.0,84.0,Medium,Medium,No,4.0,92.0,Low,Yes,2.0,Medium,Medium,Public,Negative,3.0,No,High School,Near,Female,66,Bajo
22.0,84.0,Medium,Medium,Yes,9.0,88.0,Medium,Yes,2.0,Low,Medium,Private,Neutral,4.0,No,High School,Near,Male,71,Alto
14.0,75.0,Low,Low,No,10.0,88.0,Medium,Yes,2.0,Low,Medium,Private,Negative,3.0,No,High School,Near,Female,62,Bajo
12.0,96.0,Medium,Low,Yes,9.0,76.0,Medium,Yes,2.0,Medium,Medium,Public,Positive,2.0,No,High School,Near,Male,68,Medio
16.0,80.0,High,Low,No,9.0,58.0,Low,Yes,0.0,Medium,Medium,Public,Neutral,2.0,No,High School,Near,Female,63,Bajo
25.0,79.0,Medium,Medium,Yes,7.0,64.0,Medium,Yes,0.0,Low,Medium,Public,Neutral,3.0,No,High School,Near,Female,66,Bajo
26.0,100.0,High,Medium,Yes,6.0,79.0,High,Yes,1.0,Medium,Medium,Public,Positive,3.0,No,High School,Near,Male,75,Alto
23.0,80.0,Medium,Low,Yes,7.0,66.0,High,Yes,1.0,High,Medium,Private,Positive,4.0,No,High School,Near,Female,69,Medio
24.0,67.0,High,Medium,No,8.0,89.0,Medium,Yes,2.0,High,Medium,Private,Positive,3.0,No,High School,Near,Female,68,Medio
23.0,81.0,High,Medium,No,8.0,69.0,Medium,Yes,5.0,Medium,Medium,Public,Negative,2.0,No,High School,Near,Male,69,Medio
16.0,93.0,High,Low,No,6.0,56.0,Medium,Yes,2.0,Low,Medium,Public,Positive,4.0,No,High School,Near,Male,67,Medio
23.0,91.0,High,Medium,Yes,6.0,89.0,Medium,Yes,3.0,Medium,Medium,Private,Negative,3.0,No,High School,Near,Male,73,Alto
25.0,92.0,Medium,High,Yes,5.0,85.0,Low,Yes,1.0,Low,Medium,Public,Negative,1.0,No,High School,Near,Male,71,Alto
25.0,88.0,High,Medium,Yes,8.0,63.0,Medium,Yes,2.0,High,Medium,Public,Positive,3.0,No,High School,Near,Female,71,Alto
27.0,70.0,Medium,Medium,No,6.0,99.0,High,Yes,2.0,Low,Medium,Private,Neutral,2.0,No,High School,Near,Female,68,Medio
24.0,94.0,High,Low,No,7.0,70.0,Medium,Yes,1.0,High,Medium,Public,Neutral,1.0,No,High School,Near,Male,70,Alto
22.0,96.0,Low,High,Yes,10.0,84.0,Low,Yes,1.0,High,Medium,Public,Negative,3.0,No,High School,Near,Male,71,Alto
26.0,68.0,Medium,High,No,8.0,96.0,High,Yes,1.0,Medium,Medium,Public,Neutral,2.0,No,High School,Near,Male,69,Medio
20.0,65.0,High,Medium,No,7.0,58.0,Medium,No,3.0,Low,Medium,Private,Neutral,4.0,No,High School,Near,Male,63,Bajo
15.0,99.0,Low,Medium,Yes,8.0,94.0,Medium,Yes,2.0,Medium,Medium,Private,Neutral,3.0,No,High School,Near,Male,71,Alto
19.0,95.0,Medium,Medium,Yes,9.0,85.0,Medium,No,2.0,Low,Medium,Public,Negative,3.0,No,High School,Near,Male,69,Medio
16.0,96.0,High,Medium,Yes,5.0,58.0,Medium,Yes,2.0,High,Medium,Public,Positive,5.0,No,High School,Near,Male,71,Alto
16.0,95.0,Medium,Low,No,6.0,83.0,Low,Yes,2.0,Low,Medium,Private,Neutral,3.0,No,High School,Near,Female,68,Medio
19.0,82.0,Medium,Medium,No,7.0,94.0,Medium,Yes,1.0,Medium,Medium,Public,Positive,3.0,No,High School,Near,Female,68,Medio
15.0,86.0,Medium,Low,No,6.0,90.0,Medium,Yes,0.0,Medium,Medium,Public,Neutral,3.0,No,High School,Near,Male,66,Bajo
18.0,82.0,Medium,Medium,No,7.0,88.0,Medium,Yes,3.0,Low,Medium,Public,Negative,3.0,No,High School,Near,Female,67,Medio
9.0,62.0,Low,High,Yes,5.0,58.0,Low,Yes,0.0,Medium,Medium,Private,Positive,5.0,No,High School,Near,Female,59,Bajo
21.0,90.0,Low,Medium,No,8.0,60.0,Medium,Yes,1.0,Low,Medium,Public,Negative,2.0,No,High School,Near,Female,66,Bajo
20.0,80.0,Low,Low,No,6.0,77.0,Low,Yes,0.0,Medium,Medium,Private,Negative,3.0,No,High School,Near,Male,64,Bajo
15.0,86.0,Medium,Medium,No,7.0,79.0,Medium,Yes,1.0,Low,Medium,Public,Neutral,3.0,Yes,High School,Near,Female,64,Bajo
24.0,80.0,Medium,High,Yes,7.0,97.0,Medium,Yes,0.0,Low,Medium,Private,Neutral,4.0,No,High School,Near,Female,69,Medio
26.0,80.0,High,Low,No,8.0,73.0,High,Yes,1.0,Medium,Medium,Public,Neutral,3.0,No,High School,Near,Male,69,Medio
10.0,67.0,Medium,Medium,No,4.0,65.0,Medium,No,3.0,Medium,Medium,Public,Positive,3.0,No,High School,Near,Male,61,Bajo
15.0,71.0,High,High,No,8.0,60.0,Medium,Yes,0.0,Low,Medium,Private,Negative,3.0,No,High School,Near,Female,62,Bajo
15.0,66.0,Low,Medium,No,7.0,53.0,Medium,Yes,2.0,Medium,Medium,Public,Negative,3.0,No,High School,Near,Female,61,Bajo
14.0,68.0,Medium,Medium,Yes,8.0,53.0,High,Yes,1.0,Medium,Medium,Private,Positive,2.0,No,High School,Near,Female,63,Bajo
25.0,99.0,Medium,Low,No,5.0,79.0,Low,Yes,2.0,Low,Medium,Public,Positive,4.0,No,High School,Near,Female,71,Alto
19.0,66.0,High,High,Yes,8.0,59.0,Medium,Yes,1.0,Medium,Medium,Public,Positive,2.0,No,High School,Near,Female,65,Bajo
18.0,71.0,High,High,Yes,9.0,93.0,Medium,Yes,1.0,Low,Medium,Private,Neutral,4.0,No,High School,Near,Male,68,Medio
8.0,84.0,High,High,No,7.0,80.0,Medium,Yes,1.0,High,Medium,Public,Positive,4.0,No,High School,Near,Male,67,Medio
24.0,84.0,Low,High,Yes,6.0,93.0,High,Yes,2.0,Low,Medium,Public,Neutral,1.0,No,High School,Near,Female,70,Alto
13.0,66.0,High,Medium,Yes,6.0,71.0,Medium,Yes,3.0,Medium,Medium,Public,Neutral,3.0,No,High School,Near,Male,64,Bajo
20.0,92.0,Medium,High,No,8.0,80.0,High,Yes,0.0,Medium,Medium,Private,Neutral,3.0,No,High School,Near,Male,71,Alto
22.0,91.0,High,Medium,Yes,8.0,76.0,Low,Yes,2.0,Medium,Medium,Public,Neutral,3.0,No,High School,Near,Female,71,Alto
28.0,69.0,Medium,High,No,8.0,99.0,Low,Yes,0.0,High,Medium,Private,Negative,3.0,No,High School,Near,Female,67,Medio
12.0,72.0,Medium,Low,Yes,7.0,90.0,Medium,Yes,0.0,High,Medium,Public,Positive,3.0,No,High School,Near,Male,63,Bajo
2.0,98.0,Low,High,Yes,7.0,80.0,High,Yes,2.0,Low,Medium,Public,Neutral,1.0,No,High School,Near,Male,66,Bajo
21.0,93.0,Medium,Low,Yes,7.0,80.0,Medium,Yes,3.0,High,Medium,Public,Neutral,1.0,No,High School,Near,Male,70,Alto
31.0,88.0,Medium,Low,No,6.0,62.0,Medium,Yes,2.0,Low,Medium,Private,Positive,4.0,No,High School,Near,Male,70,Alto
27.0,63.0,Low,Medium,Yes,8.0,87.0,Medium,Yes,3.0,Low,Medium,Private,Positive,3.0,No,High School,Near,Female,67,Medio
21.0,77.0,Low,Medium,No,7.0,99.0,High,Yes,3.0,Medium,Medium,Public,Neutral,3.0,No,High School,Near,Male,69,Medio
17.0,82.0,High,Low,No,9.0,56.0,Low,Yes,3.0,High,Medium,Public,Positive,2.0,No,High School,Near,Female,66,Bajo
25.0,67.0,Medium,High,No,9.0,82.0,Medium,Yes,1.0,Medium,Medium,Public,Positive,3.0,No,High School,Near,Female,67,Medio
14.0,78.0,High,Medium,Yes,7.0,76.0,Medium,Yes,0.0,High,Medium,Public,Negative,2.0,Yes,High School,Near,Female,65,Bajo
23.0,84.0,High,High,Yes,8.0,93.0,Medium,Yes,1.0,High,Medium,Public,Positive,3.0,No,High School,Near,Male,72,Alto
23.0,73.0,High,High,No,6.0,50.0,Medium,Yes,1.0,Medium,Medium,Public,Positive,3.0,No,High School,Near,Male,68,Medio
26.0,91.0,High,Medium,Yes,7.0,57.0,Low,Yes,3.0,Medium,Medium,Public,Negative,3.0,No,High School,Near,Male,72,Alto
37.0,94.0,High,Medium,Yes,8.0,52.0,High,Yes,1.0,Low,Medium,Private,Positive,3.0,No,High School,Near,Male,76,Alto
22.0,73.0,Medium,Low,Yes,5.0,58.0,Medium,Yes,4.0,Low,Medium,Public,Positive,3.0,Yes,High School,Near,Female,65,Bajo
17.0,94.0,Low,Medium,No,8.0,85.0,Medium,Yes,1.0,Medium,Medium,Public,Positive,4.0,No,High School,Near,Male,68,Medio
20.0,64.0,Medium,Medium,Yes,6.0,57.0,Medium,Yes,3.0,Low,Medium,Public,Neutral,4.0,No,High School,Near,Female,65,Bajo
9.0,94.0,Medium,Medium,Yes,6.0,81.0,Low,Yes,0.0,Low,Medium,Public,Positive,3.0,No,High School,Near,Male,66,Bajo
16.0,66.0,Low,Medium,No,6.0,93.0,Medium,Yes,7.0,Low,Medium,Public,Negative,2.0,No,High School,Near,Male,63,Bajo
18.0,63.0,Medium,Low,No,7.0,52.0,Medium,Yes,2.0,High,Medium,Public,Positive,3.0,No,High School,Near,Female,63,Bajo
17.0,86.0,Medium,Medium,Yes,5.0,51.0,Medium,Yes,2.0,Low,Medium,Private,Neutral,2.0,No,High School,Near,Male,66,Bajo
21.0,79.0,High,Low,Yes,8.0,99.0,Medium,Yes,2.0,Low,Medium,Public,Positive,4.0,No,High School,Near,Male,69,Medio
15.0,96.0,Medium,High,Yes,7.0,84.0,High,Yes,3.0,Medium,Medium,Public,Positive,1.0,No,High School,Near,Male,72,Alto
27.0,75.0,Medium,Low,Yes,10.0,57.0,Medium,Yes,3.0,High,Medium,Public,Negative,3.0,No,High School,Near,Male,66,Bajo
20.0,71.0,Medium,Medium,Yes,7.0,65.0,Medium,No,2.0,Medium,Medium,Public,Negative,4.0,No,High School,Near,Female,64,Bajo
20.0,80.0,Medium,Low,Yes,8.0,99.0,Low,Yes,0.0,Low,Medium,Private,Positive,3.0,No,High School,Near,Male,67,Medio
18.0,78.0,High,High,Yes,6.0,61.0,Low,Yes,1.0,Low,Medium,Private,Positive,5.0,No,High School,Near,Male,67,Medio
21.0,74.0,Low,Medium,Yes,5.0,88.0,Medium,Yes,1.0,Medium,Medium,Public,Neutral,1.0,No,High School,Near,Male,66,Bajo
25.0,88.0,Medium,Low,Yes,8.0,62.0,Low,Yes,2.0,Low,Medium,Public,Neutral,2.0,No,High School,Near,Female,68,Medio
15.0,90.0,Medium,Medium,No,5.0,70.0,Medium,Yes,0.0,Medium,Medium,Private,Neutral,2.0,No,High School,Near,Male,65,Bajo
16.0,94.0,Medium,High,Yes,8.0,94.0,High,Yes,2.0,Low,Medium,Private,Negative,3.0,No,High School,Near,Male,71,Alto
18.0,99.0,Medium,High,Yes,10.0,51.0,Medium,Yes,1.0,Medium,Medium,Public,Neutral,4.0,No,High School,Near,Male,71,Alto
12.0,71.0,Medium,Medium,Yes,8.0,65.0,Medium,Yes,1.0,Medium,Medium,Private,Neutral,2.0,No,High School,Near,Male,62,Bajo
15.0,89.0,Medium,High,Yes,8.0,74.0,Low,Yes,2.0,Medium,Medium,Public,Positive,2.0,No,High School,Near,Male,69,Medio
17.0,76.0,Medium,Low,No,7.0,81.0,Low,Yes,4.0,High,Medium,Private,Neutral,2.0,No,High School,Near,Male,65,Bajo
25.0,87.0,High,Low,No,6.0,51.0,Low,Yes,3.0,Medium,Medium,Public,Neutral,3.0,No,High School,Near,Male,70,Alto
22.0,79.0,Medium,Medium,Yes,7.0,71.0,Medium,Yes,2.0,Low,Medium,Private,Neutral,2.0,No,High School,Near,Male,66,Bajo
21.0,100.0,Medium,Medium,No,6.0,67.0,Medium,Yes,0.0,High,Medium,Public,Positive,3.0,No,High School,Near,Male,70,Alto
25.0,89.0,Medium,High,No,5.0,51.0,Low,Yes,2.0,Medium,Medium,Private,Negative,2.0,No,High School,Near,Female,70,Alto
19.0,98.0,Low,High,Yes,7.0,68.0,Medium,Yes,1.0,Low,Medium,Private,Neutral,4.0,No,High School,Near,Female,69,Medio
22.0,93.0,High,Low,Yes,9.0,97.0,Medium,Yes,2.0,Medium,Medium,Public,Neutral,3.0,Yes,High School,Near,Male,71,Alto
19.0,96.0,Medium,Medium,No,5.0,64.0,Medium,Yes,1.0,Medium,Medium,Public,Neutral,3.0,No,High School,Near,Male,69,Medio
22.0,93.0,High,Medium,No,9.0,79.0,Medium,Yes,2.0,Medium,Medium,Public,Positive,2.0,No,High School,Near,Female,73,Alto
17.0,78.0,Medium,Medium,Yes,9.0,65.0,Low,Yes,1.0,Medium,Medium,Public,Neutral,4.0,No,High School,Near,Female,65,Bajo
5.0,70.0,High,High,Yes,8.0,55.0,Medium,Yes,3.0,Low,Medium,Public,Neutral,3.0,No,High School,Near,Male,62,Bajo
19.0,75.0,Medium,High,No,8.0,64.0,Medium,Yes,2.0,High,Medium,Public,Negative,5.0,No,High School,Near,Female,67,Medio
29.0,61.0,Low,Medium,Yes,7.0,74.0,High,Yes,1.0,Medium,Medium,Public,Neutral,3.0,No,High School,Near,Male,65,Bajo
26.0,81.0,Low,Medium,No,7.0,65.0,Low,Yes,1.0,Medium,Medium,Public,Neutral,3.0,No,High School,Near,Male,65,Bajo
26.0,80.0,Medium,High,Yes,6.0,81.0,Medium,Yes,0.0,Medium,Medium,Public,Neutral,2.0,No,High School,Near,Female,70,Alto
27.0,81.0,Medium,Medium,Yes,7.0,97.0,Low,Yes,1.0,Medium,Medium,Public,Neutral,2.0,No,High School,Near,Female,70,Alto
21.0,99.0,Medium,High,Yes,7.0,53.0,Medium,Yes,0.0,Medium,Medium,Public,Neutral,4.0,No,High School,Near,Female,71,Alto
21.0,96.0,High,Low,No,10.0,86.0,Low,Yes,1.0,Low,Medium,Public,Neutral,3.0,No,High School,Near,Male,71,Alto
16.0,66.0,Medium,Medium,Yes,8.0,50.0,Low,Yes,1.0,Medium,Medium,Public,Neutral,4.0,No,High School,Near,Male,62,Bajo
18.0,75.0,Medium,Low,No,7.0,50.0,Medium,Yes,4.0,Low,Medium,Public,Positive,2.0,No,High School,Near,Female,65,Bajo
24.0,77.0,High,Medium,Yes,7.0,57.0,Medium,Yes,3.0,Medium,Medium,Public,Positive,2.0,No,High School,Near,Male,84,Alto
27.0,74.0,Medium,Medium,Yes,6.0,74.0,Medium,Yes,2.0,Medium,Medium,Public,Neutral,2.0,No,High School,Near,Male,68,Medio
19.0,92.0,High,Medium,Yes,6.0,52.0,Medium,Yes,3.0,High,Medium,Public,Positive,1.0,No,High School,Near,Male,70,Alto
17.0,81.0,Medium,High,No,8.0,86.0,Medium,Yes,1.0,Medium,Medium,Private,Neutral,3.0,No,High School,Near,Male,68,Medio
20.0,83.0,Medium,Medium,No,6.0,51.0,Medium,Yes,2.0,Low,Medium,Public,Negative,4.0,No,High School,Near,Male,67,Medio
24.0,94.0,Low,Medium,Yes,6.0,75.0,Low,Yes,1.0,Low,Medium,Public,Negative,4.0,No,High School,Near,Female,69,Medio
11.0,92.0,High,High,Yes,6.0,84.0,Medium,Yes,2.0,Low,Medium,Public,Negative,1.0,No,High School,Near,Female,68,Medio
6.0,65.0,High,High,No,6.0,62.0,Medium,No,3.0,Low,Medium,Public,Neutral,1.0,No,High School,Near,Male,59,Bajo
17.0,89.0,High,Low,Yes,9.0,79.0,Medium,No,0.0,Medium,Medium,Public,Positive,2.0,No,High School,Near,Female,67,Medio
13.0,77.0,Medium,High,Yes,7.0,63.0,Low,Yes,0.0,High,Medium,Public,Positive,1.0,No,High School,Near,Male,63,Bajo
17.0,72.0,High,High,Yes,7.0,61.0,Low,Yes,1.0,Medium,Medium,Public,Negative,4.0,No,High School,Near,Female,65,Bajo
19.0,62.0,Medium,Medium,No,7.0,91.0,Low,Yes,1.0,Low,Medium,Public,Positive,3.0,No,High School,Near,Male,63,Bajo
17.0,79.0,Medium,Medium,No,7.0,67.0,Low,Yes,1.0,Low,Medium,Private,Positive,3.0,No,High School,Near,Female,64,Bajo
29.0,74.0,High,Medium,Yes,6.0,91.0,High,Yes,3.0,Low,Medium,Public,Positive,4.0,No,High School,Near,Female,72,Alto
22.0,70.0,Low,Medium,Yes,5.0,61.0,High,Yes,1.0,Low,Medium,Public,Negative,3.0,No,High School,Near,Male,63,Bajo
22.0,88.0,Medium,Medium,No,9.0,68.0,Medium,No,2.0,Medium,Medium,Public,Neutral,2.0,Yes,High School,Near,Male,66,Bajo
24.0,91.0,Medium,Medium,Yes,8.0,55.0,Low,Yes,0.0,Medium,Medium,Private,Neutral,2.0,No,High School,Near,Female,67,Medio
13.0,70.0,High,High,Yes,8.0,75.0,High,Yes,1.0,High,Medium,Public,Positive,2.0,Yes,High School,Near,Male,66,Bajo
26.0,62.0,Medium,Medium,Yes,8.0,69.0,Medium,Yes,2.0,Medium,Medium,Public,Positive,3.0,No,High School,Near,Female,66,Bajo
20.0,94.0,Medium,Medium,Yes,10.0,50.0,Low,Yes,1.0,Low,Medium,Private,Negative,4.0,Yes,High School,Near,Female,68,Medio
24.0,60.0,High,High,No,6.0,73.0,Medium,Yes,1.0,Low,Medium,Private,Positive,5.0,No,High School,Near,Male,66,Bajo
14.0,97.0,Medium,Medium,Yes,5.0,54.0,Medium,Yes,3.0,Medium,Medium,Public,Negative,2.0,No,High School,Near,Female,68,Medio
11.0,85.0,Medium,Medium,Yes,8.0,92.0,Low,Yes,2.0,Medium,Medium,Public,Negative,4.0,No,High School,Near,Female,65,Bajo
25.0,73.0,Medium,Medium,Yes,5.0,75.0,Low,Yes,0.0,Medium,Medium,Private,Positive,2.0,No,High School,Near,Female,67,Medio
22.0,70.0,High,Low,No,7.0,85.0,Medium,Yes,0.0,High,Medium,Private,Negative,3.0,No,High School,Near,Male,64,Bajo
15.0,60.0,Low,High,No,7.0,91.0,Low,Yes,0.0,Low,Medium,Private,Negative,2.0,No,High School,Near,Male,59,Bajo
15.0,69.0,Medium,Medium,Yes,8.0,53.0,Low,No,0.0,High,Medium,Private,Negative,3.0,No,High School,Near,Male,60,Bajo
27.0,66.0,Low,High,No,6.0,67.0,Low,Yes,1.0,High,Medium,Public,Negative,4.0,No,High School,Near,Female,65,Bajo
13.0,84.0,Medium,Medium,Yes,9.0,51.0,High,Yes,0.0,Low,Medium,Public,Negative,4.0,No,High School,Near,Female,64,Bajo
30.0,67.0,Medium,High,No,6.0,52.0,Medium,Yes,1.0,Low,Medium,Public,Neutral,1.0,No,High School,Near,Female,66,Bajo
15.0,81.0,Medium,Medium,Yes,8.0,52.0,Medium,Yes,0.0,Medium,Medium,Public,Neutral,2.0,No,High School,Near,Male,65,Bajo
24.0,84.0,Medium,Medium,Yes,6.0,74.0,Medium,Yes,2.0,Medium,Medium,Public,Positive,2.0,No,High School,Near,Male,69,Medio
18.0,72.0,High,High,Yes,8.0,73.0,Medium,Yes,0.0,Medium,Medium,Private,Positive,4.0,Yes,High School,Near,Female,66,Bajo
24.0,61.0,High,Medium,Yes,5.0,53.0,Medium,Yes,1.0,Low,Medium,Private,Neutral,5.0,No,High School,Near,Female,65,Bajo
17.0,61.0,High,Medium,No,7.0,63.0,Low,Yes,1.0,Medium,Medium,Public,Positive,4.0,No,High School,Near,Female,62,Bajo
19.0,61.0,Medium,Low,No,9.0,62.0,Medium,Yes,2.0,Medium,Medium,Public,Neutral,2.0,No,High School,Near,Female,60,Bajo
20.0,90.0,Low,Medium,No,7.0,65.0,Low,No,4.0,Low,Medium,Public,Positive,4.0,No,High School,Near,Female,68,Medio
14.0,73.0,Medium,High,Yes,9.0,82.0,Medium,Yes,1.0,Medium,Medium,Public,Negative,3.0,No,High School,Near,Female,64,Bajo
24.0,92.0,High,High,No,7.0,85.0,High,Yes,0.0,Medium,Medium,Public,Positive,3.0,No,High School,Near,Female,73,Alto
17.0,77.0,Medium,Medium,Yes,6.0,67.0,Low,Yes,1.0,Low,Medium,Public,Positive,1.0,No,High School,Near,Male,64,Bajo
19.0,78.0,High,High,No,7.0,89.0,Medium,Yes,2.0,Medium,Medium,Public,Neutral,4.0,No,High School,Near,Female,69,Medio
14.0,81.0,Low,Medium,No,8.0,71.0,Low,Yes,1.0,Low,Medium,Public,Neutral,3.0,Yes,High School,Near,Female,63,Bajo
5.0,89.0,Medium,Medium,Yes,4.0,76.0,High,Yes,2.0,Medium,Medium,Public,Neutral,3.0,No,High School,Near,Male,65,Bajo
19.0,71.0,Medium,Medium,No,8.0,57.0,Medium,Yes,2.0,Medium,Medium,Public,Positive,4.0,No,High School,Near,Male,65,Bajo
34.0,65.0,Medium,Medium,Yes,6.0,62.0,High,Yes,0.0,Medium,Medium,Public,Negative,3.0,No,High School,Near,Male,67,Medio
25.0,82.0,Medium,Medium,Yes,5.0,86.0,Medium,No,0.0,Low,Medium,Public,Positive,4.0,No,High School,Near,Male,67,Medio
20.0,73.0,Medium,Medium,No,8.0,99.0,Low,Yes,1.0,Medium,Medium,Private,Positive,3.0,No,High School,Near,Male,66,Bajo
18.0,78.0,Medium,High,Yes,9.0,85.0,High,Yes,1.0,Low,Medium,Private,Negative,2.0,No,High School,Near,Male,68,Medio
20.0,86.0,Medium,Low,Yes,7.0,53.0,Medium,Yes,1.0,Low,Medium,Public,Negative,2.0,No,High School,Near,Male,65,Bajo
23.0,80.0,Low,Low,Yes,5.0,57.0,Medium,Yes,1.0,Low,Medium,Public,Neutral,4.0,No,High School,Near,Male,66,Bajo
13.0,85.0,High,Low,Yes,6.0,72.0,Medium,Yes,2.0,Low,Medium,Public,Positive,1.0,No,High School,Near,Female,66,Bajo
27.0,82.0,Medium,Medium,Yes,6.0,87.0,Low,No,2.0,Low,Medium,Public,Positive,2.0,No,High School,Near,Male,69,Medio
24.0,90.0,Medium,Medium,No,7.0,58.0,Medium,Yes,2.0,Low,Medium,Private,Neutral,2.0,No,High School,Near,Male,70,Alto
24.0,88.0,Medium,Low,Yes,7.0,88.0,Medium,Yes,2.0,Medium,Medium,Private,Neutral,2.0,No,High School,Near,Male,71,Alto
23.0,81.0,High,Medium,No,8.0,78.0,High,Yes,4.0,Low,Medium,Public,Positive,3.0,No,High School,Near,Male,70,Alto
20.0,87.0,Medium,Medium,No,8.0,89.0,Low,Yes,2.0,Medium,Medium,Public,Neutral,3.0,No,High School,Near,Male,68,Medio
24.0,95.0,High,High,Yes,8.0,78.0,Medium,Yes,2.0,Low,Medium,Public,Negative,2.0,No,High School,Near,Female,73,Alto
24.0,77.0,Medium,High,No,8.0,80.0,High,Yes,1.0,Low,Medium,Public,Positive,2.0,Yes,High School,Near,Female,68,Medio
18.0,77.0,Medium,Medium,Yes,7.0,62.0,Low,Yes,2.0,High,Medium,Private,Neutral,4.0,No,High School,Near,Male,66,Bajo
17.0,91.0,Medium,Low,Yes,10.0,86.0,Low,Yes,1.0,Medium,Medium,Public,Neutral,3.0,Yes,High School,Near,Female,67,Medio
21.0,83.0,Medium,Low,Yes,8.0,92.0,Low,Yes,2.0,Medium,Medium,Private,Negative,4.0,Yes,High School,Near,Male,66,Bajo
29.0,63.0,Medium,High,Yes,8.0,94.0,Medium,Yes,0.0,Medium,Medium,Private,Positive,2.0,No,High School,Near,Female,69,Medio
13.0,96.0,Medium,Medium,No,10.0,51.0,Medium,Yes,1.0,Low,Medium,Public,Positive,3.0,No,High School,Near,Female,67,Medio
11.0,61.0,Medium,Low,Yes,7.0,81.0,High,Yes,5.0,Medium,Medium,Public,Positive,4.0,Yes,High School,Near,Male,61,Bajo
21.0,90.0,Medium,Medium,No,6.0,99.0,Medium,Yes,2.0,Low,Medium,Private,Negative,3.0,No,High School,Near,Female,70,Alto
20.0,90.0,High,High,No,9.0,79.0,Medium,Yes,2.0,Low,Medium,Public,Negative,2.0,No,High School,Near,Female,70,Alto
21.0,98.0,Medium,Medium,Yes,9.0,59.0,High,No,3.0,Medium,Medium,Public,Neutral,3.0,Yes,High School,Near,Female,70,Alto
21.0,62.0,Medium,Medium,No,7.0,94.0,Low,Yes,1.0,Low,Medium,Private,Positive,3.0,No,High School,Near,Female,64,Bajo
19.0,84.0,High,Medium,No,10.0,63.0,Medium,Yes,0.0,Low,Medium,Public,Negative,3.0,No,High School,Near,Female,65,Bajo
29.0,77.0,Medium,Medium,No,7.0,52.0,Medium,Yes,5.0,Low,Medium,Public,Positive,4.0,No,High School,Near,Female,70,Alto
10.0,73.0,Low,High,Yes,8.0,72.0,Low,Yes,1.0,Low,Medium,Public,Positive,2.0,No,High School,Near,Female,62,Bajo
15.0,64.0,High,High,Yes,9.0,55.0,High,Yes,1.0,Medium,Medium,Public,Neutral,3.0,No,High School,Near,Female,64,Bajo
19.0,83.0,Medium,High,Yes,7.0,56.0,Medium,Yes,1.0,Medium,Medium,Private,Positive,3.0,No,High School,Near,Female,67,Medio
10.0,79.0,High,Medium,No,8.0,73.0,High,No,1.0,Low,Medium,Public,Neutral,4.0,No,High School,Near,Female,63,Bajo
19.0,64.0,Low,Medium,Yes,9.0,81.0,High,Yes,0.0,Medium,Medium,Public,Neutral,3.0,Yes,High School,Near,Male,62,Bajo
30.0,84.0,Low,Medium,No,6.0,95.0,Medium,Yes,2.0,High,Medium,Public,Negative,2.0,No,High School,Near,Male,72,Alto
20.0,90.0,Low,Medium,No,6.0,85.0,High,No,3.0,Low,Medium,Private,Neutral,2.0,No,High School,Near,Male,69,Medio
21.0,91.0,Medium,High,Yes,9.0,92.0,Medium,Yes,5.0,Low,Medium,Private,Negative,2.0,No,High School,Near,Male,72,Alto
12.0,96.0,Low,Medium,Yes,7.0,71.0,High,Yes,2.0,Medium,Medium,Private,Positive,2.0,No,High School,Near,Male,68,Medio
16.0,76.0,Low,Medium,No,6.0,66.0,Low,Yes,1.0,Medium,Medium,Private,Neutral,3.0,No,High School,Near,Female,64,Bajo
18.0,98.0,High,High,Yes,7.0,80.0,Low,Yes,3.0,Low,Medium,Private,Neutral,1.0,No,High School,Near,Female,72,Alto
18.0,95.0,High,High,Yes,8.0,85.0,Low,Yes,2.0,Low,Medium,Public,Positive,3.0,No,High School,Near,Female,73,Alto
28.0,72.0,High,Medium,Yes,5.0,78.0,Low,No,5.0,Medium,Medium,Private,Negative,2.0,No,High School,Near,Male,67,Medio
23.0,66.0,High,Low,Yes,8.0,63.0,Medium,Yes,0.0,Low,Medium,Public,Negative,4.0,No,High School,Near,Female,64,Bajo
13.0,77.0,Medium,Medium,Yes,8.0,68.0,Low,Yes,3.0,High,Medium,Private,Neutral,3.0,No,High School,Near,Female,65,Bajo
21.0,76.0,High,High,Yes,9.0,72.0,Low,Yes,1.0,Low,Medium,Public,Neutral,3.0,No,High School,Near,Female,67,Medio
23.0,83.0,Medium,Medium,Yes,7.0,51.0,Low,Yes,3.0,Medium,Medium,Public,Neutral,2.0,No,High School,Near,Male,68,Medio
27.0,83.0,Medium,High,Yes,9.0,94.0,Medium,Yes,2.0,Low,Medium,Public,Positive,2.0,No,High School,Near,Male,72,Alto
29.0,90.0,High,Low,Yes,7.0,76.0,Low,Yes,1.0,Medium,Medium,Public,Positive,3.0,No,High School,Near,Female,71,Alto
14.0,80.0,Medium,Medium,Yes,7.0,88.0,Medium,Yes,1.0,Medium,Medium,Private,Neutral,3.0,No,High School,Near,Male,66,Bajo
15.0,64.0,High,Medium,No,7.0,59.0,Low,Yes,0.0,Low,Medium,Public,Neutral,3.0,Yes,High School,Near,Female,59,Bajo
12.0,94.0,Medium,Medium,Yes,10.0,78.0,Medium,Yes,1.0,Medium,Medium,Public,Neutral,2.0,No,High School,Near,Female,68,Medio
19.0,72.0,Low,High,Yes,5.0,96.0,Low,No,3.0,Low,Medium,Public,Positive,2.0,No,High School,Near,Female,64,Bajo
23.0,99.0,Low,Medium,No,8.0,61.0,Low,Yes,2.0,High,Medium,Private,Positive,3.0,Yes,High School,Near,Female,70,Alto
26.0,65.0,Low,Medium,Yes,7.0,67.0,Medium,Yes,4.0,High,Medium,Private,Negative,3.0,No,High School,Near,Female,65,Bajo
20.0,98.0,High,Medium,Yes,7.0,69.0,High,No,2.0,High,Medium,Public,Negative,2.0,No,High School,Near,Female,72,Alto
18.0,64.0,High,High,No,8.0,69.0,Medium,Yes,3.0,High,Medium,Public,Positive,3.0,No,High School,Near,Male,66,Bajo
21.0,69.0,Medium,Medium,Yes,9.0,80.0,High,Yes,2.0,Medium,Medium,Public,Positive,5.0,No,High School,Near,Male,68,Medio
15.0,62.0,Medium,High,No,8.0,70.0,Medium,Yes,1.0,Low,Medium,Private,Positive,3.0,No,High School,Near,Male,62,Bajo
33.0,88.0,Medium,Low,No,9.0,84.0,Medium,Yes,1.0,Low,Medium,Public,Negative,3.0,No,High School,Near,Male,70,Alto
10.0,94.0,High,Medium,Yes,7.0,74.0,High,Yes,3.0,High,Medium,Public,Positive,3.0,No,High School,Near,Male,70,Alto
21.0,77.0,Medium,Low,Yes,7.0,58.0,Medium,Yes,0.0,Low,Medium,Public,Negative,3.0,No,High School,Near,Male,64,Bajo
32.0,97.0,High,Low,Yes,5.0,97.0,Low,Yes,1.0,Low,Medium,Public,Positive,5.0,No,High School,Near,Female,76,Alto
20.0,84.0,Medium,Medium,Yes,10.0,62.0,High,Yes,1.0,Medium,Medium,Public,Neutral,2.0,No,High School,Near,Male,67,Medio
19.0,85.0,High,High,No,7.0,78.0,Low,Yes,2.0,Low,Medium,Private,Negative,3.0,No,High School,Near,Male,69,Medio
18.0,94.0,Medium,Low,Yes,7.0,53.0,Medium,Yes,4.0,Medium,Medium,Public,Positive,3.0,No,High School,Near,Female,68,Medio
19.0,72.0,Medium,Medium,Yes,8.0,96.0,Low,Yes,1.0,Medium,Medium,Public,Positive,2.0,No,High School,Near,Female,67,Medio
28.0,74.0,Medium,Medium,Yes,9.0,96.0,Low,Yes,0.0,High,Medium,Private,Neutral,3.0,No,High School,Near,Female,69,Medio
7.0,96.0,High,Medium,Yes,6.0,68.0,Medium,Yes,2.0,Low,Medium,Public,Neutral,1.0,No,High School,Near,Female,67,Medio
29.0,96.0,High,High,Yes,9.0,56.0,Low,Yes,0.0,Low,Medium,Private,Neutral,4.0,No,High School,Near,Male,73,Alto
11.0,99.0,Medium,High,Yes,7.0,88.0,High,No,4.0,Medium,Medium,Private,Neutral,3.0,No,High School,Near,Male,71,Alto
18.0,96.0,Medium,Low,No,9.0,63.0,Medium,Yes,4.0,Low,Medium,Private,Neutral,3.0,No,High School,Near,Male,70,Alto
17.0,65.0,High,Medium,Yes,6.0,85.0,Medium,Yes,1.0,Low,Medium,Private,Neutral,3.0,No,High School,Near,Male,65,Bajo
24.0,93.0,High,Medium,Yes,8.0,96.0,Medium,Yes,0.0,Medium,Medium,Public,Positive,1.0,No,High School,Near,Male,73,Alto
10.0,76.0,Medium,Medium,Yes,7.0,80.0,Medium,Yes,1.0,Low,Medium,Public,Positive,4.0,No,High School,Near,Female,65,Bajo
23.0,100.0,Low,Medium,Yes,5.0,93.0,Medium,Yes,4.0,Low,Medium,Private,Neutral,3.0,No,High School,Near,Male,73,Alto
32.0,79.0,Low,High,Yes,5.0,61.0,Medium,Yes,0.0,Low,Medium,Public,Positive,3.0,No,High School,Near,Male,70,Alto
12.0,82.0,High,Medium,Yes,6.0,96.0,High,Yes,0.0,Low,Medium,Private,Positive,4.0,Yes,High School,Near,Male,66,Bajo
21.0,81.0,Low,Medium,Yes,8.0,61.0,High,Yes,3.0,Medium,Medium,Public,Negative,5.0,No,High School,Near,Female,66,Bajo
16.0,73.0,Medium,Medium,Yes,4.0,61.0,Low,Yes,4.0,Low,Medium,Private,Neutral,5.0,No,High School,Near,Male,64,Bajo
23.0,63.0,Medium,Medium,Yes,8.0,94.0,High,Yes,2.0,Medium,Medium,Public,Neutral,5.0,No,High School,Near,Male,68,Medio
20.0,96.0,Medium,Medium,No,7.0,78.0,Medium,Yes,1.0,High,Medium,Public,Neutral,2.0,No,High School,Near,Male,70,Alto
16.0,92.0,Medium,Medium,Yes,4.0,90.0,High,Yes,6.0,High,Medium,Private,Neutral,3.0,No,High School,Near,Male,72,Alto
23.0,66.0,Medium,High,No,6.0,90.0,Medium,Yes,2.0,Low,Medium,Public,Neutral,3.0,No,High School,Near,Male,66,Bajo
31.0,91.0,Medium,Medium,Yes,6.0,82.0,Medium,Yes,2.0,Medium,Medium,Public,Positive,3.0,No,High School,Near,Male,74,Alto
19.0,85.0,High,Medium,No,7.0,59.0,Low,Yes,0.0,Medium,Medium,Private,Negative,4.0,No,High School,Near,Male,67,Medio
24.0,76.0,High,High,Yes,9.0,85.0,Medium,Yes,2.0,Low,Medium,Private,Positive,2.0,No,High School,Near,Female,71,Alto
12.0,70.0,Low,High,Yes,9.0,53.0,Medium,Yes,2.0,Low,Medium,Public,Neutral,2.0,Yes,High School,Near,Male,60,Bajo
14.0,94.0,Low,Medium,No,6.0,60.0,Medium,Yes,3.0,High,Medium,Public,Neutral,3.0,No,High School,Near,Female,68,Medio
23.0,88.0,Medium,Medium,No,6.0,82.0,Medium,Yes,0.0,Medium,Medium,Private,Negative,3.0,No,High School,Near,Male,69,Medio
29.0,82.0,High,High,No,5.0,95.0,Medium,Yes,2.0,Medium,Medium,Public,Neutral,3.0,No,High School,Near,Male,74,Alto
22.0,84.0,High,Medium,Yes,6.0,89.0,Medium,Yes,2.0,Medium,Medium,Public,Neutral,3.0,No,High School,Near,Male,71,Alto
18.0,64.0,High,Medium,Yes,6.0,67.0,High,Yes,0.0,Low,Medium,Private,Negative,4.0,No,High School,Near,Male,63,Bajo
20.0,79.0,High,Low,Yes,7.0,91.0,High,No,2.0,Low,Medium,Private,Negative,4.0,Yes,High School,Near,Male,66,Bajo
12.0,68.0,Medium,High,No,7.0,98.0,Medium,Yes,1.0,Medium,Medium,Private,Neutral,4.0,No,High School,Near,Male,65,Bajo
24.0,68.0,Low,Low,No,6.0,67.0,High,No,0.0,Low,Medium,Private,Positive,3.0,Yes,High School,Near,Female,60,Bajo
25.0,86.0,Medium,Low,Yes,6.0,59.0,Medium,Yes,3.0,Low,Medium,Public,Positive,3.0,No,High School,Near,Female,69,Medio
17.0,96.0,High,Medium,No,6.0,60.0,Medium,Yes,1.0,Low,Medium,Public,Neutral,3.0,No,High School,Near,Female,69,Medio
17.0,76.0,Medium,High,Yes,6.0,70.0,Low,Yes,2.0,High,Medium,Public,Neutral,4.0,No,High School,Near,Male,67,Medio
22.0,68.0,High,Medium,Yes,9.0,53.0,High,Yes,1.0,Medium,Medium,Public,Neutral,2.0,No,High School,Near,Female,65,Bajo
17.0,86.0,High,High,Yes,8.0,74.0,Medium,Yes,1.0,Low,Medium,Private,Neutral,4.0,No,High School,Near,Male,70,Alto
20.0,95.0,High,Medium,Yes,8.0,87.0,Low,Yes,0.0,Low,Medium,Private,Positive,3.0,No,High School,Near,Female,71,Alto
33.0,90.0,Low,Medium,Yes,9.0,77.0,Medium,Yes,3.0,Medium,Medium,Public,Negative,6.0,Yes,High School,Near,Male,73,Alto
19.0,95.0,Low,High,Yes,8.0,99.0,Medium,Yes,0.0,Low,Medium,Public,Neutral,2.0,No,High School,Near,Male,70,Alto
18.0,81.0,High,Low,Yes,9.0,73.0,High,Yes,1.0,Medium,Medium,Public,Neutral,2.0,No,High School,Near,Female,67,Medio
16.0,90.0,Low,High,Yes,8.0,51.0,Medium,Yes,1.0,High,Medium,Public,Neutral,5.0,No,High School,Near,Female,67,Medio
24.0,66.0,Low,High,No,7.0,74.0,Medium,Yes,0.0,High,Medium,Public,Neutral,2.0,No,High School,Near,Male,65,Bajo
19.0,74.0,High,High,Yes,6.0,96.0,Medium,Yes,2.0,High,Medium,Public,Neutral,3.0,No,High School,Near,Male,69,Medio
16.0,76.0,High,High,Yes,6.0,55.0,Medium,No,1.0,Low,Medium,Public,Positive,1.0,No,High School,Near,Male,65,Bajo
28.0,80.0,Medium,High,Yes,8.0,61.0,Low,Yes,1.0,Low,Medium,Private,Negative,3.0,No,High School,Near,Female,68,Medio
29.0,97.0,High,Medium,No,7.0,86.0,Medium,Yes,0.0,Medium,Medium,Public,Positive,3.0,No,High School,Near,Female,74,Alto
16.0,95.0,Low,Medium,Yes,5.0,65.0,High,Yes,0.0,Medium,Medium,Private,Neutral,3.0,No,High School,Near,Female,68,Medio
9.0,65.0,Medium,Medium,No,4.0,88.0,Low,Yes,1.0,Low,Medium,Public,Positive,3.0,No,High School,Near,Male,61,Bajo
26.0,67.0,Medium,Low,Yes,10.0,71.0,High,Yes,3.0,Low,Medium,Public,Neutral,3.0,No,High School,Near,Male,67,Medio
16.0,74.0,High,High,Yes,6.0,90.0,Medium,Yes,1.0,Low,Medium,Private,Negative,4.0,Yes,High School,Near,Female,66,Bajo
25.0,72.0,Low,Low,Yes,6.0,78.0,Low,Yes,8.0,Medium,Medium,Public,Positive,4.0,No,High School,Near,Male,69,Medio
8.0,85.0,Medium,Low,Yes,9.0,54.0,Low,Yes,1.0,Low,Medium,Private,Positive,3.0,No,High School,Near,Male,62,Bajo
25.0,96.0,Medium,High,Yes,5.0,69.0,Low,Yes,0.0,Low,Medium,Public,Neutral,4.0,No,High School,Near,Male,71,Alto
13.0,98.0,High,High,Yes,8.0,67.0,Medium,Yes,1.0,Medium,Medium,Private,Positive,4.0,No,High School,Near,Female,71,Alto
24.0,86.0,Medium,High,Yes,10.0,91.0,Low,Yes,0.0,Low,Medium,Private,Positive,4.0,No,High School,Near,Female,72,Alto
20.0,94.0,Medium,High,Yes,10.0,81.0,Low,Yes,1.0,Medium,Medium,Public,Neutral,5.0,Yes,High School,Near,Female,69,Medio
14.0,81.0,Low,Medium,No,6.0,89.0,Medium,No,6.0,Low,Medium,Private,Neutral,3.0,No,High School,Near,Female,67,Medio
18.0,68.0,Medium,High,No,7.0,69.0,Medium,Yes,1.0,Low,Medium,Public,Neutral,4.0,Yes,High School,Near,Female,63,Bajo
24.0,81.0,Medium,Medium,Yes,6.0,85.0,Medium,No,1.0,Medium,Medium,Public,Neutral,4.0,No,High School,Near,Male,68,Medio
21.0,82.0,High,High,Yes,7.0,53.0,Low,Yes,0.0,High,Medium,Public,Positive,2.0,No,High School,Near,Male,69,Medio
24.0,90.0,Medium,Low,Yes,9.0,52.0,Low,Yes,0.0,Low,Medium,Public,Negative,3.0,Yes,High School,Near,Female,65,Bajo
32.0,69.0,High,High,Yes,5.0,64.0,Medium,Yes,0.0,Medium,Medium,Public,Negative,3.0,No,High School,Near,Female,70,Alto
11.0,75.0,Medium,Medium,No,8.0,89.0,Medium,Yes,2.0,High,Medium,Private,Positive,4.0,No,High School,Near,Male,65,Bajo
30.0,75.0,Medium,Medium,No,7.0,77.0,Medium,Yes,0.0,Low,Medium,Public,Positive,2.0,No,High School,Near,Male,67,Medio
21.0,98.0,Medium,High,Yes,9.0,70.0,Medium,Yes,0.0,Low,Medium,Public,Positive,1.0,No,High School,Near,Male,72,Alto
15.0,78.0,Medium,High,Yes,9.0,95.0,High,Yes,1.0,High,Medium,Public,Positive,3.0,No,High School,Near,Male,69,Medio
12.0,90.0,High,High,Yes,6.0,75.0,Low,No,2.0,Medium,Medium,Public,Neutral,3.0,No,High School,Near,Male,69,Medio
19.0,90.0,High,Low,No,7.0,81.0,Medium,Yes,4.0,High,Medium,Public,Neutral,4.0,Yes,High School,Near,Female,71,Alto
26.0,71.0,Medium,Low,Yes,8.0,99.0,Medium,Yes,1.0,Medium,Medium,Public,Positive,3.0,No,High School,Near,Male,67,Medio
19.0,83.0,Low,Low,No,8.0,76.0,Low,Yes,3.0,Low,Medium,Public,Neutral,3.0,No,High School,Near,Female,65,Bajo
29.0,96.0,Low,Low,No,4.0,89.0,Medium,Yes,2.0,Low,Medium,Public,Neutral,2.0,No,High School,Near,Female,70,Alto
11.0,79.0,Medium,Medium,No,8.0,71.0,Low,Yes,1.0,Medium,Medium,Private,Positive,2.0,No,High School,Near,Female,63,Bajo
20.0,98.0,High,High,Yes,9.0,52.0,Medium,Yes,0.0,Medium,Medium,Private,Positive,3.0,No,High School,Near,Male,71,Alto
12.0,69.0,High,Medium,Yes,7.0,92.0,Low,Yes,1.0,Medium,Medium,Public,Neutral,3.0,No,High School,Near,Female,64,Bajo
22.0,63.0,Medium,High,Yes,8.0,97.0,High,Yes,5.0,Medium,Medium,Private,Neutral,3.0,No,High School,Near,Male,69,Medio
25.0,96.0,Low,Medium,No,9.0,72.0,Low,Yes,0.0,Low,Medium,Private,Positive,3.0,No,High School,Near,Male,69,Medio
17.0,94.0,Medium,Medium,Yes,7.0,75.0,Medium,Yes,1.0,Low,Medium,Public,Positive,3.0,No,High School,Near,Male,70,Alto
4.0,100.0,High,Low,No,8.0,71.0,Low,Yes,2.0,Low,Medium,Private,Negative,4.0,No,High School,Near,Female,64,Bajo
21.0,87.0,Medium,High,No,7.0,100.0,Low,Yes,1.0,Low,Medium,Public,Positive,3.0,No,High School,Near,Male,70,Alto
23.0,97.0,Medium,High,No,7.0,95.0,Medium,Yes,0.0,Medium,Medium,Private,Positive,4.0,No,High School,Near,Female,74,Alto
22.0,93.0,Medium,Medium,Yes,6.0,52.0,Medium,Yes,1.0,Low,Medium,Public,Negative,3.0,No,High School,Near,Female,69,Medio
27.0,94.0,Low,Medium,Yes,7.0,89.0,Medium,Yes,3.0,Low,Medium,Private,Positive,2.0,No,High School,Near,Female,73,Alto
14.0,83.0,Medium,Medium,Yes,10.0,80.0,Medium,Yes,1.0,Medium,Medium,Private,Neutral,3.0,Yes,High School,Near,Female,66,Bajo
24.0,75.0,High,High,Yes,6.0,51.0,High,No,1.0,Medium,Medium,Public,Negative,3.0,No,High School,Near,Male,67,Medio
27.0,97.0,High,High,No,8.0,72.0,Medium,Yes,6.0,Low,Medium,Public,Neutral,2.0,No,High School,Near,Female,76,Alto
9.0,77.0,Medium,Medium,No,7.0,57.0,Low,Yes,2.0,Medium,Medium,Public,Negative,3.0,No,High School,Near,Male,61,Bajo
22.0,82.0,Low,Medium,Yes,9.0,94.0,High,Yes,0.0,Medium,Medium,Public,Positive,4.0,No,High School,Near,Female,68,Medio
17.0,78.0,Medium,Low,Yes,9.0,51.0,High,Yes,1.0,Low,Medium,Private,Neutral,3.0,No,High School,Near,Male,63,Bajo
20.0,83.0,High,Low,Yes,6.0,94.0,Medium,Yes,1.0,Low,Medium,Public,Neutral,2.0,No,High School,Near,Male,67,Medio
22.0,79.0,Low,Low,Yes,6.0,97.0,Low,Yes,3.0,High,Medium,Public,Negative,3.0,No,High School,Near,Male,66,Bajo
17.0,62.0,High,Low,Yes,6.0,54.0,Low,Yes,2.0,Medium,Medium,Public,Neutral,3.0,No,High School,Near,Male,62,Bajo
16.0,95.0,High,Low,Yes,6.0,86.0,Medium,Yes,0.0,Low,Medium,Private,Neutral,3.0,No,High School,Near,Male,69,Medio
20.0,78.0,Medium,Medium,No,6.0,77.0,Medium,Yes,3.0,Medium,Medium,Private,Positive,3.0,No,High School,Near,Male,67,Medio
13.0,84.0,Medium,Medium,No,8.0,98.0,Low,No,2.0,Medium,Medium,Public,Positive,2.0,No,High School,Near,Female,66,Bajo
13.0,66.0,High,Medium,Yes,6.0,90.0,Medium,Yes,2.0,Low,Medium,Public,Positive,3.0,Yes,High School,Near,Male,63,Bajo
24.0,60.0,Medium,Medium,No,6.0,85.0,Low,Yes,1.0,High,Medium,Public,Neutral,2.0,No,High School,Near,Male,64,Bajo
13.0,70.0,Low,Medium,Yes,6.0,96.0,High,Yes,2.0,Medium,Medium,Private,Negative,5.0,No,High School,Near,Male,64,Bajo
24.0,88.0,Low,Medium,No,8.0,58.0,Medium,Yes,1.0,Low,Medium,Public,Negative,3.0,No,High School,Near,Male,67,Medio
23.0,64.0,Low,Medium,Yes,7.0,69.0,High,Yes,4.0,High,Medium,Public,Positive,3.0,No,High School,Near,Male,66,Bajo
10.0,96.0,High,High,Yes,7.0,92.0,Medium,Yes,1.0,Low,Medium,Public,Neutral,1.0,No,High School,Near,Female,68,Medio
16.0,69.0,Medium,High,Yes,6.0,55.0,Medium,Yes,1.0,Medium,Medium,Public,Negative,1.0,No,High School,Near,Male,62,Bajo
27.0,68.0,Medium,Medium,Yes,5.0,97.0,Low,Yes,1.0,Medium,Medium,Public,Negative,4.0,No,High School,Near,Male,68,Medio
14.0,67.0,High,Low,No,9.0,87.0,Medium,Yes,1.0,Medium,Medium,Private,Positive,3.0,No,High School,Near,Male,63,Bajo
17.0,61.0,Medium,High,No,7.0,72.0,Low,Yes,1.0,Medium,Medium,Public,Neutral,2.0,No,High School,Near,Male,62,Bajo
23.0,91.0,High,High,No,10.0,67.0,High,Yes,2.0,Low,Medium,Public,Positive,2.0,No,High School,Near,Male,72,Alto
25.0,95.0,Medium,Low,No,8.0,57.0,Low,Yes,4.0,Low,Medium,Public,Neutral,3.0,No,High School,Near,Female,69,Medio
18.0,85.0,Medium,Low,Yes,10.0,55.0,High,Yes,3.0,Medium,Medium,Public,Neutral,3.0,No,High School,Near,Male,67,Medio
16.0,68.0,Medium,High,Yes,8.0,71.0,Medium,Yes,1.0,High,Medium,Private,Neutral,3.0,No,High School,Near,Male,65,Bajo
29.0,71.0,High,Medium,No,7.0,92.0,Low,Yes,1.0,Low,Medium,Public,Positive,3.0,No,High School,Near,Female,69,Medio
30.0,79.0,High,High,Yes,6.0,77.0,Medium,Yes,1.0,Low,Medium,Public,Positive,2.0,No,High School,Near,Male,72,Alto
26.0,98.0,Low,Medium,Yes,6.0,73.0,Medium,Yes,2.0,Low,Medium,Public,Negative,3.0,No,High School,Near,Female,70,Alto
21.0,70.0,High,High,No,9.0,66.0,Medium,Yes,1.0,Medium,Medium,Public,Neutral,4.0,No,High School,Near,Male,91,Alto
15.0,89.0,High,Low,Yes,7.0,58.0,Low,Yes,2.0,Low,Medium,Public,Negative,3.0,No,High School,Near,Male,65,Bajo
15.0,78.0,Low,Medium,Yes,8.0,100.0,Low,Yes,0.0,Low,Medium,Public,Negative,3.0,Yes,High School,Near,Female,62,Bajo
23.0,72.0,Low,High,Yes,8.0,51.0,Medium,Yes,2.0,Low,Medium,Private,Positive,3.0,No,High School,Near,Male,65,Bajo
23.0,78.0,Medium,Medium,Yes,8.0,66.0,Medium,Yes,1.0,Medium,Medium,Public,Neutral,1.0,No,High School,Near,Female,67,Medio
28.0,63.0,Medium,Low,No,6.0,88.0,High,Yes,4.0,Medium,Medium,Public,Neutral,4.0,No,High School,Near,Male,67,Medio
24.0,92.0,Medium,High,No,9.0,76.0,Medium,Yes,2.0,High,Medium,Public,Positive,2.0,No,High School,Near,Female,72,Alto
11.0,70.0,Medium,Low,Yes,7.0,66.0,Low,Yes,1.0,Medium,Medium,Public,Negative,3.0,No,High School,Near,Female,60,Bajo
26.0,89.0,Medium,Low,No,7.0,100.0,Low,Yes,0.0,Medium,Medium,Public,Neutral,3.0,No,High School,Near,Female,69,Medio
14.0,63.0,Medium,Medium,No,8.0,81.0,Low,Yes,0.0,Medium,Medium,Private,Positive,5.0,No,High School,Near,Female,61,Bajo
18.0,98.0,Low,Medium,Yes,7.0,65.0,Medium,Yes,1.0,High,Medium,Private,Neutral,4.0,No,High School,Near,Female,70,Alto
22.0,68.0,Medium,High,No,4.0,92.0,High,Yes,2.0,High,Medium,Public,Neutral,3.0,No,High School,Near,Male,68,Medio
32.0,95.0,Medium,High,Yes,9.0,58.0,Medium,Yes,2.0,Medium,Medium,Private,Positive,4.0,No,High School,Near,Male,75,Alto
39.0,92.0,Medium,Medium,No,9.0,73.0,Medium,Yes,1.0,Medium,Medium,Public,Negative,4.0,No,High School,Near,Male,75,Alto
24.0,99.0,High,Medium,No,4.0,92.0,Low,Yes,2.0,High,Medium,Private,Neutral,3.0,No,High School,Near,Male,72,Alto
19.0,79.0,Low,Medium,Yes,5.0,99.0,High,Yes,1.0,Low,Medium,Private,Negative,4.0,No,High School,Near,Female,66,Bajo
23.0,89.0,Low,High,No,10.0,69.0,Low,Yes,5.0,Medium,Medium,Public,Neutral,4.0,No,High School,Near,Male,71,Alto
25.0,75.0,Low,High,No,7.0,57.0,High,Yes,4.0,Low,Medium,Public,Positive,5.0,No,High School,Near,Male,70,Alto
18.0,67.0,Medium,High,Yes,7.0,78.0,Low,Yes,2.0,Medium,Medium,Public,Negative,3.0,Yes,High School,Near,Female,63,Bajo
31.0,78.0,High,High,Yes,6.0,97.0,Low,Yes,0.0,Medium,Medium,Public,Neutral,3.0,No,High School,Near,Male,72,Alto
21.0,67.0,Medium,Medium,Yes,5.0,83.0,Medium,Yes,1.0,Low,Medium,Private,Neutral,5.0,No,High School,Near,Male,65,Bajo
23.0,99.0,Medium,Medium,Yes,7.0,80.0,Low,Yes,3.0,Low,Medium,Private,Neutral,2.0,No,High School,Near,Male,71,Alto
24.0,64.0,Medium,Medium,Yes,8.0,65.0,Medium,Yes,0.0,Medium,Medium,Public,Positive,3.0,No,High School,Near,Female,65,Bajo
23.0,84.0,Medium,Low,Yes,7.0,80.0,Medium,Yes,1.0,Medium,Medium,Private,Positive,3.0,No,High School,Near,Female,69,Medio
25.0,85.0,Medium,Low,Yes,8.0,94.0,Medium,Yes,3.0,Medium,Medium,Public,Positive,3.0,No,High School,Near,Male,71,Alto
16.0,82.0,Medium,High,Yes,10.0,69.0,Medium,Yes,2.0,Low,Medium,Public,Positive,4.0,No,High School,Near,Male,68,Medio
17.0,86.0,Low,Medium,No,6.0,62.0,Low,Yes,2.0,Medium,Medium,Public,Positive,4.0,No,High School,Near,Female,66,Bajo
13.0,65.0,High,Medium,No,7.0,74.0,Low,Yes,0.0,High,Medium,Public,Neutral,2.0,Yes,High School,Near,Male,60,Bajo
23.0,82.0,Medium,Medium,No,9.0,69.0,Medium,Yes,0.0,High,Medium,Public,Positive,3.0,No,High School,Near,Female,68,Medio
25.0,71.0,Medium,High,Yes,6.0,73.0,Medium,Yes,1.0,Low,Medium,Private,Neutral,4.0,No,High School,Near,Female,67,Medio
23.0,98.0,Medium,Low,No,7.0,55.0,Medium,Yes,3.0,High,Medium,Private,Neutral,4.0,No,High School,Near,Male,71,Alto
30.0,90.0,High,Medium,No,10.0,67.0,High,Yes,2.0,Medium,Medium,Private,Neutral,6.0,No,High School,Near,Male,74,Alto
20.0,99.0,Low,Medium,No,6.0,91.0,Medium,Yes,2.0,Medium,Medium,Public,Negative,4.0,No,High School,Near,Male,70,Alto
24.0,62.0,Low,High,No,9.0,70.0,Low,Yes,2.0,Low,Medium,Public,Positive,2.0,No,High School,Near,Female,63,Bajo
13.0,71.0,Medium,Medium,No,7.0,98.0,Medium,Yes,0.0,Medium,Medium,Public,Positive,3.0,No,High School,Near,Male,64,Bajo
18.0,68.0,Medium,High,Yes,10.0,85.0,High,Yes,3.0,Low,Medium,Public,Neutral,3.0,No,High School,Near,Male,66,Bajo
24.0,60.0,Medium,Medium,Yes,5.0,68.0,Medium,Yes,0.0,Medium,Medium,Public,Neutral,3.0,No,High School,Near,Female,64,Bajo
25.0,70.0,High,High,Yes,7.0,63.0,Medium,Yes,1.0,Medium,Medium,Private,Positive,3.0,No,High School,Near,Male,69,Medio
18.0,87.0,Medium,High,Yes,5.0,84.0,Medium,Yes,2.0,Medium,Medium,Private,Positive,4.0,No,High School,Near,Male,71,Alto
20.0,69.0,High,Medium,No,6.0,65.0,Medium,Yes,1.0,Low,Medium,Public,Neutral,2.0,No,High School,Near,Female,64,Bajo
11.0,80.0,Medium,Medium,Yes,6.0,96.0,Low,Yes,1.0,Low,Medium,Public,Neutral,3.0,No,High School,Near,Male,65,Bajo
18.0,96.0,High,Medium,No,7.0,56.0,Low,Yes,2.0,Medium,Medium,Private,Neutral,1.0,No,High School,Near,Female,69,Medio
25.0,88.0,Medium,High,No,5.0,51.0,Medium,Yes,1.0,Medium,Medium,Public,Neutral,1.0,No,High School,Near,Female,68,Medio
23.0,76.0,Medium,Medium,Yes,7.0,61.0,Medium,Yes,3.0,Medium,Medium,Public,Positive,4.0,No,High School,Near,Male,68,Medio
23.0,75.0,High,Medium,Yes,8.0,80.0,High,Yes,0.0,Low,Medium,Private,Neutral,4.0,No,High School,Near,Female,68,Medio
20.0,78.0,Low,Medium,Yes,5.0,92.0,Low,Yes,1.0,Medium,Medium,Public,Positive,3.0,No,High School,Near,Male,65,Bajo
20.0,67.0,High,High,No,6.0,59.0,Low,Yes,1.0,Medium,Medium,Private,Negative,4.0,No,High School,Near,Female,65,Bajo
16.0,85.0,Medium,Low,No,10.0,79.0,Low,Yes,1.0,High,Medium,Private,Neutral,3.0,No,High School,Near,Male,66,Bajo
24.0,75.0,High,Low,No,7.0,57.0,Medium,Yes,0.0,Medium,Medium,Public,Neutral,1.0,No,High School,Near,Male,66,Bajo
23.0,94.0,Medium,Low,Yes,4.0,78.0,Medium,Yes,2.0,High,Medium,Public,Neutral,4.0,No,High School,Near,Male,71,Alto
23.0,90.0,High,Medium,Yes,5.0,51.0,Medium,Yes,0.0,Low,Medium,Public,Negative,1.0,No,High School,Near,Male,68,Medio
17.0,84.0,Low,Medium,Yes,7.0,78.0,Low,Yes,0.0,High,Medium,Public,Neutral,5.0,Yes,High School,Near,Female,65,Bajo
7.0,75.0,Medium,High,Yes,7.0,76.0,Medium,Yes,0.0,Medium,Medium,Private,Positive,4.0,No,High School,Near,Female,63,Bajo
27.0,68.0,High,Medium,No,6.0,52.0,Medium,Yes,1.0,Medium,Medium,Private,Neutral,5.0,No,High School,Near,Female,66,Bajo
17.0,91.0,High,Low,Yes,10.0,84.0,Medium,Yes,7.0,Low,Medium,Public,Neutral,4.0,Yes,High School,Near,Male,71,Alto
15.0,79.0,Low,Medium,Yes,10.0,79.0,Medium,Yes,2.0,Low,Medium,Private,Neutral,4.0,No,High School,Near,Male,65,Bajo
24.0,69.0,Medium,High,Yes,7.0,81.0,Low,Yes,3.0,Medium,Medium,Private,Neutral,4.0,No,High School,Near,Female,68,Medio
18.0,68.0,Medium,Medium,Yes,8.0,76.0,High,Yes,2.0,High,Medium,Public,Neutral,3.0,No,High School,Near,Male,66,Bajo
26.0,67.0,Low,High,No,8.0,86.0,Medium,Yes,2.0,Low,Medium,Public,Negative,2.0,Yes,High School,Near,Female,64,Bajo
24.0,91.0,Medium,Low,Yes,9.0,76.0,High,Yes,1.0,Low,Medium,Public,Positive,4.0,No,High School,Near,Female,70,Alto
24.0,69.0,High,Low,Yes,6.0,96.0,Medium,Yes,4.0,High,Medium,Public,Positive,4.0,No,High School,Near,Male,70,Alto
12.0,81.0,Medium,High,No,10.0,97.0,Low,Yes,1.0,Low,Medium,Private,Positive,5.0,No,High School,Near,Female,66,Bajo
27.0,78.0,Medium,Medium,Yes,7.0,86.0,Medium,Yes,3.0,Medium,Medium,Public,Positive,2.0,No,High School,Near,Female,70,Alto
22.0,83.0,High,High,No,8.0,96.0,Medium,No,2.0,Medium,Medium,Public,Positive,0.0,No,High School,Near,Female,71,Alto
18.0,95.0,Low,High,No,7.0,96.0,Medium,Yes,2.0,Medium,Medium,Private,Positive,4.0,Yes,High School,Near,Male,70,Alto
21.0,95.0,Medium,Medium,No,7.0,63.0,Medium,Yes,1.0,Low,Medium,Private,Positive,4.0,No,High School,Near,Male,70,Alto
9.0,78.0,High,Medium,Yes,7.0,100.0,Low,Yes,2.0,Medium,Medium,Public,Positive,2.0,No,High School,Near,Male,66,Bajo
22.0,61.0,High,Medium,No,5.0,63.0,Low,Yes,1.0,Low,Medium,Public,Positive,3.0,No,High School,Near,Male,64,Bajo
14.0,77.0,High,High,No,4.0,51.0,Low,Yes,5.0,Low,Medium,Public,Positive,3.0,No,High School,Near,Male,66,Bajo
12.0,84.0,High,Medium,Yes,7.0,98.0,High,Yes,1.0,Low,Medium,Public,Positive,3.0,No,High School,Near,Female,68,Medio
11.0,82.0,Low,Low,No,6.0,61.0,Low,Yes,2.0,Medium,Medium,Public,Neutral,2.0,No,High School,Near,Female,61,Bajo
27.0,86.0,Medium,Medium,Yes,8.0,79.0,Medium,Yes,2.0,Low,Medium,Private,Positive,4.0,No,High School,Near,Male,72,Alto
16.0,66.0,High,High,No,8.0,99.0,Medium,Yes,1.0,Low,Medium,Private,Positive,3.0,No,High School,Near,Male,66,Bajo
29.0,86.0,Low,Low,Yes,7.0,52.0,Medium,Yes,1.0,Low,Medium,Public,Positive,3.0,No,High School,Near,Female,68,Medio
17.0,67.0,Low,Medium,No,9.0,63.0,High,Yes,1.0,Low,Medium,Public,Negative,4.0,No,High School,Near,Male,61,Bajo
10.0,90.0,High,Medium,Yes,7.0,80.0,Low,Yes,0.0,Medium,Medium,Public,Neutral,5.0,No,High School,Near,Female,67,Medio
13.0,74.0,High,High,Yes,5.0,88.0,Low,Yes,3.0,Low,Medium,Private,Neutral,3.0,Yes,High School,Near,Female,66,Bajo
27.0,88.0,Medium,Medium,Yes,7.0,90.0,Medium,Yes,3.0,Medium,Medium,Public,Positive,4.0,No,High School,Near,Female,74,Alto
19.0,62.0,High,Medium,Yes,9.0,94.0,Medium,Yes,0.0,High,Medium,Public,Neutral,4.0,No,High School,Near,Female,66,Bajo
17.0,76.0,High,Medium,Yes,4.0,58.0,Medium,Yes,4.0,Medium,Medium,Private,Neutral,2.0,No,High School,Near,Female,67,Medio
21.0,88.0,High,Low,Yes,7.0,69.0,Medium,Yes,4.0,Medium,Medium,Private,Neutral,3.0,No,High School,Near,Male,71,Alto
23.0,69.0,High,Low,Yes,8.0,86.0,High,Yes,0.0,Medium,Medium,Public,Neutral,4.0,No,High School,Near,Male,66,Bajo
27.0,92.0,Medium,Medium,Yes,10.0,86.0,High,Yes,0.0,Low,Medium,Private,Positive,3.0,No,High School,Near,Male,71,Alto
29.0,85.0,High,Medium,Yes,9.0,65.0,High,No,4.0,Low,Medium,Private,Neutral,4.0,No,High School,Near,Male,72,Alto
18.0,84.0,Medium,Medium,Yes,7.0,65.0,Medium,Yes,2.0,Medium,Medium,Public,Negative,3.0,No,High School,Near,Female,66,Bajo
12.0,74.0,High,Low,Yes,8.0,66.0,Low,Yes,1.0,Low,Medium,Public,Positive,2.0,No,High School,Near,Male,62,Bajo
18.0,79.0,High,Medium,Yes,4.0,95.0,Low,Yes,1.0,Low,Medium,Public,Negative,2.0,No,High School,Near,Female,66,Bajo
22.0,84.0,Low,High,Yes,5.0,95.0,Medium,Yes,2.0,Low,Medium,Public,Neutral,3.0,No,High School,Near,Male,69,Medio
14.0,79.0,Medium,Medium,Yes,8.0,51.0,Medium,Yes,0.0,Medium,Medium,Public,Negative,4.0,No,High School,Near,Male,64,Bajo
14.0,88.0,Medium,Medium,Yes,7.0,66.0,Medium,Yes,4.0,Medium,Medium,Public,Positive,3.0,No,High School,Near,Female,69,Medio
22.0,77.0,High,Low,Yes,7.0,70.0,Medium,Yes,2.0,Medium,Medium,Private,Positive,4.0,No,High School,Near,Male,69,Medio
20.0,68.0,High,Low,Yes,7.0,99.0,High,Yes,0.0,Low,Medium,Public,Positive,2.0,Yes,High School,Near,Female,64,Bajo
20.0,69.0,Medium,High,Yes,7.0,97.0,Medium,Yes,3.0,Medium,Medium,Public,Positive,3.0,Yes,High School,Near,Female,68,Medio
15.0,60.0,Medium,Medium,Yes,7.0,81.0,Low,Yes,4.0,Low,Medium,Public,Positive,2.0,No,High School,Near,Male,63,Bajo
19.0,72.0,High,Medium,Yes,5.0,52.0,Low,Yes,1.0,Low,Medium,Public,Positive,2.0,No,High School,Near,Male,64,Bajo
14.0,90.0,Medium,High,Yes,7.0,60.0,Medium,Yes,2.0,Medium,Medium,Public,Neutral,4.0,No,High School,Near,Male,69,Medio
25.0,92.0,Low,High,No,5.0,72.0,Medium,Yes,1.0,Medium,Medium,Public,Positive,4.0,No,High School,Near,Female,71,Alto
26.0,68.0,Medium,High,No,6.0,98.0,Low,Yes,2.0,Medium,Medium,Private,Neutral,3.0,No,High School,Near,Female,67,Medio
9.0,98.0,High,Medium,No,9.0,55.0,Low,Yes,3.0,Low,Medium,Public,Positive,2.0,No,High School,Near,Male,67,Medio
14.0,80.0,High,Low,Yes,7.0,90.0,High,Yes,2.0,Low,Medium,Public,Negative,2.0,No,High School,Near,Female,66,Bajo
11.0,97.0,Medium,High,Yes,8.0,60.0,Medium,Yes,0.0,Medium,Medium,Private,Positive,3.0,No,High School,Near,Male,67,Medio
16.0,88.0,Low,High,No,7.0,75.0,Low,Yes,2.0,Medium,Medium,Public,Neutral,4.0,No,High School,Near,Female,68,Medio
19.0,89.0,Medium,Medium,Yes,6.0,88.0,Low,Yes,1.0,Medium,Medium,Public,Positive,2.0,No,High School,Near,Female,69,Medio
11.0,63.0,High,High,Yes,5.0,85.0,High,No,0.0,Low,Medium,Public,Positive,4.0,Yes,High School,Near,Female,62,Bajo
14.0,69.0,Medium,Medium,Yes,6.0,89.0,High,Yes,2.0,High,Medium,Private,Positive,5.0,No,High School,Near,Female,66,Bajo
14.0,60.0,Medium,Medium,Yes,7.0,91.0,Medium,Yes,1.0,Low,Medium,Private,Negative,3.0,No,High School,Near,Male,63,Bajo
21.0,89.0,Low,Low,Yes,8.0,65.0,Medium,Yes,2.0,Low,Medium,Public,Neutral,3.0,No,High School,Near,Female,67,Medio
20.0,74.0,High,Medium,No,7.0,68.0,High,Yes,3.0,Medium,Medium,Public,Positive,4.0,No,High School,Near,Male,68,Medio
16.0,91.0,Medium,Low,No,8.0,91.0,Low,Yes,2.0,Medium,Medium,Public,Neutral,2.0,No,High School,Near,Female,66,Bajo
21.0,74.0,Medium,Medium,Yes,5.0,52.0,Medium,Yes,3.0,Medium,Medium,Private,Positive,1.0,No,High School,Near,Male,66,Bajo
17.0,93.0,High,Medium,No,8.0,76.0,Low,Yes,0.0,Low,Medium,Private,Negative,3.0,No,High School,Near,Female,67,Medio
18.0,65.0,High,Medium,Yes,5.0,96.0,Medium,Yes,1.0,High,Medium,Private,Neutral,2.0,No,High School,Near,Female,66,Bajo
30.0,67.0,Medium,Medium,Yes,8.0,94.0,Medium,Yes,1.0,Medium,Medium,Public,Neutral,2.0,No,High School,Near,Female,69,Medio
28.0,74.0,Medium,High,No,8.0,90.0,High,Yes,2.0,Medium,Medium,Public,Positive,3.0,No,High School,Near,Male,72,Alto
12.0,76.0,Medium,Low,Yes,4.0,51.0,Medium,Yes,0.0,Low,Medium,Private,Neutral,1.0,No,High School,Near,Female,60,Bajo
25.0,74.0,Low,High,Yes,8.0,94.0,High,Yes,0.0,Low,Medium,Public,Positive,4.0,No,High School,Near,Female,68,Medio
25.0,91.0,Low,Medium,Yes,8.0,96.0,Medium,Yes,3.0,Medium,Medium,Public,Neutral,3.0,No,High School,Near,Female,72,Alto
13.0,64.0,Medium,High,Yes,9.0,83.0,Low,Yes,1.0,High,Medium,Public,Positive,4.0,No,High School,Near,Male,64,Bajo
25.0,74.0,Low,Medium,Yes,6.0,65.0,High,Yes,0.0,High,Medium,Public,Neutral,1.0,No,High School,Near,Male,65,Bajo
29.0,93.0,High,High,No,7.0,74.0,Medium,Yes,3.0,Medium,Medium,Private,Positive,3.0,No,High School,Near,Male,76,Alto
13.0,63.0,Low,Medium,No,8.0,88.0,Medium,Yes,0.0,Low,Medium,Private,Negative,2.0,No,High School,Near,Male,59,Bajo
14.0,98.0,Medium,Medium,Yes,8.0,91.0,Low,Yes,0.0,Low,Medium,Public,Negative,4.0,No,High School,Near,Male,67,Medio
26.0,99.0,Medium,Medium,Yes,8.0,67.0,Medium,Yes,4.0,Medium,Medium,Private,Positive,4.0,Yes,High School,Near,Male,73,Alto
22.0,64.0,Medium,High,No,6.0,66.0,Low,Yes,1.0,Medium,Medium,Public,Neutral,4.0,No,High School,Near,Male,64,Bajo
23.0,72.0,Medium,High,No,8.0,87.0,Low,Yes,3.0,Medium,Medium,Public,Neutral,3.0,No,High School,Near,Male,67,Medio
22.0,75.0,High,Medium,Yes,8.0,84.0,Low,Yes,3.0,High,Medium,Public,Negative,3.0,No,High School,Near,Male,69,Medio
22.0,91.0,Medium,Low,Yes,7.0,76.0,Medium,Yes,1.0,Low,Medium,Public,Neutral,3.0,No,High School,Near,Female,69,Medio
12.0,84.0,High,High,Yes,6.0,71.0,Medium,No,2.0,Medium,Medium,Public,Positive,3.0,No,High School,Near,Male,67,Medio
26.0,86.0,Medium,High,Yes,6.0,83.0,Medium,Yes,2.0,Low,Medium,Public,Positive,4.0,No,High School,Near,Male,72,Alto
27.0,90.0,Low,Medium,No,9.0,52.0,Low,No,2.0,Low,Medium,Public,Positive,2.0,Yes,High School,Near,Male,86,Alto
19.0,65.0,Medium,High,Yes,8.0,54.0,Medium,Yes,0.0,Low,Medium,Private,Neutral,3.0,No,High School,Near,Female,62,Bajo
20.0,93.0,Medium,Low,No,7.0,79.0,Medium,Yes,1.0,Medium,Medium,Public,Neutral,3.0,No,High School,Near,Female,69,Medio
11.0,88.0,High,High,Yes,7.0,61.0,Low,Yes,2.0,Medium,Medium,Public,Neutral,3.0,No,High School,Near,Male,68,Medio
23.0,83.0,High,High,Yes,4.0,89.0,Low,Yes,1.0,Medium,Medium,Public,Negative,3.0,No,High School,Near,Male,99,Alto
23.0,96.0,Low,Medium,Yes,7.0,89.0,Medium,Yes,1.0,Low,Medium,Private,Positive,3.0,No,High School,Near,Female,70,Alto
20.0,88.0,Low,Medium,Yes,5.0,85.0,Medium,Yes,2.0,Medium,Medium,Public,Negative,3.0,No,High School,Near,Male,68,Medio
27.0,68.0,Medium,Medium,Yes,7.0,95.0,Low,Yes,0.0,Medium,Medium,Public,Positive,4.0,No,High School,Near,Male,67,Medio
18.0,77.0,High,Medium,Yes,9.0,57.0,Low,Yes,1.0,Low,Medium,Public,Negative,2.0,No,High School,Near,Male,66,Bajo
23.0,80.0,Low,High,No,6.0,63.0,Low,Yes,0.0,High,Medium,Private,Positive,2.0,No,High School,Near,Male,66,Bajo
14.0,62.0,Medium,High,Yes,7.0,63.0,Medium,Yes,2.0,Low,Medium,Public,Positive,2.0,No,High School,Near,Female,62,Bajo
20.0,98.0,Medium,Medium,Yes,8.0,89.0,High,Yes,3.0,High,Medium,Public,Negative,2.0,Yes,High School,Near,Male,72,Alto
19.0,65.0,Medium,High,Yes,7.0,76.0,Medium,No,0.0,Medium,Medium,Public,Neutral,3.0,No,High School,Near,Female,64,Bajo
21.0,88.0,Medium,Medium,Yes,6.0,63.0,Low,Yes,1.0,Medium,Medium,Public,Neutral,3.0,No,High School,Near,Female,68,Medio
18.0,80.0,Medium,High,Yes,7.0,57.0,Medium,Yes,2.0,Low,Medium,Public,Positive,3.0,No,High School,Near,Female,66,Bajo
19.0,61.0,Medium,High,Yes,8.0,95.0,High,Yes,4.0,Medium,Medium,Private,Positive,3.0,No,High School,Near,Male,68,Medio
25.0,97.0,Low,High,Yes,7.0,85.0,High,Yes,3.0,High,Medium,Public,Neutral,1.0,No,High School,Near,Male,75,Alto
17.0,94.0,Low,Low,No,7.0,76.0,High,Yes,3.0,Low,Medium,Public,Neutral,3.0,Yes,High School,Near,Male,67,Medio
10.0,81.0,Low,Medium,Yes,9.0,98.0,Medium,Yes,2.0,Low,Medium,Public,Neutral,2.0,No,High School,Near,Male,65,Bajo
30.0,69.0,Medium,Medium,No,8.0,92.0,Medium,Yes,2.0,Medium,Medium,Public,Neutral,3.0,No,High School,Near,Female,68,Medio
28.0,65.0,Medium,Medium,Yes,5.0,59.0,High,Yes,2.0,Low,Medium,Private,Neutral,5.0,No,High School,Near,Male,67,Medio
12.0,75.0,Medium,Medium,Yes,8.0,75.0,High,Yes,1.0,Low,Medium,Private,Negative,2.0,No,High School,Near,Female,63,Bajo
24.0,70.0,Medium,High,Yes,8.0,74.0,Low,Yes,2.0,Medium,Medium,Public,Negative,3.0,No,High School,Near,Male,67,Medio
17.0,80.0,Medium,Medium,Yes,5.0,92.0,Medium,Yes,0.0,Low,Medium,Private,Negative,4.0,No,High School,Near,Female,67,Medio
22.0,99.0,Medium,Medium,Yes,4.0,57.0,High,Yes,2.0,Medium,Medium,Public,Positive,3.0,No,High School,Near,Female,73,Alto
22.0,83.0,Medium,Medium,Yes,5.0,73.0,High,No,0.0,Low,Medium,Public,Positive,3.0,No,High School,Near,Male,67,Medio
19.0,96.0,Medium,Medium,No,7.0,82.0,Medium,Yes,1.0,High,Medium,Public,Neutral,4.0,No,High School,Near,Male,71,Alto
15.0,86.0,Low,Medium,No,9.0,97.0,Medium,Yes,2.0,Medium,Medium,Public,Negative,4.0,No,High School,Near,Male,67,Medio
16.0,79.0,High,Low,Yes,6.0,95.0,Medium,Yes,0.0,High,Medium,Public,Neutral,5.0,No,High School,Near,Male,68,Medio
15.0,94.0,Low,Low,Yes,8.0,77.0,Medium,Yes,1.0,High,Medium,Private,Positive,1.0,No,High School,Near,Male,68,Medio
15.0,79.0,High,Medium,Yes,4.0,80.0,Medium,Yes,1.0,High,Medium,Private,Negative,4.0,No,High School,Near,Male,66,Bajo
20.0,95.0,High,Low,Yes,7.0,93.0,Low,No,0.0,Low,Medium,Public,Neutral,2.0,No,High School,Near,Male,68,Medio
16.0,72.0,Medium,Low,No,6.0,87.0,Medium,No,2.0,Medium,Medium,Private,Positive,4.0,No,High School,Near,Female,63,Bajo
24.0,65.0,High,High,No,10.0,94.0,Medium,Yes,2.0,Medium,Medium,Public,Neutral,2.0,No,High School,Near,Male,68,Medio
29.0,94.0,Low,High,Yes,4.0,95.0,Medium,Yes,1.0,Medium,Medium,Public,Positive,5.0,No,High School,Near,Male,74,Alto
17.0,83.0,Low,Medium,Yes,7.0,92.0,Low,Yes,3.0,Low,Medium,Public,Neutral,2.0,Yes,High School,Near,Male,65,Bajo
21.0,96.0,Medium,Medium,Yes,4.0,50.0,Medium,Yes,1.0,Low,Medium,Private,Positive,2.0,No,High School,Near,Male,69,Medio
23.0,98.0,Medium,High,No,6.0,66.0,Medium,Yes,1.0,Low,Medium,Public,Neutral,1.0,No,High School,Near,Male,70,Alto
23.0,62.0,Medium,Low,Yes,4.0,70.0,High,Yes,3.0,Medium,Medium,Public,Positive,2.0,No,High School,Near,Female,65,Bajo
20.0,80.0,Medium,Medium,No,10.0,84.0,Medium,Yes,1.0,Medium,Medium,Public,Positive,4.0,No,High School,Near,Male,68,Medio
24.0,75.0,Low,Medium,No,6.0,65.0,Medium,No,0.0,Medium,Medium,Public,Positive,5.0,No,High School,Near,Male,65,Bajo
23.0,85.0,Medium,High,No,7.0,66.0,Low,No,0.0,High,Medium,Public,Neutral,2.0,No,High School,Near,Male,68,Medio
13.0,92.0,Medium,High,Yes,7.0,70.0,Low,Yes,4.0,Low,Medium,Public,Neutral,3.0,No,High School,Near,Male,68,Medio
25.0,71.0,Medium,Medium,Yes,5.0,98.0,Low,Yes,0.0,Low,Medium,Public,Positive,1.0,No,High School,Near,Male,66,Bajo
25.0,82.0,High,Medium,No,9.0,72.0,High,Yes,0.0,High,Medium,Public,Positive,0.0,No,High School,Near,Female,70,Alto
15.0,88.0,Medium,Medium,No,8.0,57.0,Medium,Yes,1.0,High,Medium,Private,Positive,2.0,No,High School,Near,Male,66,Bajo
20.0,65.0,Medium,High,Yes,8.0,50.0,Medium,Yes,0.0,Low,Medium,Public,Positive,5.0,No,High School,Near,Male,64,Bajo
24.0,93.0,Medium,High,No,5.0,62.0,Medium,Yes,1.0,Low,Medium,Public,Neutral,1.0,No,High School,Near,Female,70,Alto
19.0,84.0,High,Medium,No,9.0,97.0,Low,Yes,1.0,High,Medium,Public,Negative,3.0,Yes,High School,Near,Male,68,Medio
26.0,98.0,Low,High,Yes,9.0,98.0,Low,Yes,4.0,Low,Medium,Public,Positive,2.0,No,High School,Near,Male,74,Alto
34.0,74.0,High,Low,Yes,7.0,76.0,Medium,Yes,2.0,Low,Medium,Public,Positive,2.0,No,High School,Near,Female,71,Alto
15.0,64.0,Medium,Medium,Yes,8.0,82.0,Low,Yes,0.0,Low,Medium,Public,Negative,3.0,No,High School,Near,Male,61,Bajo
12.0,80.0,Medium,Low,No,7.0,90.0,Medium,Yes,3.0,Low,Medium,Public,Neutral,3.0,No,High School,Near,Female,64,Bajo
22.0,63.0,High,Low,No,5.0,53.0,High,Yes,2.0,High,Medium,Public,Neutral,1.0,No,High School,Near,Male,64,Bajo
24.0,99.0,High,Medium,Yes,7.0,69.0,Medium,Yes,0.0,Medium,Medium,Private,Positive,3.0,No,High School,Near,Male,73,Alto
19.0,62.0,Medium,High,Yes,6.0,82.0,Medium,Yes,0.0,Low,Medium,Public,Negative,3.0,Yes,High School,Near,Male,62,Bajo
29.0,90.0,Low,Medium,Yes,7.0,95.0,Medium,Yes,0.0,High,Medium,Public,Neutral,2.0,Yes,High School,Near,Male,71,Alto
12.0,81.0,High,Medium,Yes,9.0,86.0,Medium,Yes,2.0,Medium,Medium,Public,Negative,2.0,No,High School,Near,Male,68,Medio
24.0,75.0,Medium,Low,Yes,5.0,68.0,High,Yes,2.0,Medium,Medium,Public,Neutral,2.0,No,High School,Near,Male,67,Medio
16.0,63.0,Medium,Medium,No,6.0,95.0,High,Yes,1.0,Medium,Medium,Public,Negative,4.0,No,High School,Near,Female,63,Bajo
30.0,85.0,Low,Medium,No,6.0,83.0,Medium,Yes,2.0,Medium,Medium,Public,Positive,3.0,No,High School,Near,Female,71,Alto
32.0,83.0,Medium,Medium,Yes,6.0,92.0,Low,Yes,1.0,High,Medium,Public,Neutral,3.0,No,High School,Near,Male,72,Alto
15.0,71.0,High,Medium,No,6.0,69.0,High,No,3.0,Medium,Medium,Public,Positive,3.0,No,High School,Near,Female,66,Bajo
17.0,96.0,Medium,Medium,Yes,7.0,50.0,Low,Yes,1.0,Medium,Medium,Private,Negative,4.0,No,High School,Near,Female,67,Medio
25.0,72.0,High,Medium,Yes,8.0,58.0,Medium,Yes,0.0,Low,Medium,Public,Negative,4.0,No,High School,Near,Female,66,Bajo
18.0,78.0,Low,Medium,No,8.0,96.0,Medium,Yes,4.0,High,Medium,Public,Positive,4.0,Yes,High School,Near,Male,68,Medio
20.0,82.0,Low,Low,Yes,7.0,52.0,Low,Yes,0.0,Medium,Medium,Private,Neutral,3.0,No,High School,Near,Female,64,Bajo
20.0,64.0,Medium,Medium,Yes,8.0,80.0,High,Yes,1.0,Medium,Medium,Private,Positive,3.0,No,High School,Near,Male,65,Bajo
8.0,97.0,High,Medium,Yes,10.0,70.0,High,Yes,0.0,Low,Medium,Public,Neutral,1.0,No,High School,Near,Male,66,Bajo
20.0,75.0,High,High,Yes,7.0,71.0,High,Yes,1.0,Medium,Medium,Public,Positive,4.0,No,High School,Near,Male,69,Medio
16.0,63.0,High,High,No,9.0,70.0,Low,Yes,2.0,Medium,Medium,Private,Negative,5.0,No,High School,Near,Female,64,Bajo
17.0,75.0,Low,High,Yes,8.0,53.0,Medium,Yes,1.0,Low,Medium,Public,Positive,3.0,No,High School,Near,Female,65,Bajo
29.0,84.0,High,Medium,Yes,10.0,56.0,High,Yes,3.0,Low,Medium,Public,Neutral,4.0,No,High School,Near,Female,72,Alto
12.0,81.0,High,Medium,No,8.0,53.0,Low,Yes,1.0,Medium,Medium,Private,Positive,3.0,No,High School,Near,Male,65,Bajo
25.0,88.0,Low,High,Yes,6.0,53.0,Medium,Yes,2.0,Medium,Medium,Public,Negative,4.0,No,High School,Near,Female,70,Alto
18.0,62.0,Medium,Medium,Yes,7.0,54.0,Medium,Yes,2.0,Medium,Medium,Private,Positive,3.0,No,High School,Near,Male,64,Bajo
18.0,71.0,Medium,Low,Yes,7.0,85.0,Low,Yes,1.0,Low,Medium,Public,Neutral,2.0,No,High School,Near,Male,62,Bajo
25.0,93.0,Medium,High,No,8.0,56.0,High,Yes,0.0,Low,Medium,Private,Neutral,3.0,No,High School,Near,Male,69,Medio
22.0,63.0,High,Low,No,6.0,63.0,Low,Yes,1.0,Medium,Medium,Public,Negative,2.0,No,High School,Near,Male,62,Bajo
23.0,94.0,Low,Low,Yes,9.0,83.0,Medium,Yes,2.0,Low,Medium,Private,Positive,2.0,No,High School,Near,Female,69,Medio
26.0,64.0,Medium,High,No,7.0,56.0,Medium,Yes,3.0,Medium,Medium,Public,Positive,3.0,No,High School,Near,Male,66,Bajo
18.0,93.0,Medium,High,Yes,8.0,96.0,Medium,Yes,2.0,Medium,Medium,Public,Positive,2.0,No,High School,Near,Female,71,Alto
16.0,74.0,Medium,High,Yes,7.0,74.0,Low,Yes,4.0,Low,Medium,Private,Positive,3.0,No,High School,Near,Male,66,Bajo
13.0,84.0,High,Medium,No,7.0,98.0,Medium,No,0.0,Low,Medium,Public,Neutral,4.0,Yes,High School,Near,Male,64,Bajo
15.0,66.0,Medium,High,Yes,7.0,60.0,High,Yes,2.0,High,Medium,Private,Negative,3.0,No,High School,Near,Female,63,Bajo
38.0,63.0,Medium,High,No,8.0,52.0,High,Yes,1.0,Medium,Medium,Private,Positive,3.0,No,High School,Near,Male,69,Medio
27.0,69.0,High,High,Yes,10.0,80.0,Medium,No,1.0,Medium,Medium,Public,Positive,4.0,Yes,High School,Near,Female,68,Medio
12.0,65.0,High,High,Yes,4.0,66.0,Medium,Yes,0.0,Medium,Medium,Public,Neutral,2.0,No,High School,Near,Female,63,Bajo
12.0,72.0,Medium,Medium,Yes,8.0,79.0,High,Yes,1.0,High,Medium,Public,Positive,3.0,No,High School,Near,Male,64,Bajo
23.0,81.0,Medium,Low,Yes,7.0,74.0,Medium,Yes,0.0,Low,Medium,Public,Neutral,0.0,No,High School,Near,Female,66,Bajo
23.0,84.0,Medium,High,Yes,7.0,73.0,Medium,Yes,1.0,High,Medium,Public,Positive,4.0,No,High School,Near,Male,71,Alto
23.0,92.0,High,Medium,Yes,4.0,93.0,High,Yes,0.0,High,Medium,Public,Negative,4.0,No,High School,Near,Female,72,Alto
18.0,86.0,High,Medium,No,8.0,60.0,Medium,Yes,2.0,Low,Medium,Private,Neutral,1.0,No,High School,Near,Male,88,Alto
19.0,84.0,Medium,High,Yes,7.0,75.0,Low,Yes,1.0,Low,Medium,Public,Negative,2.0,No,High School,Near,Male,66,Bajo
22.0,76.0,Medium,Medium,Yes,6.0,71.0,Medium,Yes,0.0,Low,Medium,Private,Neutral,2.0,No,High School,Near,Male,65,Bajo
21.0,79.0,Low,Medium,Yes,7.0,84.0,Low,Yes,2.0,Medium,Medium,Private,Neutral,3.0,No,High School,Near,Male,66,Bajo
7.0,77.0,Low,Medium,Yes,7.0,53.0,High,Yes,4.0,Low,Medium,Private,Positive,2.0,No,High School,Near,Female,62,Bajo
19.0,94.0,Medium,Low,No,4.0,76.0,Medium,Yes,4.0,Low,Medium,Private,Negative,3.0,No,High School,Near,Female,68,Medio
15.0,69.0,Medium,Medium,Yes,7.0,74.0,High,Yes,2.0,Low,Medium,Private,Neutral,5.0,No,High School,Near,Female,65,Bajo
21.0,60.0,Low,High,No,8.0,99.0,Low,Yes,0.0,Low,Medium,Private,Positive,3.0,No,High School,Near,Male,62,Bajo
38.0,86.0,High,Medium,No,6.0,88.0,High,Yes,1.0,Low,Medium,Public,Negative,4.0,No,High School,Near,Female,74,Alto
22.0,68.0,Medium,Low,Yes,7.0,58.0,Medium,Yes,0.0,Medium,Medium,Public,Neutral,3.0,No,High School,Near,Male,64,Bajo
18.0,96.0,High,High,No,7.0,75.0,High,Yes,2.0,Medium,Medium,Public,Negative,2.0,No,High School,Near,Male,72,Alto
26.0,94.0,Medium,Medium,No,9.0,89.0,Medium,Yes,0.0,Low,Medium,Public,Neutral,3.0,Yes,High School,Near,Female,70,Alto
23.0,63.0,High,Medium,No,7.0,76.0,Medium,Yes,2.0,Medium,Medium,Public,Positive,1.0,No,High School,Near,Male,65,Bajo
23.0,64.0,Medium,High,Yes,8.0,68.0,Low,Yes,3.0,Low,Medium,Public,Neutral,3.0,No,High School,Near,Female,66,Bajo
24.0,80.0,Medium,Medium,Yes,7.0,69.0,Low,Yes,0.0,Medium,Medium,Private,Positive,3.0,No,High School,Near,Male,67,Medio
32.0,84.0,Medium,High,Yes,10.0,68.0,Medium,Yes,1.0,Low,Medium,Public,Positive,5.0,No,High School,Near,Male,73,Alto
13.0,71.0,Medium,High,Yes,6.0,51.0,Low,Yes,4.0,High,Medium,Public,Positive,4.0,No,High School,Near,Female,65,Bajo
23.0,89.0,High,High,No,6.0,87.0,Medium,Yes,4.0,Medium,Medium,Private,Neutral,3.0,No,High School,Near,Female,74,Alto
14.0,84.0,Medium,Medium,No,7.0,81.0,Medium,Yes,0.0,High,Medium,Public,Neutral,2.0,No,High School,Near,Female,66,Bajo
23.0,73.0,Medium,Medium,No,6.0,63.0,Medium,Yes,1.0,High,Medium,Public,Positive,3.0,No,High School,Near,Male,67,Medio
14.0,61.0,Medium,Medium,No,5.0,82.0,Low,No,0.0,Low,Medium,Public,Neutral,0.0,No,High School,Near,Female,58,Bajo
17.0,90.0,High,High,No,8.0,65.0,Medium,Yes,2.0,Low,Medium,Public,Positive,3.0,No,High School,Near,Male,71,Alto
18.0,69.0,Low,High,Yes,4.0,62.0,High,Yes,1.0,Medium,Medium,Public,Neutral,3.0,No,High School,Near,Male,63,Bajo
26.0,93.0,Low,High,No,6.0,87.0,Medium,Yes,1.0,Medium,Medium,Public,Positive,3.0,No,High School,Near,Female,73,Alto
26.0,77.0,High,Medium,Yes,5.0,90.0,Medium,Yes,1.0,Medium,Medium,Private,Neutral,2.0,No,High School,Near,Female,68,Medio
13.0,83.0,Low,Medium,Yes,7.0,81.0,Medium,Yes,4.0,Low,Medium,Public,Negative,5.0,No,High School,Near,Female,66,Bajo
20.0,95.0,Low,Medium,No,4.0,89.0,Medium,Yes,3.0,Low,Medium,Public,Negative,3.0,Yes,High School,Near,Male,68,Medio
16.0,95.0,Medium,Low,No,8.0,68.0,Low,No,2.0,Medium,Medium,Public,Neutral,4.0,No,High School,Near,Female,66,Bajo
12.0,75.0,Medium,High,No,8.0,54.0,Low,Yes,1.0,Medium,Medium,Public,Negative,3.0,No,High School,Near,Female,62,Bajo
19.0,68.0,Medium,Medium,Yes,5.0,80.0,Medium,Yes,0.0,Medium,Medium,Public,Neutral,3.0,Yes,High School,Near,Male,78,Alto
18.0,91.0,Medium,Medium,No,7.0,63.0,Medium,Yes,1.0,Medium,Medium,Public,Negative,4.0,No,High School,Near,Male,68,Medio
35.0,77.0,High,High,Yes,8.0,89.0,Medium,Yes,5.0,High,Medium,Public,Positive,4.0,No,High School,Near,Female,77,Alto
23.0,68.0,High,Low,Yes,8.0,68.0,Medium,Yes,1.0,Medium,Medium,Public,Neutral,2.0,No,High School,Near,Male,65,Bajo
12.0,96.0,High,High,Yes,5.0,84.0,Low,Yes,3.0,High,Medium,Public,Positive,4.0,No,High School,Near,Female,73,Alto
17.0,68.0,Medium,Low,Yes,5.0,78.0,Medium,Yes,4.0,Low,Medium,Public,Positive,2.0,No,High School,Near,Male,64,Bajo
26.0,61.0,Low,High,Yes,9.0,91.0,Medium,No,0.0,High,Medium,Private,Positive,4.0,No,High School,Near,Female,67,Medio
33.0,61.0,High,Medium,No,6.0,92.0,Medium,Yes,1.0,Medium,Medium,Public,Positive,4.0,No,High School,Near,Female,69,Medio
10.0,85.0,Low,Low,Yes,6.0,53.0,High,Yes,1.0,Low,Medium,Private,Neutral,3.0,Yes,High School,Near,Male,60,Bajo
9.0,86.0,High,Medium,No,8.0,65.0,High,Yes,0.0,Medium,Medium,Public,Positive,3.0,No,High School,Near,Female,66,Bajo
31.0,72.0,Low,High,Yes,5.0,94.0,High,Yes,2.0,Low,Medium,Public,Positive,2.0,No,High School,Near,Male,70,Alto
22.0,73.0,High,Medium,Yes,7.0,70.0,Low,No,2.0,Low,Medium,Public,Positive,3.0,No,High School,Near,Male,66,Bajo
15.0,74.0,High,Medium,Yes,8.0,76.0,Medium,Yes,1.0,Medium,Medium,Public,Neutral,4.0,No,High School,Near,Male,64,Bajo
23.0,87.0,Medium,High,No,5.0,59.0,Medium,Yes,1.0,High,Medium,Public,Neutral,4.0,No,High School,Near,Male,70,Alto
4.0,62.0,Medium,Medium,No,6.0,78.0,High,Yes,3.0,High,Medium,Public,Neutral,2.0,No,High School,Near,Female,58,Bajo
20.0,97.0,Medium,High,Yes,5.0,63.0,Medium,Yes,0.0,Low,Medium,Public,Negative,3.0,No,High School,Near,Female,69,Medio
22.0,69.0,Medium,Medium,Yes,6.0,91.0,Low,Yes,0.0,High,Medium,Private,Neutral,1.0,Yes,High School,Near,Male,64,Bajo
26.0,100.0,Low,Medium,No,9.0,60.0,Medium,Yes,2.0,Medium,Medium,Public,Positive,4.0,No,High School,Near,Male,72,Alto
14.0,67.0,Medium,Medium,Yes,9.0,68.0,Low,Yes,1.0,Low,Medium,Public,Neutral,3.0,Yes,High School,Near,Male,60,Bajo
21.0,91.0,Medium,Medium,Yes,7.0,55.0,High,Yes,2.0,High,Medium,Private,Neutral,3.0,No,High School,Near,Female,70,Alto
14.0,69.0,Medium,Low,Yes,8.0,79.0,Medium,Yes,1.0,High,Medium,Public,Negative,1.0,No,High School,Near,Female,62,Bajo
22.0,63.0,Medium,Medium,Yes,8.0,97.0,Medium,Yes,1.0,High,Medium,Public,Neutral,3.0,No,High School,Near,Female,66,Bajo
15.0,95.0,Medium,Medium,Yes,6.0,59.0,Low,Yes,0.0,Medium,Medium,Private,Positive,5.0,No,High School,Near,Female,66,Bajo
18.0,94.0,Low,Medium,Yes,7.0,51.0,Medium,Yes,1.0,Low,Medium,Public,Neutral,3.0,Yes,High School,Near,Male,65,Bajo
14.0,76.0,High,Medium,Yes,5.0,71.0,Medium,Yes,1.0,Low,Medium,Public,Negative,3.0,No,High School,Near,Male,64,Bajo
24.0,88.0,High,Medium,Yes,6.0,87.0,Medium,Yes,1.0,High,Medium,Private,Positive,3.0,No,High School,Near,Female,72,Alto
25.0,82.0,Medium,Medium,Yes,7.0,99.0,High,Yes,3.0,Low,Medium,Public,Neutral,2.0,No,High School,Near,Female,71,Alto
19.0,94.0,Low,High,No,5.0,53.0,Medium,Yes,1.0,Medium,Medium,Public,Neutral,3.0,No,High School,Near,Female,68,Medio
20.0,73.0,High,Medium,Yes,5.0,89.0,Medium,Yes,2.0,Medium,Medium,Public,Positive,5.0,Yes,High School,Near,Female,68,Medio
11.0,81.0,Low,Medium,Yes,6.0,68.0,High,Yes,2.0,High,Medium,Private,Negative,3.0,No,High School,Near,Female,64,Bajo
18.0,79.0,Low,Medium,Yes,9.0,58.0,Medium,Yes,3.0,Medium,Medium,Public,Negative,3.0,No,High School,Near,Female,65,Bajo
20.0,74.0,Medium,High,Yes,9.0,60.0,Medium,No,1.0,Low,Medium,Public,Positive,3.0,No,High School,Near,Female,64,Bajo
36.0,96.0,Medium,Low,No,7.0,96.0,Medium,Yes,1.0,Low,Medium,Public,Positive,3.0,No,High School,Near,Female,75,Alto
13.0,67.0,Low,Medium,Yes,8.0,90.0,Medium,Yes,2.0,Low,Medium,Private,Negative,2.0,No,High School,Near,Male,61,Bajo
29.0,66.0,High,High,No,6.0,66.0,Medium,Yes,0.0,Medium,Medium,Private,Negative,3.0,No,High School,Near,Male,68,Medio
26.0,83.0,Medium,Medium,No,4.0,97.0,Low,Yes,2.0,Low,Medium,Public,Negative,4.0,No,High School,Near,Male,70,Alto
22.0,86.0,High,Medium,No,6.0,55.0,Medium,Yes,5.0,High,Medium,Private,Negative,3.0,No,High School,Near,Female,71,Alto
31.0,68.0,Low,High,Yes,7.0,66.0,Low,Yes,0.0,Low,Medium,Public,Positive,3.0,No,High School,Near,Male,66,Bajo
22.0,76.0,High,Low,Yes,7.0,83.0,Low,Yes,0.0,Low,Medium,Public,Positive,1.0,No,High School,Near,Male,66,Bajo
22.0,98.0,Medium,Medium,Yes,7.0,100.0,Low,Yes,0.0,Low,Medium,Public,Neutral,3.0,No,High School,Near,Male,70,Alto
20.0,70.0,Low,Medium,No,7.0,73.0,Medium,Yes,0.0,Low,Medium,Public,Negative,5.0,No,High School,Near,Female,62,Bajo
27.0,87.0,High,Low,Yes,6.0,91.0,Low,Yes,4.0,High,Medium,Public,Neutral,4.0,No,High School,Near,Male,72,Alto
27.0,90.0,High,Medium,No,8.0,96.0,High,Yes,0.0,Medium,Medium,Public,Negative,4.0,No,High School,Near,Male,72,Alto
16.0,78.0,Low,Medium,Yes,5.0,50.0,Medium,Yes,2.0,Low,Medium,Private,Positive,2.0,No,High School,Near,Male,63,Bajo
12.0,98.0,High,Low,Yes,8.0,64.0,Medium,No,5.0,Low,Medium,Public,Neutral,5.0,No,High School,Near,Female,69,Medio
19.0,89.0,Medium,Medium,Yes,6.0,55.0,Medium,Yes,0.0,Medium,Medium,Public,Positive,2.0,No,High School,Near,Male,68,Medio
15.0,78.0,High,High,Yes,10.0,89.0,Low,Yes,0.0,Medium,Medium,Public,Neutral,3.0,No,High School,Near,Male,67,Medio
20.0,83.0,High,High,Yes,7.0,78.0,High,Yes,3.0,Low,Medium,Private,Neutral,2.0,No,High School,Near,Female,71,Alto
27.0,88.0,Low,Medium,Yes,6.0,55.0,Low,No,2.0,Low,Medium,Public,Positive,5.0,No,High School,Near,Male,67,Medio
17.0,84.0,Low,Low,Yes,6.0,71.0,Low,Yes,0.0,Medium,Medium,Private,Negative,4.0,Yes,High School,Near,Male,62,Bajo
20.0,95.0,Medium,Medium,No,6.0,76.0,Medium,Yes,0.0,Low,Medium,Private,Positive,4.0,No,High School,Near,Female,69,Medio
20.0,74.0,High,Medium,Yes,8.0,85.0,Medium,Yes,2.0,Low,Medium,Public,Positive,0.0,No,High School,Near,Male,67,Medio
25.0,72.0,Medium,High,Yes,7.0,89.0,Medium,Yes,2.0,Low,Medium,Public,Positive,3.0,No,High School,Near,Female,71,Alto
7.0,69.0,Medium,High,Yes,8.0,54.0,High,Yes,1.0,Medium,Medium,Public,Positive,2.0,No,High School,Near,Male,87,Alto
16.0,62.0,Low,Medium,No,8.0,74.0,Medium,Yes,2.0,High,Medium,Private,Neutral,3.0,No,High School,Near,Male,62,Bajo
21.0,62.0,High,Low,Yes,7.0,58.0,Medium,Yes,2.0,Low,Medium,Public,Positive,1.0,No,High School,Near,Female,64,Bajo
27.0,95.0,Medium,High,No,8.0,88.0,High,Yes,3.0,Medium,Medium,Private,Positive,2.0,No,High School,Near,Female,74,Alto
17.0,87.0,High,High,Yes,9.0,83.0,Medium,Yes,0.0,Low,Medium,Public,Neutral,2.0,No,High School,Near,Male,69,Medio
9.0,86.0,High,Medium,No,8.0,86.0,Medium,Yes,1.0,Low,Medium,Public,Neutral,1.0,No,High School,Near,Male,65,Bajo
24.0,85.0,Low,Medium,Yes,7.0,54.0,Medium,No,2.0,Medium,Medium,Public,Neutral,3.0,No,High School,Near,Female,66,Bajo
16.0,94.0,Medium,Medium,Yes,8.0,76.0,Low,Yes,3.0,Medium,Medium,Public,Negative,4.0,No,High School,Near,Female,70,Alto
13.0,79.0,High,High,No,5.0,92.0,Medium,Yes,3.0,Medium,Medium,Public,Neutral,3.0,No,High School,Near,Male,68,Medio
16.0,95.0,Low,Low,No,10.0,86.0,Medium,Yes,4.0,High,Medium,Public,Positive,2.0,No,High School,Near,Female,70,Alto
19.0,74.0,High,High,No,8.0,93.0,High,Yes,1.0,Medium,Medium,Public,Negative,3.0,No,High School,Near,Male,68,Medio
16.0,97.0,High,Low,Yes,8.0,60.0,Medium,Yes,0.0,Low,Medium,Public,Positive,3.0,No,High School,Near,Male,69,Medio
7.0,88.0,Medium,High,Yes,7.0,64.0,Low,Yes,2.0,Medium,Medium,Public,Neutral,4.0,No,High School,Near,Male,66,Bajo
25.0,70.0,Medium,Medium,Yes,4.0,72.0,Medium,Yes,0.0,Low,Medium,Public,Neutral,4.0,No,High School,Near,Male,65,Bajo
28.0,83.0,Medium,Medium,Yes,7.0,76.0,Medium,Yes,1.0,Medium,Medium,Public,Positive,3.0,No,High School,Near,Male,71,Alto
24.0,81.0,Medium,Low,Yes,7.0,63.0,Medium,Yes,1.0,Low,Medium,Public,Positive,3.0,No,High School,Near,Male,66,Bajo
13.0,66.0,Low,Medium,Yes,6.0,69.0,Low,Yes,2.0,Low,Medium,Private,Positive,4.0,No,High School,Near,Male,61,Bajo
19.0,84.0,Medium,Medium,Yes,6.0,84.0,Medium,Yes,3.0,Medium,Medium,Public,Neutral,2.0,No,High School,Near,Male,69,Medio
20.0,73.0,Medium,Medium,No,6.0,82.0,Low,Yes,1.0,Medium,Medium,Private,Negative,3.0,No,High School,Near,Male,65,Bajo
24.0,62.0,Medium,Medium,Yes,8.0,56.0,Medium,Yes,0.0,Medium,Medium,Private,Positive,2.0,No,High School,Near,Male,63,Bajo
24.0,98.0,Medium,Low,Yes,9.0,99.0,High,Yes,2.0,Low,Medium,Public,Neutral,2.0,No,High School,Near,Female,73,Alto
16.0,86.0,High,Medium,Yes,7.0,78.0,Low,Yes,1.0,Low,Medium,Private,Positive,4.0,No,High School,Near,Male,68,Medio
20.0,95.0,Medium,Medium,Yes,6.0,74.0,Medium,Yes,1.0,High,Medium,Public,Positive,4.0,No,High School,Near,Female,70,Alto
23.0,87.0,Medium,Medium,Yes,6.0,98.0,Medium,Yes,3.0,Medium,Medium,Public,Neutral,3.0,No,High School,Near,Male,72,Alto
29.0,74.0,High,Medium,Yes,7.0,57.0,Medium,No,3.0,Medium,Medium,Private,Positive,2.0,No,High School,Near,Male,68,Medio
24.0,81.0,Medium,Medium,No,7.0,77.0,Medium,Yes,0.0,High,Medium,Private,Positive,3.0,No,High School,Near,Male,68,Medio
25.0,87.0,High,Medium,Yes,8.0,90.0,Medium,Yes,1.0,Low,Medium,Public,Negative,4.0,No,High School,Near,Female,71,Alto
21.0,98.0,Low,Low,Yes,6.0,70.0,Medium,Yes,1.0,Medium,Medium,Public,Positive,3.0,No,High School,Near,Male,68,Medio
28.0,70.0,High,Low,Yes,8.0,87.0,High,Yes,3.0,Low,Medium,Public,Neutral,3.0,No,High School,Near,Male,70,Alto
22.0,95.0,Medium,Low,Yes,8.0,95.0,Medium,No,2.0,Low,Medium,Private,Neutral,4.0,No,High School,Near,Female,70,Alto
15.0,97.0,High,Medium,Yes,6.0,63.0,Low,Yes,2.0,Medium,Medium,Public,Neutral,3.0,No,High School,Near,Female,69,Medio
28.0,87.0,High,Medium,Yes,4.0,62.0,High,Yes,2.0,Low,Medium,Public,Positive,4.0,No,High School,Near,Female,73,Alto
24.0,97.0,Medium,Medium,Yes,6.0,68.0,Low,Yes,1.0,Medium,Medium,Public,Neutral,4.0,No,High School,Near,Male,72,Alto
17.0,76.0,Medium,High,No,9.0,71.0,Medium,Yes,0.0,Medium,Medium,Public,Neutral,3.0,No,High School,Near,Male,67,Medio
17.0,98.0,High,Medium,No,4.0,56.0,Medium,Yes,2.0,Low,Medium,Private,Positive,3.0,No,High School,Near,Female,69,Medio
22.0,88.0,Low,Medium,Yes,9.0,62.0,Medium,Yes,1.0,High,Medium,Private,Negative,3.0,No,High School,Near,Male,68,Medio
23.0,62.0,High,Low,No,4.0,94.0,Medium,Yes,0.0,Medium,Medium,Private,Positive,3.0,No,High School,Near,Female,64,Bajo
21.0,96.0,Low,High,Yes,6.0,78.0,Low,Yes,2.0,Medium,Medium,Private,Neutral,3.0,No,High School,Near,Female,71,Alto
22.0,79.0,High,Medium,Yes,6.0,63.0,Medium,Yes,1.0,Medium,Medium,Public,Neutral,4.0,No,High School,Near,Female,68,Medio
30.0,78.0,Medium,High,Yes,10.0,97.0,Medium,Yes,1.0,Low,Medium,Private,Positive,2.0,No,High School,Near,Male,70,Alto
26.0,83.0,Medium,High,Yes,7.0,89.0,Medium,Yes,3.0,Low,Medium,Private,Positive,3.0,No,High School,Near,Male,72,Alto
21.0,66.0,Low,High,Yes,7.0,68.0,High,Yes,2.0,Low,Medium,Public,Positive,1.0,No,High School,Near,Female,65,Bajo
26.0,79.0,Medium,High,No,6.0,88.0,Medium,Yes,1.0,Low,Medium,Public,Positive,3.0,Yes,High School,Near,Male,70,Alto
14.0,93.0,Medium,Medium,No,8.0,80.0,Low,Yes,2.0,Low,Medium,Private,Positive,4.0,No,High School,Near,Male,69,Medio
22.0,61.0,Medium,Medium,No,6.0,84.0,Low,Yes,0.0,Medium,Medium,Public,Positive,2.0,No,High School,Near,Male,64,Bajo
31.0,71.0,Low,High,Yes,7.0,66.0,Medium,Yes,3.0,Low,Medium,Private,Negative,1.0,No,High School,Near,Male,67,Medio
19.0,60.0,High,High,Yes,6.0,60.0,High,Yes,1.0,Low,Medium,Public,Positive,2.0,No,High School,Near,Male,65,Bajo
15.0,77.0,Low,Medium,Yes,8.0,63.0,Medium,Yes,0.0,Medium,Medium,Public,Neutral,1.0,No,High School,Near,Female,62,Bajo
16.0,89.0,High,Medium,No,8.0,54.0,Medium,Yes,2.0,Low,Medium,Private,Positive,2.0,No,High School,Near,Male,68,Medio
13.0,92.0,Medium,High,No,6.0,74.0,High,Yes,2.0,Low,Medium,Private,Neutral,2.0,No,High School,Near,Male,68,Medio
15.0,98.0,Medium,Medium,No,6.0,70.0,Low,Yes,1.0,Medium,Medium,Private,Positive,3.0,No,High School,Near,Male,68,Medio
18.0,84.0,Medium,Low,Yes,6.0,50.0,Medium,Yes,4.0,High,Medium,Private,Negative,3.0,No,High School,Near,Male,68,Medio
12.0,70.0,Medium,Medium,Yes,7.0,93.0,Medium,Yes,1.0,Low,Medium,Public,Neutral,4.0,No,High School,Near,Female,62,Bajo
20.0,97.0,Medium,Low,Yes,8.0,84.0,Low,Yes,4.0,Medium,Medium,Public,Positive,5.0,No,High School,Near,Female,72,Alto
25.0,91.0,Low,Medium,No,7.0,72.0,Medium,Yes,1.0,Medium,Medium,Private,Neutral,3.0,No,High School,Near,Male,69,Medio
15.0,83.0,Medium,High,No,4.0,98.0,Low,Yes,3.0,Low,Medium,Public,Positive,3.0,No,High School,Near,Female,68,Medio
29.0,88.0,Low,Medium,Yes,8.0,97.0,Medium,Yes,4.0,Low,Medium,Public,Negative,3.0,Yes,High School,Near,Male,71,Alto
23.0,97.0,Low,High,Yes,5.0,55.0,Medium,Yes,0.0,Medium,Medium,Public,Neutral,3.0,No,High School,Near,Female,69,Medio
26.0,88.0,Low,High,No,6.0,81.0,Medium,Yes,1.0,High,Medium,Public,Positive,2.0,No,High School,Near,Male,71,Alto
16.0,75.0,Medium,High,Yes,7.0,91.0,Low,Yes,2.0,Low,Medium,Public,Positive,5.0,No,High School,Near,Male,65,Bajo
25.0,89.0,Medium,High,No,7.0,59.0,Medium,Yes,1.0,Low,Medium,Public,Neutral,4.0,Yes,High School,Near,Male,68,Medio
13.0,62.0,Medium,Medium,Yes,8.0,56.0,Low,Yes,1.0,Low,Medium,Public,Positive,4.0,Yes,High School,Near,Female,60,Bajo
25.0,75.0,Medium,Medium,Yes,6.0,63.0,Low,Yes,3.0,High,Medium,Private,Neutral,4.0,No,High School,Near,Male,68,Medio
21.0,76.0,Low,High,No,6.0,64.0,Medium,Yes,1.0,Medium,Medium,Public,Neutral,4.0,No,High School,Near,Female,66,Bajo
23.0,67.0,Medium,Medium,No,7.0,98.0,Low,Yes,4.0,Low,Medium,Private,Neutral,3.0,No,High School,Near,Male,66,Bajo
13.0,61.0,Medium,Medium,Yes,8.0,89.0,Low,Yes,4.0,Low,Medium,Private,Neutral,4.0,No,High School,Near,Female,62,Bajo
15.0,65.0,Medium,Medium,No,8.0,53.0,Medium,Yes,2.0,Low,Medium,Public,Negative,3.0,No,High School,Near,Male,61,Bajo
24.0,86.0,High,Medium,No,7.0,89.0,Low,Yes,2.0,Low,Medium,Public,Negative,3.0,No,High School,Near,Female,69,Medio
14.0,92.0,Medium,High,Yes,9.0,58.0,High,Yes,1.0,High,Medium,Public,Positive,2.0,No,High School,Near,Male,69,Medio
23.0,100.0,Medium,Medium,Yes,9.0,68.0,Medium,Yes,4.0,High,Medium,Private,Negative,3.0,No,High School,Near,Male,74,Alto
12.0,74.0,Medium,High,Yes,8.0,66.0,Low,Yes,1.0,Low,Medium,Public,Negative,4.0,No,High School,Near,Female,62,Bajo
25.0,84.0,Medium,Medium,Yes,5.0,64.0,Medium,Yes,0.0,Low,Medium,Public,Negative,3.0,No,High School,Near,Female,67,Medio
13.0,97.0,High,Medium,No,8.0,65.0,High,Yes,1.0,Low,Medium,Private,Positive,2.0,No,High School,Near,Female,69,Medio
23.0,67.0,High,Low,Yes,7.0,88.0,Medium,Yes,1.0,Low,Medium,Private,Positive,4.0,No,High School,Near,Male,66,Bajo
24.0,89.0,Medium,High,Yes,6.0,63.0,Medium,Yes,2.0,High,Medium,Private,Positive,3.0,No,High School,Near,Male,72,Alto
16.0,90.0,High,Low,No,6.0,90.0,Medium,Yes,2.0,High,Medium,Public,Neutral,3.0,No,High School,Near,Male,69,Medio
23.0,64.0,Medium,High,Yes,7.0,55.0,Medium,Yes,0.0,Medium,Medium,Public,Positive,4.0,No,High School,Near,Male,65,Bajo
22.0,94.0,Medium,High,No,6.0,80.0,Low,Yes,0.0,High,Medium,Private,Positive,2.0,No,High School,Near,Male,72,Alto
17.0,93.0,Low,Medium,Yes,7.0,93.0,Low,Yes,2.0,Medium,Medium,Private,Positive,4.0,No,High School,Near,Male,69,Medio
14.0,61.0,Medium,High,No,7.0,54.0,Medium,Yes,3.0,Low,Medium,Public,Positive,2.0,Yes,High School,Near,Female,60,Bajo
8.0,64.0,High,Medium,No,7.0,82.0,High,Yes,0.0,High,Medium,Public,Neutral,1.0,Yes,High School,Near,Female,61,Bajo
22.0,62.0,High,Low,No,8.0,76.0,Medium,Yes,1.0,Medium,Medium,Public,Neutral,3.0,No,High School,Near,Male,63,Bajo
11.0,73.0,Medium,Medium,No,7.0,67.0,Medium,No,3.0,Medium,Medium,Private,Positive,5.0,Yes,High School,Near,Male,63,Bajo
21.0,80.0,Medium,Medium,Yes,6.0,55.0,High,Yes,1.0,High,Medium,Public,Negative,3.0,No,High School,Near,Male,68,Medio
18.0,81.0,Medium,Medium,Yes,4.0,84.0,Low,Yes,1.0,Medium,Medium,Private,Positive,4.0,No,High School,Near,Female,68,Medio
24.0,71.0,High,Medium,No,8.0,65.0,Medium,Yes,1.0,Low,Medium,Private,Negative,2.0,No,High School,Near,Male,65,Bajo
18.0,96.0,Medium,High,No,7.0,67.0,Medium,Yes,1.0,High,Medium,Public,Positive,2.0,No,High School,Near,Female,71,Alto
18.0,75.0,Medium,Medium,Yes,7.0,86.0,Low,Yes,1.0,Low,Medium,Private,Negative,3.0,No,High School,Near,Male,64,Bajo
24.0,62.0,Medium,Medium,No,9.0,97.0,Medium,Yes,1.0,Medium,Medium,Private,Negative,2.0,No,High School,Near,Male,65,Bajo
22.0,72.0,High,Medium,Yes,5.0,67.0,Low,Yes,2.0,Medium,Medium,Public,Neutral,4.0,No,High School,Near,Female,67,Medio
22.0,81.0,High,Medium,No,7.0,87.0,Low,Yes,0.0,Low,Medium,Public,Neutral,2.0,No,High School,Near,Female,67,Medio
23.0,76.0,Low,Medium,Yes,6.0,98.0,Medium,Yes,1.0,Low,Medium,Public,Neutral,3.0,No,High School,Near,Male,67,Medio
11.0,71.0,Low,Medium,Yes,8.0,55.0,Medium,Yes,1.0,Low,Medium,Public,Negative,3.0,No,High School,Near,Female,87,Alto
25.0,65.0,High,High,Yes,4.0,76.0,High,Yes,1.0,High,Medium,Private,Neutral,1.0,No,High School,Near,Female,67,Medio
24.0,93.0,High,Medium,Yes,8.0,51.0,High,Yes,4.0,Medium,Medium,Private,Positive,2.0,Yes,High School,Near,Male,72,Alto
14.0,100.0,Medium,Low,Yes,8.0,91.0,High,Yes,0.0,Low,Medium,Public,Neutral,3.0,No,High School,Near,Female,69,Medio
19.0,73.0,Medium,Medium,Yes,6.0,64.0,Low,Yes,1.0,High,Medium,Public,Positive,3.0,No,High School,Near,Female,65,Bajo
20.0,75.0,High,Medium,Yes,7.0,67.0,Low,Yes,1.0,Low,Medium,Private,Positive,4.0,No,High School,Near,Female,66,Bajo
19.0,85.0,High,High,No,6.0,84.0,Low,Yes,3.0,Medium,Medium,Private,Negative,3.0,No,High School,Near,Male,70,Alto
22.0,89.0,High,High,Yes,8.0,89.0,Medium,Yes,0.0,Medium,Medium,Private,Neutral,3.0,No,High School,Near,Male,71,Alto
29.0,76.0,Medium,High,Yes,8.0,70.0,Low,No,1.0,Low,Medium,Public,Neutral,4.0,No,High School,Near,Female,67,Medio
26.0,96.0,High,Medium,No,5.0,83.0,Medium,Yes,0.0,Medium,Medium,Public,Positive,2.0,No,High School,Near,Male,72,Alto
12.0,82.0,Low,Medium,No,5.0,98.0,Medium,Yes,0.0,Low,Medium,Public,Neutral,1.0,No,High School,Near,Male,63,Bajo
24.0,78.0,High,Low,Yes,9.0,94.0,Low,Yes,0.0,Low,Medium,Public,Neutral,4.0,No,High School,Near,Female,67,Medio
28.0,86.0,Low,Medium,No,10.0,85.0,Medium,Yes,6.0,Low,Medium,Public,Neutral,2.0,No,High School,Near,Male,72,Alto
22.0,98.0,Medium,Medium,No,8.0,97.0,Low,Yes,1.0,High,Medium,Private,Positive,1.0,Yes,High School,Near,Female,72,Alto
27.0,92.0,Medium,Medium,No,8.0,94.0,Medium,No,1.0,Low,Medium,Private,Negative,4.0,No,High School,Near,Female,70,Alto
32.0,62.0,High,Medium,No,7.0,86.0,Low,Yes,0.0,Low,Medium,Public,Positive,2.0,No,High School,Near,Female,67,Medio
26.0,73.0,Medium,Medium,No,7.0,96.0,High,Yes,0.0,Medium,Medium,Private,Neutral,3.0,No,High School,Near,Female,68,Medio
21.0,79.0,Low,Medium,Yes,8.0,91.0,High,Yes,1.0,Low,Medium,Public,Positive,3.0,No,High School,Near,Male,67,Medio
26.0,73.0,High,High,No,7.0,75.0,Low,Yes,3.0,Low,Medium,Public,Positive,5.0,No,High School,Near,Male,70,Alto
21.0,88.0,Medium,Low,No,9.0,75.0,High,No,1.0,Medium,Medium,Private,Neutral,2.0,No,High School,Near,Female,67,Medio
20.0,93.0,Medium,Medium,Yes,7.0,50.0,Medium,Yes,1.0,High,Medium,Public,Positive,4.0,No,High School,Near,Male,71,Alto
18.0,89.0,High,Low,Yes,7.0,52.0,Medium,Yes,1.0,High,Medium,Public,Positive,3.0,No,High School,Near,Female,69,Medio
29.0,100.0,Medium,Medium,Yes,7.0,87.0,Medium,No,3.0,Low,Medium,Public,Negative,5.0,No,High School,Near,Female,74,Alto
15.0,71.0,High,Low,No,7.0,78.0,Medium,Yes,0.0,Medium,Medium,Private,Positive,3.0,No,High School,Near,Male,63,Bajo
29.0,95.0,Medium,Low,Yes,9.0,88.0,Medium,Yes,0.0,Medium,Medium,Public,Neutral,2.0,No,High School,Near,Female,72,Alto
23.0,91.0,High,Low,Yes,7.0,97.0,Low,Yes,2.0,Low,Medium,Public,Neutral,3.0,No,High School,Near,Male,71,Alto
12.0,74.0,High,Medium,No,7.0,73.0,Medium,Yes,1.0,Low,Medium,Public,Neutral,5.0,No,High School,Near,Male,64,Bajo
22.0,89.0,Medium,Medium,Yes,7.0,54.0,Medium,Yes,1.0,High,Medium,Public,Positive,3.0,No,High School,Near,Female,69,Medio
7.0,64.0,High,High,No,6.0,81.0,Medium,Yes,2.0,Low,Medium,Private,Positive,3.0,No,High School,Near,Female,62,Bajo
24.0,92.0,Medium,Medium,Yes,5.0,55.0,Medium,No,1.0,Medium,Medium,Public,Neutral,4.0,No,High School,Near,Male,69,Medio
25.0,81.0,High,Low,Yes,9.0,81.0,Low,Yes,2.0,Low,Medium,Public,Neutral,3.0,No,High School,Near,Male,68,Medio
16.0,72.0,High,Medium,Yes,9.0,76.0,High,Yes,6.0,Low,Medium,Public,Negative,3.0,No,High School,Near,Male,67,Medio
21.0,86.0,Medium,Medium,Yes,9.0,86.0,High,Yes,2.0,Medium,Medium,Public,Neutral,3.0,No,High School,Near,Male,71,Alto
32.0,86.0,Medium,Medium,Yes,5.0,68.0,Low,Yes,1.0,Medium,Medium,Public,Negative,4.0,No,High School,Near,Male,70,Alto
17.0,68.0,High,Medium,No,9.0,57.0,Medium,Yes,2.0,Medium,Medium,Public,Neutral,3.0,No,High School,Near,Male,63,Bajo
14.0,61.0,Low,High,No,10.0,62.0,Medium,Yes,0.0,High,Medium,Public,Negative,4.0,No,High School,Near,Female,60,Bajo
29.0,77.0,Medium,Medium,No,9.0,84.0,Medium,Yes,0.0,Low,Medium,Public,Neutral,3.0,No,High School,Near,Female,69,Medio
32.0,83.0,Medium,Medium,Yes,9.0,74.0,Medium,Yes,3.0,Low,Medium,Public,Neutral,3.0,No,High School,Near,Male,71,Alto
20.0,95.0,Low,Low,Yes,8.0,77.0,Medium,Yes,1.0,High,Medium,Public,Positive,2.0,No,High School,Near,Male,69,Medio
26.0,97.0,High,Low,Yes,6.0,66.0,Medium,Yes,2.0,Medium,Medium,Public,Positive,1.0,No,High School,Near,Female,73,Alto
28.0,81.0,Medium,High,Yes,8.0,92.0,Medium,Yes,1.0,High,Medium,Public,Positive,3.0,No,High School,Near,Female,73,Alto
16.0,90.0,Medium,Medium,No,5.0,100.0,Medium,Yes,1.0,Low,Medium,Public,Positive,3.0,No,High School,Near,Female,68,Medio
17.0,78.0,High,Medium,Yes,6.0,66.0,Medium,Yes,2.0,Low,Medium,Public,Positive,4.0,No,High School,Near,Male,67,Medio
27.0,90.0,Medium,High,No,7.0,86.0,High,Yes,2.0,Medium,Medium,Public,Positive,3.0,No,High School,Near,Male,74,Alto
30.0,68.0,Medium,High,No,7.0,59.0,Medium,Yes,3.0,Low,Medium,Public,Positive,3.0,No,High School,Near,Male,68,Medio
23.0,75.0,High,Medium,No,8.0,87.0,Low,Yes,1.0,Medium,Medium,Public,Positive,2.0,No,High School,Near,Female,69,Medio
15.0,85.0,High,Medium,No,4.0,72.0,Medium,Yes,4.0,Low,Medium,Private,Neutral,4.0,No,High School,Near,Male,69,Medio
32.0,61.0,High,High,Yes,7.0,80.0,Medium,Yes,0.0,Low,Medium,Public,Positive,4.0,Yes,High School,Near,Female,68,Medio
17.0,89.0,Low,High,No,8.0,62.0,Medium,Yes,1.0,Low,Medium,Public,Positive,1.0,No,High School,Near,Male,66,Bajo
18.0,93.0,Low,Low,Yes,8.0,93.0,Medium,Yes,3.0,Low,Medium,Public,Negative,3.0,No,High School,Near,Male,69,Medio
22.0,76.0,Medium,Medium,Yes,8.0,59.0,Medium,Yes,1.0,Low,Medium,Public,Positive,2.0,No,High School,Near,Female,66,Bajo
29.0,78.0,Low,Medium,Yes,7.0,96.0,High,Yes,5.0,Low,Medium,Public,Positive,4.0,No,High School,Near,Male,72,Alto
25.0,94.0,Medium,Low,Yes,6.0,53.0,Low,Yes,1.0,Medium,Medium,Public,Negative,3.0,No,High School,Near,Female,69,Medio
22.0,91.0,Medium,Medium,Yes,8.0,64.0,Medium,Yes,1.0,Low,Medium,Public,Positive,3.0,Yes,High School,Near,Male,68,Medio
23.0,72.0,Medium,Medium,Yes,7.0,78.0,Medium,Yes,1.0,Low,Medium,Private,Neutral,3.0,No,High School,Near,Male,66,Bajo
20.0,73.0,Medium,Low,Yes,8.0,93.0,High,Yes,1.0,Low,Medium,Public,Negative,4.0,No,High School,Near,Male,65,Bajo
23.0,87.0,Medium,Medium,No,8.0,79.0,High,Yes,2.0,Low,Medium,Public,Neutral,2.0,No,High School,Near,Male,71,Alto
5.0,83.0,Medium,Medium,Yes,7.0,61.0,Medium,Yes,2.0,Low,Medium,Public,Negative,4.0,No,High School,Near,Male,61,Bajo
18.0,66.0,Low,Medium,Yes,6.0,93.0,Medium,Yes,1.0,Low,Medium,Public,Neutral,3.0,Yes,High School,Near,Female,63,Bajo
21.0,72.0,Medium,High,Yes,9.0,80.0,Low,Yes,1.0,Medium,Medium,Public,Neutral,3.0,No,High School,Near,Female,66,Bajo
13.0,96.0,Medium,High,No,8.0,62.0,Medium,Yes,0.0,High,Medium,Private,Neutral,2.0,No,High School,Near,Male,69,Medio
22.0,88.0,High,High,Yes,10.0,78.0,Medium,Yes,0.0,Medium,Medium,Private,Positive,2.0,No,High School,Near,Male,71,Alto
19.0,99.0,High,Medium,Yes,8.0,84.0,High,Yes,0.0,High,Medium,Public,Positive,4.0,No,High School,Near,Female,73,Alto
31.0,91.0,High,Medium,Yes,8.0,84.0,Low,Yes,2.0,Low,Medium,Public,Negative,2.0,No,High School,Near,Male,72,Alto
29.0,98.0,Medium,High,No,5.0,86.0,Low,Yes,2.0,Medium,Medium,Private,Negative,4.0,No,High School,Near,Male,73,Alto
17.0,69.0,Low,High,Yes,7.0,95.0,Medium,Yes,1.0,Low,Medium,Private,Positive,2.0,No,High School,Near,Male,65,Bajo
19.0,91.0,Low,High,Yes,7.0,91.0,Medium,Yes,1.0,High,Medium,Public,Neutral,3.0,No,High School,Near,Female,71,Alto
20.0,61.0,High,Medium,Yes,8.0,80.0,Medium,Yes,1.0,Low,Medium,Public,Positive,3.0,No,High School,Near,Male,65,Bajo
17.0,87.0,Medium,Medium,No,8.0,52.0,Low,Yes,1.0,Medium,Medium,Public,Positive,5.0,No,High School,Near,Male,67,Medio
21.0,79.0,Medium,High,Yes,8.0,87.0,Medium,Yes,1.0,Low,Medium,Public,Neutral,2.0,No,High School,Near,Male,69,Medio
15.0,74.0,Low,High,No,10.0,99.0,Low,No,0.0,Low,Medium,Private,Neutral,3.0,No,High School,Near,Male,63,Bajo
13.0,94.0,Low,High,Yes,6.0,65.0,High,Yes,2.0,Medium,Medium,Public,Neutral,2.0,No,High School,Near,Male,68,Medio
24.0,94.0,High,Low,Yes,8.0,80.0,High,No,1.0,Low,Medium,Public,Neutral,4.0,No,High School,Near,Female,70,Alto
24.0,61.0,Medium,Medium,Yes,8.0,88.0,Low,Yes,1.0,Low,Medium,Private,Positive,4.0,No,High School,Near,Female,64,Bajo
15.0,84.0,Medium,Medium,No,10.0,82.0,Medium,Yes,1.0,High,Medium,Private,Negative,2.0,Yes,High School,Near,Male,64,Bajo
25.0,75.0,Low,High,Yes,8.0,96.0,High,Yes,1.0,Low,Medium,Private,Neutral,0.0,No,High School,Near,Male,68,Medio
16.0,77.0,Medium,High,Yes,8.0,74.0,Medium,Yes,0.0,High,Medium,Private,Neutral,2.0,No,High School,Near,Female,65,Bajo
22.0,93.0,High,Medium,No,8.0,77.0,Medium,Yes,0.0,High,Medium,Public,Neutral,1.0,No,High School,Near,Female,70,Alto
25.0,72.0,Medium,Medium,Yes,8.0,52.0,Low,Yes,0.0,Medium,Medium,Private,Positive,2.0,No,High School,Near,Male,66,Bajo
20.0,98.0,High,Low,Yes,9.0,95.0,Low,Yes,1.0,Low,Medium,Public,Positive,2.0,No,High School,Near,Female,70,Alto
23.0,67.0,Medium,Medium,Yes,6.0,63.0,High,Yes,3.0,Low,Medium,Private,Neutral,3.0,No,High School,Near,Male,66,Bajo
17.0,87.0,Medium,Medium,No,6.0,99.0,Medium,Yes,2.0,Low,Medium,Private,Neutral,2.0,No,High School,Near,Male,69,Medio
19.0,87.0,High,High,No,10.0,60.0,High,Yes,2.0,Medium,Medium,Private,Positive,3.0,No,High School,Near,Male,69,Medio
19.0,70.0,High,High,No,4.0,63.0,Medium,Yes,1.0,Low,Medium,Private,Neutral,3.0,No,High School,Near,Female,64,Bajo
16.0,73.0,Medium,Medium,Yes,7.0,74.0,Low,Yes,1.0,Low,Medium,Public,Positive,3.0,No,High School,Near,Male,64,Bajo
19.0,93.0,Low,Medium,Yes,7.0,83.0,Medium,Yes,1.0,Medium,Medium,Public,Positive,3.0,No,High School,Near,Female,69,Medio
11.0,90.0,Medium,Medium,Yes,7.0,72.0,High,Yes,3.0,Medium,Medium,Public,Negative,3.0,No,High School,Near,Female,67,Medio
17.0,73.0,Low,Medium,Yes,9.0,68.0,Low,Yes,2.0,Medium,Medium,Public,Positive,3.0,Yes,High School,Near,Female,63,Bajo
18.0,81.0,Low,High,Yes,8.0,77.0,Low,Yes,1.0,Medium,Medium,Public,Positive,3.0,No,High School,Near,Male,67,Medio
18.0,62.0,Medium,High,No,6.0,98.0,Low,Yes,3.0,Medium,Medium,Private,Neutral,1.0,No,High School,Near,Male,65,Bajo
19.0,68.0,Medium,Medium,Yes,6.0,98.0,Low,Yes,2.0,Low,Medium,Public,Positive,1.0,No,High School,Near,Female,64,Bajo
20.0,79.0,High,Medium,No,7.0,66.0,Low,Yes,3.0,High,Medium,Public,Negative,3.0,No,High School,Near,Female,68,Medio
23.0,63.0,Low,Medium,Yes,9.0,84.0,High,Yes,0.0,High,Medium,Public,Neutral,3.0,No,High School,Near,Female,64,Bajo
25.0,94.0,High,Medium,No,7.0,86.0,Low,No,2.0,Low,Medium,Private,Negative,4.0,No,High School,Near,Male,70,Alto
16.0,89.0,High,Medium,Yes,7.0,83.0,High,Yes,0.0,Low,Medium,Public,Positive,4.0,No,High School,Near,Male,70,Alto
13.0,98.0,High,Low,Yes,6.0,56.0,Medium,Yes,1.0,High,Medium,Public,Negative,3.0,No,High School,Near,Female,67,Medio
14.0,88.0,High,High,Yes,8.0,77.0,Medium,Yes,2.0,Medium,Medium,Public,Positive,3.0,No,High School,Near,Male,69,Medio
17.0,98.0,High,Medium,No,7.0,88.0,Medium,Yes,2.0,Low,Medium,Private,Negative,4.0,No,High School,Near,Male,70,Alto
18.0,82.0,High,High,No,6.0,60.0,Medium,Yes,5.0,Medium,Medium,Public,Negative,3.0,No,High School,Near,Male,69,Medio
15.0,84.0,Medium,Low,Yes,9.0,67.0,Medium,Yes,1.0,Medium,Medium,Private,Negative,3.0,No,High School,Near,Male,65,Bajo
12.0,99.0,Medium,High,Yes,10.0,60.0,Medium,Yes,0.0,Low,Medium,Public,Negative,1.0,No,High School,Near,Male,66,Bajo
17.0,86.0,High,High,Yes,7.0,94.0,Medium,Yes,2.0,Medium,Medium,Public,Neutral,3.0,No,High School,Near,Male,70,Alto
21.0,61.0,Medium,Low,Yes,7.0,93.0,Low,Yes,1.0,Low,Medium,Private,Negative,5.0,No,High School,Near,Male,63,Bajo
24.0,89.0,Low,Medium,No,5.0,58.0,Medium,Yes,3.0,High,Medium,Public,Positive,3.0,No,High School,Near,Female,69,Medio
17.0,96.0,High,High,Yes,8.0,88.0,Medium,Yes,4.0,Low,Medium,Private,Positive,4.0,No,High School,Near,Male,74,Alto
18.0,92.0,Medium,Medium,Yes,8.0,68.0,Low,Yes,2.0,High,Medium,Private,Positive,3.0,No,High School,Near,Male,70,Alto
14.0,83.0,High,Medium,No,7.0,84.0,Medium,Yes,1.0,Low,Medium,Public,Neutral,3.0,No,High School,Near,Female,66,Bajo
20.0,87.0,Low,High,Yes,6.0,75.0,Medium,Yes,0.0,Low,Medium,Public,Positive,3.0,Yes,High School,Near,Male,68,Medio
15.0,100.0,Medium,Low,No,10.0,74.0,Medium,Yes,2.0,Medium,Medium,Public,Negative,5.0,No,High School,Near,Male,67,Medio
23.0,64.0,Medium,Medium,Yes,8.0,94.0,Low,Yes,2.0,Medium,Medium,Private,Positive,5.0,No,High School,Near,Female,66,Bajo
9.0,87.0,High,Medium,No,6.0,82.0,Medium,Yes,0.0,Low,Medium,Public,Negative,3.0,No,High School,Near,Female,65,Bajo
18.0,71.0,Low,Medium,Yes,8.0,62.0,Medium,Yes,3.0,High,Medium,Public,Positive,2.0,No,High School,Near,Male,66,Bajo
22.0,86.0,High,Medium,Yes,7.0,56.0,Medium,Yes,1.0,High,Medium,Private,Positive,4.0,No,High School,Near,Male,69,Medio
21.0,84.0,Low,Medium,No,7.0,97.0,Medium,Yes,2.0,Low,Medium,Public,Neutral,4.0,No,High School,Near,Female,67,Medio
36.0,66.0,Low,High,Yes,8.0,58.0,High,Yes,1.0,Medium,Medium,Public,Positive,3.0,No,High School,Near,Male,69,Medio
22.0,68.0,Medium,Medium,No,4.0,87.0,High,Yes,2.0,Medium,Medium,Public,Neutral,3.0,No,High School,Near,Female,66,Bajo
14.0,85.0,Medium,Medium,No,4.0,75.0,High,Yes,2.0,High,Medium,Public,Negative,1.0,Yes,High School,Near,Female,64,Bajo
19.0,65.0,Medium,Medium,No,9.0,57.0,Low,Yes,1.0,Medium,Medium,Public,Positive,2.0,Yes,High School,Near,Female,61,Bajo
9.0,71.0,Low,High,Yes,7.0,89.0,Medium,Yes,0.0,Low,Medium,Public,Negative,2.0,No,High School,Near,Male,61,Bajo
20.0,93.0,Medium,Medium,Yes,6.0,95.0,Low,Yes,1.0,Medium,Medium,Public,Negative,4.0,No,High School,Near,Male,70,Alto
15.0,73.0,Medium,High,No,5.0,56.0,Medium,Yes,1.0,Medium,Medium,Public,Positive,2.0,No,High School,Near,Female,65,Bajo
25.0,80.0,High,Low,No,7.0,53.0,Medium,Yes,1.0,Medium,Medium,Private,Neutral,3.0,No,High School,Near,Male,67,Medio
17.0,98.0,Low,Medium,No,7.0,92.0,Medium,Yes,0.0,High,Medium,Private,Positive,0.0,No,High School,Near,Male,69,Medio
19.0,69.0,Medium,Low,Yes,9.0,75.0,Medium,Yes,2.0,Medium,Medium,Public,Negative,5.0,No,High School,Near,Female,63,Bajo
16.0,76.0,Medium,Medium,No,8.0,84.0,High,Yes,1.0,High,Medium,Public,Neutral,4.0,No,High School,Near,Male,66,Bajo
30.0,84.0,High,Medium,Yes,7.0,72.0,Medium,Yes,3.0,Medium,Medium,Public,Positive,2.0,No,High School,Near,Male,73,Alto
18.0,90.0,High,High,No,8.0,71.0,High,No,0.0,Low,Medium,Public,Neutral,3.0,No,High School,Near,Female,68,Medio
31.0,96.0,High,High,Yes,9.0,65.0,High,Yes,0.0,Low,Medium,Private,Positive,2.0,No,High School,Near,Male,74,Alto
25.0,97.0,Low,Medium,Yes,8.0,78.0,Medium,Yes,0.0,Medium,Medium,Public,Neutral,3.0,No,High School,Near,Male,70,Alto
23.0,91.0,High,Low,Yes,8.0,58.0,Medium,Yes,0.0,Medium,Medium,Public,Positive,2.0,No,High School,Near,Male,68,Medio
22.0,69.0,High,High,No,7.0,86.0,Low,Yes,1.0,High,Medium,Public,Positive,4.0,Yes,High School,Near,Female,67,Medio
22.0,61.0,High,Medium,No,6.0,77.0,Low,Yes,1.0,Medium,Medium,Public,Positive,4.0,No,High School,Near,Male,65,Bajo
8.0,75.0,Medium,Medium,No,5.0,92.0,Medium,Yes,5.0,High,Medium,Public,Positive,4.0,No,High School,Near,Male,66,Bajo
18.0,66.0,High,Medium,Yes,5.0,96.0,Medium,Yes,0.0,Low,Medium,Public,Neutral,5.0,No,High School,Near,Female,64,Bajo
25.0,88.0,Medium,Medium,Yes,8.0,95.0,Low,Yes,1.0,High,Medium,Public,Neutral,4.0,No,High School,Near,Female,72,Alto
20.0,86.0,Medium,Medium,Yes,8.0,80.0,High,Yes,2.0,Medium,Medium,Public,Neutral,2.0,No,High School,Near,Male,70,Alto
12.0,62.0,Medium,Medium,Yes,9.0,66.0,Medium,Yes,1.0,Low,Medium,Private,Neutral,2.0,No,High School,Near,Female,60,Bajo
20.0,93.0,Medium,Medium,Yes,8.0,68.0,Medium,Yes,1.0,Low,Medium,Public,Neutral,3.0,No,High School,Near,Male,68,Medio
30.0,70.0,Medium,High,Yes,9.0,83.0,Medium,Yes,1.0,High,Medium,Private,Neutral,2.0,No,High School,Near,Female,71,Alto
27.0,77.0,Medium,Medium,Yes,7.0,86.0,Low,Yes,1.0,High,Medium,Public,Neutral,3.0,No,High School,Near,Male,68,Medio
20.0,87.0,High,Medium,Yes,8.0,58.0,Low,Yes,2.0,Low,Medium,Public,Negative,2.0,Yes,High School,Near,Male,67,Medio
26.0,77.0,Medium,Medium,Yes,5.0,100.0,Low,Yes,1.0,Low,Medium,Private,Positive,5.0,No,High School,Near,Female,70,Alto
18.0,78.0,Medium,High,No,7.0,55.0,High,Yes,0.0,High,Medium,Public,Negative,3.0,No,High School,Near,Male,65,Bajo
10.0,63.0,Medium,Medium,No,4.0,80.0,Medium,Yes,0.0,Low,Medium,Public,Positive,3.0,No,High School,Near,Male,60,Bajo
14.0,76.0,High,Low,No,7.0,77.0,Low,No,2.0,High,Medium,Public,Positive,4.0,No,High School,Near,Male,65,Bajo
29.0,91.0,Medium,Medium,No,9.0,80.0,Low,Yes,0.0,Low,Medium,Public,Negative,4.0,No,High School,Near,Female,70,Alto
18.0,97.0,Low,Low,Yes,7.0,77.0,Medium,Yes,4.0,Low,Medium,Private,Neutral,4.0,No,High School,Near,Male,69,Medio
19.0,77.0,High,Low,No,8.0,53.0,Medium,Yes,1.0,Low,Medium,Private,Positive,3.0,No,High School,Near,Male,64,Bajo
18.0,77.0,Low,Medium,No,7.0,100.0,Medium,Yes,2.0,High,Medium,Private,Positive,3.0,Yes,High School,Near,Male,67,Medio
31.0,88.0,Low,Medium,Yes,6.0,99.0,Low,Yes,2.0,High,Medium,Public,Negative,3.0,No,High School,Near,Male,73,Alto
30.0,98.0,Medium,High,No,7.0,76.0,High,Yes,1.0,Low,Medium,Public,Neutral,3.0,No,High School,Near,Male,74,Alto
33.0,71.0,Medium,Low,Yes,9.0,60.0,Medium,Yes,0.0,Medium,Medium,Public,Positive,4.0,Yes,High School,Near,Male,67,Medio
19.0,78.0,Low,High,Yes,8.0,59.0,Medium,Yes,2.0,High,Medium,Public,Positive,1.0,No,High School,Near,Male,66,Bajo
22.0,92.0,Medium,Medium,No,6.0,53.0,Medium,Yes,4.0,High,Medium,Public,Neutral,4.0,Yes,High School,Near,Male,69,Medio
11.0,84.0,High,Medium,No,5.0,81.0,Low,Yes,1.0,Low,Medium,Private,Negative,3.0,No,High School,Near,Female,64,Bajo
29.0,64.0,Medium,High,Yes,7.0,74.0,Medium,Yes,0.0,High,Medium,Public,Positive,2.0,No,High School,Near,Female,69,Medio
13.0,85.0,Low,High,Yes,6.0,71.0,Medium,Yes,1.0,Low,Medium,Public,Positive,3.0,No,High School,Near,Female,66,Bajo
21.0,67.0,High,Medium,Yes,7.0,76.0,Medium,Yes,1.0,Medium,Medium,Private,Neutral,2.0,Yes,High School,Near,Male,65,Bajo
13.0,80.0,Medium,Medium,Yes,5.0,94.0,High,Yes,1.0,Medium,Medium,Private,Positive,3.0,No,High School,Near,Female,67,Medio
16.0,81.0,Medium,High,No,9.0,54.0,Medium,Yes,3.0,Medium,Medium,Public,Negative,3.0,No,High School,Near,Male,67,Medio
15.0,95.0,Medium,Medium,No,7.0,77.0,High,Yes,0.0,Low,Medium,Private,Neutral,3.0,No,High School,Near,Female,68,Medio
16.0,78.0,Medium,Low,No,7.0,85.0,Medium,Yes,4.0,Medium,Medium,Public,Neutral,2.0,Yes,High School,Near,Male,65,Bajo
17.0,71.0,Medium,Low,Yes,6.0,99.0,Low,Yes,4.0,Medium,Medium,Public,Positive,3.0,Yes,High School,Near,Male,66,Bajo
17.0,69.0,High,Medium,Yes,7.0,87.0,Low,Yes,2.0,Low,Medium,Public,Neutral,3.0,No,High School,Near,Male,65,Bajo
25.0,95.0,Medium,Medium,Yes,7.0,77.0,High,No,0.0,Low,Medium,Public,Neutral,3.0,No,High School,Near,Male,71,Alto
13.0,67.0,Medium,High,Yes,6.0,88.0,Medium,Yes,0.0,Low,Medium,Public,Neutral,3.0,No,High School,Near,Female,63,Bajo
21.0,77.0,High,Low,Yes,7.0,100.0,Low,Yes,2.0,High,Medium,Public,Positive,4.0,No,High School,Near,Female,70,Alto
27.0,67.0,High,High,Yes,9.0,94.0,High,Yes,0.0,High,Medium,Public,Positive,2.0,No,High School,Near,Female,70,Alto
17.0,91.0,Low,Medium,Yes,4.0,54.0,High,Yes,3.0,Low,Medium,Public,Neutral,4.0,No,High School,Near,Female,67,Medio
16.0,79.0,High,Medium,Yes,7.0,79.0,High,Yes,2.0,High,Medium,Public,Positive,2.0,No,High School,Near,Male,68,Medio
19.0,74.0,Medium,Low,Yes,6.0,89.0,Medium,No,0.0,High,Medium,Public,Neutral,2.0,No,High School,Near,Male,63,Bajo
27.0,74.0,Medium,High,Yes,9.0,84.0,Low,Yes,3.0,High,Medium,Private,Negative,3.0,No,High School,Near,Female,70,Alto
21.0,94.0,Medium,Medium,No,7.0,71.0,Low,No,1.0,Low,Medium,Private,Neutral,2.0,No,High School,Near,Male,69,Medio
17.0,82.0,Medium,Medium,Yes,5.0,66.0,Medium,Yes,1.0,Medium,Medium,Public,Positive,3.0,No,High School,Near,Female,66,Bajo
23.0,89.0,Low,High,No,7.0,81.0,Medium,Yes,2.0,Low,Medium,Public,Neutral,2.0,No,High School,Near,Male,70,Alto
13.0,96.0,Medium,High,No,8.0,71.0,Low,Yes,1.0,Medium,Medium,Public,Positive,3.0,No,High School,Near,Male,68,Medio
24.0,96.0,Medium,Medium,No,10.0,70.0,Medium,Yes,0.0,High,Medium,Public,Negative,4.0,No,High School,Near,Female,70,Alto
22.0,73.0,Low,High,Yes,4.0,92.0,Medium,Yes,0.0,Low,Medium,Public,Positive,4.0,No,High School,Near,Male,67,Medio
18.0,98.0,Medium,High,Yes,5.0,66.0,Medium,Yes,0.0,Medium,Medium,Private,Negative,0.0,No,High School,Near,Male,69,Medio
15.0,61.0,High,Low,Yes,9.0,82.0,Medium,Yes,2.0,Medium,Medium,Public,Positive,2.0,No,High School,Near,Male,64,Bajo
15.0,75.0,High,Medium,No,5.0,94.0,Low,No,1.0,Low,Medium,Public,Negative,3.0,Yes,High School,Near,Female,62,Bajo
23.0,96.0,Medium,Medium,No,7.0,81.0,Medium,Yes,1.0,Low,Medium,Private,Positive,2.0,No,High School,Near,Male,71,Alto
27.0,71.0,High,Medium,Yes,6.0,75.0,Medium,Yes,2.0,Medium,Medium,Private,Neutral,4.0,No,High School,Near,Male,69,Medio
16.0,71.0,Medium,High,Yes,6.0,52.0,Low,Yes,0.0,High,Medium,Public,Neutral,1.0,No,High School,Near,Male,62,Bajo
23.0,72.0,Low,Medium,Yes,7.0,84.0,High,Yes,0.0,Medium,Medium,Public,Positive,4.0,No,High School,Near,Male,66,Bajo
7.0,84.0,Medium,High,Yes,7.0,100.0,Low,Yes,3.0,Low,Medium,Private,Negative,4.0,Yes,High School,Near,Male,64,Bajo
16.0,78.0,Low,High,No,9.0,90.0,Medium,Yes,3.0,Low,Medium,Public,Negative,3.0,No,High School,Near,Male,66,Bajo
20.0,89.0,High,Medium,Yes,9.0,82.0,Medium,Yes,2.0,High,Medium,Public,Neutral,3.0,No,High School,Near,Female,72,Alto
15.0,96.0,High,High,Yes,8.0,73.0,Medium,Yes,3.0,Medium,Medium,Private,Negative,3.0,No,High School,Near,Female,71,Alto
14.0,87.0,Medium,High,Yes,7.0,61.0,Medium,Yes,0.0,Low,Medium,Public,Neutral,3.0,No,High School,Near,Male,65,Bajo
16.0,68.0,Medium,Medium,Yes,7.0,85.0,Medium,Yes,1.0,Medium,Medium,Public,Positive,2.0,No,High School,Near,Female,65,Bajo
22.0,97.0,Medium,High,Yes,8.0,59.0,Medium,Yes,1.0,Low,Medium,Public,Negative,3.0,No,High School,Near,Male,70,Alto
19.0,71.0,Medium,High,Yes,9.0,94.0,High,Yes,1.0,High,Medium,Private,Positive,4.0,No,High School,Near,Male,68,Medio
7.0,66.0,High,Low,Yes,8.0,68.0,High,Yes,0.0,Low,Medium,Public,Negative,2.0,Yes,High School,Near,Male,57,Bajo
7.0,64.0,Medium,High,No,9.0,70.0,High,Yes,4.0,Low,Medium,Public,Neutral,4.0,Yes,High School,Near,Male,59,Bajo
16.0,83.0,Low,Low,Yes,6.0,61.0,Medium,Yes,0.0,Medium,Medium,Public,Neutral,4.0,No,High School,Near,Male,64,Bajo
23.0,65.0,High,Medium,Yes,9.0,74.0,Medium,Yes,2.0,Medium,Medium,Private,Neutral,3.0,No,High School,Near,Male,67,Medio
4.0,66.0,Low,High,No,8.0,84.0,Low,Yes,2.0,Low,Medium,Public,Neutral,3.0,No,High School,Near,Female,60,Bajo
17.0,72.0,High,High,Yes,6.0,65.0,Low,Yes,3.0,Low,Medium,Public,Positive,2.0,No,High School,Near,Male,67,Medio
17.0,71.0,Medium,High,Yes,7.0,85.0,Low,Yes,2.0,Low,Medium,Private,Negative,2.0,No,High School,Near,Female,65,Bajo
28.0,84.0,Medium,Medium,Yes,7.0,81.0,Medium,Yes,1.0,Medium,Medium,Public,Negative,3.0,No,High School,Near,Male,71,Alto
18.0,93.0,Low,Medium,Yes,7.0,69.0,Medium,Yes,0.0,Low,Medium,Public,Neutral,2.0,No,High School,Near,Male,67,Medio
22.0,90.0,Medium,Medium,Yes,7.0,66.0,Low,Yes,0.0,Low,Medium,Public,Positive,1.0,No,High School,Near,Male,69,Medio
21.0,70.0,High,Medium,Yes,5.0,93.0,High,Yes,1.0,Low,Medium,Public,Neutral,3.0,No,High School,Near,Male,68,Medio
7.0,70.0,Medium,Medium,Yes,6.0,51.0,Medium,Yes,0.0,High,Medium,Private,Neutral,1.0,No,High School,Near,Female,59,Bajo
25.0,99.0,High,High,No,7.0,86.0,Low,No,3.0,Medium,Medium,Public,Positive,3.0,No,High School,Near,Female,75,Alto
21.0,60.0,Medium,Medium,Yes,6.0,71.0,Low,Yes,0.0,Medium,Medium,Public,Negative,4.0,Yes,High School,Near,Male,59,Bajo
23.0,95.0,High,Medium,No,6.0,86.0,Low,Yes,0.0,Medium,Medium,Public,Neutral,3.0,No,High School,Near,Female,71,Alto
44.0,68.0,High,Low,No,9.0,75.0,Low,Yes,3.0,Medium,Medium,Private,Negative,2.0,No,High School,Near,Female,71,Alto
7.0,98.0,Medium,Medium,No,7.0,54.0,High,Yes,0.0,Medium,Medium,Private,Neutral,2.0,No,High School,Near,Female,66,Bajo
30.0,74.0,Medium,Low,No,10.0,99.0,Medium,Yes,1.0,High,Medium,Private,Positive,2.0,No,High School,Near,Male,69,Medio
18.0,78.0,High,Medium,Yes,7.0,54.0,Low,No,4.0,Low,Medium,Public,Neutral,4.0,Yes,High School,Near,Female,65,Bajo
22.0,88.0,Medium,Medium,Yes,9.0,58.0,Low,Yes,3.0,Low,Medium,Private,Negative,2.0,No,High School,Near,Male,68,Medio
20.0,84.0,High,Low,No,7.0,71.0,Medium,Yes,5.0,Low,Medium,Private,Positive,2.0,No,High School,Near,Female,68,Medio
17.0,73.0,Medium,Medium,Yes,6.0,97.0,High,Yes,1.0,Medium,Medium,Public,Positive,3.0,No,High School,Near,Male,67,Medio
17.0,82.0,High,Medium,Yes,7.0,65.0,Medium,Yes,1.0,Medium,Medium,Public,Positive,5.0,No,High School,Near,Male,68,Medio
22.0,89.0,Low,Medium,Yes,9.0,78.0,Medium,Yes,0.0,Medium,Medium,Public,Positive,3.0,No,High School,Near,Male,68,Medio
11.0,62.0,High,Medium,Yes,7.0,76.0,High,Yes,3.0,High,Medium,Private,Neutral,3.0,Yes,High School,Near,Male,88,Alto
25.0,60.0,Medium,High,Yes,8.0,67.0,Medium,Yes,1.0,Medium,Medium,Public,Neutral,2.0,No,High School,Near,Female,66,Bajo
18.0,78.0,High,Low,Yes,7.0,85.0,High,Yes,3.0,Low,Medium,Public,Negative,2.0,No,High School,Near,Male,67,Medio
13.0,65.0,Medium,High,No,7.0,75.0,Low,Yes,2.0,Medium,Medium,Private,Neutral,4.0,No,High School,Near,Male,63,Bajo
17.0,87.0,Medium,High,Yes,7.0,79.0,Medium,Yes,3.0,Low,Medium,Public,Neutral,4.0,Yes,High School,Near,Female,68,Medio
28.0,69.0,High,Low,No,6.0,61.0,Low,Yes,2.0,Medium,Medium,Public,Positive,1.0,Yes,High School,Near,Male,65,Bajo
17.0,77.0,High,Medium,Yes,7.0,96.0,Medium,Yes,1.0,Low,Medium,Private,Positive,3.0,No,High School,Near,Male,67,Medio
22.0,68.0,High,High,Yes,8.0,56.0,Medium,No,3.0,Medium,Medium,Private,Positive,1.0,No,High School,Near,Male,67,Medio
16.0,82.0,Medium,Medium,Yes,7.0,85.0,Medium,Yes,1.0,High,Medium,Public,Neutral,4.0,No,High School,Near,Male,67,Medio
25.0,65.0,Medium,Low,No,7.0,94.0,Low,Yes,1.0,Low,Medium,Public,Positive,3.0,No,High School,Near,Male,64,Bajo
24.0,61.0,Medium,Medium,No,8.0,54.0,Medium,Yes,1.0,Low,Medium,Public,Neutral,2.0,Yes,High School,Near,Male,61,Bajo
31.0,62.0,Medium,Medium,Yes,7.0,51.0,Medium,Yes,2.0,Medium,Medium,Public,Neutral,1.0,No,High School,Near,Female,65,Bajo
19.0,98.0,Low,High,Yes,7.0,67.0,High,Yes,1.0,Medium,Medium,Private,Negative,4.0,No,High School,Near,Female,70,Alto
24.0,66.0,Medium,High,No,8.0,89.0,Medium,Yes,0.0,Medium,Medium,Public,Positive,2.0,No,High School,Near,Male,67,Medio
21.0,88.0,High,Low,No,7.0,86.0,Medium,Yes,1.0,Low,Medium,Private,Positive,2.0,No,High School,Near,Male,68,Medio
28.0,63.0,Medium,Medium,Yes,7.0,91.0,Medium,Yes,1.0,Low,Medium,Private,Positive,1.0,No,High School,Near,Male,65,Bajo
16.0,64.0,High,Medium,Yes,8.0,70.0,Low,Yes,3.0,High,Medium,Private,Negative,3.0,No,High School,Near,Female,63,Bajo
24.0,80.0,Medium,High,No,7.0,100.0,Medium,Yes,1.0,High,Medium,Public,Neutral,3.0,No,High School,Near,Male,72,Alto
19.0,79.0,High,Medium,Yes,7.0,68.0,Medium,Yes,2.0,High,Medium,Public,Negative,1.0,No,High School,Near,Female,68,Medio
20.0,98.0,Medium,High,Yes,7.0,90.0,Medium,Yes,2.0,Medium,Medium,Public,Positive,4.0,No,High School,Near,Male,73,Alto
21.0,98.0,High,Medium,Yes,7.0,68.0,High,Yes,0.0,Medium,Medium,Public,Positive,3.0,Yes,High School,Near,Female,71,Alto
22.0,91.0,Medium,High,No,5.0,61.0,Medium,Yes,3.0,Low,Medium,Public,Neutral,2.0,No,High School,Near,Male,70,Alto
19.0,84.0,High,Medium,Yes,7.0,67.0,Low,Yes,0.0,Medium,Medium,Public,Positive,3.0,No,High School,Near,Female,68,Medio
21.0,78.0,Medium,High,No,10.0,60.0,Medium,Yes,3.0,High,Medium,Public,Negative,5.0,No,High School,Near,Male,68,Medio
29.0,74.0,Medium,Medium,No,6.0,56.0,Low,Yes,2.0,Low,Medium,Public,Neutral,3.0,No,High School,Near,Female,68,Medio
26.0,98.0,Low,High,Yes,6.0,68.0,Medium,Yes,1.0,Low,Medium,Private,Neutral,1.0,No,High School,Near,Male,71,Alto
25.0,84.0,Medium,Medium,Yes,10.0,57.0,Low,Yes,4.0,Medium,Medium,Public,Positive,2.0,No,High School,Near,Male,70,Alto
17.0,83.0,High,Medium,No,6.0,75.0,Medium,Yes,2.0,Medium,Medium,Public,Positive,3.0,Yes,High School,Near,Male,67,Medio
15.0,69.0,Low,Medium,Yes,9.0,52.0,Medium,Yes,0.0,High,Medium,Public,Neutral,3.0,No,High School,Near,Female,61,Bajo
26.0,62.0,High,Low,Yes,7.0,72.0,Low,Yes,1.0,Medium,Medium,Public,Neutral,3.0,No,High School,Near,Female,64,Bajo
25.0,98.0,Low,Medium,No,7.0,98.0,Medium,Yes,1.0,Medium,Medium,Public,Negative,4.0,No,High School,Near,Male,72,Alto
29.0,73.0,High,Medium,No,7.0,68.0,Low,Yes,1.0,Low,Medium,Private,Positive,4.0,Yes,High School,Near,Male,67,Medio
16.0,78.0,High,Low,Yes,8.0,57.0,High,Yes,1.0,Medium,Medium,Public,Negative,3.0,No,High School,Near,Male,65,Bajo
19.0,65.0,Medium,Low,Yes,5.0,65.0,High,Yes,1.0,High,Medium,Public,Positive,6.0,No,High School,Near,Female,64,Bajo
10.0,93.0,Low,Medium,Yes,7.0,90.0,Medium,Yes,0.0,Low,Medium,Private,Positive,2.0,No,High School,Near,Female,66,Bajo
18.0,61.0,Medium,Medium,No,6.0,66.0,Medium,Yes,1.0,Medium,Medium,Public,Positive,2.0,No,High School,Near,Female,62,Bajo
26.0,93.0,Low,Medium,No,4.0,69.0,Medium,Yes,2.0,Low,Medium,Public,Neutral,3.0,No,High School,Near,Male,70,Alto
17.0,66.0,Medium,Medium,Yes,9.0,89.0,Medium,No,1.0,Medium,Medium,Public,Positive,4.0,No,High School,Near,Female,64,Bajo
24.0,95.0,Medium,Low,No,4.0,63.0,Low,Yes,3.0,Low,Medium,Public,Positive,3.0,No,High School,Near,Female,70,Alto
19.0,89.0,Medium,Low,No,10.0,74.0,Medium,Yes,1.0,Low,Medium,Public,Positive,2.0,No,High School,Near,Female,66,Bajo
22.0,67.0,Low,High,Yes,8.0,53.0,Medium,Yes,0.0,Medium,Medium,Public,Negative,3.0,No,High School,Near,Male,62,Bajo
13.0,83.0,Low,Low,No,5.0,59.0,High,Yes,4.0,Low,Medium,Private,Neutral,2.0,No,High School,Near,Female,63,Bajo
21.0,73.0,Low,Medium,Yes,9.0,60.0,High,Yes,2.0,Medium,Medium,Public,Positive,3.0,No,High School,Near,Male,66,Bajo
2.0,67.0,Medium,Medium,No,6.0,73.0,Low,Yes,1.0,Low,Medium,Private,Positive,2.0,No,High School,Near,Male,58,Bajo
19.0,94.0,Medium,High,Yes,6.0,91.0,Medium,Yes,1.0,Low,Medium,Public,Negative,3.0,No,High School,Near,Male,70,Alto
10.0,76.0,Medium,Low,No,4.0,68.0,Medium,Yes,1.0,High,Medium,Private,Neutral,6.0,No,High School,Near,Male,63,Bajo
27.0,76.0,Medium,High,Yes,6.0,69.0,High,Yes,0.0,Medium,Medium,Public,Neutral,1.0,No,High School,Near,Male,70,Alto
25.0,67.0,High,Medium,Yes,6.0,65.0,Medium,Yes,1.0,Low,Medium,Public,Negative,3.0,No,High School,Near,Male,65,Bajo
23.0,75.0,Medium,Low,Yes,8.0,66.0,Medium,Yes,5.0,Medium,Medium,Public,Neutral,3.0,No,High School,Near,Male,67,Medio
29.0,95.0,High,Medium,No,9.0,70.0,Medium,No,1.0,Low,Medium,Private,Positive,2.0,No,High School,Near,Female,73,Alto
14.0,75.0,Medium,Medium,Yes,5.0,95.0,Medium,Yes,0.0,Medium,Medium,Public,Positive,3.0,No,High School,Near,Male,82,Alto
30.0,98.0,Low,Medium,No,7.0,51.0,High,Yes,0.0,Low,Medium,Public,Positive,2.0,No,High School,Near,Male,71,Alto
26.0,98.0,Medium,Medium,Yes,4.0,81.0,Low,Yes,1.0,Low,Medium,Public,Positive,4.0,No,High School,Near,Male,73,Alto
19.0,66.0,Medium,High,No,7.0,94.0,Low,Yes,1.0,High,Medium,Public,Positive,4.0,No,High School,Near,Female,65,Bajo
27.0,67.0,High,Medium,Yes,10.0,71.0,Medium,Yes,1.0,Low,Medium,Public,Neutral,3.0,No,High School,Near,Female,67,Medio
13.0,95.0,Medium,Medium,Yes,4.0,83.0,Low,No,1.0,Low,Medium,Public,Neutral,4.0,No,High School,Near,Male,67,Medio
15.0,76.0,High,High,Yes,5.0,79.0,Medium,Yes,4.0,Medium,Medium,Public,Neutral,4.0,No,High School,Near,Female,69,Medio
16.0,60.0,Medium,High,Yes,8.0,67.0,Low,Yes,0.0,Low,Medium,Public,Neutral,3.0,No,High School,Near,Male,61,Bajo
17.0,71.0,Medium,Low,No,8.0,57.0,Medium,Yes,3.0,Medium,Medium,Private,Positive,4.0,No,High School,Near,Female,64,Bajo
14.0,84.0,Low,High,No,6.0,61.0,Low,Yes,1.0,High,Medium,Public,Positive,2.0,No,High School,Near,Male,64,Bajo
27.0,92.0,Low,Medium,Yes,9.0,53.0,Low,Yes,2.0,Low,Medium,Public,Negative,2.0,No,High School,Near,Male,68,Medio
18.0,65.0,Medium,Low,No,6.0,88.0,Medium,Yes,1.0,Medium,Medium,Private,Positive,1.0,Yes,High School,Near,Male,62,Bajo
22.0,64.0,Medium,Medium,Yes,10.0,77.0,High,Yes,5.0,Medium,Medium,Public,Neutral,3.0,Yes,High School,Near,Male,66,Bajo
17.0,97.0,High,Low,Yes,8.0,89.0,Medium,Yes,1.0,Low,Medium,Public,Neutral,4.0,No,High School,Near,Male,70,Alto
9.0,90.0,High,Medium,Yes,9.0,65.0,Low,Yes,3.0,Medium,Medium,Public,Positive,3.0,No,High School,Near,Female,67,Medio
22.0,84.0,Medium,Medium,Yes,8.0,90.0,Medium,Yes,2.0,Medium,Medium,Public,Positive,2.0,No,High School,Near,Female,70,Alto
9.0,91.0,Medium,Medium,No,8.0,65.0,High,Yes,0.0,Medium,Medium,Public,Positive,4.0,No,High School,Near,Male,65,Bajo
20.0,77.0,Low,Medium,No,8.0,56.0,Medium,Yes,1.0,Medium,Medium,Public,Positive,4.0,No,High School,Near,Male,65,Bajo
12.0,90.0,Medium,High,Yes,9.0,77.0,Medium,Yes,3.0,Medium,Medium,Public,Positive,3.0,No,High School,Near,Male,70,Alto
32.0,75.0,High,Medium,Yes,7.0,97.0,High,Yes,1.0,Medium,Medium,Private,Neutral,3.0,No,High School,Near,Male,72,Alto
25.0,70.0,Medium,Medium,No,6.0,71.0,Low,Yes,0.0,Low,Medium,Public,Neutral,2.0,No,High School,Near,Female,65,Bajo
21.0,89.0,High,High,Yes,7.0,76.0,Medium,Yes,1.0,Medium,Medium,Public,Positive,2.0,No,High School,Near,Male,71,Alto
28.0,77.0,High,High,Yes,6.0,73.0,Low,Yes,3.0,Medium,Medium,Private,Negative,3.0,No,High School,Near,Female,71,Alto
15.0,99.0,Medium,High,Yes,6.0,73.0,High,Yes,1.0,High,Medium,Public,Negative,5.0,No,High School,Near,Male,72,Alto
23.0,74.0,Low,Low,No,9.0,61.0,Low,Yes,0.0,Medium,Medium,Public,Positive,4.0,No,High School,Near,Male,64,Bajo
21.0,97.0,Medium,Medium,No,8.0,71.0,High,Yes,2.0,High,Medium,Public,Neutral,1.0,No,High School,Near,Male,72,Alto
22.0,97.0,Low,Medium,No,8.0,75.0,Medium,Yes,1.0,Medium,Medium,Private,Positive,4.0,No,High School,Near,Male,71,Alto
28.0,70.0,Medium,Medium,Yes,9.0,87.0,Low,Yes,0.0,Low,Medium,Public,Neutral,3.0,No,High School,Near,Male,66,Bajo
24.0,92.0,High,Low,No,8.0,57.0,Medium,Yes,3.0,Medium,Medium,Private,Positive,3.0,No,High School,Near,Female,71,Alto
22.0,77.0,Medium,Medium,Yes,10.0,79.0,High,Yes,2.0,Medium,Medium,Public,Neutral,2.0,No,High School,Near,Male,67,Medio
10.0,97.0,High,High,No,4.0,83.0,Low,Yes,1.0,Low,Medium,Public,Neutral,2.0,No,High School,Near,Male,69,Medio
14.0,78.0,High,Medium,Yes,6.0,69.0,High,Yes,0.0,Medium,Medium,Public,Positive,5.0,No,High School,Near,Female,67,Medio
19.0,90.0,High,Medium,Yes,6.0,77.0,Medium,Yes,0.0,High,Medium,Public,Neutral,4.0,No,High School,Near,Male,71,Alto
21.0,79.0,Medium,Low,No,5.0,86.0,Low,Yes,1.0,High,Medium,Private,Positive,2.0,No,High School,Near,Female,66,Bajo
13.0,69.0,High,High,No,7.0,73.0,Low,Yes,1.0,Medium,Medium,Private,Positive,2.0,No,High School,Near,Male,62,Bajo
34.0,68.0,Medium,Medium,No,7.0,67.0,High,Yes,0.0,Medium,Medium,Private,Neutral,2.0,No,High School,Near,Male,67,Medio
29.0,77.0,Medium,Low,Yes,10.0,91.0,High,Yes,2.0,Low,Medium,Public,Negative,4.0,No,High School,Near,Female,70,Alto
24.0,90.0,High,High,No,8.0,99.0,High,Yes,0.0,Low,Medium,Public,Neutral,3.0,No,High School,Near,Female,72,Alto
20.0,84.0,High,High,No,6.0,61.0,Medium,Yes,3.0,Medium,Medium,Private,Neutral,2.0,No,High School,Near,Male,69,Medio
19.0,88.0,Medium,High,No,8.0,94.0,High,Yes,1.0,Medium,Medium,Public,Neutral,3.0,No,High School,Near,Male,70,Alto
14.0,71.0,High,High,No,4.0,77.0,Medium,Yes,0.0,Medium,Medium,Public,Negative,3.0,No,High School,Near,Female,64,Bajo
20.0,79.0,Medium,Medium,Yes,7.0,72.0,Low,No,1.0,Medium,Medium,Public,Negative,3.0,No,High School,Near,Male,65,Bajo
22.0,62.0,Medium,High,Yes,7.0,95.0,Medium,Yes,2.0,Medium,Medium,Public,Negative,2.0,No,High School,Near,Male,66,Bajo
13.0,93.0,Low,Medium,No,6.0,96.0,High,Yes,2.0,High,Medium,Private,Negative,3.0,No,High School,Near,Female,68,Medio
22.0,100.0,Medium,Medium,Yes,7.0,64.0,Medium,Yes,2.0,Low,Medium,Private,Positive,3.0,No,High School,Near,Female,72,Alto
19.0,76.0,Medium,Low,Yes,6.0,68.0,Medium,Yes,2.0,High,Medium,Public,Positive,3.0,No,High School,Near,Female,65,Bajo
9.0,60.0,Medium,Low,Yes,6.0,93.0,Medium,Yes,3.0,Low,Medium,Private,Neutral,2.0,No,High School,Near,Female,60,Bajo
15.0,67.0,Medium,Medium,No,8.0,75.0,Medium,Yes,0.0,High,Medium,Public,Negative,4.0,No,High School,Near,Female,63,Bajo
18.0,86.0,Low,Low,Yes,9.0,64.0,Low,Yes,3.0,Low,Medium,Public,Positive,3.0,No,High School,Near,Female,66,Bajo
31.0,84.0,Low,Medium,Yes,8.0,98.0,Low,Yes,1.0,Medium,Medium,Public,Positive,4.0,No,High School,Near,Female,73,Alto
23.0,92.0,Medium,Medium,Yes,6.0,61.0,Low,Yes,4.0,Low,Medium,Public,Positive,4.0,No,High School,Near,Male,71,Alto
12.0,70.0,Medium,Medium,Yes,6.0,81.0,Low,Yes,1.0,Low,Medium,Public,Negative,2.0,Yes,High School,Near,Male,59,Bajo
23.0,91.0,Medium,Low,Yes,6.0,71.0,Medium,Yes,5.0,Low,Medium,Public,Neutral,3.0,No,High School,Near,Female,70,Alto
11.0,88.0,Medium,Low,Yes,7.0,73.0,Low,Yes,1.0,Medium,Medium,Private,Neutral,3.0,Yes,High School,Near,Female,63,Bajo
26.0,73.0,Medium,Medium,No,6.0,55.0,Medium,Yes,1.0,Medium,Medium,Public,Positive,4.0,No,High School,Near,Male,67,Medio
17.0,82.0,Low,Medium,Yes,9.0,63.0,Medium,Yes,2.0,Low,Medium,Private,Neutral,2.0,No,High School,Near,Male,65,Bajo
19.0,66.0,Medium,Low,No,7.0,58.0,Medium,Yes,5.0,Medium,Medium,Public,Positive,4.0,No,High School,Near,Female,64,Bajo
28.0,78.0,High,Medium,No,8.0,87.0,Low,Yes,2.0,Low,Medium,Public,Positive,2.0,No,High School,Near,Male,71,Alto
12.0,95.0,Medium,High,Yes,5.0,85.0,Medium,Yes,2.0,High,Medium,Public,Negative,2.0,No,High School,Near,Male,70,Alto
12.0,77.0,Medium,Low,Yes,6.0,90.0,Medium,Yes,2.0,Medium,Medium,Public,Neutral,2.0,No,High School,Near,Female,63,Bajo
16.0,94.0,Low,Medium,No,8.0,85.0,Medium,Yes,3.0,Low,Medium,Public,Neutral,2.0,No,High School,Near,Female,68,Medio
26.0,84.0,Medium,Medium,Yes,8.0,56.0,Medium,No,1.0,Medium,Medium,Public,Negative,2.0,No,High School,Near,Female,67,Medio
11.0,68.0,Medium,High,Yes,5.0,99.0,Medium,Yes,1.0,High,Medium,Public,Neutral,4.0,No,High School,Near,Female,66,Bajo
3.0,83.0,High,Low,Yes,7.0,59.0,Low,Yes,2.0,Medium,Medium,Public,Positive,5.0,No,High School,Near,Male,63,Bajo
17.0,80.0,Medium,Medium,Yes,7.0,68.0,Medium,Yes,0.0,Medium,Medium,Private,Negative,5.0,Yes,High School,Near,Female,65,Bajo
23.0,76.0,Medium,High,Yes,6.0,85.0,Low,Yes,2.0,Low,Medium,Public,Positive,3.0,Yes,High School,Near,Male,66,Bajo
27.0,65.0,Medium,Medium,Yes,8.0,57.0,Medium,Yes,2.0,Low,Medium,Public,Negative,4.0,No,High School,Near,Female,65,Bajo
17.0,77.0,Low,Medium,Yes,5.0,59.0,Medium,Yes,2.0,Medium,Medium,Private,Neutral,4.0,No,High School,Near,Male,65,Bajo
18.0,63.0,High,Low,No,6.0,94.0,Medium,Yes,2.0,Medium,Medium,Public,Neutral,2.0,Yes,High School,Near,Male,63,Bajo
27.0,64.0,Medium,High,No,8.0,67.0,Medium,Yes,0.0,Low,Medium,Public,Positive,3.0,No,High School,Near,Male,65,Bajo
9.0,77.0,Low,High,Yes,7.0,83.0,Medium,Yes,1.0,Low,Medium,Private,Neutral,4.0,Yes,High School,Near,Male,62,Bajo
18.0,72.0,Medium,Medium,Yes,7.0,93.0,Medium,Yes,1.0,Medium,Medium,Public,Positive,3.0,No,High School,Near,Female,66,Bajo
21.0,97.0,Medium,Low,No,7.0,99.0,Medium,Yes,1.0,High,Medium,Public,Negative,3.0,No,High School,Near,Female,71,Alto
23.0,75.0,Low,Low,Yes,8.0,61.0,High,Yes,2.0,Low,Medium,Public,Positive,2.0,No,High School,Near,Female,64,Bajo
17.0,90.0,Medium,Medium,Yes,8.0,56.0,Low,Yes,0.0,Medium,Medium,Private,Neutral,4.0,No,High School,Near,Female,67,Medio
20.0,81.0,Medium,Medium,No,8.0,87.0,Medium,Yes,1.0,High,Medium,Private,Neutral,3.0,No,High School,Near,Male,68,Medio
5.0,88.0,Medium,Medium,No,7.0,59.0,Medium,Yes,3.0,Low,Medium,Public,Negative,3.0,No,High School,Near,Female,63,Bajo
16.0,70.0,Low,Medium,Yes,6.0,79.0,High,Yes,0.0,High,Medium,Public,Negative,3.0,No,High School,Near,Female,64,Bajo
23.0,98.0,High,High,Yes,6.0,77.0,Medium,Yes,1.0,Low,Medium,Public,Neutral,1.0,No,High School,Near,Female,74,Alto
14.0,81.0,Low,Medium,Yes,5.0,78.0,Medium,Yes,2.0,High,Medium,Public,Positive,4.0,No,High School,Near,Male,68,Medio
20.0,93.0,Medium,Medium,Yes,6.0,82.0,Low,No,1.0,Medium,Medium,Public,Positive,3.0,Yes,High School,Near,Female,68,Medio
23.0,75.0,High,High,Yes,6.0,93.0,Medium,No,2.0,Medium,Medium,Public,Neutral,3.0,No,High School,Near,Female,69,Medio
18.0,64.0,Low,Medium,Yes,9.0,64.0,Medium,Yes,4.0,Low,Medium,Public,Negative,4.0,Yes,High School,Near,Male,61,Bajo
21.0,87.0,Low,High,Yes,5.0,78.0,High,Yes,1.0,Low,Medium,Private,Positive,2.0,No,High School,Near,Female,69,Medio
14.0,60.0,Low,Low,Yes,9.0,67.0,Low,Yes,3.0,High,Medium,Public,Positive,3.0,No,High School,Near,Female,61,Bajo
19.0,79.0,Medium,High,Yes,7.0,66.0,Low,Yes,3.0,High,Medium,Public,Positive,3.0,Yes,High School,Near,Male,67,Medio
24.0,68.0,Low,High,No,7.0,51.0,Medium,Yes,0.0,Low,Medium,Private,Neutral,4.0,No,High School,Near,Female,63,Bajo
21.0,85.0,Medium,Medium,No,8.0,80.0,Medium,Yes,3.0,Low,Medium,Public,Positive,3.0,Yes,High School,Near,Female,68,Medio
16.0,99.0,Medium,Medium,No,5.0,99.0,Low,No,0.0,Low,Medium,Private,Neutral,5.0,No,High School,Near,Female,68,Medio
21.0,79.0,Medium,Low,Yes,6.0,88.0,Low,Yes,2.0,High,Medium,Public,Neutral,1.0,No,High School,Near,Male,67,Medio
24.0,93.0,Low,Medium,Yes,5.0,62.0,High,Yes,1.0,High,Medium,Private,Negative,3.0,No,High School,Near,Female,69,Medio
8.0,80.0,High,Medium,No,6.0,86.0,Medium,Yes,2.0,Low,Medium,Public,Neutral,3.0,No,High School,Near,Male,64,Bajo
27.0,80.0,Low,Low,No,6.0,65.0,Low,Yes,1.0,Low,Medium,Public,Positive,4.0,No,High School,Near,Male,67,Medio
18.0,97.0,Medium,High,No,9.0,88.0,Low,Yes,1.0,High,Medium,Public,Neutral,3.0,Yes,High School,Near,Female,70,Alto
23.0,96.0,Low,High,Yes,6.0,93.0,Low,Yes,5.0,Low,Medium,Public,Negative,4.0,No,High School,Near,Female,72,Alto
27.0,91.0,Low,High,No,4.0,67.0,Medium,Yes,1.0,High,Medium,Private,Neutral,2.0,No,High School,Near,Female,71,Alto
12.0,72.0,Medium,Medium,No,6.0,50.0,High,Yes,1.0,Low,Medium,Public,Positive,3.0,No,High School,Near,Male,62,Bajo
16.0,82.0,Medium,Medium,Yes,8.0,65.0,High,Yes,2.0,Low,Medium,Private,Positive,5.0,Yes,High School,Near,Male,67,Medio
18.0,69.0,Medium,High,Yes,9.0,60.0,Medium,Yes,3.0,Low,Medium,Public,Negative,2.0,No,High School,Near,Female,64,Bajo
15.0,78.0,Medium,Medium,Yes,7.0,81.0,Medium,Yes,0.0,Medium,Medium,Public,Neutral,2.0,No,High School,Near,Male,64,Bajo
30.0,79.0,High,Medium,No,6.0,65.0,Medium,Yes,1.0,Low,Medium,Public,Negative,4.0,No,High School,Near,Female,70,Alto
15.0,93.0,Medium,Medium,Yes,7.0,52.0,Medium,Yes,3.0,Low,Medium,Public,Negative,5.0,No,High School,Near,Female,68,Medio
17.0,96.0,Medium,Medium,No,8.0,77.0,Medium,Yes,1.0,Medium,Medium,Public,Neutral,3.0,No,High School,Near,Female,70,Alto
21.0,77.0,Medium,Low,Yes,5.0,94.0,Low,Yes,1.0,Medium,Medium,Public,Negative,3.0,No,High School,Near,Male,65,Bajo
13.0,61.0,Low,Low,No,7.0,73.0,Low,Yes,2.0,High,Medium,Public,Positive,2.0,No,High School,Near,Female,59,Bajo
18.0,94.0,Medium,Medium,Yes,7.0,69.0,Medium,Yes,1.0,Medium,Medium,Public,Positive,2.0,No,High School,Near,Female,69,Medio
22.0,67.0,Medium,Medium,Yes,7.0,59.0,High,Yes,2.0,Low,Medium,Public,Positive,3.0,No,High School,Near,Male,67,Medio
18.0,85.0,Medium,High,No,7.0,69.0,Medium,Yes,2.0,Low,Medium,Private,Positive,4.0,No,High School,Near,Male,68,Medio
19.0,61.0,Medium,Medium,No,6.0,67.0,Low,Yes,1.0,Medium,Medium,Public,Positive,1.0,No,High School,Near,Male,62,Bajo
17.0,76.0,High,Medium,No,8.0,100.0,Low,No,0.0,High,Medium,Private,Neutral,4.0,No,High School,Near,Male,65,Bajo
11.0,99.0,High,Medium,Yes,7.0,52.0,Medium,Yes,0.0,High,Medium,Private,Neutral,5.0,No,High School,Near,Female,69,Medio
22.0,64.0,Medium,Medium,Yes,7.0,62.0,Medium,Yes,3.0,Low,Medium,Private,Neutral,4.0,No,High School,Near,Female,65,Bajo
31.0,77.0,High,Low,Yes,5.0,53.0,High,Yes,1.0,Medium,Medium,Public,Neutral,2.0,No,High School,Near,Female,68,Medio
20.0,72.0,High,Low,Yes,8.0,93.0,Medium,Yes,4.0,Low,Medium,Public,Positive,2.0,No,High School,Near,Male,68,Medio
21.0,96.0,High,Medium,Yes,6.0,71.0,High,No,3.0,Medium,Medium,Public,Negative,3.0,No,High School,Near,Female,71,Alto
24.0,95.0,Medium,Low,Yes,9.0,90.0,Medium,Yes,3.0,Low,Medium,Public,Positive,4.0,No,High School,Near,Male,71,Alto
12.0,70.0,High,Medium,No,5.0,85.0,High,Yes,1.0,High,Medium,Public,Positive,3.0,No,High School,Near,Female,66,Bajo
30.0,63.0,Medium,High,Yes,8.0,96.0,Medium,Yes,4.0,Low,Medium,Private,Positive,3.0,No,High School,Near,Female,71,Alto
21.0,85.0,Medium,Medium,No,4.0,51.0,Low,Yes,2.0,Low,Medium,Public,Neutral,3.0,No,High School,Near,Female,66,Bajo
30.0,73.0,High,Low,No,4.0,60.0,Medium,Yes,0.0,Low,Medium,Private,Positive,4.0,No,High School,Near,Female,66,Bajo
16.0,87.0,High,High,Yes,6.0,85.0,Medium,Yes,2.0,Medium,Medium,Public,Neutral,1.0,No,High School,Near,Female,69,Medio
31.0,61.0,Medium,Medium,No,4.0,79.0,Medium,Yes,0.0,Low,Medium,Public,Positive,3.0,No,High School,Near,Female,65,Bajo
25.0,65.0,High,Low,Yes,8.0,85.0,Medium,Yes,2.0,Low,Medium,Public,Negative,3.0,No,High School,Near,Female,66,Bajo
23.0,87.0,Medium,Low,No,7.0,79.0,Medium,Yes,2.0,Medium,Medium,Public,Neutral,2.0,No,High School,Near,Male,67,Medio
21.0,68.0,Medium,Medium,No,9.0,79.0,Low,Yes,1.0,High,Medium,Private,Negative,4.0,No,High School,Near,Female,66,Bajo
19.0,94.0,Medium,Medium,No,7.0,97.0,Medium,Yes,0.0,Medium,Medium,Public,Neutral,3.0,No,High School,Near,Female,69,Medio
27.0,62.0,High,Low,No,7.0,96.0,Medium,Yes,2.0,Low,Medium,Public,Neutral,4.0,No,High School,Near,Male,66,Bajo
21.0,69.0,High,Medium,Yes,7.0,52.0,Low,Yes,0.0,Low,Medium,Public,Negative,3.0,No,High School,Near,Male,64,Bajo
8.0,100.0,High,High,Yes,6.0,71.0,Medium,Yes,0.0,Low,Medium,Public,Positive,2.0,No,High School,Near,Female,70,Alto
13.0,77.0,Low,Medium,Yes,6.0,76.0,Low,No,1.0,Medium,Medium,Private,Neutral,4.0,No,High School,Near,Male,62,Bajo
19.0,88.0,Low,Medium,Yes,5.0,68.0,High,Yes,1.0,Low,Medium,Public,Positive,5.0,No,High School,Near,Male,67,Medio
22.0,67.0,Low,Medium,No,8.0,52.0,Medium,Yes,1.0,Medium,Medium,Public,Negative,2.0,Yes,High School,Near,Female,60,Bajo
20.0,84.0,Low,Low,No,7.0,74.0,Low,Yes,1.0,High,Medium,Public,Neutral,3.0,No,High School,Near,Female,66,Bajo
27.0,89.0,Medium,Medium,Yes,7.0,99.0,Medium,Yes,0.0,Medium,Medium,Public,Positive,2.0,No,High School,Near,Female,72,Alto
8.0,73.0,Medium,High,Yes,10.0,54.0,Medium,Yes,2.0,Medium,Medium,Public,Positive,3.0,No,High School,Near,Male,63,Bajo
21.0,93.0,Low,Low,Yes,6.0,91.0,Low,Yes,1.0,High,Medium,Public,Negative,3.0,No,High School,Near,Male,69,Medio
9.0,84.0,High,High,Yes,7.0,60.0,High,Yes,1.0,Low,Medium,Private,Positive,3.0,No,High School,Near,Male,66,Bajo
25.0,76.0,Medium,Medium,Yes,7.0,79.0,Medium,Yes,2.0,Medium,Medium,Public,Positive,2.0,No,High School,Near,Male,69,Medio
19.0,82.0,High,Medium,No,9.0,69.0,Low,Yes,2.0,Medium,Medium,Private,Neutral,3.0,No,High School,Near,Male,68,Medio
23.0,83.0,Medium,Low,No,7.0,67.0,Medium,Yes,3.0,Low,Medium,Public,Negative,4.0,No,High School,Near,Female,66,Bajo
15.0,67.0,Medium,Medium,Yes,7.0,94.0,Low,Yes,0.0,High,Medium,Private,Positive,2.0,No,High School,Near,Male,63,Bajo
28.0,76.0,Medium,Medium,Yes,10.0,99.0,High,Yes,1.0,Medium,Medium,Public,Neutral,3.0,No,High School,Near,Male,70,Alto
26.0,74.0,Medium,Medium,No,6.0,69.0,Medium,Yes,2.0,Low,Medium,Public,Positive,4.0,No,High School,Near,Male,68,Medio
24.0,76.0,Medium,Medium,Yes,7.0,82.0,Medium,Yes,2.0,Medium,Medium,Public,Positive,4.0,No,High School,Near,Male,68,Medio
19.0,90.0,Medium,Medium,No,8.0,78.0,Medium,Yes,1.0,Low,Medium,Private,Neutral,3.0,No,High School,Near,Male,67,Medio
23.0,79.0,High,High,Yes,6.0,54.0,Low,Yes,1.0,Low,Medium,Public,Neutral,1.0,No,High School,Near,Male,67,Medio
16.0,98.0,High,Low,Yes,8.0,52.0,Medium,Yes,3.0,Low,Medium,Public,Neutral,3.0,No,High School,Near,Female,69,Medio
25.0,72.0,Medium,Medium,No,6.0,89.0,Low,Yes,3.0,Low,Medium,Public,Neutral,5.0,No,High School,Near,Male,68,Medio
30.0,77.0,Medium,Low,Yes,9.0,70.0,Medium,Yes,0.0,Medium,Medium,Public,Neutral,1.0,No,High School,Near,Male,67,Medio
26.0,91.0,High,Medium,Yes,8.0,65.0,Low,Yes,0.0,Medium,Medium,Public,Neutral,2.0,No,High School,Near,Male,70,Alto
16.0,82.0,High,High,No,7.0,99.0,Low,Yes,3.0,Medium,Medium,Public,Positive,3.0,No,High School,Near,Male,70,Alto
22.0,82.0,Medium,Low,No,5.0,54.0,Medium,Yes,2.0,Medium,Medium,Public,Neutral,2.0,No,High School,Near,Male,66,Bajo
12.0,62.0,High,High,Yes,6.0,63.0,High,Yes,0.0,Low,Medium,Private,Negative,2.0,No,High School,Near,Male,61,Bajo
23.0,76.0,Low,High,Yes,7.0,93.0,Medium,Yes,2.0,Low,Medium,Public,Negative,2.0,No,High School,Near,Male,68,Medio
23.0,71.0,Low,Medium,Yes,8.0,71.0,Low,Yes,1.0,Low,Medium,Public,Neutral,2.0,No,High School,Near,Female,64,Bajo
9.0,100.0,Low,Low,No,7.0,79.0,Medium,Yes,1.0,Low,Medium,Public,Positive,2.0,No,High School,Near,Male,66,Bajo
13.0,72.0,Low,High,Yes,8.0,52.0,Medium,Yes,3.0,High,Medium,Private,Positive,4.0,No,High School,Near,Male,65,Bajo
18.0,95.0,Medium,High,No,8.0,96.0,Medium,Yes,3.0,Medium,Medium,Public,Negative,6.0,No,High School,Near,Male,73,Alto
18.0,87.0,Low,Low,No,8.0,57.0,Medium,No,3.0,High,Medium,Public,Positive,4.0,No,High School,Near,Male,66,Bajo
13.0,74.0,High,High,Yes,7.0,61.0,Medium,Yes,2.0,Low,Medium,Public,Positive,3.0,No,High School,Near,Male,65,Bajo
22.0,82.0,Medium,High,Yes,7.0,58.0,Medium,Yes,0.0,Medium,Medium,Public,Negative,4.0,No,High School,Near,Male,68,Medio
22.0,94.0,Medium,Medium,Yes,7.0,75.0,Low,Yes,0.0,Low,Medium,Public,Neutral,3.0,No,High School,Near,Male,69,Medio
19.0,95.0,Low,High,Yes,6.0,91.0,High,Yes,1.0,Medium,Medium,Public,Neutral,4.0,No,High School,Near,Male,72,Alto
15.0,66.0,Medium,Medium,No,9.0,63.0,Medium,Yes,3.0,Medium,Medium,Private,Neutral,3.0,No,High School,Near,Male,63,Bajo
26.0,74.0,Low,Medium,No,8.0,57.0,Medium,Yes,0.0,Medium,Medium,Private,Positive,1.0,No,High School,Near,Male,65,Bajo
30.0,73.0,High,Medium,Yes,9.0,70.0,Low,Yes,0.0,Medium,Medium,Public,Negative,4.0,No,High School,Near,Male,69,Medio
17.0,62.0,High,Low,No,6.0,99.0,Medium,Yes,2.0,Medium,Medium,Private,Negative,3.0,No,High School,Near,Female,62,Bajo
16.0,84.0,Medium,High,Yes,8.0,51.0,Low,Yes,0.0,Medium,Medium,Public,Negative,3.0,No,High School,Near,Female,66,Bajo
23.0,94.0,Low,Low,Yes,9.0,75.0,Medium,Yes,3.0,Low,Medium,Private,Neutral,2.0,No,High School,Near,Female,69,Medio
18.0,75.0,High,Medium,Yes,9.0,83.0,Medium,Yes,2.0,Low,Medium,Public,Positive,4.0,Yes,High School,Near,Female,67,Medio
19.0,90.0,Medium,High,Yes,5.0,90.0,Low,Yes,0.0,Low,Medium,Public,Neutral,2.0,No,High School,Near,Female,94,Alto
24.0,85.0,Medium,Medium,Yes,7.0,87.0,High,Yes,2.0,Medium,Medium,Private,Neutral,2.0,No,High School,Near,Female,71,Alto
9.0,75.0,Medium,Medium,No,7.0,54.0,Low,Yes,2.0,Low,Medium,Public,Positive,4.0,No,High School,Near,Female,61,Bajo
28.0,66.0,High,Medium,Yes,9.0,73.0,Medium,Yes,2.0,Low,Medium,Public,Positive,2.0,No,High School,Near,Male,68,Medio
20.0,88.0,Medium,Medium,No,4.0,54.0,Low,Yes,0.0,High,Medium,Public,Negative,4.0,No,High School,Near,Male,66,Bajo
18.0,94.0,High,High,Yes,5.0,81.0,Medium,Yes,0.0,High,Medium,Public,Negative,5.0,No,High School,Near,Female,71,Alto
19.0,87.0,Low,Medium,No,9.0,54.0,Low,Yes,3.0,Low,Medium,Public,Positive,4.0,No,High School,Near,Female,66,Bajo
20.0,61.0,Low,Medium,No,6.0,52.0,Medium,Yes,2.0,Low,Medium,Private,Negative,2.0,No,High School,Near,Male,60,Bajo
10.0,69.0,Medium,Medium,Yes,5.0,65.0,Low,Yes,0.0,Medium,Medium,Private,Positive,3.0,No,High School,Near,Female,60,Bajo
29.0,63.0,Low,Low,Yes,9.0,97.0,High,No,3.0,Medium,Medium,Public,Negative,3.0,No,High School,Near,Male,66,Bajo
20.0,83.0,Medium,Low,Yes,5.0,85.0,Medium,Yes,1.0,High,Medium,Public,Neutral,2.0,No,High School,Near,Male,67,Medio
23.0,90.0,Low,Low,No,9.0,50.0,Low,Yes,4.0,Medium,Medium,Private,Neutral,3.0,No,High School,Near,Male,67,Medio
26.0,64.0,Medium,Medium,No,5.0,64.0,Medium,Yes,2.0,High,Medium,Public,Negative,1.0,No,High School,Near,Male,64,Bajo
14.0,94.0,Medium,Medium,No,5.0,51.0,Medium,Yes,0.0,Medium,Medium,Public,Neutral,3.0,No,High School,Near,Male,66,Bajo
23.0,82.0,High,Low,No,7.0,65.0,High,Yes,1.0,Medium,Medium,Public,Negative,3.0,No,High School,Near,Female,68,Medio
18.0,88.0,High,Low,Yes,6.0,84.0,Medium,Yes,1.0,Medium,Medium,Public,Positive,3.0,No,High School,Near,Female,70,Alto
25.0,99.0,High,Medium,Yes,7.0,88.0,Medium,Yes,3.0,Low,Medium,Private,Positive,4.0,No,High School,Near,Female,75,Alto
7.0,63.0,High,High,Yes,10.0,90.0,Medium,Yes,0.0,Low,Medium,Private,Positive,2.0,Yes,High School,Near,Male,86,Alto
19.0,96.0,Medium,Medium,Yes,7.0,95.0,High,Yes,3.0,Medium,Medium,Private,Negative,3.0,No,High School,Near,Female,73,Alto
16.0,65.0,Medium,Low,No,9.0,68.0,Medium,Yes,1.0,High,Medium,Public,Neutral,3.0,No,High School,Near,Male,61,Bajo
23.0,76.0,High,High,No,7.0,93.0,Medium,Yes,0.0,Medium,Medium,Private,Negative,6.0,No,High School,Near,Male,68,Medio
23.0,94.0,Medium,High,No,8.0,86.0,Medium,Yes,1.0,Low,Medium,Public,Neutral,0.0,No,High School,Near,Female,70,Alto
16.0,96.0,Medium,Medium,Yes,4.0,77.0,High,Yes,1.0,High,Medium,Public,Positive,2.0,No,High School,Near,Male,71,Alto
16.0,80.0,High,Medium,Yes,8.0,98.0,High,Yes,2.0,Medium,Medium,Private,Positive,4.0,No,High School,Near,Male,71,Alto
19.0,84.0,Medium,Medium,No,8.0,97.0,High,Yes,2.0,Medium,Medium,Public,Neutral,1.0,Yes,High School,Near,Male,68,Medio
15.0,88.0,High,High,Yes,6.0,95.0,Medium,Yes,2.0,Low,Medium,Public,Negative,4.0,No,High School,Near,Female,70,Alto
25.0,93.0,Medium,Medium,Yes,10.0,60.0,Low,Yes,1.0,Medium,Medium,Public,Positive,3.0,No,High School,Near,Male,70,Alto
18.0,65.0,Medium,High,Yes,6.0,60.0,Low,Yes,0.0,Medium,Medium,Private,Neutral,3.0,No,High School,Near,Female,62,Bajo
3.0,92.0,High,Low,Yes,5.0,95.0,High,Yes,3.0,Medium,Medium,Public,Neutral,1.0,No,High School,Near,Female,67,Medio
18.0,79.0,Medium,Medium,No,8.0,70.0,High,Yes,3.0,Medium,Medium,Public,Positive,3.0,No,High School,Near,Female,68,Medio
14.0,78.0,High,High,Yes,5.0,90.0,Medium,Yes,1.0,Medium,Medium,Public,Neutral,3.0,No,High School,Near,Female,68,Medio
10.0,77.0,High,High,No,7.0,84.0,Low,Yes,2.0,Low,Medium,Private,Neutral,1.0,No,High School,Near,Male,64,Bajo
13.0,80.0,Medium,High,No,9.0,88.0,Medium,Yes,1.0,High,Medium,Public,Positive,3.0,No,High School,Near,Male,68,Medio
21.0,98.0,Low,High,Yes,8.0,51.0,Medium,Yes,0.0,Medium,Medium,Public,Neutral,3.0,No,High School,Near,Male,69,Medio
28.0,82.0,Medium,High,No,7.0,71.0,Low,Yes,1.0,Medium,Medium,Public,Neutral,3.0,No,High School,Near,Male,70,Alto
22.0,98.0,Medium,Medium,Yes,6.0,93.0,Medium,Yes,4.0,Low,Medium,Public,Neutral,4.0,No,High School,Near,Female,73,Alto
16.0,67.0,High,Medium,Yes,9.0,74.0,Medium,Yes,1.0,High,Medium,Public,Positive,3.0,No,High School,Near,Male,66,Bajo
23.0,89.0,Low,Medium,No,5.0,85.0,Low,Yes,0.0,Low,Medium,Public,Positive,3.0,No,High School,Near,Male,68,Medio
17.0,92.0,Low,Medium,Yes,8.0,88.0,High,No,1.0,High,Medium,Public,Neutral,3.0,No,High School,Near,Female,68,Medio
16.0,87.0,Low,Medium,Yes,10.0,56.0,Low,Yes,2.0,Medium,Medium,Private,Neutral,0.0,No,High School,Near,Female,65,Bajo
13.0,84.0,Medium,Medium,Yes,8.0,58.0,High,Yes,2.0,Low,Medium,Public,Neutral,3.0,No,High School,Near,Female,66,Bajo
9.0,83.0,High,Low,Yes,7.0,86.0,Medium,Yes,0.0,Low,Medium,Public,Negative,1.0,No,High School,Near,Female,62,Bajo
18.0,94.0,Low,Low,Yes,7.0,53.0,Low,Yes,3.0,Medium,Medium,Private,Neutral,2.0,No,High School,Near,Female,67,Medio
21.0,93.0,Medium,High,Yes,6.0,67.0,High,Yes,1.0,Medium,Medium,Public,Positive,3.0,No,High School,Near,Female,73,Alto
19.0,65.0,Medium,Low,Yes,6.0,96.0,Medium,Yes,2.0,Medium,Medium,Private,Neutral,2.0,No,High School,Near,Male,65,Bajo
18.0,94.0,High,Low,No,7.0,79.0,High,Yes,2.0,High,Medium,Private,Neutral,4.0,No,High School,Near,Female,70,Alto
14.0,77.0,High,Medium,Yes,8.0,96.0,Medium,Yes,3.0,Medium,Medium,Public,Neutral,2.0,No,High School,Near,Male,68,Medio
24.0,70.0,High,Medium,Yes,9.0,65.0,Medium,Yes,3.0,Medium,Medium,Private,Positive,3.0,No,High School,Near,Male,67,Medio
12.0,95.0,Low,Medium,Yes,4.0,82.0,High,Yes,2.0,Low,Medium,Public,Negative,3.0,No,High School,Near,Male,66,Bajo
25.0,77.0,Medium,Low,No,4.0,64.0,Low,Yes,3.0,Low,Medium,Public,Neutral,4.0,Yes,High School,Near,Female,65,Bajo
14.0,92.0,High,Low,Yes,9.0,56.0,Low,Yes,1.0,Medium,Medium,Public,Neutral,4.0,No,High School,Near,Female,66,Bajo
15.0,71.0,High,High,No,7.0,100.0,Low,Yes,2.0,Low,Medium,Public,Neutral,4.0,No,High School,Near,Male,66,Bajo
11.0,60.0,Medium,High,No,7.0,59.0,High,Yes,2.0,Low,Medium,Public,Positive,1.0,No,High School,Near,Male,60,Bajo
17.0,80.0,High,Low,Yes,8.0,59.0,Medium,Yes,0.0,High,Medium,Public,Negative,4.0,No,High School,Near,Female,66,Bajo
26.0,64.0,High,Medium,Yes,7.0,92.0,Low,Yes,2.0,Low,Medium,Private,Positive,4.0,No,High School,Near,Female,68,Medio
23.0,90.0,Medium,Medium,Yes,10.0,90.0,Low,Yes,3.0,Low,Medium,Public,Positive,5.0,No,High School,Near,Male,72,Alto
26.0,71.0,Low,High,No,8.0,99.0,Medium,No,1.0,Medium,Medium,Public,Positive,3.0,No,High School,Near,Male,68,Medio
23.0,78.0,Medium,Medium,Yes,6.0,54.0,High,Yes,0.0,Low,Medium,Public,Neutral,3.0,No,High School,Near,Female,67,Medio
13.0,63.0,High,Medium,No,6.0,55.0,High,Yes,0.0,Medium,Medium,Public,Positive,4.0,No,High School,Near,Male,62,Bajo
18.0,71.0,Medium,Medium,No,7.0,72.0,High,Yes,0.0,High,Medium,Public,Positive,5.0,No,High School,Near,Female,66,Bajo
15.0,91.0,High,Medium,No,6.0,80.0,Medium,Yes,0.0,Low,Medium,Private,Positive,3.0,No,High School,Near,Male,69,Medio
28.0,66.0,Medium,Medium,No,10.0,52.0,Low,Yes,0.0,Low,Medium,Public,Positive,3.0,No,High School,Near,Male,64,Bajo
13.0,86.0,Low,Medium,No,7.0,58.0,Medium,No,0.0,Medium,Medium,Private,Positive,3.0,No,High School,Near,Male,63,Bajo
25.0,97.0,Low,High,Yes,5.0,85.0,Medium,Yes,2.0,High,Medium,Public,Positive,2.0,No,High School,Near,Male,74,Alto
25.0,87.0,High,Medium,Yes,8.0,83.0,Medium,Yes,0.0,Medium,Medium,Private,Positive,4.0,No,High School,Near,Male,72,Alto
31.0,92.0,Medium,Medium,Yes,9.0,54.0,Medium,No,1.0,Low,Medium,Private,Positive,3.0,No,High School,Near,Male,71,Alto
18.0,64.0,Low,High,Yes,9.0,97.0,Medium,Yes,2.0,Medium,Medium,Public,Negative,3.0,No,High School,Near,Female,64,Bajo
24.0,70.0,High,High,No,6.0,63.0,Low,No,0.0,Low,Medium,Public,Neutral,3.0,No,High School,Near,Male,65,Bajo
34.0,96.0,Medium,Medium,Yes,5.0,94.0,High,Yes,1.0,Medium,Medium,Public,Negative,5.0,Yes,High School,Near,Female,75,Alto
16.0,89.0,High,Medium,No,9.0,96.0,Medium,Yes,2.0,Medium,Medium,Public,Positive,3.0,No,High School,Near,Male,69,Medio
11.0,86.0,Medium,Medium,No,5.0,75.0,Medium,Yes,1.0,Medium,Medium,Public,Neutral,4.0,No,High School,Near,Female,65,Bajo
9.0,87.0,Low,Low,No,8.0,71.0,Low,No,0.0,Low,Medium,Public,Neutral,1.0,No,High School,Near,Male,60,Bajo
24.0,77.0,Medium,Medium,Yes,6.0,64.0,Medium,Yes,2.0,High,Medium,Public,Positive,4.0,No,High School,Near,Male,69,Medio
9.0,62.0,High,High,Yes,9.0,90.0,High,Yes,4.0,High,Medium,Public,Neutral,4.0,No,High School,Near,Male,65,Bajo
18.0,91.0,Low,Medium,Yes,5.0,60.0,Low,Yes,0.0,High,Medium,Private,Positive,4.0,No,High School,Near,Male,67,Medio
23.0,87.0,High,Low,No,6.0,81.0,Low,Yes,5.0,Medium,Medium,Private,Neutral,2.0,No,High School,Near,Female,70,Alto
21.0,79.0,Medium,Low,Yes,8.0,78.0,Low,Yes,1.0,Low,Medium,Public,Positive,4.0,No,High School,Near,Female,66,Bajo
23.0,96.0,Medium,Medium,Yes,8.0,62.0,Medium,Yes,0.0,Low,Medium,Public,Neutral,4.0,No,High School,Near,Female,69,Medio
21.0,73.0,Medium,Medium,Yes,9.0,99.0,Medium,Yes,2.0,Medium,Medium,Public,Neutral,3.0,No,High School,Near,Male,69,Medio
28.0,72.0,High,Medium,Yes,8.0,92.0,Low,Yes,1.0,Medium,Medium,Public,Negative,2.0,No,High School,Near,Female,68,Medio
14.0,95.0,Medium,Medium,Yes,8.0,51.0,Medium,Yes,5.0,Medium,Medium,Private,Positive,4.0,No,High School,Near,Female,70,Alto
16.0,92.0,Medium,Low,No,9.0,71.0,High,Yes,2.0,Low,Medium,Private,Neutral,2.0,No,High School,Near,Female,66,Bajo
15.0,81.0,High,Medium,No,5.0,68.0,Low,No,0.0,Medium,Medium,Public,Positive,3.0,No,High School,Near,Female,65,Bajo
25.0,65.0,Low,Medium,No,6.0,94.0,Medium,Yes,1.0,Low,Medium,Public,Negative,4.0,No,High School,Near,Male,65,Bajo
25.0,69.0,Low,Medium,Yes,5.0,63.0,Medium,Yes,1.0,High,Medium,Private,Neutral,2.0,No,High School,Near,Male,65,Bajo
23.0,86.0,Low,Medium,Yes,4.0,100.0,Medium,Yes,0.0,Low,Medium,Public,Negative,3.0,No,High School,Near,Male,69,Medio
27.0,75.0,Medium,Medium,No,8.0,60.0,Medium,Yes,4.0,Medium,Medium,Public,Positive,2.0,No,High School,Near,Female,69,Medio
13.0,93.0,Medium,High,No,9.0,62.0,Low,Yes,0.0,Low,Medium,Private,Neutral,3.0,No,High School,Near,Male,65,Bajo
30.0,98.0,High,High,Yes,8.0,83.0,High,No,1.0,Low,Medium,Public,Neutral,3.0,No,High School,Near,Female,76,Alto
29.0,92.0,Medium,High,No,8.0,58.0,Low,Yes,2.0,Medium,Medium,Private,Neutral,3.0,No,High School,Near,Male,72,Alto
24.0,75.0,Medium,Low,No,7.0,94.0,Medium,Yes,2.0,Medium,Medium,Public,Negative,4.0,No,High School,Near,Male,67,Medio
31.0,92.0,High,Medium,Yes,7.0,55.0,Medium,Yes,3.0,Low,Medium,Public,Positive,3.0,No,High School,Near,Male,74,Alto
10.0,74.0,Medium,Medium,Yes,10.0,99.0,High,Yes,2.0,Medium,Medium,Public,Neutral,3.0,No,High School,Near,Male,66,Bajo
17.0,67.0,High,High,Yes,9.0,94.0,Medium,Yes,2.0,Low,Medium,Private,Positive,3.0,No,High School,Near,Female,66,Bajo
16.0,61.0,Medium,High,No,6.0,92.0,High,Yes,4.0,High,Medium,Public,Neutral,3.0,No,High School,Near,Male,66,Bajo
24.0,75.0,Low,High,Yes,9.0,70.0,High,Yes,5.0,High,Medium,Public,Negative,5.0,No,High School,Near,Female,71,Alto
14.0,96.0,Medium,Low,No,9.0,76.0,Medium,Yes,0.0,Low,Medium,Public,Neutral,3.0,No,High School,Near,Male,66,Bajo
25.0,70.0,Low,High,No,8.0,73.0,High,Yes,1.0,Low,Medium,Public,Negative,2.0,No,High School,Near,Male,65,Bajo
28.0,68.0,Low,High,Yes,8.0,99.0,Medium,Yes,1.0,High,Medium,Public,Neutral,3.0,No,High School,Near,Female,69,Medio
24.0,99.0,Medium,Low,Yes,8.0,52.0,Low,Yes,1.0,Low,Medium,Public,Negative,2.0,No,High School,Near,Male,69,Medio
22.0,61.0,Medium,Medium,Yes,5.0,69.0,Low,Yes,2.0,Low,Medium,Public,Neutral,2.0,No,High School,Near,Female,63,Bajo
14.0,91.0,Low,Medium,No,5.0,98.0,High,Yes,0.0,High,Medium,Public,Neutral,3.0,No,High School,Near,Female,68,Medio
15.0,73.0,Medium,Medium,No,8.0,68.0,Medium,Yes,1.0,High,Medium,Public,Neutral,3.0,No,High School,Near,Female,64,Bajo
27.0,61.0,Medium,Medium,No,5.0,70.0,Medium,Yes,2.0,Low,Medium,Public,Neutral,2.0,No,High School,Near,Male,64,Bajo
25.0,97.0,Medium,High,Yes,5.0,82.0,High,Yes,1.0,Low,Medium,Public,Negative,5.0,No,High School,Near,Male,73,Alto
20.0,66.0,Low,High,Yes,4.0,95.0,High,Yes,2.0,High,Medium,Public,Neutral,2.0,No,High School,Near,Female,66,Bajo
17.0,82.0,Medium,High,No,6.0,65.0,Low,Yes,4.0,Low,Medium,Private,Positive,3.0,No,High School,Near,Female,67,Medio
8.0,71.0,High,Medium,Yes,8.0,97.0,Medium,Yes,3.0,Medium,Medium,Private,Neutral,1.0,Yes,High School,Near,Female,63,Bajo
14.0,63.0,Medium,Medium,Yes,8.0,64.0,High,Yes,1.0,Low,Medium,Public,Neutral,3.0,No,High School,Near,Male,61,Bajo
31.0,62.0,Medium,Medium,Yes,8.0,91.0,High,Yes,4.0,High,Medium,Public,Positive,4.0,No,High School,Near,Male,71,Alto
12.0,65.0,Low,Medium,Yes,6.0,64.0,Medium,Yes,1.0,Medium,Medium,Public,Positive,3.0,No,High School,Near,Female,61,Bajo
21.0,63.0,Medium,Low,Yes,7.0,54.0,Low,Yes,1.0,Medium,Medium,Private,Positive,3.0,No,High School,Near,Female,62,Bajo
26.0,90.0,High,High,Yes,8.0,91.0,Medium,Yes,1.0,High,Medium,Private,Neutral,4.0,Yes,High School,Near,Male,74,Alto
12.0,79.0,Medium,Medium,No,8.0,73.0,Medium,Yes,2.0,Medium,Medium,Private,Neutral,4.0,No,High School,Near,Male,65,Bajo
21.0,74.0,Low,Low,Yes,6.0,70.0,Low,Yes,2.0,Low,Medium,Public,Positive,3.0,No,High School,Near,Female,64,Bajo
26.0,77.0,Low,Low,No,7.0,71.0,Medium,Yes,1.0,Medium,Medium,Public,Neutral,4.0,No,High School,Near,Male,66,Bajo
20.0,97.0,High,High,Yes,4.0,81.0,Medium,Yes,1.0,Medium,Medium,Public,Positive,2.0,Yes,High School,Near,Male,72,Alto
37.0,96.0,High,Medium,Yes,7.0,63.0,Medium,Yes,0.0,Medium,Medium,Private,Positive,4.0,No,High School,Near,Male,76,Alto
10.0,89.0,Medium,Medium,Yes,6.0,62.0,Medium,Yes,4.0,Low,Medium,Public,Positive,3.0,No,High School,Near,Male,67,Medio
26.0,95.0,Medium,High,No,9.0,74.0,Low,Yes,3.0,Low,Medium,Private,Neutral,3.0,Yes,High School,Near,Female,71,Alto
19.0,73.0,High,Medium,No,6.0,52.0,Medium,Yes,1.0,Medium,Medium,Public,Positive,3.0,No,High School,Near,Male,65,Bajo
25.0,75.0,Low,Low,Yes,7.0,82.0,Medium,Yes,3.0,Medium,Medium,Private,Negative,4.0,No,High School,Near,Male,68,Medio
23.0,85.0,Medium,Medium,Yes,6.0,91.0,Low,Yes,1.0,Low,Medium,Public,Neutral,3.0,No,High School,Near,Male,68,Medio
16.0,85.0,High,Low,Yes,6.0,86.0,Low,Yes,3.0,High,Medium,Private,Neutral,2.0,No,High School,Near,Male,67,Medio
21.0,79.0,Medium,Low,No,8.0,73.0,Medium,Yes,1.0,Low,Medium,Public,Neutral,2.0,No,High School,Near,Female,64,Bajo
9.0,76.0,Low,High,No,6.0,78.0,Low,No,0.0,Medium,Medium,Public,Negative,4.0,Yes,High School,Near,Male,60,Bajo
24.0,99.0,Medium,Medium,No,10.0,51.0,Low,Yes,1.0,Low,Medium,Public,Neutral,3.0,No,High School,Near,Male,70,Alto
22.0,93.0,High,Medium,Yes,4.0,96.0,High,Yes,1.0,High,Medium,Private,Positive,2.0,No,High School,Near,Male,73,Alto
24.0,77.0,Medium,Medium,Yes,8.0,78.0,Low,Yes,2.0,High,Medium,Private,Positive,3.0,No,High School,Near,Male,69,Medio
26.0,89.0,High,Medium,No,7.0,66.0,Medium,Yes,0.0,Low,Medium,Public,Neutral,5.0,Yes,High School,Near,Male,70,Alto
22.0,71.0,Medium,Medium,No,7.0,65.0,Low,Yes,1.0,Low,Medium,Public,Neutral,3.0,No,High School,Near,Male,64,Bajo
21.0,64.0,High,Low,Yes,7.0,83.0,High,Yes,2.0,Low,Medium,Public,Neutral,3.0,No,High School,Near,Female,64,Bajo
15.0,74.0,High,Medium,Yes,8.0,79.0,Medium,Yes,0.0,High,Medium,Public,Negative,3.0,No,High School,Near,Male,65,Bajo
16.0,76.0,Medium,Medium,No,7.0,59.0,Low,Yes,0.0,Low,Medium,Public,Neutral,2.0,No,High School,Near,Female,62,Bajo
27.0,61.0,Medium,Medium,Yes,9.0,70.0,Medium,Yes,0.0,Medium,Medium,Public,Neutral,2.0,No,High School,Near,Male,64,Bajo
29.0,93.0,Medium,Medium,Yes,7.0,84.0,Medium,Yes,0.0,High,Medium,Public,Neutral,3.0,No,High School,Near,Male,72,Alto
19.0,74.0,Medium,Low,Yes,5.0,65.0,High,No,1.0,Low,Medium,Public,Positive,3.0,No,High School,Near,Male,64,Bajo
20.0,83.0,Medium,Medium,Yes,7.0,75.0,Medium,Yes,0.0,Medium,Medium,Public,Neutral,4.0,No,High School,Near,Female,67,Medio
15.0,63.0,High,High,Yes,9.0,63.0,Low,No,4.0,High,Medium,Private,Negative,3.0,No,High School,Near,Male,64,Bajo
27.0,67.0,Low,Medium,No,6.0,54.0,Medium,Yes,0.0,Medium,Medium,Private,Negative,2.0,No,High School,Near,Male,61,Bajo
24.0,96.0,Medium,High,Yes,5.0,69.0,Medium,Yes,1.0,Low,Medium,Public,Positive,4.0,No,High School,Near,Male,72,Alto
32.0,84.0,Medium,Medium,Yes,8.0,87.0,Medium,No,2.0,Medium,Medium,Public,Positive,1.0,No,High School,Near,Male,70,Alto
15.0,98.0,Medium,High,No,8.0,61.0,Medium,Yes,4.0,Low,Medium,Public,Positive,2.0,No,High School,Near,Female,70,Alto
18.0,100.0,Medium,Medium,No,6.0,88.0,Medium,Yes,2.0,Medium,Medium,Public,Neutral,2.0,No,High School,Near,Male,71,Alto
21.0,75.0,High,High,No,7.0,83.0,Low,Yes,1.0,Medium,Medium,Public,Positive,2.0,No,High School,Near,Female,68,Medio
24.0,72.0,Medium,Medium,No,7.0,75.0,Medium,Yes,3.0,High,Medium,Private,Neutral,2.0,No,High School,Near,Female,68,Medio
19.0,94.0,High,High,No,7.0,99.0,Medium,Yes,0.0,Low,Medium,Public,Neutral,1.0,Yes,High School,Near,Male,70,Alto
15.0,100.0,High,High,No,8.0,94.0,High,Yes,2.0,Medium,Medium,Public,Negative,3.0,No,High School,Near,Male,73,Alto
25.0,85.0,High,Medium,No,6.0,78.0,Low,Yes,2.0,Medium,Medium,Public,Neutral,1.0,No,High School,Near,Female,69,Medio
24.0,92.0,Medium,High,No,8.0,78.0,High,Yes,0.0,Medium,Medium,Public,Neutral,3.0,No,High School,Near,Male,71,Alto
15.0,91.0,Low,Medium,No,6.0,64.0,Low,Yes,1.0,Low,Medium,Public,Positive,3.0,Yes,High School,Near,Male,64,Bajo
28.0,74.0,Medium,Medium,No,9.0,96.0,Low,Yes,0.0,Medium,Medium,Private,Neutral,3.0,No,High School,Near,Female,68,Medio
27.0,83.0,Medium,Medium,No,10.0,95.0,Medium,Yes,0.0,High,Medium,Private,Neutral,4.0,No,High School,Near,Female,69,Medio
21.0,93.0,High,Low,No,6.0,87.0,Medium,Yes,1.0,Low,Medium,Public,Positive,2.0,No,High School,Near,Female,70,Alto
20.0,88.0,Medium,Medium,No,5.0,56.0,Medium,Yes,1.0,Low,Medium,Public,Neutral,4.0,No,High School,Near,Female,67,Medio
23.0,61.0,Medium,High,Yes,8.0,85.0,Medium,Yes,1.0,Medium,Medium,Private,Positive,0.0,No,High School,Near,Male,66,Bajo
15.0,73.0,Medium,High,No,7.0,63.0,Medium,Yes,2.0,Medium,Medium,Public,Neutral,5.0,No,High School,Near,Male,65,Bajo
20.0,66.0,Medium,High,Yes,8.0,59.0,Low,Yes,4.0,Medium,Medium,Public,Positive,3.0,No,High School,Near,Male,66,Bajo
7.0,69.0,Low,Medium,Yes,6.0,88.0,Medium,Yes,0.0,Low,Medium,Private,Negative,4.0,No,High School,Near,Female,61,Bajo
25.0,96.0,Low,Medium,No,7.0,98.0,Medium,Yes,0.0,Low,Medium,Public,Positive,2.0,No,High School,Near,Female,71,Alto
11.0,61.0,High,Low,Yes,6.0,55.0,Medium,Yes,5.0,High,Medium,Public,Neutral,3.0,No,High School,Near,Male,60,Bajo
29.0,69.0,Medium,Medium,Yes,7.0,58.0,Medium,Yes,1.0,Low,Medium,Public,Positive,2.0,No,High School,Near,Male,66,Bajo
18.0,72.0,Low,Low,Yes,5.0,61.0,Low,Yes,1.0,Medium,Medium,Private,Negative,4.0,No,High School,Near,Male,61,Bajo
19.0,85.0,Medium,Medium,Yes,7.0,98.0,High,Yes,2.0,Medium,Medium,Public,Negative,3.0,Yes,High School,Near,Female,68,Medio
16.0,81.0,Medium,High,Yes,5.0,85.0,High,No,2.0,Low,Medium,Public,Positive,3.0,No,High School,Near,Male,68,Medio
18.0,69.0,Medium,Medium,Yes,6.0,84.0,Medium,Yes,2.0,Low,Medium,Public,Positive,4.0,No,High School,Near,Male,65,Bajo
29.0,67.0,High,Low,No,7.0,75.0,Medium,No,3.0,Low,Medium,Public,Neutral,1.0,No,High School,Near,Female,65,Bajo
5.0,69.0,Medium,Medium,Yes,8.0,77.0,Medium,No,2.0,Low,Medium,Public,Negative,2.0,No,High School,Near,Female,60,Bajo
28.0,80.0,Low,Medium,No,8.0,65.0,Low,Yes,2.0,Low,Medium,Private,Neutral,2.0,No,High School,Near,Male,67,Medio
22.0,71.0,High,Medium,No,8.0,58.0,Medium,No,2.0,Low,Medium,Public,Negative,4.0,No,High School,Near,Female,65,Bajo
13.0,98.0,High,Medium,Yes,5.0,89.0,High,Yes,1.0,High,Medium,Public,Negative,3.0,No,High School,Near,Male,70,Alto
14.0,79.0,Medium,Medium,No,9.0,74.0,Medium,Yes,1.0,Medium,Medium,Public,Neutral,4.0,No,High School,Near,Male,64,Bajo
30.0,62.0,Medium,High,Yes,6.0,63.0,Medium,Yes,2.0,Low,Medium,Public,Positive,4.0,No,High School,Near,Male,68,Medio
14.0,89.0,High,Medium,No,6.0,82.0,High,Yes,2.0,Medium,Medium,Public,Negative,4.0,No,High School,Near,Female,69,Medio
13.0,73.0,Medium,High,Yes,7.0,60.0,High,Yes,0.0,High,Medium,Public,Neutral,3.0,No,High School,Near,Female,65,Bajo
27.0,86.0,Medium,Medium,No,6.0,74.0,Medium,Yes,2.0,High,Medium,Private,Neutral,3.0,No,High School,Near,Male,71,Alto
22.0,71.0,Medium,Medium,Yes,8.0,60.0,Low,Yes,1.0,Medium,Medium,Public,Neutral,4.0,No,High School,Near,Female,65,Bajo
14.0,83.0,Medium,High,Yes,8.0,88.0,Low,Yes,0.0,High,Medium,Public,Negative,2.0,Yes,High School,Near,Male,65,Bajo
21.0,91.0,Medium,Medium,Yes,6.0,66.0,High,Yes,0.0,Medium,Medium,Public,Positive,2.0,Yes,High School,Near,Female,68,Medio
14.0,97.0,Medium,Low,No,7.0,72.0,High,Yes,1.0,Low,Medium,Public,Neutral,3.0,No,High School,Near,Female,66,Bajo
27.0,70.0,Low,Low,Yes,7.0,88.0,Medium,No,1.0,High,Medium,Public,Neutral,3.0,No,High School,Near,Male,65,Bajo
26.0,73.0,High,High,Yes,8.0,83.0,Low,Yes,2.0,Medium,Medium,Public,Positive,4.0,No,High School,Near,Male,71,Alto
23.0,79.0,Low,Medium,Yes,6.0,70.0,Medium,Yes,3.0,Medium,Medium,Public,Negative,4.0,No,High School,Near,Female,68,Medio
22.0,97.0,Medium,Medium,Yes,6.0,54.0,Medium,No,2.0,High,Medium,Public,Neutral,2.0,No,High School,Near,Male,70,Alto
31.0,96.0,Medium,Low,No,5.0,96.0,Low,Yes,3.0,Low,Medium,Private,Neutral,2.0,No,High School,Near,Female,74,Alto
20.0,64.0,High,Low,Yes,6.0,50.0,High,Yes,0.0,Low,Medium,Private,Neutral,2.0,No,High School,Near,Male,62,Bajo
13.0,65.0,Medium,High,No,5.0,87.0,Low,Yes,1.0,Medium,Medium,Public,Positive,2.0,Yes,High School,Near,Female,61,Bajo
23.0,80.0,High,High,Yes,6.0,97.0,Medium,Yes,0.0,Medium,Medium,Private,Neutral,3.0,No,High School,Near,Male,70,Alto
33.0,64.0,Low,Medium,Yes,9.0,65.0,Medium,Yes,0.0,Medium,Medium,Public,Negative,2.0,No,High School,Near,Male,65,Bajo
14.0,74.0,Medium,Medium,Yes,8.0,54.0,High,Yes,2.0,Low,Medium,Public,Neutral,2.0,No,High School,Near,Male,62,Bajo
18.0,66.0,High,High,No,9.0,62.0,Medium,Yes,2.0,High,Medium,Public,Neutral,4.0,No,High School,Near,Female,65,Bajo
22.0,85.0,High,Medium,No,6.0,66.0,Low,Yes,0.0,Low,Medium,Private,Positive,4.0,No,High School,Near,Male,68,Medio
20.0,98.0,Medium,High,Yes,4.0,73.0,Medium,Yes,2.0,Medium,Medium,Private,Positive,1.0,No,High School,Near,Male,70,Alto
14.0,100.0,Medium,Low,No,7.0,76.0,Low,Yes,1.0,Medium,Medium,Private,Neutral,3.0,No,High School,Near,Female,68,Medio
27.0,75.0,Low,Medium,No,10.0,86.0,Medium,No,3.0,Medium,Medium,Private,Positive,6.0,No,High School,Near,Female,69,Medio
34.0,84.0,Medium,High,Yes,6.0,95.0,Medium,Yes,1.0,Low,Medium,Private,Neutral,3.0,No,High School,Near,Male,73,Alto
21.0,94.0,Medium,Medium,Yes,7.0,73.0,Medium,Yes,1.0,Medium,Medium,Private,Positive,5.0,No,High School,Near,Female,71,Alto
15.0,65.0,Low,High,Yes,5.0,87.0,Medium,Yes,0.0,Low,Medium,Private,Neutral,4.0,No,High School,Near,Female,63,Bajo
11.0,88.0,High,Medium,Yes,7.0,56.0,Low,Yes,2.0,Medium,Medium,Public,Neutral,2.0,No,High School,Near,Male,66,Bajo
22.0,76.0,High,Low,Yes,7.0,66.0,Low,Yes,1.0,Low,Medium,Private,Positive,4.0,No,High School,Near,Male,67,Medio
27.0,68.0,Low,High,No,4.0,56.0,Medium,Yes,0.0,Low,Medium,Public,Neutral,1.0,No,High School,Near,Female,64,Bajo
23.0,76.0,Medium,Low,Yes,5.0,85.0,Medium,Yes,1.0,Medium,Medium,Public,Neutral,3.0,No,High School,Near,Female,66,Bajo
20.0,63.0,High,High,Yes,5.0,95.0,Medium,Yes,2.0,High,Medium,Public,Positive,3.0,No,High School,Near,Male,69,Medio
16.0,88.0,Medium,High,Yes,5.0,94.0,High,Yes,4.0,Medium,Medium,Private,Positive,6.0,No,High School,Near,Male,72,Alto
13.0,70.0,Medium,High,Yes,6.0,66.0,Medium,Yes,1.0,Medium,Medium,Public,Negative,4.0,No,High School,Near,Male,63,Bajo
25.0,72.0,Medium,High,Yes,8.0,62.0,Medium,Yes,2.0,Low,Medium,Public,Positive,2.0,No,High School,Near,Female,67,Medio
25.0,65.0,Low,Medium,No,6.0,64.0,Medium,Yes,1.0,Medium,Medium,Private,Negative,4.0,No,High School,Near,Male,64,Bajo
11.0,95.0,Medium,Medium,Yes,9.0,64.0,High,Yes,4.0,Low,Medium,Public,Positive,4.0,No,High School,Near,Male,68,Medio
30.0,80.0,High,High,No,6.0,54.0,High,Yes,1.0,High,Medium,Public,Positive,3.0,No,High School,Near,Female,71,Alto
23.0,83.0,Medium,Low,Yes,7.0,57.0,Medium,No,2.0,Medium,Medium,Public,Positive,4.0,No,High School,Near,Female,67,Medio
28.0,83.0,Medium,Low,No,8.0,61.0,Medium,Yes,1.0,Low,Medium,Private,Negative,5.0,Yes,High School,Near,Male,67,Medio
12.0,76.0,Medium,Medium,Yes,9.0,50.0,Medium,Yes,2.0,Medium,Medium,Public,Negative,3.0,No,High School,Near,Male,64,Bajo
12.0,68.0,High,Low,No,6.0,52.0,Low,Yes,5.0,High,Medium,Public,Neutral,3.0,No,High School,Near,Male,63,Bajo
19.0,90.0,High,High,No,8.0,85.0,Medium,Yes,2.0,Medium,Medium,Public,Neutral,4.0,No,High School,Near,Male,72,Alto
23.0,65.0,Low,Medium,Yes,6.0,81.0,Low,Yes,2.0,Low,Medium,Public,Neutral,2.0,No,High School,Near,Female,63,Bajo
31.0,64.0,High,Medium,No,10.0,97.0,Low,Yes,2.0,Medium,Medium,Private,Negative,4.0,No,High School,Near,Female,67,Medio
24.0,88.0,Low,Medium,Yes,5.0,70.0,Medium,No,1.0,Low,Medium,Private,Positive,2.0,No,High School,Near,Male,68,Medio
19.0,68.0,Low,High,Yes,8.0,72.0,High,Yes,2.0,Low,Medium,Private,Neutral,3.0,No,High School,Near,Male,64,Bajo
14.0,72.0,Medium,High,No,9.0,53.0,Medium,Yes,4.0,Medium,Medium,Public,Negative,3.0,No,High School,Near,Male,65,Bajo
27.0,79.0,Medium,Low,Yes,5.0,58.0,High,Yes,2.0,Medium,Medium,Private,Neutral,1.0,No,High School,Near,Female,68,Medio
14.0,78.0,Medium,High,Yes,8.0,85.0,Medium,Yes,2.0,Low,Medium,Private,Negative,4.0,No,High School,Near,Male,66,Bajo
30.0,88.0,Medium,Medium,Yes,6.0,62.0,High,Yes,4.0,Low,Medium,Private,Positive,5.0,No,High School,Near,Female,73,Alto
18.0,85.0,Low,Medium,Yes,10.0,89.0,Medium,Yes,1.0,High,Medium,Private,Positive,3.0,No,High School,Near,Female,68,Medio
30.0,86.0,Medium,High,No,4.0,85.0,High,Yes,2.0,Medium,Medium,Private,Neutral,5.0,Yes,High School,Near,Male,72,Alto
24.0,89.0,Medium,Medium,Yes,5.0,87.0,Medium,No,3.0,High,Medium,Public,Neutral,0.0,No,High School,Near,Female,70,Alto
19.0,72.0,Medium,Medium,Yes,5.0,85.0,High,Yes,1.0,Low,Medium,Private,Neutral,4.0,No,High School,Near,Female,66,Bajo
17.0,73.0,Low,Medium,Yes,5.0,85.0,High,Yes,3.0,Medium,Medium,Public,Positive,1.0,No,High School,Near,Female,66,Bajo
18.0,78.0,Low,Low,Yes,8.0,77.0,Medium,Yes,2.0,Medium,Medium,Private,Neutral,4.0,No,High School,Near,Female,66,Bajo
23.0,72.0,High,Low,Yes,10.0,84.0,Low,Yes,2.0,Low,Medium,Public,Negative,2.0,No,High School,Near,Male,65,Bajo
20.0,99.0,High,Low,Yes,9.0,76.0,High,Yes,2.0,Low,Medium,Public,Neutral,5.0,No,High School,Near,Male,71,Alto
16.0,93.0,Low,Medium,Yes,7.0,60.0,Medium,Yes,1.0,Medium,Medium,Public,Positive,1.0,No,High School,Near,Female,66,Bajo
19.0,67.0,Medium,Low,No,7.0,61.0,High,Yes,1.0,Medium,Medium,Private,Neutral,4.0,No,High School,Near,Female,63,Bajo
20.0,60.0,Medium,Medium,Yes,6.0,70.0,Medium,Yes,2.0,Low,Medium,Public,Neutral,3.0,Yes,High School,Near,Female,63,Bajo
7.0,62.0,High,Medium,Yes,8.0,51.0,Low,Yes,0.0,Medium,Medium,Public,Positive,3.0,No,High School,Near,Male,58,Bajo
23.0,70.0,Medium,High,No,7.0,94.0,Low,Yes,3.0,Medium,Medium,Public,Neutral,3.0,No,High School,Near,Female,68,Medio
14.0,65.0,High,Medium,No,7.0,63.0,Medium,Yes,2.0,Low,Medium,Public,Neutral,3.0,No,High School,Near,Male,61,Bajo
13.0,81.0,Medium,High,No,6.0,53.0,Low,Yes,2.0,Low,Medium,Public,Positive,4.0,No,High School,Near,Male,65,Bajo
10.0,94.0,High,Low,No,5.0,71.0,Medium,Yes,1.0,High,Medium,Public,Positive,3.0,No,High School,Near,Male,67,Medio
9.0,89.0,Low,High,Yes,7.0,91.0,Medium,Yes,1.0,High,Medium,Public,Neutral,3.0,No,High School,Near,Male,67,Medio
12.0,69.0,High,Low,No,7.0,70.0,Medium,Yes,1.0,Medium,Medium,Private,Positive,4.0,No,High School,Near,Male,62,Bajo
16.0,76.0,Medium,High,Yes,6.0,63.0,High,Yes,0.0,Low,Medium,Public,Positive,1.0,No,High School,Near,Female,86,Alto
32.0,80.0,High,Medium,No,6.0,77.0,Low,Yes,0.0,Medium,Medium,Public,Neutral,5.0,No,High School,Near,Male,71,Alto
17.0,92.0,Medium,Medium,Yes,8.0,79.0,Medium,Yes,1.0,Low,Medium,Public,Positive,3.0,No,High School,Near,Male,70,Alto
21.0,94.0,Medium,Medium,No,8.0,88.0,Medium,Yes,1.0,Medium,Medium,Public,Positive,3.0,No,High School,Near,Male,71,Alto
22.0,96.0,High,Low,No,10.0,90.0,High,Yes,2.0,Low,Medium,Public,Neutral,3.0,Yes,High School,Near,Male,71,Alto
21.0,80.0,High,High,Yes,9.0,85.0,Low,Yes,1.0,High,Medium,Public,Negative,3.0,No,High School,Near,Female,70,Alto
20.0,88.0,Medium,High,Yes,5.0,50.0,Medium,No,2.0,Low,Medium,Public,Neutral,5.0,No,High School,Near,Male,67,Medio
13.0,64.0,Medium,Low,Yes,7.0,50.0,High,Yes,0.0,Medium,Medium,Public,Positive,4.0,No,High School,Near,Male,60,Bajo
29.0,83.0,High,High,No,5.0,99.0,Medium,Yes,0.0,Medium,Medium,Public,Neutral,4.0,No,High School,Near,Female,73,Alto
31.0,70.0,High,Low,Yes,4.0,63.0,High,Yes,1.0,Medium,Medium,Public,Neutral,2.0,Yes,High School,Near,Female,67,Medio
10.0,77.0,Low,High,Yes,10.0,64.0,High,Yes,1.0,Low,Medium,Private,Negative,3.0,Yes,High School,Near,Female,62,Bajo
14.0,85.0,Medium,High,No,9.0,87.0,High,Yes,0.0,Medium,Medium,Public,Negative,3.0,No,High School,Near,Female,67,Medio
18.0,70.0,High,Low,No,6.0,79.0,Medium,Yes,1.0,Medium,Medium,Public,Positive,2.0,No,High School,Near,Female,65,Bajo
14.0,62.0,Medium,Medium,No,9.0,73.0,Medium,Yes,1.0,Low,Medium,Public,Neutral,6.0,No,High School,Near,Male,61,Bajo
23.0,60.0,High,Medium,Yes,9.0,56.0,Low,No,0.0,Low,Medium,Private,Negative,4.0,No,High School,Near,Female,61,Bajo
16.0,61.0,High,Medium,No,4.0,54.0,Low,Yes,1.0,Low,Medium,Private,Neutral,2.0,No,High School,Near,Female,60,Bajo
33.0,60.0,High,High,No,8.0,85.0,Low,Yes,4.0,Low,Medium,Public,Negative,3.0,No,High School,Near,Male,68,Medio
27.0,64.0,High,Medium,Yes,6.0,56.0,Low,Yes,0.0,Low,Medium,Public,Neutral,5.0,No,High School,Near,Female,65,Bajo
21.0,70.0,High,High,Yes,8.0,72.0,Low,Yes,3.0,Medium,Medium,Public,Neutral,1.0,No,High School,Near,Female,67,Medio
26.0,69.0,High,Low,No,10.0,87.0,Low,Yes,2.0,Medium,Medium,Public,Positive,2.0,No,High School,Near,Male,67,Medio
27.0,99.0,High,Medium,No,9.0,96.0,Low,Yes,0.0,High,Medium,Private,Positive,2.0,No,High School,Near,Male,74,Alto
17.0,72.0,Low,Medium,No,7.0,94.0,Low,Yes,4.0,Medium,Medium,Public,Positive,2.0,No,High School,Near,Female,64,Bajo
15.0,65.0,Medium,High,Yes,9.0,93.0,Low,Yes,2.0,Low,Medium,Private,Neutral,3.0,No,High School,Near,Male,64,Bajo
20.0,82.0,Medium,Low,Yes,4.0,68.0,Medium,Yes,2.0,Low,Medium,Public,Neutral,3.0,No,High School,Near,Male,67,Medio
25.0,94.0,High,High,No,8.0,96.0,High,Yes,6.0,Medium,Medium,Public,Negative,3.0,Yes,High School,Near,Female,74,Alto
21.0,87.0,Medium,Medium,Yes,8.0,84.0,High,Yes,1.0,Low,Medium,Private,Positive,2.0,No,High School,Near,Male,69,Medio
11.0,72.0,Low,Medium,No,8.0,94.0,High,Yes,1.0,Low,Medium,Public,Positive,2.0,No,High School,Near,Male,62,Bajo
15.0,82.0,Medium,Medium,Yes,6.0,54.0,Medium,Yes,1.0,Medium,Medium,Public,Positive,2.0,No,High School,Near,Female,66,Bajo
20.0,89.0,High,High,Yes,8.0,52.0,Low,Yes,2.0,Medium,Medium,Public,Negative,3.0,No,High School,Near,Female,69,Medio
20.0,89.0,High,Medium,Yes,8.0,71.0,Medium,Yes,1.0,Medium,Medium,Public,Negative,1.0,No,High School,Near,Male,68,Medio
32.0,87.0,High,Medium,Yes,4.0,91.0,Medium,Yes,2.0,High,Medium,Public,Neutral,2.0,No,High School,Near,Female,74,Alto
12.0,95.0,Medium,Medium,No,7.0,70.0,Medium,Yes,4.0,Medium,Medium,Public,Positive,3.0,No,High School,Near,Male,68,Medio
23.0,95.0,Medium,Medium,Yes,6.0,94.0,High,Yes,2.0,Medium,Medium,Public,Neutral,3.0,No,High School,Near,Male,73,Alto
29.0,83.0,Medium,Low,No,8.0,62.0,Low,Yes,4.0,High,Medium,Public,Negative,5.0,No,High School,Near,Male,70,Alto
34.0,77.0,Medium,High,No,9.0,52.0,Medium,Yes,0.0,Medium,Medium,Private,Neutral,4.0,No,High School,Near,Female,69,Medio
18.0,86.0,Medium,Medium,Yes,6.0,88.0,Medium,Yes,2.0,Medium,Medium,Public,Neutral,2.0,No,High School,Near,Male,68,Medio
23.0,93.0,Medium,High,No,5.0,81.0,High,Yes,2.0,Low,Medium,Private,Negative,1.0,No,High School,Near,Male,71,Alto
23.0,60.0,Low,Medium,No,7.0,72.0,Low,Yes,3.0,High,Medium,Public,Neutral,2.0,No,High School,Near,Female,64,Bajo
21.0,100.0,Medium,Medium,No,5.0,92.0,Low,Yes,3.0,Low,Medium,Public,Positive,3.0,Yes,High School,Near,Male,71,Alto
19.0,67.0,Medium,Medium,No,7.0,91.0,Medium,Yes,1.0,Low,Medium,Public,Neutral,3.0,No,High School,Near,Female,65,Bajo
23.0,79.0,Low,Medium,Yes,7.0,66.0,High,Yes,1.0,High,Medium,Private,Positive,3.0,No,High School,Near,Male,68,Medio
5.0,95.0,Medium,High,Yes,8.0,92.0,Low,Yes,1.0,Low,Medium,Private,Neutral,2.0,No,High School,Near,Female,67,Medio
24.0,69.0,Medium,High,Yes,7.0,67.0,Medium,Yes,2.0,Medium,Medium,Public,Negative,4.0,No,High School,Near,Male,67,Medio
21.0,79.0,Medium,Low,Yes,7.0,81.0,Low,Yes,2.0,Medium,Medium,Public,Neutral,4.0,No,High School,Near,Male,67,Medio
19.0,65.0,Medium,High,Yes,9.0,60.0,Low,Yes,1.0,Low,Medium,Public,Neutral,3.0,No,High School,Near,Male,63,Bajo
32.0,76.0,Medium,Medium,No,7.0,63.0,Medium,Yes,0.0,Medium,Medium,Public,Positive,3.0,No,High School,Near,Female,68,Medio
16.0,67.0,High,High,Yes,6.0,72.0,Medium,Yes,1.0,Low,Medium,Public,Positive,3.0,No,High School,Near,Female,66,Bajo
18.0,75.0,Medium,Medium,Yes,7.0,66.0,High,Yes,1.0,High,Medium,Public,Positive,4.0,No,High School,Near,Male,67,Medio
32.0,75.0,Medium,Low,Yes,6.0,56.0,Medium,Yes,3.0,Medium,Medium,Public,Neutral,2.0,No,High School,Near,Female,68,Medio
15.0,100.0,High,Medium,Yes,5.0,74.0,Medium,Yes,2.0,High,Medium,Private,Neutral,3.0,No,High School,Near,Male,72,Alto
17.0,100.0,Medium,Medium,No,5.0,76.0,Low,Yes,3.0,Low,Medium,Private,Neutral,3.0,No,High School,Near,Female,70,Alto
19.0,65.0,Low,High,No,9.0,58.0,Low,Yes,3.0,Medium,Medium,Public,Negative,4.0,No,High School,Near,Female,62,Bajo
25.0,89.0,Medium,Low,Yes,6.0,59.0,Medium,Yes,2.0,Low,Medium,Public,Neutral,2.0,No,High School,Near,Female,69,Medio
21.0,62.0,Medium,Low,Yes,7.0,51.0,Low,Yes,0.0,Low,Medium,Private,Positive,4.0,No,High School,Near,Female,61,Bajo
12.0,61.0,Medium,Low,Yes,7.0,52.0,Low,Yes,2.0,Low,Medium,Public,Positive,2.0,No,High School,Near,Female,58,Bajo
17.0,64.0,Low,Medium,No,7.0,68.0,Medium,Yes,5.0,Medium,Medium,Private,Neutral,3.0,No,High School,Near,Male,63,Bajo
16.0,99.0,High,Medium,No,9.0,57.0,High,No,4.0,Medium,Medium,Public,Positive,3.0,No,High School,Near,Female,71,Alto
20.0,98.0,Low,Medium,Yes,7.0,96.0,Low,No,1.0,Low,Medium,Public,Positive,3.0,No,High School,Near,Female,70,Alto
23.0,68.0,High,Medium,No,6.0,60.0,Medium,Yes,1.0,Low,Medium,Public,Neutral,3.0,No,High School,Near,Female,64,Bajo
23.0,66.0,High,Low,No,6.0,53.0,Low,Yes,2.0,Medium,Medium,Public,Positive,1.0,No,High School,Near,Male,63,Bajo
9.0,70.0,High,Medium,Yes,8.0,70.0,Low,Yes,1.0,Medium,Medium,Public,Positive,3.0,No,High School,Near,Male,63,Bajo
26.0,81.0,High,Low,No,8.0,60.0,High,Yes,2.0,Low,Medium,Public,Positive,5.0,No,High School,Near,Female,71,Alto
22.0,83.0,Low,High,Yes,8.0,53.0,Medium,No,0.0,Low,Medium,Public,Negative,2.0,No,High School,Near,Female,65,Bajo
28.0,69.0,High,High,No,7.0,88.0,Low,Yes,2.0,Low,Medium,Public,Neutral,2.0,No,High School,Near,Male,68,Medio
23.0,90.0,Medium,High,Yes,5.0,78.0,High,No,1.0,Medium,Medium,Private,Neutral,3.0,No,High School,Near,Male,70,Alto
27.0,72.0,High,High,Yes,8.0,53.0,Medium,Yes,3.0,Medium,Medium,Public,Neutral,3.0,No,High School,Near,Female,68,Medio
23.0,97.0,Medium,High,No,7.0,73.0,Medium,No,3.0,Low,Medium,Private,Negative,1.0,No,High School,Near,Male,69,Medio
28.0,86.0,Medium,Medium,Yes,7.0,52.0,Medium,Yes,0.0,Medium,Medium,Public,Positive,5.0,No,High School,Near,Male,70,Alto
23.0,77.0,High,Medium,No,5.0,68.0,Low,Yes,0.0,High,Medium,Private,Positive,3.0,Yes,High School,Near,Male,67,Medio
19.0,92.0,Low,High,Yes,6.0,68.0,Medium,Yes,2.0,Medium,Medium,Public,Neutral,2.0,No,High School,Near,Female,69,Medio
34.0,93.0,Low,Medium,No,6.0,91.0,Low,Yes,2.0,High,Medium,Public,Neutral,3.0,No,High School,Near,Female,73,Alto
25.0,72.0,Medium,Medium,Yes,8.0,87.0,Low,Yes,3.0,Medium,Medium,Public,Positive,3.0,No,High School,Near,Male,68,Medio
23.0,74.0,High,Medium,No,8.0,95.0,Medium,Yes,2.0,Low,Medium,Public,Negative,2.0,No,High School,Near,Female,67,Medio
12.0,97.0,Medium,High,Yes,7.0,57.0,Low,Yes,0.0,Low,Medium,Private,Positive,4.0,No,High School,Near,Female,67,Medio
12.0,67.0,Medium,High,Yes,8.0,77.0,Medium,Yes,2.0,Low,Medium,Private,Positive,3.0,No,High School,Near,Male,64,Bajo
22.0,62.0,High,Medium,No,9.0,51.0,Medium,Yes,2.0,Low,Medium,Public,Neutral,2.0,No,High School,Near,Male,63,Bajo
21.0,78.0,Low,High,No,8.0,91.0,Medium,No,1.0,Medium,Medium,Private,Negative,5.0,No,High School,Near,Female,67,Medio
16.0,92.0,Medium,High,Yes,8.0,68.0,Medium,Yes,1.0,Medium,Medium,Public,Positive,2.0,No,High School,Near,Male,70,Alto
21.0,91.0,High,Medium,Yes,6.0,53.0,High,Yes,1.0,Medium,Medium,Public,Positive,3.0,No,High School,Near,Female,71,Alto
30.0,97.0,Medium,High,Yes,6.0,66.0,High,Yes,1.0,Medium,Medium,Private,Neutral,2.0,No,High School,Near,Male,74,Alto
24.0,81.0,Medium,High,Yes,9.0,64.0,High,Yes,2.0,High,Medium,Public,Positive,3.0,No,High School,Near,Male,70,Alto
13.0,64.0,Low,Low,No,6.0,88.0,Medium,Yes,1.0,Medium,Medium,Public,Neutral,2.0,No,High School,Near,Female,59,Bajo
19.0,84.0,Low,Medium,Yes,8.0,56.0,Medium,Yes,0.0,Low,Medium,Private,Neutral,3.0,Yes,High School,Near,Male,64,Bajo
15.0,91.0,Low,Medium,No,10.0,78.0,Low,Yes,2.0,Medium,Medium,Public,Neutral,3.0,No,High School,Near,Female,67,Medio
18.0,64.0,Medium,Medium,Yes,8.0,90.0,Medium,Yes,1.0,Low,Medium,Public,Neutral,3.0,No,High School,Near,Male,63,Bajo
18.0,67.0,Low,High,Yes,7.0,87.0,Medium,Yes,5.0,Low,Medium,Public,Positive,2.0,No,High School,Near,Male,66,Bajo
17.0,60.0,Medium,Medium,Yes,5.0,97.0,Medium,Yes,1.0,Medium,Medium,Private,Negative,4.0,No,High School,Near,Male,62,Bajo
12.0,84.0,Low,Medium,No,7.0,50.0,Medium,Yes,3.0,High,Medium,Public,Neutral,3.0,No,High School,Near,Male,65,Bajo
19.0,95.0,High,High,Yes,9.0,68.0,Medium,Yes,3.0,High,Medium,Public,Positive,4.0,No,High School,Near,Male,73,Alto
17.0,87.0,High,High,Yes,7.0,68.0,High,Yes,1.0,Medium,Medium,Public,Positive,2.0,No,High School,Near,Male,70,Alto
2.0,99.0,Medium,Low,Yes,9.0,52.0,Low,Yes,0.0,Medium,Medium,Public,Neutral,4.0,No,High School,Near,Male,62,Bajo
32.0,63.0,Medium,High,No,8.0,91.0,Medium,No,2.0,High,Medium,Public,Positive,5.0,Yes,High School,Near,Female,68,Medio
27.0,96.0,High,Low,Yes,7.0,84.0,Medium,Yes,1.0,High,Medium,Public,Neutral,3.0,No,High School,Near,Male,74,Alto
18.0,93.0,Medium,Medium,No,7.0,76.0,Low,Yes,2.0,Medium,Medium,Private,Neutral,4.0,No,High School,Near,Female,96,Alto
20.0,73.0,High,High,No,5.0,70.0,High,Yes,1.0,Low,Medium,Public,Negative,2.0,No,High School,Near,Male,66,Bajo
13.0,99.0,Low,High,Yes,6.0,95.0,Medium,No,0.0,Low,Medium,Public,Positive,4.0,No,High School,Near,Male,69,Medio
30.0,72.0,High,High,Yes,6.0,63.0,Medium,Yes,1.0,Low,Medium,Public,Neutral,3.0,No,High School,Near,Female,70,Alto
31.0,96.0,Medium,Low,Yes,8.0,67.0,Medium,Yes,2.0,Medium,Medium,Private,Neutral,3.0,No,High School,Near,Male,73,Alto
21.0,95.0,Low,Low,No,7.0,98.0,Low,Yes,1.0,Low,Medium,Public,Positive,2.0,No,High School,Near,Male,69,Medio
26.0,90.0,High,High,Yes,9.0,53.0,Medium,Yes,1.0,Low,Medium,Private,Neutral,4.0,No,High School,Near,Male,71,Alto
21.0,83.0,High,Low,Yes,7.0,89.0,Low,No,0.0,Low,Medium,Public,Neutral,2.0,No,High School,Near,Female,65,Bajo
12.0,65.0,Medium,Low,Yes,6.0,86.0,Medium,Yes,1.0,Medium,Medium,Public,Positive,3.0,No,High School,Near,Female,62,Bajo
18.0,81.0,High,High,No,6.0,95.0,Low,Yes,1.0,Medium,Medium,Public,Positive,3.0,No,High School,Near,Male,69,Medio
21.0,74.0,Low,Medium,No,6.0,55.0,High,Yes,3.0,Low,Medium,Public,Positive,2.0,No,High School,Near,Male,65,Bajo
17.0,92.0,Medium,Medium,No,7.0,99.0,Medium,Yes,1.0,Medium,Medium,Public,Neutral,2.0,No,High School,Near,Female,68,Medio
19.0,90.0,Low,Low,Yes,6.0,51.0,High,Yes,1.0,Low,Medium,Public,Negative,3.0,Yes,High School,Near,Male,65,Bajo
19.0,96.0,Medium,High,Yes,5.0,67.0,Medium,Yes,4.0,High,Medium,Private,Neutral,1.0,No,High School,Near,Male,72,Alto
20.0,61.0,High,High,Yes,9.0,54.0,Medium,Yes,2.0,High,Medium,Private,Positive,4.0,No,High School,Near,Male,67,Medio
20.0,92.0,Medium,Low,No,7.0,53.0,Medium,Yes,2.0,Medium,Medium,Private,Positive,2.0,No,High School,Near,Male,68,Medio
14.0,98.0,Low,Medium,No,7.0,98.0,Medium,No,0.0,Medium,Medium,Public,Positive,3.0,No,High School,Near,Male,68,Medio
16.0,92.0,Medium,Medium,No,6.0,86.0,Low,No,2.0,Medium,Medium,Private,Neutral,3.0,Yes,High School,Near,Female,66,Bajo
12.0,65.0,Medium,High,Yes,5.0,75.0,High,Yes,0.0,High,Medium,Private,Negative,2.0,No,High School,Near,Male,62,Bajo
26.0,63.0,Medium,Medium,Yes,7.0,55.0,Medium,Yes,2.0,Medium,Medium,Public,Neutral,4.0,No,High School,Near,Male,65,Bajo
7.0,61.0,Low,High,Yes,4.0,76.0,High,Yes,1.0,Medium,Medium,Private,Positive,5.0,No,High School,Near,Female,60,Bajo
27.0,85.0,High,Medium,Yes,8.0,66.0,Medium,Yes,2.0,Low,Medium,Private,Neutral,4.0,Yes,High School,Near,Male,70,Alto
28.0,85.0,Medium,Medium,Yes,6.0,64.0,Low,Yes,1.0,Low,Medium,Public,Neutral,1.0,No,High School,Near,Male,68,Medio
18.0,99.0,Medium,High,Yes,7.0,81.0,Low,Yes,1.0,Medium,Medium,Public,Neutral,3.0,No,High School,Near,Male,72,Alto
4.0,76.0,Medium,Medium,Yes,8.0,90.0,Medium,Yes,2.0,High,Medium,Public,Positive,2.0,No,High School,Near,Female,63,Bajo
18.0,73.0,Medium,High,Yes,7.0,72.0,Low,Yes,1.0,Medium,Medium,Private,Neutral,1.0,Yes,High School,Near,Male,63,Bajo
20.0,85.0,Low,Medium,Yes,5.0,75.0,Low,Yes,1.0,Medium,Medium,Public,Neutral,2.0,No,High School,Near,Male,67,Medio
14.0,93.0,Medium,Low,Yes,9.0,83.0,Low,Yes,4.0,Medium,Medium,Public,Neutral,2.0,No,High School,Near,Female,68,Medio
17.0,97.0,Medium,Medium,No,5.0,56.0,Low,Yes,2.0,High,Medium,Public,Positive,3.0,No,High School,Near,Female,69,Medio
29.0,92.0,High,Medium,Yes,4.0,91.0,Low,Yes,1.0,High,Medium,Public,Neutral,4.0,No,High School,Near,Female,75,Alto
24.0,77.0,Low,Medium,No,8.0,92.0,High,Yes,0.0,High,Medium,Public,Neutral,3.0,No,High School,Near,Male,67,Medio
14.0,85.0,High,High,Yes,5.0,77.0,Medium,Yes,2.0,Low,Medium,Public,Positive,3.0,No,High School,Near,Male,69,Medio
10.0,94.0,Low,Medium,No,9.0,59.0,Low,Yes,0.0,Medium,Medium,Public,Positive,2.0,No,High School,Near,Male,65,Bajo
18.0,80.0,Low,High,Yes,8.0,75.0,Medium,No,2.0,Medium,Medium,Public,Negative,4.0,No,High School,Near,Male,65,Bajo
19.0,69.0,Medium,Medium,Yes,7.0,55.0,Low,Yes,1.0,Low,Medium,Public,Positive,4.0,No,High School,Near,Female,63,Bajo
23.0,67.0,Low,Medium,No,6.0,88.0,Medium,Yes,2.0,Medium,Medium,Private,Neutral,4.0,No,High School,Near,Male,65,Bajo
17.0,60.0,Medium,Low,No,6.0,66.0,Medium,Yes,0.0,Low,Medium,Public,Positive,2.0,No,High School,Near,Female,58,Bajo
23.0,89.0,High,High,Yes,6.0,66.0,Low,Yes,0.0,Low,Medium,Private,Positive,3.0,No,High School,Near,Male,70,Alto
32.0,64.0,Low,Low,Yes,6.0,97.0,Medium,Yes,1.0,Medium,Medium,Public,Neutral,5.0,No,High School,Near,Male,66,Bajo
25.0,70.0,Medium,Low,No,9.0,71.0,Medium,No,2.0,Low,Medium,Public,Negative,2.0,No,High School,Near,Female,63,Bajo
20.0,72.0,Medium,Low,Yes,6.0,89.0,Low,Yes,1.0,Low,Medium,Private,Negative,3.0,No,High School,Near,Male,62,Bajo
19.0,82.0,Medium,Medium,Yes,8.0,82.0,High,Yes,2.0,Medium,Medium,Private,Positive,3.0,No,High School,Near,Female,69,Medio
18.0,76.0,Medium,Medium,No,9.0,66.0,High,Yes,1.0,High,Medium,Public,Positive,3.0,No,High School,Near,Female,66,Bajo
27.0,87.0,High,Low,No,6.0,56.0,Medium,Yes,0.0,Low,Medium,Public,Neutral,2.0,No,High School,Near,Male,68,Medio
16.0,62.0,Low,Medium,Yes,8.0,90.0,Low,Yes,2.0,High,Medium,Public,Neutral,2.0,No,High School,Near,Male,62,Bajo
20.0,65.0,High,Medium,No,6.0,88.0,Medium,Yes,0.0,Medium,Medium,Public,Negative,4.0,Yes,High School,Near,Male,64,Bajo
20.0,80.0,Medium,High,Yes,7.0,58.0,Low,No,0.0,Medium,Medium,Public,Neutral,2.0,No,High School,Near,Female,65,Bajo
17.0,73.0,Medium,High,Yes,6.0,62.0,Low,Yes,2.0,Low,Medium,Private,Negative,3.0,No,High School,Near,Male,64,Bajo
12.0,72.0,Medium,Medium,No,6.0,88.0,High,Yes,2.0,High,Medium,Public,Positive,3.0,No,High School,Near,Female,65,Bajo
22.0,63.0,Medium,Medium,Yes,7.0,99.0,Low,Yes,3.0,Medium,Medium,Private,Neutral,4.0,No,High School,Near,Male,65,Bajo
20.0,96.0,Low,Medium,Yes,5.0,92.0,Medium,Yes,0.0,Medium,Medium,Public,Neutral,3.0,No,High School,Near,Female,70,Alto
23.0,88.0,Low,High,No,8.0,84.0,High,Yes,2.0,Medium,Medium,Private,Positive,3.0,Yes,High School,Near,Female,71,Alto
17.0,65.0,Medium,Medium,Yes,5.0,96.0,Low,Yes,2.0,Medium,Medium,Public,Positive,3.0,No,High School,Near,Male,65,Bajo
27.0,63.0,High,Medium,No,5.0,64.0,Medium,No,1.0,High,Medium,Public,Positive,4.0,No,High School,Near,Male,67,Medio
15.0,99.0,Low,High,Yes,7.0,50.0,High,No,4.0,Low,Medium,Public,Positive,2.0,No,High School,Near,Male,68,Medio
30.0,87.0,High,High,Yes,6.0,66.0,Low,Yes,1.0,Medium,Medium,Public,Neutral,4.0,No,High School,Near,Male,73,Alto
10.0,77.0,Medium,High,No,8.0,99.0,Medium,Yes,0.0,Medium,Medium,Public,Neutral,4.0,Yes,High School,Near,Male,64,Bajo
23.0,88.0,High,High,No,7.0,94.0,Low,No,3.0,Low,Medium,Private,Positive,1.0,No,High School,Near,Male,71,Alto
23.0,90.0,Medium,High,No,5.0,53.0,Medium,Yes,2.0,Medium,Medium,Private,Positive,2.0,No,High School,Near,Female,70,Alto
15.0,91.0,Low,High,No,8.0,75.0,Medium,Yes,4.0,Medium,Medium,Public,Neutral,1.0,No,High School,Near,Female,68,Medio
23.0,79.0,High,Medium,Yes,7.0,54.0,Medium,Yes,2.0,Low,Medium,Private,Neutral,4.0,No,High School,Near,Female,68,Medio
28.0,77.0,Low,High,Yes,7.0,89.0,Medium,Yes,3.0,Low,Medium,Public,Positive,3.0,Yes,High School,Near,Male,68,Medio
7.0,60.0,Medium,High,Yes,10.0,69.0,Low,Yes,0.0,Low,Medium,Private,Positive,3.0,No,High School,Near,Female,59,Bajo
23.0,97.0,Medium,Medium,Yes,9.0,96.0,Medium,Yes,2.0,Medium,Medium,Private,Neutral,4.0,No,High School,Near,Male,74,Alto
5.0,84.0,Medium,Medium,Yes,7.0,53.0,Low,No,1.0,Low,Medium,Public,Positive,3.0,No,High School,Near,Male,62,Bajo
14.0,68.0,High,Low,Yes,5.0,87.0,High,Yes,2.0,Medium,Medium,Public,Positive,3.0,No,High School,Near,Male,64,Bajo
30.0,97.0,High,High,No,5.0,70.0,Medium,Yes,0.0,High,Medium,Public,Positive,2.0,No,High School,Near,Male,76,Alto
17.0,97.0,High,Medium,Yes,9.0,63.0,Medium,Yes,2.0,Low,Medium,Public,Positive,2.0,No,High School,Near,Male,70,Alto
13.0,100.0,High,Medium,No,6.0,76.0,Medium,No,0.0,Low,Medium,Public,Positive,5.0,No,High School,Near,Male,69,Medio
19.0,95.0,Medium,Medium,Yes,7.0,74.0,High,No,0.0,Low,Medium,Public,Positive,2.0,No,High School,Near,Female,69,Medio
32.0,100.0,Low,High,Yes,5.0,67.0,Medium,No,4.0,Medium,Medium,Public,Positive,3.0,No,High School,Near,Male,74,Alto
9.0,70.0,High,Medium,No,8.0,82.0,Low,No,2.0,High,Medium,Public,Negative,2.0,No,High School,Near,Female,62,Bajo
14.0,94.0,Medium,Medium,No,9.0,83.0,High,Yes,2.0,Low,Medium,Public,Positive,3.0,No,High School,Near,Male,70,Alto
29.0,93.0,Low,Medium,Yes,9.0,54.0,Medium,No,4.0,Low,Medium,Public,Positive,3.0,No,High School,Near,Male,71,Alto
31.0,69.0,Medium,Low,Yes,6.0,80.0,Low,Yes,4.0,Medium,Medium,Public,Negative,2.0,No,High School,Near,Male,68,Medio
19.0,64.0,High,Low,Yes,8.0,86.0,Low,Yes,3.0,High,Medium,Private,Neutral,3.0,No,High School,Near,Female,66,Bajo
13.0,99.0,Low,Medium,No,7.0,54.0,High,Yes,3.0,High,Medium,Public,Negative,3.0,No,High School,Near,Male,67,Medio
33.0,72.0,High,Medium,No,8.0,83.0,Low,Yes,3.0,Low,Medium,Private,Neutral,4.0,No,High School,Near,Male,71,Alto
30.0,95.0,Medium,Medium,Yes,7.0,90.0,Medium,Yes,3.0,Medium,Medium,Public,Neutral,1.0,No,High School,Near,Male,74,Alto
24.0,60.0,Low,Medium,Yes,6.0,92.0,Low,Yes,3.0,Medium,Medium,Public,Positive,2.0,No,High School,Near,Male,65,Bajo
15.0,61.0,High,Low,Yes,9.0,52.0,Medium,Yes,1.0,Medium,Medium,Private,Neutral,3.0,No,High School,Near,Female,60,Bajo
20.0,79.0,High,High,Yes,7.0,85.0,Low,Yes,2.0,Medium,Medium,Public,Neutral,2.0,No,High School,Near,Male,69,Medio
19.0,70.0,Medium,Medium,Yes,6.0,90.0,Low,Yes,2.0,Low,Medium,Private,Positive,3.0,No,High School,Near,Male,65,Bajo
22.0,88.0,Medium,Low,Yes,7.0,70.0,Medium,Yes,3.0,Low,Medium,Public,Positive,2.0,No,High School,Near,Female,69,Medio
29.0,83.0,Medium,Low,Yes,6.0,77.0,High,Yes,1.0,Medium,Medium,Public,Neutral,4.0,No,High School,Near,Male,70,Alto
25.0,63.0,High,Low,Yes,8.0,63.0,Medium,Yes,0.0,Medium,Medium,Private,Positive,1.0,Yes,High School,Near,Female,65,Bajo
14.0,67.0,Low,Low,Yes,7.0,66.0,Low,Yes,0.0,Low,Medium,Public,Neutral,4.0,No,High School,Near,Female,57,Bajo
28.0,76.0,Medium,Medium,Yes,6.0,75.0,Low,Yes,0.0,Medium,Medium,Public,Positive,2.0,No,High School,Near,Female,68,Medio
22.0,67.0,High,High,No,10.0,58.0,Medium,Yes,2.0,High,Medium,Public,Neutral,3.0,No,High School,Near,Male,67,Medio
24.0,92.0,Medium,Medium,No,5.0,69.0,Medium,Yes,2.0,Medium,Medium,Private,Negative,4.0,No,High School,Near,Female,70,Alto
29.0,77.0,Medium,Medium,Yes,8.0,65.0,Medium,Yes,1.0,Medium,Medium,Public,Neutral,3.0,No,High School,Near,Male,68,Medio
13.0,64.0,High,High,Yes,7.0,62.0,Medium,Yes,1.0,Low,Medium,Public,Neutral,1.0,No,High School,Near,Female,62,Bajo
20.0,79.0,High,Medium,Yes,5.0,74.0,Medium,Yes,1.0,Low,Medium,Public,Neutral,5.0,No,High School,Near,Male,67,Medio
17.0,64.0,High,High,Yes,6.0,92.0,Medium,Yes,0.0,Medium,Medium,Private,Positive,1.0,No,High School,Near,Male,66,Bajo
11.0,65.0,Medium,Low,Yes,5.0,62.0,Medium,Yes,2.0,Medium,Medium,Public,Neutral,2.0,No,High School,Near,Female,60,Bajo
22.0,70.0,High,Low,No,10.0,83.0,Low,Yes,0.0,Medium,Medium,Public,Positive,2.0,No,High School,Near,Male,65,Bajo
35.0,94.0,High,Medium,Yes,7.0,63.0,Medium,Yes,1.0,Low,Medium,Public,Positive,2.0,No,High School,Near,Female,75,Alto
9.0,97.0,Low,Medium,Yes,7.0,57.0,Medium,Yes,4.0,Medium,Medium,Public,Neutral,5.0,No,High School,Near,Female,67,Medio
20.0,93.0,Medium,High,No,10.0,97.0,Medium,Yes,1.0,Low,Medium,Public,Neutral,2.0,No,High School,Near,Male,71,Alto
24.0,73.0,Low,Low,Yes,6.0,82.0,Medium,Yes,0.0,Medium,Medium,Public,Negative,2.0,Yes,High School,Near,Male,63,Bajo
21.0,71.0,High,Medium,Yes,9.0,55.0,Low,Yes,2.0,High,Medium,Public,Positive,1.0,No,High School,Near,Male,67,Medio
19.0,82.0,High,Medium,No,8.0,82.0,Low,Yes,2.0,Low,Medium,Private,Negative,4.0,No,High School,Near,Female,68,Medio
12.0,89.0,High,Low,Yes,4.0,59.0,Low,Yes,2.0,Low,Medium,Public,Negative,4.0,No,High School,Near,Male,65,Bajo
21.0,100.0,Low,High,No,6.0,94.0,Medium,No,1.0,High,Medium,Public,Positive,3.0,No,High School,Near,Female,72,Alto
15.0,65.0,Medium,Medium,No,8.0,62.0,Medium,Yes,1.0,Medium,Medium,Public,Neutral,4.0,No,High School,Near,Female,61,Bajo
7.0,62.0,Low,High,No,7.0,90.0,Medium,Yes,1.0,Medium,Medium,Public,Neutral,5.0,No,High School,Near,Female,60,Bajo
27.0,88.0,High,High,Yes,7.0,60.0,Medium,Yes,2.0,Low,Medium,Public,Positive,2.0,No,High School,Near,Female,72,Alto
26.0,93.0,Medium,Medium,Yes,6.0,78.0,Medium,Yes,2.0,Medium,Medium,Public,Neutral,3.0,No,High School,Near,Female,72,Alto
20.0,94.0,Low,Medium,Yes,6.0,96.0,Medium,Yes,2.0,Medium,Medium,Private,Negative,3.0,No,High School,Near,Male,70,Alto
21.0,87.0,Low,Medium,No,7.0,65.0,High,Yes,2.0,Medium,Medium,Public,Negative,3.0,Yes,High School,Near,Male,67,Medio
26.0,98.0,Medium,Medium,No,10.0,54.0,Medium,Yes,0.0,Low,Medium,Private,Neutral,1.0,No,High School,Near,Male,71,Alto
21.0,80.0,Medium,Low,Yes,6.0,78.0,Medium,Yes,0.0,Medium,Medium,Private,Negative,2.0,No,High School,Near,Female,66,Bajo
25.0,97.0,High,High,No,6.0,59.0,Low,Yes,0.0,Low,Medium,Public,Positive,2.0,No,High School,Near,Female,72,Alto
18.0,99.0,Medium,Medium,Yes,7.0,86.0,Medium,No,1.0,High,Medium,Public,Neutral,4.0,No,High School,Near,Female,70,Alto
28.0,94.0,Medium,Low,Yes,5.0,80.0,Medium,Yes,2.0,High,Medium,Public,Negative,2.0,No,High School,Near,Female,71,Alto
22.0,72.0,Low,Low,Yes,8.0,67.0,High,Yes,2.0,Medium,Medium,Public,Negative,4.0,No,High School,Near,Male,64,Bajo
21.0,68.0,Medium,Medium,Yes,5.0,85.0,Medium,No,3.0,High,Medium,Public,Positive,2.0,No,High School,Near,Male,66,Bajo
12.0,82.0,High,Low,No,5.0,62.0,Low,Yes,2.0,Medium,Medium,Public,Positive,4.0,No,High School,Near,Male,64,Bajo
22.0,78.0,Medium,Medium,Yes,5.0,96.0,Medium,Yes,0.0,Low,Medium,Public,Neutral,3.0,No,High School,Near,Male,67,Medio
15.0,95.0,Low,Low,No,5.0,67.0,High,Yes,3.0,Medium,Medium,Public,Positive,3.0,No,High School,Near,Female,67,Medio
16.0,64.0,High,Low,No,9.0,88.0,Medium,Yes,1.0,Medium,Medium,Public,Positive,3.0,No,High School,Near,Male,64,Bajo
15.0,70.0,Low,Medium,No,8.0,63.0,Low,Yes,0.0,Medium,Medium,Private,Positive,4.0,No,High School,Near,Female,61,Bajo
14.0,90.0,High,High,Yes,8.0,86.0,Medium,Yes,4.0,Medium,Medium,Private,Negative,2.0,No,High School,Near,Female,99,Alto
33.0,64.0,Medium,Medium,No,8.0,52.0,Low,No,3.0,High,Medium,Public,Positive,4.0,No,High School,Near,Male,67,Medio
28.0,73.0,Medium,High,Yes,7.0,65.0,High,Yes,3.0,High,Medium,Public,Positive,3.0,No,High School,Near,Male,72,Alto
32.0,75.0,Low,Low,No,7.0,55.0,Medium,Yes,1.0,Medium,Medium,Public,Neutral,4.0,No,High School,Near,Male,66,Bajo
13.0,85.0,Low,High,Yes,9.0,73.0,High,Yes,3.0,Medium,Medium,Public,Positive,2.0,No,High School,Near,Male,68,Medio
20.0,66.0,High,Low,No,9.0,72.0,Low,Yes,1.0,Medium,Medium,Public,Positive,1.0,No,High School,Near,Female,64,Bajo
12.0,94.0,High,High,No,5.0,68.0,High,Yes,1.0,High,Medium,Public,Neutral,2.0,No,High School,Near,Male,69,Medio
16.0,78.0,Medium,High,No,10.0,99.0,Low,Yes,0.0,Low,Medium,Public,Positive,4.0,No,High School,Near,Female,65,Bajo
14.0,97.0,Low,High,No,5.0,62.0,Medium,No,1.0,Medium,Medium,Public,Neutral,4.0,Yes,High School,Near,Female,66,Bajo
27.0,79.0,High,High,Yes,6.0,90.0,Low,Yes,3.0,Medium,Medium,Public,Positive,4.0,No,High School,Near,Male,73,Alto
18.0,71.0,Medium,Medium,Yes,7.0,72.0,Low,Yes,0.0,Low,Medium,Public,Neutral,4.0,No,High School,Near,Female,63,Bajo
26.0,66.0,Medium,Medium,Yes,7.0,67.0,High,Yes,3.0,Medium,Medium,Public,Negative,4.0,No,High School,Near,Female,66,Bajo
24.0,60.0,Medium,Medium,Yes,10.0,60.0,Low,Yes,3.0,Low,Medium,Private,Neutral,2.0,No,High School,Near,Female,65,Bajo
34.0,81.0,Medium,Medium,Yes,9.0,82.0,Low,Yes,1.0,Medium,Medium,Public,Negative,2.0,No,High School,Near,Male,71,Alto
11.0,64.0,Medium,Low,Yes,8.0,67.0,High,No,1.0,Medium,Medium,Public,Neutral,2.0,Yes,High School,Near,Male,58,Bajo
28.0,76.0,Medium,Medium,No,9.0,91.0,Medium,Yes,0.0,Low,Medium,Private,Neutral,3.0,No,High School,Near,Male,68,Medio
27.0,84.0,Medium,Medium,No,8.0,98.0,Medium,Yes,0.0,Low,Medium,Public,Neutral,4.0,No,High School,Near,Male,69,Medio
14.0,71.0,High,Low,Yes,6.0,61.0,Low,Yes,0.0,Low,Medium,Public,Positive,3.0,No,High School,Near,Female,63,Bajo
26.0,67.0,Medium,Medium,Yes,8.0,56.0,Medium,Yes,1.0,Medium,Medium,Public,Negative,5.0,No,High School,Near,Female,66,Bajo
22.0,91.0,Medium,Medium,Yes,7.0,66.0,Medium,No,0.0,High,Medium,Public,Negative,3.0,No,High School,Near,Female,69,Medio
19.0,98.0,Medium,Low,Yes,6.0,73.0,Medium,Yes,3.0,Low,Medium,Private,Negative,3.0,No,High School,Near,Male,69,Medio
15.0,64.0,High,Medium,No,9.0,65.0,Medium,Yes,2.0,Medium,Medium,Public,Neutral,2.0,No,High School,Near,Male,63,Bajo
16.0,66.0,Low,High,Yes,7.0,99.0,Medium,Yes,1.0,Low,Medium,Public,Positive,3.0,No,High School,Near,Female,65,Bajo
32.0,98.0,Low,High,No,5.0,89.0,Medium,Yes,2.0,High,Medium,Private,Positive,3.0,No,High School,Near,Male,76,Alto
20.0,62.0,High,Medium,Yes,6.0,98.0,High,Yes,0.0,High,Medium,Public,Neutral,3.0,No,High School,Near,Male,67,Medio
25.0,99.0,Low,Medium,No,8.0,69.0,Medium,No,1.0,Low,Medium,Public,Positive,3.0,No,High School,Near,Male,70,Alto
15.0,60.0,Medium,Low,No,9.0,65.0,Medium,Yes,1.0,Medium,Medium,Public,Negative,5.0,No,High School,Near,Male,60,Bajo
15.0,95.0,High,Low,No,8.0,70.0,Medium,Yes,2.0,High,Medium,Public,Neutral,3.0,Yes,High School,Near,Female,68,Medio
26.0,72.0,Medium,Medium,Yes,8.0,76.0,Medium,Yes,1.0,Medium,Medium,Public,Negative,3.0,No,High School,Near,Male,68,Medio
12.0,98.0,Low,High,Yes,6.0,87.0,Medium,Yes,2.0,Low,Medium,Private,Neutral,3.0,No,High School,Near,Female,70,Alto
18.0,73.0,Medium,High,Yes,7.0,94.0,High,Yes,1.0,High,Medium,Private,Neutral,3.0,No,High School,Near,Female,68,Medio
20.0,86.0,High,High,No,7.0,73.0,Medium,Yes,3.0,Low,Medium,Public,Neutral,3.0,Yes,High School,Near,Male,69,Medio
21.0,63.0,Medium,Medium,Yes,7.0,64.0,Medium,Yes,0.0,Low,Medium,Public,Negative,3.0,No,High School,Near,Female,62,Bajo
19.0,70.0,High,Low,No,7.0,66.0,Medium,Yes,1.0,High,Medium,Private,Neutral,4.0,No,High School,Near,Male,64,Bajo
22.0,91.0,High,Medium,No,6.0,85.0,Low,Yes,2.0,Medium,Medium,Private,Positive,2.0,No,High School,Near,Female,71,Alto
24.0,81.0,Medium,Medium,Yes,8.0,78.0,Medium,Yes,1.0,Low,Medium,Public,Positive,2.0,No,High School,Near,Male,68,Medio
24.0,97.0,High,Medium,No,5.0,74.0,High,Yes,0.0,Medium,Medium,Public,Neutral,5.0,No,High School,Near,Female,72,Alto
14.0,77.0,Medium,Medium,Yes,5.0,60.0,Low,Yes,1.0,High,Medium,Private,Negative,3.0,No,High School,Near,Male,64,Bajo
18.0,95.0,Medium,High,Yes,6.0,94.0,Medium,Yes,6.0,Low,Medium,Public,Neutral,3.0,No,High School,Near,Female,73,Alto
27.0,78.0,Medium,High,No,8.0,89.0,Low,Yes,0.0,Low,Medium,Public,Neutral,3.0,No,High School,Near,Female,69,Medio
25.0,99.0,Low,Medium,No,8.0,57.0,Medium,Yes,1.0,Medium,Medium,Private,Positive,3.0,No,High School,Near,Male,70,Alto
12.0,98.0,Medium,High,No,4.0,68.0,Medium,Yes,3.0,Low,Medium,Public,Neutral,2.0,No,High School,Near,Female,69,Medio
22.0,73.0,Medium,Low,No,8.0,77.0,Medium,Yes,1.0,High,Medium,Public,Neutral,3.0,No,High School,Near,Male,64,Bajo
8.0,95.0,Medium,Medium,No,7.0,73.0,Low,Yes,2.0,Medium,Medium,Private,Neutral,2.0,No,High School,Near,Male,66,Bajo
20.0,94.0,Medium,Medium,Yes,6.0,70.0,High,Yes,1.0,Medium,Medium,Public,Neutral,2.0,No,High School,Near,Female,69,Medio
31.0,68.0,High,Medium,No,7.0,86.0,Low,Yes,1.0,Low,Medium,Private,Positive,3.0,No,High School,Near,Female,68,Medio
14.0,85.0,Medium,Low,Yes,5.0,53.0,Medium,Yes,4.0,Medium,Medium,Public,Neutral,3.0,No,High School,Near,Male,65,Bajo
15.0,63.0,High,Low,Yes,7.0,74.0,Medium,Yes,4.0,Low,Medium,Public,Negative,2.0,No,High School,Near,Male,62,Bajo
25.0,93.0,High,High,Yes,5.0,63.0,Medium,Yes,2.0,High,Medium,Public,Positive,2.0,No,High School,Near,Female,75,Alto
11.0,67.0,Medium,Medium,Yes,6.0,54.0,Low,Yes,0.0,Low,Medium,Public,Positive,3.0,No,High School,Near,Female,60,Bajo
16.0,63.0,Medium,High,Yes,6.0,73.0,Medium,Yes,0.0,Medium,Medium,Public,Neutral,4.0,No,High School,Near,Male,63,Bajo
24.0,76.0,Medium,Low,Yes,8.0,59.0,Medium,Yes,2.0,Medium,Medium,Public,Positive,4.0,No,High School,Near,Male,66,Bajo
16.0,83.0,High,Medium,Yes,7.0,63.0,Medium,Yes,0.0,Medium,Medium,Public,Neutral,3.0,No,High School,Near,Female,67,Medio
19.0,94.0,Low,Medium,Yes,8.0,75.0,Medium,Yes,1.0,Medium,Medium,Public,Negative,3.0,No,High School,Near,Female,68,Medio
24.0,99.0,Medium,Medium,Yes,5.0,99.0,Medium,Yes,0.0,Low,Medium,Public,Positive,3.0,No,High School,Near,Female,72,Alto
23.0,78.0,Low,Medium,No,7.0,84.0,High,Yes,0.0,Low,Medium,Private,Neutral,3.0,No,High School,Near,Male,66,Bajo
22.0,62.0,Medium,Medium,Yes,8.0,64.0,Medium,Yes,0.0,Low,Medium,Public,Neutral,3.0,No,High School,Near,Female,63,Bajo
18.0,90.0,Medium,High,Yes,9.0,69.0,Medium,Yes,1.0,High,Medium,Private,Positive,3.0,No,High School,Near,Female,71,Alto
22.0,83.0,Low,Medium,Yes,5.0,70.0,High,Yes,2.0,Low,Medium,Public,Positive,3.0,No,High School,Near,Male,67,Medio
19.0,78.0,Medium,Medium,Yes,6.0,58.0,Medium,Yes,1.0,Low,Medium,Public,Neutral,3.0,No,High School,Near,Male,66,Bajo
23.0,72.0,High,Medium,No,8.0,58.0,Medium,No,2.0,Low,Medium,Private,Positive,2.0,No,High School,Near,Female,66,Bajo
17.0,80.0,High,High,No,9.0,57.0,Medium,Yes,4.0,Low,Medium,Public,Positive,2.0,No,High School,Near,Male,68,Medio
19.0,74.0,Medium,Medium,No,7.0,76.0,High,Yes,1.0,High,Medium,Public,Neutral,3.0,No,High School,Near,Female,66,Bajo
14.0,90.0,High,Medium,Yes,5.0,84.0,Medium,Yes,0.0,Low,Medium,Public,Negative,3.0,No,High School,Near,Female,68,Medio
20.0,82.0,High,Medium,Yes,5.0,80.0,Medium,Yes,3.0,Low,Medium,Public,Neutral,1.0,Yes,High School,Near,Female,68,Medio
15.0,95.0,Low,Medium,Yes,7.0,99.0,Low,Yes,0.0,High,Medium,Public,Neutral,2.0,No,High School,Near,Female,68,Medio
13.0,82.0,Medium,High,No,8.0,56.0,Low,Yes,2.0,Low,Medium,Private,Neutral,3.0,No,High School,Near,Male,66,Bajo
22.0,70.0,High,Low,No,7.0,99.0,Medium,Yes,1.0,Low,Medium,Private,Positive,2.0,No,High School,Near,Male,66,Bajo
21.0,94.0,Medium,High,No,5.0,73.0,Low,Yes,0.0,Medium,Medium,Public,Neutral,3.0,No,High School,Near,Female,70,Alto
25.0,82.0,High,Medium,Yes,9.0,61.0,Low,Yes,1.0,High,Medium,Public,Negative,2.0,No,High School,Near,Male,68,Medio
17.0,68.0,Medium,Medium,Yes,6.0,97.0,High,Yes,2.0,High,Medium,Public,Negative,3.0,No,High School,Near,Male,65,Bajo
22.0,85.0,Low,High,Yes,8.0,73.0,High,Yes,1.0,Medium,Medium,Private,Positive,3.0,No,High School,Near,Male,70,Alto
23.0,74.0,Medium,Medium,No,4.0,67.0,Medium,Yes,3.0,High,Medium,Private,Negative,5.0,No,High School,Near,Male,66,Bajo
23.0,94.0,Medium,High,Yes,9.0,61.0,Medium,No,0.0,Medium,Medium,Public,Negative,1.0,Yes,High School,Near,Female,68,Medio
15.0,78.0,Medium,Medium,Yes,6.0,63.0,High,Yes,1.0,Medium,Medium,Private,Neutral,2.0,Yes,High School,Near,Male,64,Bajo
21.0,89.0,Medium,Medium,No,9.0,99.0,Medium,Yes,0.0,Medium,Medium,Private,Negative,3.0,No,High School,Near,Male,69,Medio
22.0,64.0,Medium,Medium,No,8.0,65.0,Low,Yes,2.0,Medium,Medium,Private,Neutral,4.0,No,High School,Near,Female,65,Bajo
20.0,76.0,Medium,High,Yes,5.0,99.0,Low,No,3.0,Medium,Medium,Public,Negative,3.0,No,High School,Near,Female,69,Medio
7.0,99.0,Low,High,Yes,7.0,67.0,Low,No,1.0,High,Medium,Private,Neutral,4.0,No,High School,Near,Female,66,Bajo
21.0,92.0,High,Low,No,9.0,62.0,Medium,Yes,1.0,Medium,Medium,Public,Positive,2.0,No,High School,Near,Female,68,Medio
33.0,66.0,Medium,Medium,Yes,6.0,59.0,Medium,Yes,3.0,High,Medium,Public,Positive,2.0,No,High School,Near,Female,70,Alto
18.0,71.0,High,Medium,No,9.0,71.0,Medium,Yes,1.0,Medium,Medium,Public,Positive,3.0,No,High School,Near,Female,65,Bajo
16.0,73.0,High,Medium,Yes,8.0,62.0,Medium,Yes,0.0,High,Medium,Private,Neutral,2.0,No,High School,Near,Female,65,Bajo
22.0,86.0,Medium,Low,No,9.0,85.0,Medium,Yes,1.0,Medium,Medium,Public,Negative,3.0,No,High School,Near,Female,68,Medio
22.0,90.0,Low,Medium,No,7.0,62.0,Low,Yes,0.0,Medium,Medium,Public,Positive,3.0,No,High School,Near,Male,67,Medio
27.0,90.0,High,High,No,7.0,92.0,Medium,Yes,0.0,Low,Medium,Private,Neutral,3.0,No,High School,Near,Female,72,Alto
12.0,80.0,High,High,Yes,10.0,92.0,High,Yes,1.0,High,Medium,Public,Positive,3.0,No,High School,Near,Male,70,Alto
24.0,92.0,Low,High,Yes,8.0,64.0,High,Yes,1.0,High,Medium,Private,Neutral,3.0,No,High School,Near,Male,72,Alto
24.0,77.0,High,High,Yes,7.0,88.0,Low,Yes,1.0,High,Medium,Public,Negative,5.0,No,High School,Near,Male,71,Alto
19.0,65.0,Low,Medium,No,8.0,93.0,Low,Yes,1.0,Medium,Medium,Private,Neutral,4.0,No,High School,Near,Male,64,Bajo
22.0,83.0,Low,High,Yes,6.0,80.0,Medium,Yes,2.0,Medium,Medium,Public,Positive,5.0,No,High School,Near,Female,69,Medio
26.0,98.0,Medium,Medium,Yes,7.0,68.0,Medium,Yes,4.0,Low,Medium,Public,Positive,1.0,No,High School,Near,Female,73,Alto
25.0,92.0,Low,High,Yes,9.0,72.0,Medium,Yes,1.0,Low,Medium,Public,Negative,5.0,No,High School,Near,Female,70,Alto
13.0,83.0,High,Medium,No,7.0,89.0,Medium,Yes,1.0,Low,Medium,Public,Neutral,4.0,No,High School,Near,Female,68,Medio
25.0,86.0,High,Medium,No,6.0,65.0,Medium,Yes,2.0,Medium,Medium,Public,Positive,5.0,No,High School,Near,Male,71,Alto
20.0,97.0,Medium,High,No,6.0,67.0,Low,Yes,1.0,Low,Medium,Private,Positive,3.0,No,High School,Near,Female,71,Alto
20.0,77.0,Low,High,Yes,7.0,58.0,High,Yes,0.0,High,Medium,Public,Neutral,3.0,No,High School,Near,Male,66,Bajo
20.0,73.0,Medium,High,No,6.0,70.0,Low,Yes,3.0,High,Medium,Public,Neutral,4.0,No,High School,Near,Female,68,Medio
19.0,99.0,Medium,High,Yes,5.0,54.0,Low,Yes,0.0,Medium,Medium,Public,Neutral,2.0,No,High School,Near,Male,70,Alto
27.0,95.0,Medium,Medium,No,5.0,66.0,Low,Yes,3.0,Medium,Medium,Public,Neutral,4.0,No,High School,Near,Male,72,Alto
19.0,73.0,Low,High,Yes,9.0,69.0,High,Yes,1.0,Low,Medium,Public,Positive,4.0,No,High School,Near,Female,66,Bajo
13.0,79.0,Medium,High,Yes,7.0,63.0,Low,No,3.0,High,Medium,Private,Neutral,2.0,No,High School,Near,Female,65,Bajo
18.0,77.0,Medium,High,Yes,7.0,55.0,High,No,3.0,High,Medium,Private,Neutral,3.0,Yes,High School,Near,Female,66,Bajo
21.0,66.0,High,Medium,Yes,6.0,76.0,Low,Yes,3.0,Low,Medium,Private,Neutral,1.0,No,High School,Near,Female,65,Bajo
27.0,98.0,High,Low,Yes,6.0,93.0,Low,Yes,0.0,Low,Medium,Private,Neutral,4.0,No,High School,Near,Male,72,Alto
24.0,76.0,Medium,Medium,Yes,6.0,67.0,Medium,Yes,2.0,High,Medium,Public,Negative,3.0,No,High School,Near,Female,68,Medio
15.0,95.0,Medium,Medium,Yes,7.0,62.0,High,Yes,0.0,High,Medium,Public,Negative,3.0,No,High School,Near,Female,68,Medio
35.0,68.0,Low,High,Yes,5.0,64.0,Medium,Yes,0.0,High,Medium,Public,Positive,4.0,Yes,High School,Near,Male,67,Medio
22.0,82.0,Medium,Medium,Yes,9.0,93.0,Low,Yes,2.0,Low,Medium,Public,Neutral,2.0,No,High School,Near,Male,68,Medio
28.0,61.0,High,Medium,No,7.0,76.0,High,Yes,1.0,Medium,Medium,Public,Positive,4.0,No,High School,Near,Male,67,Medio
19.0,91.0,Medium,High,No,7.0,57.0,Low,Yes,3.0,High,Medium,Public,Negative,3.0,No,High School,Near,Female,69,Medio
23.0,83.0,Low,Low,No,8.0,85.0,Medium,Yes,2.0,Low,Medium,Private,Neutral,2.0,Yes,High School,Near,Male,65,Bajo
25.0,85.0,Medium,Medium,No,8.0,58.0,Medium,Yes,2.0,Medium,Medium,Public,Neutral,4.0,No,High School,Near,Male,70,Alto
27.0,62.0,High,Medium,No,6.0,53.0,Low,Yes,1.0,Medium,Medium,Public,Positive,2.0,No,High School,Near,Male,64,Bajo
26.0,68.0,Medium,Medium,No,8.0,63.0,Medium,Yes,2.0,Low,Medium,Public,Positive,3.0,No,High School,Near,Male,66,Bajo
25.0,63.0,Low,Medium,No,8.0,58.0,Medium,Yes,1.0,High,Medium,Public,Positive,1.0,No,High School,Near,Female,64,Bajo
18.0,72.0,High,High,Yes,7.0,80.0,High,Yes,1.0,High,Medium,Public,Negative,2.0,Yes,High School,Near,Female,66,Bajo
17.0,85.0,Medium,Medium,Yes,9.0,74.0,Medium,Yes,1.0,Medium,Medium,Private,Neutral,2.0,No,High School,Near,Male,67,Medio
22.0,83.0,Medium,Low,Yes,8.0,86.0,Medium,Yes,3.0,Medium,Medium,Public,Negative,4.0,No,High School,Near,Male,68,Medio
26.0,84.0,Medium,Medium,No,8.0,76.0,Medium,Yes,5.0,Medium,Medium,Public,Neutral,2.0,No,High School,Near,Male,71,Alto
19.0,82.0,High,Low,No,9.0,71.0,Medium,Yes,1.0,Low,Medium,Private,Neutral,3.0,No,High School,Near,Female,67,Medio
26.0,71.0,High,Medium,Yes,7.0,76.0,Medium,Yes,3.0,Low,Medium,Public,Positive,2.0,No,High School,Near,Male,69,Medio
29.0,70.0,Medium,Low,Yes,7.0,72.0,Low,Yes,1.0,Medium,Medium,Public,Positive,4.0,No,High School,Near,Male,67,Medio
15.0,65.0,Low,High,Yes,8.0,52.0,Medium,Yes,4.0,Low,Medium,Private,Neutral,3.0,Yes,High School,Near,Female,61,Bajo
15.0,94.0,Medium,Medium,No,7.0,84.0,Medium,Yes,0.0,Medium,Medium,Public,Positive,2.0,No,High School,Near,Male,68,Medio
19.0,85.0,Low,Low,Yes,8.0,98.0,Medium,Yes,2.0,Medium,Medium,Private,Neutral,4.0,No,High School,Near,Female,67,Medio
22.0,67.0,Low,Medium,Yes,6.0,71.0,Low,Yes,1.0,Medium,Medium,Public,Neutral,4.0,No,High School,Near,Male,64,Bajo
17.0,67.0,Medium,Medium,Yes,4.0,71.0,Medium,Yes,3.0,Medium,Medium,Public,Negative,2.0,No,High School,Near,Female,63,Bajo
28.0,95.0,Low,Medium,No,8.0,52.0,High,Yes,3.0,High,Medium,Public,Negative,4.0,No,High School,Near,Male,72,Alto
23.0,90.0,High,Medium,No,5.0,95.0,Low,Yes,2.0,Low,Medium,Public,Negative,2.0,No,High School,Near,Male,69,Medio
20.0,86.0,Low,High,No,6.0,96.0,Medium,Yes,1.0,High,Medium,Public,Neutral,2.0,Yes,High School,Near,Male,66,Bajo
11.0,76.0,Medium,Medium,Yes,8.0,91.0,Low,Yes,1.0,High,Medium,Private,Neutral,3.0,Yes,High School,Near,Female,64,Bajo
12.0,70.0,Low,Medium,Yes,8.0,55.0,Medium,Yes,2.0,Medium,Medium,Public,Negative,4.0,No,High School,Near,Female,61,Bajo
22.0,99.0,Medium,High,Yes,9.0,95.0,Medium,Yes,2.0,Low,Medium,Public,Negative,4.0,Yes,High School,Near,Male,71,Alto
7.0,92.0,Low,Medium,Yes,4.0,51.0,Medium,Yes,0.0,High,Medium,Public,Positive,1.0,No,High School,Near,Female,63,Bajo
26.0,72.0,Medium,Low,No,7.0,72.0,Low,Yes,2.0,Medium,Medium,Public,Neutral,4.0,No,High School,Near,Female,65,Bajo
19.0,94.0,High,Low,Yes,7.0,75.0,Medium,Yes,2.0,High,Medium,Public,Negative,5.0,No,High School,Near,Female,71,Alto
39.0,90.0,High,High,No,8.0,92.0,High,Yes,2.0,Medium,Medium,Private,Neutral,1.0,No,High School,Near,Female,78,Alto
34.0,72.0,Medium,High,Yes,9.0,88.0,Low,Yes,1.0,High,Medium,Private,Positive,3.0,No,High School,Near,Male,73,Alto
19.0,77.0,Low,Medium,No,5.0,90.0,Low,Yes,1.0,Low,Medium,Private,Neutral,3.0,No,High School,Near,Female,65,Bajo
19.0,67.0,Low,Medium,Yes,7.0,93.0,High,Yes,0.0,Medium,Medium,Public,Positive,4.0,No,High School,Near,Male,66,Bajo
26.0,64.0,High,Low,Yes,8.0,74.0,Low,Yes,3.0,Medium,Medium,Public,Neutral,2.0,No,High School,Near,Male,66,Bajo
30.0,89.0,Medium,Medium,No,6.0,89.0,Medium,Yes,3.0,High,Medium,Public,Neutral,3.0,No,High School,Near,Male,74,Alto
10.0,71.0,Medium,Low,No,10.0,53.0,Low,Yes,4.0,High,Medium,Private,Positive,3.0,No,High School,Near,Female,62,Bajo
9.0,93.0,High,Low,Yes,6.0,72.0,Low,Yes,1.0,Medium,Medium,Public,Positive,2.0,No,High School,Near,Female,66,Bajo
16.0,100.0,High,High,No,7.0,52.0,Medium,Yes,4.0,Low,Medium,Public,Negative,4.0,No,High School,Near,Female,71,Alto
23.0,63.0,High,Medium,Yes,5.0,96.0,Medium,Yes,2.0,High,Medium,Public,Neutral,2.0,No,High School,Near,Female,67,Medio
23.0,79.0,High,Low,Yes,7.0,98.0,Low,Yes,0.0,Medium,Medium,Public,Neutral,4.0,No,High School,Near,Female,69,Medio
26.0,92.0,Medium,High,No,4.0,54.0,Medium,Yes,2.0,High,Medium,Public,Positive,4.0,No,High School,Near,Male,72,Alto
13.0,92.0,High,High,Yes,7.0,77.0,Medium,Yes,2.0,High,Medium,Public,Positive,4.0,No,High School,Near,Male,72,Alto
6.0,90.0,Medium,Medium,Yes,9.0,66.0,Medium,Yes,2.0,Medium,Medium,Public,Positive,2.0,No,High School,Near,Male,65,Bajo
25.0,74.0,High,High,No,5.0,67.0,High,Yes,1.0,Medium,Medium,Public,Positive,5.0,No,High School,Near,Male,71,Alto
15.0,78.0,Medium,Medium,No,5.0,73.0,Medium,Yes,0.0,High,Medium,Private,Positive,1.0,Yes,High School,Near,Male,64,Bajo
8.0,84.0,Medium,Low,Yes,9.0,56.0,Low,Yes,1.0,Low,Medium,Public,Positive,2.0,No,High School,Near,Male,61,Bajo
21.0,99.0,Medium,Low,Yes,9.0,59.0,Low,Yes,1.0,High,Medium,Public,Negative,2.0,No,High School,Near,Female,69,Medio
25.0,73.0,Low,Medium,Yes,5.0,79.0,Medium,Yes,1.0,Low,Medium,Private,Neutral,5.0,No,High School,Near,Female,65,Bajo
19.0,97.0,Medium,Low,Yes,10.0,51.0,High,Yes,3.0,Low,Medium,Public,Neutral,4.0,No,High School,Near,Female,69,Medio
17.0,71.0,Medium,Medium,No,8.0,80.0,Low,Yes,2.0,High,Medium,Public,Neutral,3.0,No,High School,Near,Female,64,Bajo
19.0,100.0,Medium,Low,Yes,9.0,66.0,High,Yes,1.0,High,Medium,Public,Negative,4.0,Yes,High School,Near,Male,69,Medio
18.0,87.0,Medium,Medium,Yes,6.0,92.0,Low,Yes,1.0,Low,Medium,Private,Neutral,4.0,No,High School,Near,Female,68,Medio
12.0,79.0,Medium,Low,No,9.0,80.0,Low,Yes,1.0,High,Medium,Public,Positive,2.0,No,High School,Near,Male,63,Bajo
16.0,85.0,Low,Medium,No,7.0,85.0,High,Yes,1.0,Medium,Medium,Public,Neutral,2.0,No,High School,Near,Male,66,Bajo
23.0,71.0,Medium,Medium,No,7.0,56.0,Low,Yes,1.0,Medium,Medium,Private,Positive,4.0,No,High School,Near,Female,65,Bajo
22.0,71.0,High,Medium,Yes,8.0,63.0,Medium,Yes,2.0,Medium,Medium,Public,Negative,2.0,No,High School,Near,Male,66,Bajo
21.0,65.0,Medium,Medium,No,6.0,100.0,Medium,Yes,3.0,Medium,Medium,Public,Neutral,4.0,No,High School,Near,Male,67,Medio
14.0,65.0,Medium,High,Yes,5.0,72.0,Low,Yes,3.0,Low,Medium,Private,Negative,2.0,No,High School,Near,Male,62,Bajo
19.0,74.0,Medium,High,Yes,7.0,68.0,Medium,Yes,2.0,Low,Medium,Public,Negative,2.0,No,High School,Near,Female,66,Bajo
7.0,91.0,High,Medium,No,7.0,94.0,High,No,3.0,High,Medium,Public,Neutral,3.0,No,High School,Near,Female,68,Medio
21.0,84.0,Medium,Medium,Yes,6.0,52.0,Medium,Yes,2.0,High,Medium,Public,Negative,5.0,No,High School,Near,Male,68,Medio
29.0,64.0,Low,Medium,No,9.0,77.0,Medium,Yes,0.0,Low,Medium,Public,Negative,2.0,No,High School,Near,Female,63,Bajo
11.0,94.0,High,Low,Yes,10.0,61.0,Medium,Yes,1.0,Medium,Medium,Public,Neutral,3.0,No,High School,Near,Male,66,Bajo
16.0,84.0,High,Low,No,6.0,68.0,Low,No,3.0,Medium,Medium,Private,Neutral,3.0,No,High School,Near,Male,65,Bajo
22.0,98.0,High,Medium,Yes,7.0,60.0,Medium,Yes,1.0,High,Medium,Public,Positive,1.0,No,High School,Near,Male,72,Alto
28.0,87.0,Medium,Medium,No,6.0,52.0,Medium,Yes,4.0,Low,Medium,Private,Neutral,3.0,No,High School,Near,Female,70,Alto
17.0,67.0,High,Low,No,10.0,71.0,Medium,Yes,1.0,Medium,Medium,Public,Positive,3.0,No,High School,Near,Male,63,Bajo
16.0,79.0,Medium,Medium,No,8.0,89.0,Medium,Yes,0.0,Low,Medium,Private,Neutral,4.0,No,High School,Near,Male,65,Bajo
8.0,86.0,High,Low,Yes,8.0,98.0,Low,Yes,1.0,Low,Medium,Private,Neutral,1.0,No,High School,Near,Male,65,Bajo
21.0,61.0,High,High,No,9.0,81.0,Medium,Yes,1.0,Medium,Medium,Private,Neutral,3.0,No,High School,Near,Male,66,Bajo
32.0,61.0,High,Medium,Yes,7.0,69.0,High,Yes,0.0,High,Medium,Public,Positive,3.0,No,High School,Near,Female,68,Medio
22.0,65.0,Medium,Low,Yes,7.0,88.0,Low,No,2.0,Medium,Medium,Public,Positive,4.0,No,High School,Near,Male,64,Bajo
20.0,70.0,High,Medium,No,9.0,75.0,Low,Yes,3.0,Medium,Medium,Public,Neutral,4.0,No,High School,Near,Male,66,Bajo
22.0,77.0,Low,Medium,Yes,8.0,68.0,Medium,Yes,3.0,High,Medium,Public,Positive,4.0,No,High School,Near,Male,68,Medio
20.0,79.0,Low,Medium,Yes,6.0,59.0,Medium,Yes,0.0,Low,Medium,Public,Positive,2.0,No,High School,Near,Male,64,Bajo
15.0,66.0,Medium,Medium,No,6.0,90.0,Low,Yes,2.0,Medium,Medium,Public,Negative,3.0,No,High School,Near,Female,62,Bajo
25.0,87.0,Medium,Medium,Yes,6.0,75.0,Medium,No,0.0,Low,Medium,Private,Neutral,2.0,Yes,High School,Near,Male,67,Medio
21.0,84.0,Low,High,No,9.0,98.0,Medium,Yes,1.0,Low,Medium,Public,Negative,3.0,No,High School,Near,Male,67,Medio
20.0,72.0,Medium,Medium,No,9.0,90.0,Low,Yes,1.0,Medium,Medium,Private,Neutral,2.0,No,High School,Near,Male,65,Bajo
14.0,61.0,Low,Medium,Yes,10.0,71.0,Medium,No,2.0,Low,Medium,Public,Neutral,4.0,No,High School,Near,Male,59,Bajo
28.0,63.0,Medium,High,Yes,6.0,87.0,Low,Yes,0.0,Low,Medium,Public,Positive,2.0,No,High School,Near,Female,66,Bajo
24.0,76.0,High,Low,No,7.0,73.0,Medium,Yes,4.0,Medium,Medium,Public,Neutral,2.0,No,High School,Near,Female,68,Medio
17.0,66.0,High,Medium,No,6.0,54.0,Medium,Yes,2.0,High,Medium,Public,Positive,3.0,Yes,High School,Near,Female,63,Bajo
26.0,75.0,Medium,Low,Yes,7.0,76.0,Medium,Yes,2.0,Medium,Medium,Public,Neutral,3.0,No,High School,Near,Male,68,Medio
17.0,85.0,High,Low,Yes,8.0,93.0,Low,Yes,2.0,Medium,Medium,Public,Positive,3.0,No,High School,Near,Female,68,Medio
15.0,82.0,Medium,Medium,Yes,7.0,93.0,Medium,Yes,3.0,Low,Medium,Public,Negative,2.0,No,High School,Near,Female,66,Bajo
15.0,69.0,High,Low,No,9.0,79.0,Low,Yes,1.0,Medium,Medium,Private,Positive,2.0,No,High School,Near,Female,63,Bajo
9.0,74.0,Medium,Low,No,6.0,69.0,Low,Yes,3.0,Low,Medium,Private,Positive,2.0,No,High School,Near,Female,61,Bajo
23.0,85.0,High,Medium,Yes,8.0,51.0,Low,Yes,0.0,High,Medium,Public,Negative,4.0,No,High School,Near,Female,68,Medio
9.0,94.0,High,Low,No,6.0,66.0,Low,Yes,0.0,Low,Medium,Public,Positive,3.0,No,High School,Near,Male,66,Bajo
13.0,90.0,Medium,High,No,4.0,99.0,High,Yes,1.0,High,Medium,Public,Neutral,4.0,Yes,High School,Near,Male,69,Medio
8.0,82.0,Medium,High,Yes,5.0,86.0,Medium,No,0.0,Low,Medium,Public,Negative,3.0,No,High School,Near,Female,64,Bajo
19.0,74.0,Medium,Medium,No,7.0,86.0,High,Yes,1.0,High,Medium,Private,Positive,3.0,No,High School,Near,Male,68,Medio
19.0,75.0,Medium,High,No,10.0,88.0,Low,Yes,0.0,Low,Medium,Public,Positive,2.0,No,High School,Near,Female,66,Bajo
18.0,95.0,Medium,Medium,No,6.0,81.0,Medium,Yes,0.0,Low,Medium,Public,Positive,3.0,Yes,High School,Near,Female,68,Medio
14.0,62.0,Medium,High,Yes,7.0,79.0,Low,Yes,2.0,Medium,Medium,Private,Positive,2.0,No,High School,Near,Female,62,Bajo
13.0,100.0,Medium,Low,Yes,8.0,73.0,Low,Yes,1.0,Low,Medium,Public,Neutral,3.0,No,High School,Near,Male,68,Medio
23.0,87.0,Medium,High,No,6.0,72.0,Medium,Yes,1.0,Low,Medium,Private,Negative,3.0,No,High School,Near,Male,69,Medio
17.0,87.0,High,High,Yes,6.0,94.0,Medium,Yes,2.0,Low,Medium,Private,Neutral,3.0,No,High School,Near,Male,70,Alto
22.0,62.0,High,Medium,Yes,7.0,70.0,Low,Yes,4.0,Low,Medium,Public,Negative,2.0,No,High School,Near,Female,65,Bajo
15.0,84.0,Low,Medium,Yes,6.0,92.0,Medium,Yes,3.0,Medium,Medium,Public,Positive,3.0,No,High School,Near,Female,68,Medio
21.0,79.0,Medium,High,No,4.0,92.0,Low,Yes,0.0,Low,Medium,Public,Negative,2.0,No,High School,Near,Female,67,Medio
28.0,64.0,Low,Medium,Yes,6.0,89.0,Medium,Yes,0.0,Low,Medium,Public,Neutral,4.0,No,High School,Near,Male,64,Bajo
24.0,71.0,Low,Medium,No,8.0,52.0,Medium,No,2.0,Medium,Medium,Public,Negative,3.0,No,High School,Near,Female,63,Bajo
18.0,96.0,Medium,Low,Yes,8.0,57.0,Medium,Yes,1.0,Medium,Medium,Public,Negative,2.0,No,High School,Near,Female,67,Medio
22.0,82.0,High,Low,No,9.0,66.0,Medium,Yes,1.0,Low,Medium,Private,Negative,3.0,No,High School,Near,Male,66,Bajo
19.0,77.0,High,Low,Yes,9.0,92.0,Medium,Yes,2.0,Low,Medium,Public,Positive,4.0,No,High School,Near,Female,67,Medio
20.0,63.0,Medium,Medium,Yes,6.0,94.0,Medium,No,2.0,Medium,Medium,Public,Neutral,3.0,No,High School,Near,Female,63,Bajo
18.0,89.0,Medium,Medium,Yes,6.0,52.0,Medium,Yes,3.0,High,Medium,Public,Positive,3.0,No,High School,Near,Female,69,Medio
19.0,88.0,High,High,No,6.0,66.0,Medium,Yes,3.0,Medium,Medium,Public,Positive,2.0,No,High School,Near,Female,70,Alto
21.0,85.0,High,Medium,Yes,7.0,93.0,Medium,Yes,0.0,High,Medium,Public,Neutral,4.0,No,High School,Near,Male,70,Alto
14.0,80.0,High,Medium,No,6.0,62.0,Medium,Yes,0.0,High,Medium,Private,Negative,2.0,No,High School,Near,Male,65,Bajo
14.0,77.0,Low,Low,No,7.0,99.0,Low,Yes,2.0,Medium,Medium,Public,Positive,2.0,No,High School,Near,Female,64,Bajo
12.0,84.0,Medium,High,Yes,6.0,74.0,High,Yes,1.0,Medium,Medium,Public,Negative,3.0,No,High School,Near,Female,67,Medio
10.0,69.0,Low,Medium,No,8.0,97.0,Medium,Yes,1.0,Medium,Medium,Private,Negative,3.0,No,High School,Near,Female,61,Bajo
13.0,98.0,Medium,High,Yes,6.0,71.0,Medium,Yes,1.0,Low,Medium,Private,Positive,1.0,No,High School,Near,Female,70,Alto
21.0,84.0,High,Low,No,6.0,66.0,High,Yes,2.0,High,Medium,Private,Positive,4.0,Yes,High School,Near,Male,68,Medio
15.0,72.0,Medium,Medium,Yes,8.0,68.0,High,Yes,0.0,Medium,Medium,Public,Positive,2.0,No,High School,Near,Female,64,Bajo
23.0,78.0,High,Medium,No,8.0,94.0,Medium,Yes,1.0,High,Medium,Private,Neutral,2.0,Yes,High School,Near,Male,68,Medio
20.0,92.0,Medium,Low,No,7.0,67.0,Low,Yes,1.0,Medium,Medium,Public,Positive,5.0,No,High School,Near,Male,68,Medio
8.0,66.0,High,High,Yes,8.0,83.0,Medium,Yes,0.0,Low,Medium,Private,Positive,4.0,No,High School,Near,Male,63,Bajo
24.0,72.0,Low,Medium,Yes,8.0,73.0,Low,Yes,1.0,Low,Medium,Public,Positive,2.0,No,High School,Near,Female,65,Bajo
25.0,87.0,Low,Medium,Yes,10.0,97.0,Medium,Yes,4.0,Low,Medium,Private,Neutral,3.0,Yes,High School,Near,Female,69,Medio
14.0,73.0,Medium,High,No,8.0,58.0,Medium,Yes,2.0,Low,Medium,Public,Negative,2.0,No,High School,Near,Male,63,Bajo
23.0,92.0,Low,Medium,Yes,10.0,71.0,Medium,Yes,1.0,Low,Medium,Public,Neutral,3.0,No,High School,Near,Male,69,Medio
15.0,65.0,High,Low,Yes,7.0,56.0,Medium,No,3.0,High,Medium,Private,Positive,3.0,Yes,High School,Near,Female,61,Bajo
21.0,91.0,Low,High,Yes,9.0,79.0,Medium,Yes,2.0,Low,Medium,Private,Neutral,3.0,No,High School,Near,Female,69,Medio
12.0,63.0,High,Medium,No,9.0,70.0,Low,Yes,1.0,High,Medium,Public,Positive,3.0,No,High School,Near,Female,62,Bajo
9.0,61.0,Low,High,Yes,7.0,53.0,Medium,Yes,0.0,Medium,Medium,Public,Positive,2.0,Yes,High School,Near,Male,58,Bajo
18.0,96.0,Medium,High,Yes,6.0,92.0,Medium,Yes,2.0,Medium,Medium,Public,Positive,3.0,No,High School,Near,Male,71,Alto
19.0,83.0,High,Low,No,6.0,69.0,Medium,Yes,5.0,Medium,Medium,Private,Positive,2.0,No,High School,Near,Male,69,Medio
18.0,74.0,High,Medium,No,8.0,75.0,High,Yes,1.0,High,Medium,Public,Positive,3.0,No,High School,Near,Male,68,Medio
13.0,69.0,Medium,Low,No,5.0,70.0,Medium,Yes,0.0,Medium,Medium,Private,Negative,2.0,No,High School,Near,Male,61,Bajo
18.0,85.0,High,Medium,Yes,6.0,74.0,Medium,Yes,3.0,Low,Medium,Private,Negative,2.0,No,High School,Near,Male,67,Medio
22.0,80.0,Medium,High,Yes,9.0,51.0,Medium,Yes,2.0,Medium,Medium,Public,Negative,3.0,No,High School,Near,Male,68,Medio
20.0,100.0,Medium,Medium,Yes,8.0,91.0,Medium,Yes,3.0,Low,Medium,Public,Positive,3.0,No,High School,Near,Male,72,Alto
21.0,99.0,High,Low,Yes,4.0,67.0,Medium,Yes,1.0,Medium,Medium,Private,Negative,4.0,No,High School,Near,Female,71,Alto
16.0,85.0,Medium,Medium,Yes,5.0,86.0,Low,No,3.0,Medium,Medium,Public,Positive,2.0,No,High School,Near,Male,67,Medio
27.0,78.0,Medium,Medium,No,10.0,53.0,Medium,Yes,3.0,Medium,Medium,Private,Neutral,4.0,Yes,High School,Near,Male,68,Medio
13.0,80.0,Medium,Medium,No,9.0,76.0,Medium,Yes,0.0,High,Medium,Public,Neutral,2.0,No,High School,Near,Female,64,Bajo
23.0,87.0,Medium,High,No,6.0,95.0,High,Yes,3.0,High,Medium,Private,Positive,0.0,No,High School,Near,Female,73,Alto
27.0,64.0,Low,Medium,Yes,5.0,70.0,Medium,Yes,0.0,Low,Medium,Public,Positive,4.0,No,High School,Near,Female,65,Bajo
23.0,73.0,Low,High,No,5.0,60.0,High,Yes,1.0,Medium,Medium,Private,Positive,2.0,No,High School,Near,Female,67,Medio
19.0,63.0,High,Medium,Yes,8.0,55.0,Low,Yes,0.0,Medium,Medium,Private,Positive,4.0,No,High School,Near,Female,63,Bajo
17.0,63.0,Medium,Medium,Yes,10.0,93.0,Medium,Yes,0.0,Low,Medium,Public,Positive,2.0,Yes,High School,Near,Female,63,Bajo
26.0,68.0,Medium,Medium,Yes,10.0,62.0,High,Yes,4.0,Medium,Medium,Public,Neutral,2.0,No,High School,Near,Female,69,Medio
11.0,79.0,High,High,Yes,5.0,99.0,Medium,Yes,1.0,High,Medium,Public,Positive,3.0,No,High School,Near,Female,68,Medio
14.0,91.0,Medium,Medium,Yes,7.0,62.0,Medium,Yes,2.0,Low,Medium,Public,Neutral,2.0,No,High School,Near,Male,68,Medio
18.0,79.0,High,High,Yes,6.0,74.0,Medium,Yes,3.0,Low,Medium,Public,Positive,4.0,No,High School,Near,Male,69,Medio
27.0,73.0,High,High,Yes,7.0,73.0,High,Yes,5.0,High,Medium,Public,Negative,3.0,No,High School,Near,Female,73,Alto
22.0,63.0,High,High,Yes,5.0,53.0,High,Yes,3.0,Low,Medium,Public,Negative,2.0,No,High School,Near,Male,66,Bajo
14.0,82.0,Medium,Medium,Yes,6.0,77.0,Medium,Yes,3.0,Medium,Medium,Public,Positive,3.0,No,High School,Near,Female,68,Medio
18.0,71.0,Medium,Medium,No,6.0,84.0,Medium,Yes,2.0,Medium,Medium,Public,Neutral,2.0,No,High School,Near,Male,65,Bajo
16.0,85.0,Medium,Medium,No,8.0,87.0,High,Yes,4.0,Low,Medium,Private,Negative,3.0,No,High School,Near,Male,67,Medio
16.0,99.0,Medium,Medium,No,6.0,76.0,Low,Yes,2.0,Medium,Medium,Private,Positive,4.0,No,High School,Near,Female,70,Alto
26.0,64.0,Medium,High,No,6.0,91.0,Medium,Yes,1.0,Low,Medium,Private,Neutral,4.0,No,High School,Near,Male,66,Bajo
12.0,68.0,Medium,High,No,8.0,88.0,High,Yes,3.0,Low,Medium,Public,Negative,3.0,No,High School,Near,Female,64,Bajo
30.0,79.0,Medium,High,No,9.0,60.0,Medium,Yes,1.0,Low,Medium,Public,Neutral,3.0,No,High School,Near,Female,69,Medio
25.0,99.0,Low,Medium,No,10.0,70.0,Medium,Yes,1.0,Medium,Medium,Public,Positive,5.0,No,High School,Near,Female,71,Alto
27.0,91.0,Medium,Low,No,8.0,57.0,Medium,Yes,0.0,Low,Medium,Private,Neutral,4.0,No,High School,Near,Male,68,Medio
17.0,96.0,High,Medium,No,7.0,57.0,Low,Yes,2.0,Medium,Medium,Private,Negative,3.0,No,High School,Near,Female,68,Medio
19.0,73.0,Low,Medium,Yes,9.0,86.0,High,Yes,0.0,Medium,Medium,Public,Positive,3.0,No,High School,Near,Female,66,Bajo
11.0,100.0,Low,High,No,9.0,77.0,Medium,Yes,2.0,Medium,Medium,Public,Positive,3.0,No,High School,Near,Female,70,Alto
17.0,64.0,Medium,High,No,8.0,80.0,Medium,Yes,0.0,High,Medium,Public,Positive,2.0,No,High School,Near,Female,65,Bajo
23.0,62.0,Medium,Low,Yes,5.0,87.0,Medium,Yes,1.0,Medium,Medium,Public,Negative,4.0,No,High School,Near,Female,63,Bajo
28.0,94.0,Low,Medium,Yes,9.0,64.0,Medium,Yes,0.0,Medium,Medium,Public,Neutral,3.0,No,High School,Near,Female,70,Alto
13.0,97.0,Low,Medium,Yes,8.0,70.0,Medium,Yes,0.0,High,Medium,Private,Neutral,2.0,No,High School,Near,Female,67,Medio
18.0,64.0,Medium,Medium,No,6.0,80.0,Medium,Yes,1.0,Medium,Medium,Public,Positive,5.0,Yes,High School,Near,Male,63,Bajo
19.0,65.0,High,Medium,No,6.0,55.0,Medium,Yes,1.0,Low,Medium,Public,Positive,3.0,No,High School,Near,Male,64,Bajo
12.0,61.0,Low,Medium,Yes,8.0,92.0,Medium,Yes,2.0,High,Medium,Public,Neutral,4.0,Yes,High School,Near,Male,60,Bajo
24.0,64.0,Medium,Medium,Yes,4.0,67.0,Low,Yes,0.0,Low,Medium,Public,Neutral,1.0,No,High School,Near,Male,62,Bajo
16.0,68.0,Medium,High,No,7.0,83.0,High,Yes,2.0,Low,Medium,Public,Positive,2.0,No,High School,Near,Female,65,Bajo
19.0,99.0,Low,Low,No,6.0,100.0,Medium,Yes,0.0,High,Medium,Private,Negative,3.0,No,High School,Near,Male,69,Medio
17.0,87.0,Medium,High,Yes,6.0,74.0,Low,Yes,1.0,Low,Medium,Private,Neutral,3.0,No,High School,Near,Female,68,Medio
15.0,91.0,Medium,Medium,No,6.0,61.0,Medium,No,1.0,Medium,Medium,Public,Positive,2.0,No,High School,Near,Male,66,Bajo
20.0,91.0,High,High,Yes,5.0,61.0,Low,Yes,4.0,Low,Medium,Public,Positive,2.0,No,High School,Near,Male,72,Alto
19.0,81.0,Medium,High,Yes,9.0,53.0,Medium,Yes,2.0,High,Medium,Public,Positive,3.0,No,High School,Near,Male,68,Medio
18.0,92.0,Medium,Medium,No,4.0,88.0,Medium,Yes,3.0,High,Medium,Public,Neutral,2.0,No,High School,Near,Male,69,Medio
16.0,84.0,Medium,Medium,No,7.0,65.0,Low,Yes,1.0,High,Medium,Public,Negative,3.0,No,High School,Near,Male,65,Bajo
22.0,73.0,High,Medium,Yes,6.0,59.0,Low,Yes,0.0,Low,Medium,Public,Positive,1.0,No,High School,Near,Male,65,Bajo
30.0,82.0,Low,Medium,Yes,10.0,86.0,Low,Yes,2.0,Low,Medium,Public,Neutral,4.0,No,High School,Near,Female,70,Alto
21.0,81.0,Medium,Low,Yes,7.0,65.0,High,Yes,1.0,Medium,Medium,Public,Positive,2.0,No,High School,Near,Male,67,Medio
26.0,93.0,High,Medium,No,4.0,80.0,Medium,Yes,4.0,Low,Medium,Private,Positive,3.0,Yes,High School,Near,Male,73,Alto
12.0,99.0,High,High,No,8.0,71.0,Medium,Yes,2.0,Medium,Medium,Public,Neutral,2.0,No,High School,Near,Female,70,Alto
21.0,76.0,Medium,Medium,Yes,5.0,67.0,Medium,Yes,1.0,High,Medium,Private,Positive,3.0,No,High School,Near,Male,66,Bajo
13.0,91.0,Medium,Medium,Yes,8.0,74.0,Medium,Yes,1.0,Low,Medium,Private,Positive,1.0,No,High School,Near,Male,68,Medio
11.0,64.0,Medium,Medium,Yes,8.0,66.0,Medium,Yes,2.0,Low,Medium,Public,Positive,2.0,No,High School,Near,Male,61,Bajo
16.0,91.0,Medium,High,No,9.0,94.0,Low,Yes,0.0,High,Medium,Public,Positive,3.0,No,High School,Near,Male,70,Alto
27.0,75.0,Medium,Low,Yes,7.0,54.0,Low,Yes,2.0,Medium,Medium,Public,Negative,3.0,No,High School,Near,Female,66,Bajo
26.0,62.0,High,Medium,Yes,8.0,52.0,Medium,Yes,4.0,Low,Medium,Public,Neutral,5.0,No,High School,Near,Male,67,Medio
21.0,75.0,High,High,No,7.0,70.0,High,Yes,1.0,Medium,Medium,Private,Neutral,3.0,No,High School,Near,Female,69,Medio
11.0,84.0,Medium,Low,Yes,6.0,59.0,Low,Yes,2.0,Medium,Medium,Public,Positive,3.0,No,High School,Near,Female,64,Bajo
19.0,65.0,High,Medium,Yes,9.0,87.0,Low,Yes,0.0,High,Medium,Public,Positive,2.0,No,High School,Near,Male,65,Bajo
22.0,97.0,High,Medium,Yes,5.0,68.0,Low,Yes,7.0,Medium,Medium,Private,Negative,5.0,No,High School,Near,Female,75,Alto
21.0,63.0,High,Medium,No,7.0,63.0,Medium,Yes,2.0,Medium,Medium,Public,Neutral,2.0,No,High School,Near,Male,63,Bajo
9.0,97.0,High,Medium,No,6.0,68.0,Low,Yes,5.0,Medium,Medium,Private,Neutral,3.0,No,High School,Near,Male,69,Medio
15.0,88.0,Medium,High,Yes,8.0,61.0,Low,Yes,2.0,Medium,Medium,Public,Positive,4.0,Yes,High School,Near,Male,68,Medio
20.0,73.0,Medium,Low,Yes,6.0,65.0,Medium,Yes,2.0,High,Medium,Private,Positive,2.0,No,High School,Near,Male,66,Bajo
23.0,76.0,Low,Medium,Yes,6.0,78.0,Low,Yes,2.0,High,Medium,Public,Positive,2.0,No,High School,Near,Female,66,Bajo
7.0,90.0,Low,Medium,Yes,7.0,93.0,Low,Yes,4.0,Medium,Medium,Public,Neutral,3.0,No,High School,Near,Male,66,Bajo
19.0,84.0,Medium,Medium,Yes,9.0,69.0,Medium,Yes,2.0,Medium,Medium,Public,Neutral,4.0,No,High School,Near,Female,68,Medio
21.0,87.0,Low,Medium,Yes,6.0,66.0,Medium,Yes,1.0,Low,Medium,Public,Negative,2.0,No,High School,Near,Female,65,Bajo
25.0,76.0,Medium,High,No,6.0,89.0,High,Yes,3.0,Low,Medium,Public,Neutral,3.0,No,High School,Near,Male,70,Alto
24.0,80.0,Medium,High,No,5.0,51.0,Medium,Yes,3.0,High,Medium,Public,Positive,2.0,No,High School,Near,Female,68,Medio
23.0,100.0,Medium,Medium,No,6.0,65.0,Low,Yes,1.0,Medium,Medium,Public,Neutral,2.0,Yes,High School,Near,Female,70,Alto
15.0,69.0,Low,Medium,No,8.0,73.0,Medium,Yes,2.0,Medium,Medium,Public,Neutral,2.0,No,High School,Near,Male,61,Bajo
9.0,77.0,Low,Low,No,7.0,80.0,Medium,Yes,3.0,Medium,Medium,Public,Positive,3.0,Yes,High School,Near,Male,61,Bajo
18.0,72.0,Low,High,No,7.0,58.0,Low,Yes,6.0,Low,Medium,Public,Positive,0.0,No,High School,Near,Male,64,Bajo
26.0,91.0,Low,Medium,No,10.0,72.0,Low,Yes,4.0,High,Medium,Public,Neutral,3.0,No,High School,Near,Male,71,Alto
28.0,91.0,High,Medium,Yes,4.0,78.0,Low,Yes,1.0,Medium,Medium,Public,Positive,3.0,No,High School,Near,Male,72,Alto
24.0,72.0,Medium,High,Yes,10.0,76.0,High,No,1.0,Low,Medium,Public,Negative,3.0,No,High School,Near,Male,66,Bajo
23.0,63.0,Medium,Medium,Yes,9.0,79.0,High,Yes,0.0,Low,Medium,Private,Negative,4.0,No,High School,Near,Female,63,Bajo
22.0,60.0,Low,Low,No,7.0,83.0,Medium,No,3.0,Medium,Medium,Public,Positive,1.0,No,High School,Near,Female,62,Bajo
17.0,77.0,Medium,Medium,Yes,8.0,69.0,Low,Yes,3.0,High,Medium,Public,Neutral,3.0,Yes,High School,Near,Male,65,Bajo
19.0,76.0,Medium,Medium,Yes,6.0,53.0,Medium,Yes,2.0,Medium,Medium,Public,Positive,5.0,No,High School,Near,Male,66,Bajo
30.0,100.0,Low,High,No,7.0,53.0,Medium,Yes,2.0,Low,Medium,Private,Neutral,3.0,No,High School,Near,Male,72,Alto
14.0,79.0,High,Medium,Yes,10.0,93.0,Medium,Yes,2.0,Medium,Medium,Public,Neutral,3.0,No,High School,Near,Male,68,Medio
30.0,70.0,High,Low,No,6.0,84.0,High,Yes,2.0,Medium,Medium,Public,Positive,3.0,No,High School,Near,Male,70,Alto
18.0,96.0,Medium,Medium,Yes,7.0,88.0,Medium,Yes,1.0,Medium,Medium,Private,Negative,3.0,No,High School,Near,Female,70,Alto
28.0,80.0,Medium,High,No,6.0,96.0,High,Yes,2.0,Low,Medium,Public,Positive,6.0,No,High School,Near,Male,73,Alto
12.0,84.0,Medium,High,No,6.0,88.0,High,No,2.0,High,Medium,Public,Positive,2.0,No,High School,Near,Male,67,Medio
24.0,64.0,Medium,Low,No,6.0,85.0,Medium,Yes,3.0,Medium,Medium,Public,Positive,2.0,No,High School,Near,Male,65,Bajo
16.0,75.0,High,Low,Yes,5.0,83.0,Medium,Yes,1.0,Medium,Medium,Private,Negative,3.0,No,High School,Near,Female,65,Bajo
12.0,98.0,Low,Medium,No,7.0,63.0,Medium,Yes,0.0,High,Medium,Private,Neutral,3.0,Yes,High School,Near,Female,65,Bajo
21.0,84.0,Medium,Medium,Yes,7.0,98.0,Medium,Yes,0.0,Medium,Medium,Public,Neutral,4.0,No,High School,Near,Male,70,Alto
26.0,74.0,Medium,Low,Yes,6.0,77.0,Medium,Yes,3.0,Medium,Medium,Private,Negative,2.0,No,High School,Near,Male,66,Bajo
15.0,85.0,Medium,Medium,Yes,4.0,61.0,Medium,Yes,0.0,Medium,Medium,Public,Neutral,1.0,No,High School,Near,Male,65,Bajo
11.0,96.0,High,High,No,7.0,60.0,Medium,Yes,2.0,Low,Medium,Public,Neutral,1.0,No,High School,Near,Male,68,Medio
19.0,71.0,Medium,Medium,Yes,7.0,91.0,Medium,Yes,3.0,High,Medium,Public,Negative,1.0,No,High School,Near,Female,66,Bajo
19.0,80.0,Low,Medium,Yes,10.0,63.0,High,No,1.0,Medium,Medium,Public,Neutral,2.0,No,High School,Near,Female,65,Bajo
23.0,98.0,Medium,High,Yes,7.0,52.0,Low,Yes,2.0,Low,Medium,Private,Positive,4.0,Yes,High School,Near,Female,71,Alto
26.0,67.0,Low,Medium,Yes,8.0,71.0,Medium,Yes,2.0,High,Medium,Private,Negative,3.0,No,High School,Near,Male,65,Bajo
20.0,89.0,Low,Medium,Yes,6.0,91.0,High,Yes,0.0,Medium,Medium,Private,Positive,4.0,No,High School,Near,Male,70,Alto
31.0,85.0,Medium,Medium,Yes,9.0,71.0,Low,Yes,0.0,Medium,Medium,Public,Negative,2.0,Yes,High School,Near,Female,69,Medio
21.0,87.0,Medium,Medium,No,6.0,90.0,High,Yes,3.0,High,Medium,Public,Negative,4.0,No,High School,Near,Male,71,Alto
18.0,74.0,Medium,High,Yes,8.0,91.0,Medium,Yes,0.0,Medium,Medium,Private,Positive,2.0,No,High School,Near,Female,67,Medio
10.0,73.0,Medium,Medium,Yes,8.0,93.0,High,Yes,3.0,Low,Medium,Public,Positive,2.0,Yes,High School,Near,Male,64,Bajo
18.0,87.0,Low,Low,No,8.0,79.0,High,Yes,1.0,Low,Medium,Public,Negative,4.0,No,High School,Near,Male,82,Alto
18.0,69.0,Medium,High,Yes,10.0,85.0,Medium,Yes,2.0,High,Medium,Private,Positive,0.0,No,High School,Near,Female,66,Bajo
26.0,77.0,Low,Medium,Yes,6.0,63.0,Low,Yes,1.0,Low,Medium,Public,Negative,4.0,No,High School,Near,Male,66,Bajo
23.0,68.0,High,Medium,Yes,9.0,55.0,Medium,Yes,1.0,Medium,Medium,Public,Positive,3.0,No,High School,Near,Male,65,Bajo
13.0,60.0,Medium,Medium,No,9.0,77.0,Low,Yes,2.0,Medium,Medium,Private,Positive,5.0,Yes,High School,Near,Male,61,Bajo
21.0,99.0,Medium,High,No,7.0,51.0,High,Yes,2.0,Medium,Medium,Private,Neutral,2.0,No,High School,Near,Female,72,Alto
24.0,77.0,High,Medium,Yes,10.0,73.0,Medium,Yes,3.0,Medium,Medium,Public,Positive,3.0,No,High School,Near,Male,70,Alto
29.0,99.0,Medium,Medium,Yes,7.0,55.0,Low,Yes,0.0,Medium,Medium,Private,Positive,3.0,No,High School,Near,Male,71,Alto
25.0,66.0,High,Medium,Yes,7.0,55.0,Medium,Yes,4.0,Medium,Medium,Public,Neutral,2.0,Yes,High School,Near,Female,84,Alto
25.0,83.0,High,High,Yes,7.0,94.0,Low,Yes,2.0,Low,Medium,Public,Positive,3.0,Yes,High School,Near,Male,72,Alto
20.0,68.0,Medium,High,Yes,5.0,82.0,Medium,No,1.0,Low,Medium,Public,Positive,3.0,No,High School,Near,Female,67,Medio
22.0,92.0,High,Low,No,8.0,82.0,Medium,Yes,2.0,Medium,Medium,Private,Neutral,5.0,No,High School,Near,Male,72,Alto
27.0,91.0,Low,High,Yes,8.0,70.0,Low,Yes,1.0,Medium,Medium,Public,Neutral,6.0,No,High School,Near,Female,70,Alto
12.0,65.0,Medium,High,No,7.0,71.0,Medium,Yes,1.0,Low,Medium,Public,Neutral,4.0,No,High School,Near,Male,62,Bajo
18.0,96.0,High,Medium,Yes,10.0,65.0,Low,Yes,3.0,Medium,Medium,Public,Positive,2.0,No,High School,Near,Female,71,Alto
15.0,68.0,Low,Medium,No,6.0,72.0,Low,Yes,3.0,High,Medium,Public,Neutral,3.0,No,High School,Near,Female,62,Bajo
22.0,85.0,Medium,Medium,Yes,4.0,79.0,Low,Yes,1.0,Low,Medium,Public,Positive,3.0,No,High School,Near,Female,68,Medio
27.0,99.0,High,Medium,No,10.0,59.0,High,Yes,2.0,Low,Medium,Public,Positive,3.0,No,High School,Near,Male,74,Alto
16.0,95.0,High,High,No,9.0,63.0,Medium,No,0.0,Medium,Medium,Private,Positive,3.0,No,High School,Near,Male,68,Medio
6.0,98.0,Medium,Low,No,8.0,75.0,Medium,Yes,1.0,High,Medium,Public,Neutral,3.0,Yes,High School,Near,Female,64,Bajo
18.0,74.0,High,Medium,Yes,6.0,69.0,Medium,Yes,0.0,Low,Medium,Public,Positive,4.0,No,High School,Near,Male,65,Bajo
25.0,64.0,Medium,Low,Yes,8.0,91.0,Medium,Yes,1.0,Low,Medium,Public,Positive,5.0,No,High School,Near,Male,66,Bajo
23.0,68.0,Medium,High,No,5.0,91.0,Low,Yes,5.0,Low,Medium,Public,Neutral,1.0,No,High School,Near,Female,68,Medio
23.0,80.0,Medium,Medium,No,7.0,67.0,Low,Yes,2.0,Low,Medium,Public,Neutral,4.0,No,High School,Near,Male,67,Medio
18.0,92.0,Medium,Medium,Yes,6.0,73.0,Low,Yes,1.0,Medium,Medium,Public,Neutral,5.0,Yes,High School,Near,Female,67,Medio
12.0,66.0,Medium,High,Yes,7.0,99.0,Low,Yes,2.0,Medium,Medium,Public,Neutral,3.0,No,High School,Near,Male,63,Bajo
23.0,86.0,Medium,High,Yes,8.0,91.0,Medium,Yes,2.0,Low,Medium,Public,Negative,1.0,No,High School,Near,Female,71,Alto
15.0,73.0,Medium,High,No,5.0,61.0,Low,No,1.0,Low,Medium,Private,Positive,2.0,No,High School,Near,Male,63,Bajo
33.0,74.0,Medium,Low,No,8.0,64.0,Medium,Yes,0.0,Medium,Medium,Public,Negative,3.0,Yes,High School,Near,Male,66,Bajo
23.0,86.0,High,Medium,No,7.0,54.0,Low,Yes,2.0,Medium,Medium,Public,Negative,2.0,Yes,High School,Near,Female,67,Medio
17.0,79.0,Medium,High,Yes,8.0,84.0,Medium,Yes,0.0,Medium,Medium,Public,Neutral,2.0,No,High School,Near,Male,66,Bajo
16.0,92.0,Medium,Medium,Yes,7.0,66.0,High,Yes,2.0,Medium,Medium,Public,Positive,4.0,No,High School,Near,Female,70,Alto
19.0,66.0,High,Medium,No,8.0,77.0,Low,No,3.0,Medium,Medium,Public,Negative,4.0,No,High School,Near,Female,64,Bajo
19.0,92.0,Medium,Medium,Yes,6.0,88.0,Low,Yes,1.0,High,Medium,Public,Positive,2.0,No,High School,Near,Male,71,Alto
27.0,63.0,High,High,Yes,4.0,92.0,Medium,Yes,0.0,Low,Medium,Public,Neutral,3.0,No,High School,Near,Female,68,Medio
21.0,68.0,Low,Medium,Yes,5.0,66.0,Low,Yes,2.0,High,Medium,Private,Neutral,3.0,No,High School,Near,Male,64,Bajo
16.0,86.0,Medium,Medium,Yes,6.0,62.0,Low,Yes,1.0,Low,Medium,Public,Positive,4.0,No,High School,Near,Female,66,Bajo
31.0,94.0,Low,Medium,No,5.0,92.0,Low,Yes,1.0,High,Medium,Private,Neutral,4.0,No,High School,Near,Male,72,Alto
20.0,70.0,Low,Medium,Yes,9.0,69.0,High,Yes,2.0,Medium,Medium,Public,Neutral,3.0,No,High School,Near,Female,66,Bajo
25.0,73.0,Medium,High,Yes,7.0,91.0,Medium,Yes,0.0,Medium,Medium,Public,Neutral,4.0,No,High School,Near,Female,70,Alto
16.0,81.0,Medium,Medium,Yes,8.0,57.0,High,Yes,1.0,Medium,Medium,Private,Positive,2.0,No,High School,Near,Male,66,Bajo
22.0,68.0,High,Medium,No,8.0,96.0,Medium,Yes,1.0,Medium,Medium,Public,Positive,3.0,No,High School,Near,Female,68,Medio
22.0,92.0,Medium,Low,Yes,7.0,74.0,High,Yes,2.0,Medium,Medium,Public,Positive,4.0,No,High School,Near,Male,70,Alto
9.0,91.0,Medium,Medium,No,10.0,59.0,High,Yes,0.0,Low,Medium,Private,Positive,2.0,No,High School,Near,Male,64,Bajo
32.0,66.0,High,High,Yes,10.0,77.0,High,Yes,3.0,Medium,Medium,Public,Neutral,1.0,No,High School,Near,Male,71,Alto
28.0,79.0,Medium,High,Yes,9.0,94.0,Low,Yes,2.0,Low,Medium,Private,Positive,5.0,No,High School,Near,Male,72,Alto
18.0,91.0,High,Medium,Yes,6.0,69.0,Medium,Yes,5.0,Low,Medium,Public,Positive,2.0,No,High School,Near,Male,71,Alto
13.0,73.0,Medium,Low,No,9.0,59.0,Medium,Yes,0.0,Medium,Medium,Public,Neutral,4.0,No,High School,Near,Male,63,Bajo
22.0,85.0,Low,Medium,Yes,4.0,79.0,Medium,Yes,1.0,High,Medium,Public,Positive,2.0,No,High School,Near,Male,68,Medio
21.0,62.0,Medium,Medium,No,9.0,92.0,Medium,Yes,1.0,Medium,Medium,Private,Positive,4.0,Yes,High School,Near,Male,63,Bajo
22.0,84.0,Medium,Medium,No,4.0,56.0,Medium,Yes,0.0,High,Medium,Private,Positive,2.0,No,High School,Near,Male,66,Bajo
21.0,66.0,Medium,Medium,Yes,7.0,52.0,High,Yes,1.0,Medium,Medium,Public,Neutral,3.0,No,High School,Near,Female,63,Bajo
23.0,93.0,High,High,No,9.0,53.0,High,Yes,1.0,Low,Medium,Private,Neutral,4.0,No,High School,Near,Female,72,Alto
29.0,74.0,Medium,High,Yes,8.0,62.0,High,Yes,3.0,Low,Medium,Public,Positive,3.0,Yes,High School,Near,Male,70,Alto
23.0,71.0,Medium,Medium,Yes,5.0,50.0,Medium,Yes,1.0,Low,Medium,Public,Positive,1.0,No,High School,Near,Female,65,Bajo
14.0,94.0,Medium,High,Yes,7.0,71.0,Medium,Yes,0.0,Medium,Medium,Private,Negative,3.0,Yes,High School,Near,Female,67,Medio
28.0,62.0,Low,High,No,8.0,85.0,Medium,Yes,2.0,Low,Medium,Public,Positive,3.0,No,High School,Near,Female,66,Bajo
30.0,76.0,Medium,Medium,Yes,7.0,86.0,Medium,Yes,1.0,Medium,Medium,Public,Neutral,2.0,Yes,High School,Near,Male,69,Medio
39.0,75.0,Medium,High,Yes,6.0,82.0,High,Yes,1.0,High,Medium,Public,Negative,3.0,No,High School,Near,Male,73,Alto
13.0,71.0,Medium,High,Yes,8.0,65.0,High,Yes,2.0,Medium,Medium,Public,Neutral,4.0,No,High School,Near,Female,66,Bajo
21.0,96.0,Medium,Medium,Yes,9.0,87.0,Medium,Yes,0.0,Medium,Medium,Public,Neutral,6.0,Yes,High School,Near,Female,70,Alto
8.0,90.0,High,High,No,7.0,79.0,High,Yes,2.0,Low,Medium,Public,Negative,4.0,No,High School,Near,Male,68,Medio
23.0,63.0,Low,Medium,Yes,9.0,93.0,Medium,Yes,2.0,Medium,Medium,Private,Positive,2.0,No,High School,Near,Male,65,Bajo
17.0,89.0,Medium,Medium,No,7.0,74.0,Medium,Yes,1.0,Low,Medium,Private,Positive,2.0,No,High School,Near,Female,67,Medio
32.0,81.0,High,Medium,No,6.0,59.0,High,Yes,2.0,High,Medium,Public,Neutral,2.0,No,High School,Near,Female,71,Alto
15.0,96.0,High,High,No,9.0,82.0,Medium,Yes,2.0,Low,Medium,Private,Neutral,3.0,No,High School,Near,Female,70,Alto
10.0,73.0,Medium,Low,Yes,9.0,58.0,Low,Yes,5.0,Low,Medium,Private,Negative,3.0,No,High School,Near,Male,61,Bajo
17.0,83.0,High,Medium,Yes,6.0,98.0,Medium,Yes,0.0,Medium,Medium,Public,Positive,3.0,No,High School,Near,Male,69,Medio
8.0,80.0,Low,Medium,Yes,6.0,85.0,Medium,Yes,1.0,Low,Medium,Public,Negative,3.0,No,High School,Near,Male,63,Bajo
25.0,80.0,Medium,Medium,Yes,10.0,88.0,Low,Yes,0.0,Low,Medium,Private,Negative,2.0,No,High School,Near,Male,67,Medio
8.0,78.0,High,Medium,Yes,7.0,84.0,Medium,Yes,0.0,Medium,Medium,Public,Positive,2.0,No,High School,Near,Male,65,Bajo
20.0,68.0,High,Medium,Yes,7.0,55.0,High,Yes,0.0,Low,Medium,Public,Positive,3.0,Yes,High School,Near,Female,63,Bajo
8.0,90.0,Medium,Medium,No,7.0,73.0,High,Yes,3.0,High,Medium,Private,Negative,4.0,No,High School,Near,Male,67,Medio
18.0,78.0,Low,High,Yes,9.0,83.0,Medium,Yes,2.0,Low,Medium,Private,Negative,2.0,No,High School,Near,Female,66,Bajo
30.0,98.0,Low,Medium,Yes,10.0,61.0,Medium,Yes,0.0,Low,Medium,Public,Positive,3.0,No,High School,Near,Male,72,Alto
22.0,70.0,Medium,High,No,7.0,84.0,Low,Yes,3.0,Low,Medium,Public,Positive,5.0,No,High School,Near,Male,68,Medio
15.0,87.0,High,Medium,Yes,10.0,91.0,Medium,Yes,1.0,Low,Medium,Public,Neutral,4.0,No,High School,Near,Male,67,Medio
20.0,98.0,Medium,Medium,Yes,6.0,64.0,Medium,Yes,1.0,High,Medium,Private,Positive,3.0,No,High School,Near,Male,72,Alto
20.0,87.0,Medium,High,Yes,7.0,60.0,Medium,Yes,0.0,Low,Medium,Public,Positive,2.0,Yes,High School,Near,Female,66,Bajo
23.0,95.0,Medium,Medium,Yes,8.0,94.0,Medium,Yes,1.0,Medium,Medium,Public,Positive,4.0,No,High School,Near,Male,73,Alto
12.0,93.0,High,High,Yes,6.0,50.0,Low,Yes,4.0,High,Medium,Public,Positive,3.0,No,High School,Near,Male,71,Alto
24.0,74.0,Low,Low,Yes,8.0,63.0,High,Yes,1.0,Low,Medium,Public,Positive,3.0,No,High School,Near,Male,65,Bajo
4.0,84.0,Medium,Medium,Yes,6.0,70.0,Medium,Yes,5.0,Medium,Medium,Private,Neutral,4.0,No,High School,Near,Male,65,Bajo
16.0,66.0,High,Medium,Yes,5.0,84.0,Medium,Yes,2.0,Medium,Medium,Private,Neutral,3.0,No,High School,Near,Female,65,Bajo
17.0,81.0,Medium,Medium,Yes,4.0,100.0,Low,Yes,2.0,Medium,Medium,Private,Neutral,2.0,No,High School,Near,Male,68,Medio
24.0,69.0,High,Medium,No,7.0,69.0,Medium,No,7.0,High,Medium,Public,Positive,3.0,No,High School,Near,Female,70,Alto
20.0,90.0,Medium,Low,Yes,8.0,97.0,Low,Yes,1.0,Medium,Medium,Private,Neutral,2.0,No,High School,Near,Female,68,Medio
12.0,81.0,Low,Medium,Yes,5.0,68.0,High,Yes,0.0,Low,Medium,Private,Negative,2.0,No,High School,Near,Male,62,Bajo
14.0,76.0,Medium,Medium,No,7.0,85.0,High,Yes,3.0,Low,Medium,Private,Neutral,3.0,No,High School,Near,Male,66,Bajo
21.0,71.0,Medium,Medium,No,7.0,58.0,Low,Yes,3.0,Low,Medium,Public,Negative,5.0,No,High School,Near,Female,65,Bajo
20.0,100.0,Medium,Medium,Yes,7.0,73.0,Medium,Yes,1.0,Low,Medium,Public,Neutral,4.0,No,High School,Near,Female,71,Alto
17.0,63.0,Medium,Medium,No,6.0,94.0,Low,Yes,0.0,Medium,Medium,Public,Negative,2.0,No,High School,Near,Male,61,Bajo
17.0,62.0,Medium,Medium,No,7.0,66.0,High,Yes,2.0,High,Medium,Public,Neutral,4.0,No,High School,Near,Male,63,Bajo
24.0,69.0,Medium,High,Yes,7.0,55.0,Low,Yes,3.0,Medium,Medium,Public,Neutral,4.0,No,High School,Near,Male,67,Medio
17.0,99.0,Medium,Medium,No,8.0,76.0,Low,No,2.0,High,Medium,Public,Positive,4.0,No,High School,Near,Male,70,Alto
19.0,99.0,Medium,Medium,Yes,5.0,72.0,Low,Yes,3.0,Medium,Medium,Private,Neutral,4.0,No,High School,Near,Male,73,Alto
33.0,86.0,Medium,Medium,No,7.0,61.0,Medium,Yes,1.0,High,Medium,Public,Positive,3.0,No,High School,Near,Male,72,Alto
11.0,95.0,Medium,Medium,Yes,5.0,95.0,Low,Yes,1.0,Low,Medium,Public,Positive,3.0,No,High School,Near,Male,69,Medio
9.0,69.0,Low,Medium,Yes,7.0,80.0,Medium,Yes,1.0,Medium,Medium,Private,Neutral,3.0,No,High School,Near,Male,61,Bajo
25.0,99.0,Medium,Medium,No,5.0,67.0,Medium,Yes,1.0,Low,Medium,Public,Neutral,3.0,No,High School,Near,Male,71,Alto
16.0,66.0,Medium,Medium,Yes,6.0,100.0,Medium,Yes,1.0,Medium,Medium,Public,Neutral,3.0,No,High School,Near,Female,64,Bajo
18.0,64.0,Low,Medium,Yes,7.0,57.0,Medium,Yes,1.0,High,Medium,Public,Neutral,3.0,No,High School,Near,Male,61,Bajo
15.0,64.0,Medium,Medium,No,6.0,92.0,Low,Yes,3.0,Low,Medium,Public,Negative,4.0,No,High School,Near,Female,63,Bajo
18.0,83.0,Medium,Low,Yes,9.0,62.0,High,Yes,2.0,Low,Medium,Public,Negative,2.0,No,High School,Near,Male,65,Bajo
30.0,91.0,High,Medium,No,9.0,62.0,Low,Yes,3.0,Low,Medium,Public,Negative,4.0,No,High School,Near,Female,73,Alto
25.0,75.0,Medium,Low,Yes,8.0,75.0,High,Yes,2.0,High,Medium,Private,Negative,4.0,Yes,High School,Near,Male,68,Medio
25.0,99.0,Medium,Medium,No,8.0,83.0,Medium,Yes,1.0,Medium,Medium,Public,Neutral,2.0,No,High School,Near,Female,72,Alto
12.0,77.0,Low,Low,Yes,7.0,85.0,Medium,Yes,1.0,Medium,Medium,Public,Positive,3.0,No,High School,Near,Male,62,Bajo
13.0,66.0,High,Medium,Yes,9.0,51.0,Low,Yes,3.0,Medium,Medium,Private,Positive,2.0,No,High School,Near,Male,63,Bajo
3.0,79.0,Low,Medium,Yes,7.0,64.0,Low,Yes,0.0,Medium,Medium,Public,Negative,3.0,No,High School,Near,Female,58,Bajo
15.0,87.0,Medium,Medium,No,10.0,83.0,Medium,Yes,1.0,High,Medium,Private,Positive,3.0,No,High School,Near,Male,68,Medio
26.0,93.0,High,High,Yes,6.0,94.0,Low,Yes,1.0,Medium,Medium,Public,Negative,2.0,No,High School,Near,Female,74,Alto
23.0,78.0,Medium,Medium,Yes,5.0,83.0,Medium,Yes,1.0,Medium,Medium,Public,Positive,3.0,No,High School,Near,Male,68,Medio
19.0,84.0,Medium,Medium,Yes,5.0,63.0,Medium,Yes,1.0,High,Medium,Private,Positive,2.0,No,High School,Near,Male,67,Medio
20.0,71.0,Medium,Medium,Yes,5.0,75.0,Low,Yes,0.0,Medium,Medium,Private,Positive,4.0,No,High School,Near,Male,65,Bajo
16.0,86.0,Low,Low,Yes,5.0,82.0,Low,Yes,0.0,Low,Medium,Public,Neutral,4.0,No,High School,Near,Female,63,Bajo
21.0,99.0,Medium,Low,No,7.0,57.0,High,Yes,2.0,Medium,Medium,Public,Neutral,2.0,No,High School,Near,Male,71,Alto
25.0,62.0,Medium,Low,Yes,8.0,77.0,Medium,Yes,0.0,Medium,Medium,Public,Negative,4.0,No,High School,Near,Female,62,Bajo
10.0,95.0,High,Low,Yes,7.0,74.0,High,Yes,2.0,Low,Medium,Public,Negative,3.0,No,High School,Near,Male,66,Bajo
22.0,82.0,Low,Medium,No,5.0,67.0,Low,Yes,1.0,Low,Medium,Private,Neutral,1.0,Yes,High School,Near,Female,65,Bajo
26.0,70.0,High,Medium,No,6.0,81.0,Low,Yes,0.0,Low,Medium,Public,Neutral,3.0,No,High School,Near,Male,66,Bajo
18.0,98.0,High,Low,No,8.0,82.0,Medium,Yes,3.0,Medium,Medium,Public,Negative,3.0,No,High School,Near,Male,71,Alto
24.0,79.0,Low,High,No,6.0,99.0,High,No,2.0,Low,Medium,Public,Negative,3.0,No,High School,Near,Male,68,Medio
37.0,73.0,Medium,High,Yes,6.0,71.0,Medium,Yes,0.0,High,Medium,Public,Positive,5.0,No,High School,Near,Male,72,Alto
19.0,67.0,Medium,High,No,5.0,77.0,Medium,Yes,1.0,Medium,Medium,Private,Negative,4.0,No,High School,Near,Male,66,Bajo
22.0,70.0,Medium,Low,Yes,6.0,58.0,Low,Yes,4.0,High,Medium,Public,Positive,2.0,No,High School,Near,Male,66,Bajo
16.0,93.0,Low,High,No,6.0,77.0,High,Yes,2.0,Low,Medium,Public,Negative,1.0,No,High School,Near,Male,67,Medio
21.0,85.0,Low,High,Yes,7.0,52.0,Medium,Yes,5.0,High,Medium,Public,Positive,3.0,No,High School,Near,Male,71,Alto
23.0,97.0,High,High,Yes,8.0,57.0,Low,No,2.0,High,Medium,Public,Positive,1.0,No,High School,Near,Male,72,Alto
21.0,69.0,Low,Medium,No,7.0,59.0,Medium,Yes,3.0,Low,Medium,Public,Neutral,3.0,No,High School,Near,Male,64,Bajo
14.0,65.0,Low,High,No,7.0,82.0,Low,Yes,1.0,Low,Medium,Public,Negative,3.0,No,High School,Near,Male,60,Bajo
21.0,60.0,High,Low,No,8.0,78.0,Medium,Yes,2.0,Medium,Medium,Public,Positive,2.0,No,High School,Near,Female,64,Bajo
29.0,80.0,Medium,Low,Yes,5.0,90.0,Medium,Yes,2.0,Medium,Medium,Public,Positive,1.0,No,High School,Near,Female,70,Alto
23.0,100.0,Medium,Low,Yes,10.0,73.0,Medium,Yes,3.0,Medium,Medium,Private,Neutral,2.0,No,High School,Near,Male,72,Alto
26.0,88.0,Medium,High,No,6.0,74.0,Medium,Yes,0.0,Low,Medium,Public,Negative,2.0,No,High School,Near,Female,68,Medio
19.0,72.0,Medium,Low,Yes,8.0,58.0,Medium,Yes,0.0,Medium,Medium,Public,Neutral,3.0,No,High School,Near,Female,62,Bajo
24.0,95.0,Medium,Low,No,5.0,87.0,Medium,Yes,0.0,Low,Medium,Public,Neutral,2.0,No,High School,Near,Male,68,Medio
22.0,91.0,High,High,Yes,7.0,50.0,Medium,Yes,2.0,Low,Medium,Public,Positive,5.0,No,High School,Near,Male,72,Alto
14.0,61.0,Medium,Low,Yes,7.0,71.0,Medium,Yes,0.0,Medium,Medium,Private,Neutral,1.0,No,High School,Near,Female,60,Bajo
22.0,93.0,Medium,High,No,9.0,59.0,Low,Yes,3.0,Low,Medium,Public,Positive,4.0,No,High School,Near,Female,72,Alto
14.0,72.0,Low,High,No,7.0,89.0,Medium,Yes,2.0,Medium,Medium,Public,Positive,3.0,No,High School,Near,Female,65,Bajo
16.0,66.0,Medium,Low,No,9.0,84.0,High,Yes,3.0,Low,Medium,Public,Positive,4.0,No,High School,Near,Female,63,Bajo
21.0,69.0,Medium,Low,Yes,7.0,85.0,Medium,Yes,2.0,Medium,Medium,Private,Positive,0.0,No,High School,Near,Male,66,Bajo
22.0,79.0,Low,Medium,No,10.0,57.0,Low,Yes,1.0,Medium,Medium,Public,Positive,2.0,No,High School,Near,Male,65,Bajo
13.0,77.0,Medium,High,No,4.0,83.0,Medium,Yes,1.0,Medium,Medium,Public,Negative,2.0,No,High School,Near,Male,65,Bajo
26.0,72.0,Low,High,No,8.0,85.0,Medium,Yes,2.0,Low,Medium,Public,Negative,3.0,No,High School,Near,Male,67,Medio
23.0,67.0,Medium,Medium,No,4.0,50.0,Low,Yes,4.0,Low,Medium,Private,Positive,3.0,No,High School,Near,Male,65,Bajo
16.0,90.0,High,Medium,No,7.0,66.0,Medium,Yes,0.0,High,Medium,Public,Negative,3.0,No,High School,Near,Male,67,Medio
11.0,100.0,Medium,Medium,Yes,9.0,54.0,Low,Yes,1.0,Low,Medium,Public,Negative,3.0,No,High School,Near,Male,66,Bajo
19.0,91.0,Low,High,Yes,9.0,84.0,High,Yes,2.0,High,Medium,Public,Positive,3.0,Yes,High School,Near,Male,71,Alto
17.0,72.0,Medium,Medium,No,8.0,61.0,Medium,Yes,1.0,Medium,Medium,Public,Neutral,4.0,No,High School,Near,Male,64,Bajo
21.0,70.0,Low,Low,No,7.0,63.0,Medium,Yes,0.0,Medium,Medium,Public,Positive,2.0,No,High School,Near,Male,61,Bajo
18.0,69.0,High,High,Yes,8.0,54.0,Low,Yes,1.0,High,Medium,Private,Neutral,2.0,No,High School,Near,Male,65,Bajo
8.0,65.0,Medium,Medium,No,10.0,74.0,Medium,Yes,1.0,Medium,Medium,Private,Positive,5.0,No,High School,Near,Male,61,Bajo
18.0,82.0,High,Low,No,7.0,52.0,Low,Yes,1.0,Low,Medium,Public,Negative,4.0,No,High School,Near,Female,64,Bajo
18.0,84.0,High,High,Yes,8.0,92.0,Low,Yes,0.0,Low,Medium,Public,Negative,3.0,No,High School,Near,Female,69,Medio
24.0,88.0,Medium,Medium,Yes,6.0,51.0,High,Yes,4.0,Medium,Medium,Public,Positive,4.0,No,High School,Near,Male,71,Alto
16.0,87.0,High,Medium,No,9.0,53.0,High,Yes,3.0,Medium,Medium,Private,Neutral,5.0,No,High School,Near,Male,70,Alto
30.0,72.0,High,Medium,Yes,8.0,82.0,High,Yes,1.0,Low,Medium,Public,Positive,1.0,No,High School,Near,Female,70,Alto
9.0,73.0,Medium,Medium,Yes,6.0,96.0,Low,Yes,0.0,Low,Medium,Public,Positive,2.0,No,High School,Near,Male,62,Bajo
28.0,87.0,Medium,Medium,No,8.0,95.0,Medium,Yes,2.0,Medium,Medium,Private,Positive,3.0,No,High School,Near,Female,73,Alto
19.0,74.0,Medium,High,No,8.0,54.0,High,Yes,0.0,Medium,Medium,Public,Positive,3.0,No,High School,Near,Male,66,Bajo
25.0,69.0,Medium,Medium,Yes,8.0,64.0,Medium,Yes,1.0,High,Medium,Public,Negative,3.0,No,High School,Near,Female,66,Bajo
20.0,75.0,Low,Medium,No,7.0,76.0,Medium,Yes,3.0,High,Medium,Private,Negative,3.0,No,High School,Near,Female,66,Bajo
27.0,71.0,Medium,Medium,Yes,9.0,51.0,Medium,No,3.0,High,Medium,Public,Neutral,1.0,No,High School,Near,Female,66,Bajo
18.0,64.0,Medium,Medium,Yes,6.0,76.0,Medium,Yes,2.0,Medium,Medium,Public,Positive,4.0,No,High School,Near,Male,65,Bajo
13.0,93.0,Low,Low,No,7.0,72.0,High,Yes,2.0,Medium,Medium,Private,Positive,2.0,No,High School,Near,Female,67,Medio
29.0,94.0,High,Medium,No,7.0,79.0,Medium,Yes,6.0,Low,Medium,Private,Neutral,4.0,No,High School,Near,Female,76,Alto
19.0,69.0,Medium,Medium,Yes,9.0,96.0,Medium,Yes,0.0,High,Medium,Private,Positive,3.0,No,High School,Near,Female,66,Bajo
21.0,63.0,Medium,Medium,Yes,6.0,64.0,Low,Yes,1.0,High,Medium,Public,Negative,3.0,No,High School,Near,Male,63,Bajo
27.0,90.0,Medium,Medium,No,7.0,82.0,Medium,Yes,0.0,Medium,Medium,Public,Positive,3.0,No,High School,Near,Female,71,Alto
14.0,68.0,Medium,High,No,6.0,71.0,Low,Yes,1.0,Medium,Medium,Public,Positive,3.0,No,High School,Near,Male,63,Bajo
24.0,76.0,High,Low,Yes,7.0,72.0,Low,Yes,1.0,High,Medium,Public,Positive,2.0,No,High School,Near,Male,67,Medio
16.0,63.0,Medium,Medium,Yes,8.0,82.0,Medium,Yes,0.0,High,Medium,Public,Neutral,3.0,No,High School,Near,Male,63,Bajo
19.0,69.0,High,Medium,Yes,5.0,98.0,Medium,Yes,0.0,High,Medium,Public,Neutral,4.0,No,High School,Near,Male,66,Bajo
20.0,92.0,Medium,Medium,Yes,9.0,93.0,Low,Yes,3.0,High,Medium,Public,Positive,2.0,No,High School,Near,Female,72,Alto
11.0,92.0,High,Medium,Yes,8.0,82.0,High,Yes,4.0,Medium,Medium,Private,Negative,2.0,No,High School,Near,Female,70,Alto
15.0,68.0,High,Low,Yes,6.0,73.0,Medium,No,0.0,Medium,Medium,Public,Positive,3.0,No,High School,Near,Male,62,Bajo
28.0,73.0,High,Medium,Yes,6.0,71.0,Medium,Yes,0.0,Medium,Medium,Private,Positive,2.0,No,High School,Near,Female,69,Medio
25.0,65.0,Low,Medium,Yes,9.0,89.0,Medium,Yes,2.0,Medium,Medium,Public,Neutral,3.0,No,High School,Near,Female,66,Bajo
20.0,63.0,Medium,Medium,Yes,8.0,61.0,Medium,Yes,2.0,High,Medium,Public,Neutral,3.0,No,High School,Near,Male,64,Bajo
21.0,100.0,Low,Medium,Yes,6.0,79.0,Medium,Yes,2.0,Low,Medium,Public,Neutral,1.0,No,High School,Near,Female,70,Alto
18.0,86.0,Medium,Medium,No,6.0,75.0,High,Yes,0.0,Low,Medium,Public,Neutral,4.0,No,High School,Near,Male,67,Medio
28.0,82.0,Medium,High,Yes,8.0,82.0,Low,Yes,1.0,Medium,Medium,Private,Negative,2.0,No,High School,Near,Male,71,Alto
19.0,91.0,Medium,Medium,No,8.0,59.0,High,Yes,1.0,High,Medium,Public,Neutral,2.0,No,High School,Near,Male,69,Medio
21.0,94.0,High,Low,No,8.0,85.0,Medium,Yes,1.0,Medium,Medium,Public,Negative,4.0,No,High School,Near,Male,70,Alto
27.0,92.0,Medium,Medium,Yes,7.0,81.0,Medium,Yes,0.0,Low,Medium,Public,Negative,1.0,No,High School,Near,Male,70,Alto
15.0,61.0,High,Low,Yes,8.0,59.0,Medium,Yes,1.0,Medium,Medium,Public,Neutral,2.0,No,High School,Near,Female,61,Bajo
29.0,67.0,Low,High,No,7.0,72.0,Medium,No,0.0,Medium,Medium,Public,Neutral,3.0,No,High School,Near,Female,65,Bajo
11.0,86.0,Medium,High,Yes,6.0,84.0,Medium,Yes,0.0,High,Medium,Private,Neutral,3.0,No,High School,Near,Male,67,Medio
30.0,75.0,Medium,Low,Yes,9.0,95.0,Low,Yes,1.0,High,Medium,Public,Negative,5.0,No,High School,Near,Male,70,Alto
18.0,99.0,Medium,Medium,No,8.0,56.0,Medium,No,2.0,Low,Medium,Private,Negative,3.0,No,High School,Near,Male,67,Medio
19.0,87.0,Low,High,Yes,6.0,50.0,Medium,Yes,3.0,Low,Medium,Public,Neutral,2.0,No,High School,Near,Male,68,Medio
9.0,98.0,High,High,No,7.0,58.0,Medium,Yes,2.0,Medium,Medium,Public,Negative,4.0,No,High School,Near,Male,69,Medio
17.0,68.0,Medium,Medium,No,7.0,99.0,Medium,Yes,1.0,Medium,Medium,Private,Neutral,1.0,No,High School,Near,Male,65,Bajo
14.0,95.0,High,Medium,Yes,6.0,88.0,Medium,Yes,2.0,Low,Medium,Public,Neutral,2.0,No,High School,Near,Male,68,Medio
16.0,73.0,High,Medium,Yes,7.0,81.0,Medium,Yes,1.0,High,Medium,Public,Negative,4.0,No,High School,Near,Male,67,Medio
19.0,100.0,Medium,High,Yes,6.0,57.0,Medium,Yes,1.0,High,Medium,Private,Positive,2.0,Yes,High School,Near,Male,70,Alto
26.0,66.0,High,High,No,8.0,71.0,High,Yes,2.0,Medium,Medium,Public,Neutral,3.0,No,High School,Near,Female,68,Medio
21.0,81.0,High,Medium,Yes,7.0,86.0,Medium,Yes,1.0,Low,Medium,Public,Neutral,4.0,No,High School,Near,Male,69,Medio
22.0,92.0,High,Low,Yes,5.0,95.0,Low,Yes,0.0,Low,Medium,Public,Positive,3.0,No,High School,Near,Male,70,Alto
13.0,77.0,High,High,Yes,7.0,69.0,Medium,Yes,2.0,Low,Medium,Private,Neutral,5.0,No,High School,Near,Male,67,Medio
15.0,79.0,High,High,Yes,6.0,100.0,Medium,Yes,4.0,Low,Medium,Public,Neutral,3.0,No,High School,Near,Female,70,Alto
31.0,99.0,Medium,Low,Yes,4.0,57.0,High,Yes,1.0,High,Medium,Public,Neutral,2.0,No,High School,Near,Female,74,Alto
16.0,77.0,Medium,Low,Yes,7.0,69.0,Low,Yes,1.0,Low,Medium,Public,Neutral,4.0,No,High School,Near,Female,63,Bajo
30.0,84.0,High,Medium,Yes,9.0,94.0,Medium,Yes,1.0,Low,Medium,Private,Positive,2.0,Yes,High School,Near,Female,72,Alto
19.0,62.0,High,Medium,No,7.0,82.0,Low,Yes,0.0,Low,Medium,Private,Neutral,5.0,Yes,High School,Near,Male,62,Bajo
20.0,94.0,Medium,Medium,No,8.0,91.0,Medium,Yes,1.0,Low,Medium,Public,Positive,2.0,No,High School,Near,Female,71,Alto
26.0,86.0,Medium,Low,No,7.0,95.0,Medium,Yes,0.0,Low,Medium,Public,Negative,5.0,No,High School,Near,Male,68,Medio
28.0,76.0,Medium,High,Yes,6.0,75.0,High,Yes,3.0,High,Medium,Public,Positive,3.0,No,High School,Near,Male,72,Alto
19.0,61.0,Medium,High,Yes,6.0,62.0,High,Yes,1.0,High,Medium,Public,Neutral,2.0,No,High School,Near,Female,64,Bajo
18.0,84.0,Low,Low,No,5.0,85.0,Medium,Yes,0.0,Medium,Medium,Public,Neutral,4.0,No,High School,Near,Male,64,Bajo
20.0,61.0,Low,High,Yes,8.0,78.0,Medium,Yes,0.0,Low,Medium,Private,Positive,5.0,No,High School,Near,Female,63,Bajo
22.0,60.0,High,Medium,Yes,8.0,89.0,Medium,Yes,2.0,Medium,Medium,Private,Neutral,4.0,No,High School,Near,Male,66,Bajo
25.0,85.0,Medium,Medium,Yes,7.0,76.0,Medium,Yes,2.0,High,Medium,Public,Positive,2.0,No,High School,Near,Female,71,Alto
20.0,68.0,Medium,High,Yes,4.0,91.0,High,Yes,4.0,High,Medium,Private,Positive,4.0,No,High School,Near,Male,70,Alto
24.0,68.0,High,Medium,Yes,8.0,95.0,Low,Yes,3.0,Medium,Medium,Public,Positive,0.0,No,High School,Near,Male,67,Medio
30.0,86.0,High,High,Yes,6.0,87.0,Medium,Yes,0.0,Low,Medium,Private,Positive,4.0,No,High School,Near,Female,73,Alto
22.0,62.0,Low,Medium,Yes,7.0,87.0,Medium,Yes,2.0,High,Medium,Public,Neutral,3.0,No,High School,Near,Female,64,Bajo
22.0,73.0,Low,Medium,No,5.0,79.0,Medium,Yes,4.0,Medium,Medium,Public,Negative,1.0,No,High School,Near,Female,65,Bajo
11.0,66.0,Medium,Medium,Yes,7.0,74.0,Medium,Yes,3.0,Medium,Medium,Private,Neutral,3.0,No,High School,Near,Female,62,Bajo
4.0,83.0,High,Medium,No,7.0,99.0,Low,Yes,1.0,Low,Medium,Private,Neutral,3.0,No,High School,Near,Female,64,Bajo
22.0,86.0,Low,Medium,No,4.0,82.0,Low,Yes,1.0,Low,Medium,Private,Positive,5.0,No,High School,Near,Male,67,Medio
19.0,89.0,Medium,High,No,9.0,92.0,High,Yes,5.0,Medium,Medium,Private,Positive,3.0,No,High School,Near,Male,74,Alto
17.0,70.0,High,Medium,No,7.0,75.0,Medium,Yes,1.0,Low,Medium,Private,Neutral,4.0,Yes,High School,Near,Male,63,Bajo
21.0,64.0,High,Low,Yes,7.0,78.0,Low,Yes,1.0,Medium,Medium,Public,Positive,4.0,No,High School,Near,Male,64,Bajo
20.0,63.0,Medium,Low,No,8.0,83.0,Low,Yes,4.0,Medium,Medium,Public,Neutral,3.0,No,High School,Near,Female,64,Bajo
27.0,77.0,Low,High,No,7.0,86.0,High,Yes,1.0,High,Medium,Public,Negative,3.0,No,High School,Near,Male,70,Alto
21.0,98.0,Medium,Medium,Yes,8.0,72.0,Medium,Yes,3.0,Low,Medium,Public,Positive,3.0,No,High School,Near,Female,71,Alto
16.0,69.0,Medium,Medium,Yes,5.0,68.0,Medium,Yes,0.0,Medium,Medium,Public,Neutral,4.0,No,High School,Near,Male,63,Bajo
26.0,70.0,Medium,High,Yes,7.0,62.0,Medium,Yes,0.0,Low,Medium,Private,Negative,1.0,No,High School,Near,Female,66,Bajo
19.0,64.0,Medium,High,Yes,4.0,71.0,Medium,Yes,1.0,High,Medium,Public,Neutral,3.0,No,High School,Near,Male,65,Bajo
23.0,84.0,Medium,High,No,7.0,61.0,Medium,Yes,2.0,Medium,Medium,Public,Neutral,5.0,No,High School,Near,Male,70,Alto
17.0,87.0,Low,Low,Yes,9.0,71.0,Medium,Yes,2.0,Low,Medium,Public,Neutral,3.0,No,High School,Near,Female,65,Bajo
16.0,86.0,High,Medium,Yes,5.0,94.0,High,Yes,0.0,Medium,Medium,Public,Negative,2.0,No,High School,Near,Male,68,Medio
21.0,94.0,Medium,High,No,6.0,99.0,Medium,Yes,1.0,Medium,Medium,Private,Neutral,2.0,No,High School,Near,Male,72,Alto
20.0,79.0,Medium,High,Yes,4.0,79.0,Low,Yes,0.0,Medium,Medium,Private,Neutral,4.0,No,High School,Near,Male,67,Medio
23.0,65.0,High,High,No,7.0,57.0,Low,No,1.0,High,Medium,Public,Neutral,4.0,No,High School,Near,Male,65,Bajo
18.0,72.0,Medium,Medium,No,8.0,71.0,Low,Yes,2.0,High,Medium,Public,Positive,4.0,No,High School,Near,Male,66,Bajo
9.0,86.0,High,High,No,8.0,80.0,Medium,Yes,1.0,Low,Medium,Public,Positive,5.0,No,High School,Near,Female,67,Medio
17.0,85.0,Medium,Low,No,6.0,69.0,Medium,Yes,1.0,Medium,Medium,Private,Neutral,3.0,Yes,High School,Near,Male,65,Bajo
25.0,81.0,Medium,Medium,No,4.0,60.0,Medium,Yes,2.0,Medium,Medium,Private,Neutral,3.0,No,High School,Near,Male,68,Medio
18.0,87.0,Medium,Medium,No,5.0,61.0,High,Yes,2.0,Medium,Medium,Public,Positive,1.0,No,High School,Near,Male,68,Medio
19.0,85.0,Medium,High,Yes,9.0,74.0,Medium,Yes,1.0,High,Medium,Public,Neutral,3.0,No,High School,Near,Female,69,Medio
26.0,95.0,Medium,Low,Yes,8.0,61.0,Medium,Yes,2.0,Medium,Medium,Private,Neutral,2.0,No,High School,Near,Female,71,Alto
16.0,83.0,Medium,Medium,Yes,7.0,62.0,Medium,Yes,0.0,Low,Medium,Private,Neutral,1.0,Yes,High School,Near,Male,64,Bajo
11.0,91.0,Low,High,No,7.0,94.0,Medium,Yes,1.0,Medium,Medium,Public,Neutral,3.0,Yes,High School,Near,Male,65,Bajo
19.0,70.0,Medium,Medium,No,5.0,89.0,Medium,Yes,1.0,Low,Medium,Private,Neutral,2.0,No,High School,Near,Male,64,Bajo
17.0,87.0,Medium,Medium,Yes,9.0,53.0,Low,Yes,3.0,Low,Medium,Public,Positive,3.0,No,High School,Near,Female,67,Medio
14.0,96.0,Medium,High,No,6.0,66.0,Medium,Yes,3.0,Medium,Medium,Public,Positive,2.0,No,High School,Near,Female,70,Alto
19.0,75.0,Medium,High,No,8.0,77.0,Medium,Yes,1.0,Low,Medium,Public,Positive,4.0,No,High School,Near,Female,66,Bajo
23.0,91.0,High,Medium,No,5.0,53.0,Low,Yes,3.0,Medium,Medium,Private,Negative,3.0,No,High School,Near,Male,70,Alto
20.0,89.0,Medium,High,Yes,7.0,84.0,Low,Yes,1.0,High,Medium,Public,Neutral,4.0,No,High School,Near,Male,70,Alto
22.0,62.0,High,Medium,Yes,9.0,69.0,Low,Yes,1.0,High,Medium,Private,Negative,3.0,No,High School,Near,Male,64,Bajo
31.0,83.0,Low,High,Yes,6.0,70.0,Medium,Yes,3.0,Low,Medium,Private,Negative,3.0,No,High School,Near,Male,71,Alto
18.0,65.0,Medium,High,Yes,8.0,63.0,Medium,Yes,1.0,Medium,Medium,Public,Positive,3.0,No,High School,Near,Male,63,Bajo
22.0,99.0,Medium,Medium,Yes,5.0,67.0,High,Yes,1.0,Medium,Medium,Private,Negative,3.0,No,High School,Near,Male,72,Alto
17.0,92.0,High,High,No,6.0,93.0,Medium,Yes,4.0,Medium,Medium,Private,Neutral,4.0,No,High School,Near,Female,72,Alto
15.0,64.0,High,Low,Yes,7.0,89.0,Low,Yes,0.0,Low,Medium,Public,Negative,2.0,No,High School,Near,Male,61,Bajo
16.0,65.0,High,Low,Yes,8.0,97.0,High,Yes,2.0,Low,Medium,Public,Negative,4.0,Yes,High School,Near,Female,63,Bajo
17.0,84.0,Low,High,No,7.0,85.0,High,Yes,0.0,Medium,Medium,Private,Positive,2.0,No,High School,Near,Male,67,Medio
22.0,74.0,High,Low,Yes,8.0,79.0,Low,Yes,3.0,Medium,Medium,Public,Neutral,1.0,No,High School,Near,Female,67,Medio
34.0,61.0,Medium,Low,No,9.0,63.0,Low,Yes,2.0,Medium,Medium,Public,Neutral,5.0,No,High School,Near,Female,65,Bajo
16.0,82.0,Low,Medium,No,6.0,83.0,Medium,Yes,0.0,Medium,Medium,Public,Negative,2.0,No,High School,Near,Female,64,Bajo
18.0,76.0,Medium,Low,No,5.0,95.0,High,Yes,2.0,High,Medium,Public,Positive,6.0,No,High School,Near,Female,69,Medio
20.0,64.0,Medium,High,No,6.0,53.0,High,No,4.0,High,Medium,Private,Neutral,4.0,No,High School,Near,Female,65,Bajo
22.0,92.0,High,High,No,9.0,72.0,Low,Yes,1.0,Low,Medium,Public,Neutral,4.0,Yes,High School,Near,Male,71,Alto
22.0,97.0,Medium,Medium,Yes,6.0,57.0,Medium,Yes,0.0,Medium,Medium,Private,Positive,2.0,No,High School,Near,Male,70,Alto
28.0,90.0,Low,Medium,Yes,9.0,91.0,Medium,Yes,0.0,Medium,Medium,Public,Positive,2.0,No,High School,Near,Female,98,Alto
5.0,93.0,Medium,Medium,Yes,7.0,81.0,Medium,No,1.0,Low,Medium,Public,Neutral,2.0,No,High School,Near,Female,65,Bajo
6.0,69.0,High,Medium,Yes,10.0,94.0,Medium,No,1.0,Medium,Medium,Private,Neutral,4.0,No,High School,Near,Female,63,Bajo
17.0,71.0,Medium,Medium,Yes,10.0,53.0,Low,Yes,0.0,Low,Medium,Public,Positive,3.0,No,High School,Near,Male,61,Bajo
27.0,68.0,Medium,Low,Yes,9.0,95.0,Medium,Yes,1.0,Low,Medium,Public,Positive,3.0,No,High School,Near,Male,67,Medio
11.0,91.0,Medium,Medium,No,5.0,53.0,Medium,Yes,0.0,Low,Medium,Private,Neutral,2.0,No,High School,Near,Female,64,Bajo
2.0,98.0,High,Medium,No,4.0,64.0,Medium,Yes,1.0,Low,Medium,Private,Neutral,2.0,No,High School,Near,Female,65,Bajo
23.0,89.0,High,High,Yes,7.0,58.0,Medium,Yes,2.0,Medium,Medium,Private,Positive,3.0,No,High School,Near,Male,73,Alto
21.0,95.0,Medium,High,Yes,8.0,57.0,Low,No,1.0,Low,Medium,Public,Positive,3.0,No,High School,Near,Male,69,Medio
13.0,86.0,Medium,High,No,8.0,59.0,Medium,Yes,3.0,Medium,Medium,Public,Neutral,3.0,No,High School,Near,Male,67,Medio
14.0,76.0,High,Medium,No,6.0,74.0,Low,Yes,0.0,High,Medium,Private,Positive,2.0,Yes,High School,Near,Male,63,Bajo
14.0,77.0,High,High,Yes,5.0,89.0,Low,Yes,0.0,Medium,Medium,Private,Positive,2.0,No,High School,Near,Male,67,Medio
21.0,63.0,Low,High,Yes,8.0,95.0,Medium,Yes,2.0,High,Medium,Public,Neutral,5.0,No,High School,Near,Male,66,Bajo
16.0,61.0,Medium,High,Yes,10.0,78.0,Medium,Yes,2.0,Low,Medium,Public,Positive,2.0,No,High School,Near,Female,64,Bajo
23.0,88.0,High,Low,Yes,6.0,58.0,Medium,Yes,2.0,Low,Medium,Public,Neutral,2.0,No,High School,Near,Male,68,Medio
3.0,78.0,Medium,Medium,No,8.0,54.0,High,Yes,2.0,High,Medium,Public,Positive,4.0,No,High School,Near,Male,61,Bajo
15.0,82.0,Medium,Medium,Yes,10.0,75.0,Medium,Yes,1.0,High,Medium,Public,Negative,1.0,No,High School,Near,Female,66,Bajo
13.0,82.0,Medium,Medium,Yes,7.0,88.0,Medium,Yes,0.0,Low,Medium,Public,Neutral,2.0,No,High School,Near,Female,65,Bajo
18.0,71.0,Medium,High,Yes,7.0,81.0,Medium,Yes,0.0,Medium,Medium,Public,Negative,4.0,No,High School,Near,Female,65,Bajo
17.0,79.0,Medium,Medium,No,8.0,79.0,Medium,Yes,3.0,Medium,Medium,Private,Neutral,5.0,Yes,High School,Near,Male,67,Medio
25.0,79.0,High,Medium,Yes,7.0,52.0,Medium,Yes,1.0,Medium,Medium,Public,Negative,2.0,No,High School,Near,Female,68,Medio
9.0,76.0,Medium,Medium,Yes,9.0,71.0,Medium,Yes,1.0,Medium,Medium,Public,Neutral,3.0,No,High School,Near,Male,63,Bajo
20.0,93.0,High,Medium,No,6.0,78.0,Low,Yes,1.0,Low,Medium,Public,Positive,3.0,No,High School,Near,Female,70,Alto
23.0,78.0,High,High,No,7.0,80.0,Medium,Yes,0.0,Low,Medium,Private,Neutral,2.0,No,High School,Near,Female,68,Medio
31.0,84.0,Medium,Medium,No,5.0,50.0,Medium,No,2.0,Low,Medium,Private,Positive,3.0,No,High School,Near,Male,69,Medio
17.0,96.0,High,Medium,Yes,7.0,60.0,Low,Yes,0.0,Low,Medium,Private,Neutral,2.0,Yes,High School,Near,Male,67,Medio
22.0,95.0,Medium,Medium,No,5.0,97.0,Medium,Yes,0.0,Low,Medium,Public,Neutral,3.0,No,High School,Near,Male,69,Medio
9.0,96.0,Medium,Low,Yes,8.0,75.0,Low,Yes,1.0,Low,Medium,Private,Positive,4.0,Yes,High School,Near,Female,65,Bajo
6.0,71.0,Medium,High,Yes,5.0,85.0,Medium,Yes,1.0,Low,Medium,Public,Positive,2.0,No,High School,Near,Male,61,Bajo
25.0,61.0,Medium,High,Yes,8.0,65.0,Low,Yes,3.0,Low,Medium,Public,Neutral,3.0,No,High School,Near,Female,65,Bajo
20.0,70.0,Low,Medium,Yes,6.0,79.0,Low,Yes,4.0,Medium,Medium,Public,Positive,4.0,No,High School,Near,Male,67,Medio
27.0,71.0,Medium,High,Yes,10.0,68.0,Medium,Yes,1.0,Low,Medium,Public,Negative,2.0,No,High School,Near,Male,66,Bajo
12.0,96.0,Medium,Medium,No,9.0,65.0,Medium,Yes,2.0,High,Medium,Private,Neutral,4.0,Yes,High School,Near,Female,69,Medio
23.0,86.0,Medium,Medium,Yes,8.0,71.0,High,Yes,3.0,Medium,Medium,Public,Neutral,4.0,No,High School,Near,Female,71,Alto
31.0,63.0,High,High,No,5.0,73.0,Medium,Yes,1.0,High,Medium,Public,Positive,2.0,No,High School,Near,Female,68,Medio
23.0,65.0,High,Medium,No,6.0,67.0,High,No,3.0,Medium,Medium,Private,Negative,5.0,No,High School,Near,Male,65,Bajo
22.0,66.0,Medium,Medium,No,6.0,63.0,High,Yes,1.0,Low,Medium,Private,Neutral,5.0,No,High School,Near,Male,64,Bajo
20.0,85.0,Medium,Low,No,6.0,81.0,Low,Yes,1.0,High,Medium,Private,Positive,3.0,No,High School,Near,Male,68,Medio
11.0,89.0,Low,High,No,9.0,69.0,Low,Yes,1.0,Low,Medium,Public,Neutral,3.0,No,High School,Near,Male,64,Bajo
28.0,94.0,Medium,High,No,7.0,60.0,Low,Yes,1.0,Low,Medium,Public,Positive,3.0,No,High School,Near,Male,71,Alto
16.0,98.0,High,Medium,No,6.0,88.0,Medium,Yes,1.0,Low,Medium,Public,Neutral,3.0,No,High School,Near,Female,70,Alto
23.0,68.0,High,Medium,Yes,6.0,86.0,Medium,Yes,0.0,Medium,Medium,Public,Positive,2.0,No,High School,Near,Male,68,Medio
11.0,72.0,Medium,Medium,Yes,6.0,94.0,Low,Yes,2.0,Medium,Medium,Public,Positive,3.0,No,High School,Near,Male,63,Bajo
13.0,70.0,Medium,High,Yes,8.0,78.0,Medium,Yes,0.0,Low,Medium,Private,Negative,3.0,Yes,High School,Near,Male,61,Bajo
29.0,74.0,Medium,Low,No,5.0,64.0,Medium,Yes,2.0,Medium,Medium,Public,Neutral,1.0,No,High School,Near,Male,66,Bajo
18.0,97.0,Medium,High,Yes,7.0,93.0,Medium,Yes,5.0,High,Medium,Public,Positive,4.0,No,High School,Near,Female,75,Alto
29.0,83.0,High,High,Yes,8.0,64.0,Medium,Yes,2.0,Medium,Medium,Public,Neutral,1.0,No,High School,Near,Male,71,Alto
20.0,90.0,Medium,Medium,Yes,4.0,83.0,High,Yes,1.0,Low,Medium,Public,Positive,3.0,No,High School,Near,Male,69,Medio
9.0,80.0,High,Low,No,5.0,60.0,Medium,Yes,2.0,Low,Medium,Private,Neutral,3.0,No,High School,Near,Male,62,Bajo
25.0,61.0,Medium,Medium,No,7.0,81.0,High,Yes,0.0,Medium,Medium,Public,Positive,4.0,No,High School,Near,Female,65,Bajo
16.0,63.0,Medium,Low,No,9.0,92.0,Medium,Yes,0.0,Low,Medium,Private,Positive,3.0,No,High School,Near,Female,61,Bajo
24.0,82.0,Medium,Medium,No,9.0,77.0,Medium,Yes,3.0,Medium,Medium,Public,Positive,2.0,No,High School,Near,Female,69,Medio
20.0,89.0,Low,Low,Yes,6.0,74.0,Low,Yes,1.0,Medium,Medium,Private,Positive,3.0,No,High School,Near,Male,66,Bajo
11.0,69.0,High,Medium,Yes,9.0,100.0,Low,Yes,1.0,Low,Medium,Public,Neutral,5.0,No,High School,Near,Male,64,Bajo
21.0,89.0,High,Medium,Yes,7.0,51.0,Low,Yes,1.0,Medium,Medium,Public,Positive,4.0,No,High School,Near,Female,69,Medio
33.0,92.0,High,High,Yes,7.0,67.0,Low,Yes,6.0,High,Medium,Public,Positive,5.0,No,High School,Near,Female,78,Alto
23.0,76.0,Low,High,Yes,7.0,96.0,Low,Yes,2.0,Medium,Medium,Private,Neutral,4.0,No,High School,Near,Female,68,Medio
20.0,90.0,High,High,No,8.0,82.0,Medium,Yes,2.0,High,Medium,Private,Negative,4.0,Yes,High School,Near,Female,70,Alto
26.0,76.0,Low,Medium,Yes,6.0,77.0,Medium,Yes,1.0,Medium,Medium,Private,Neutral,5.0,No,High School,Near,Male,68,Medio
21.0,87.0,Low,Low,Yes,6.0,82.0,Medium,Yes,0.0,Medium,Medium,Public,Neutral,5.0,No,High School,Near,Female,68,Medio
21.0,91.0,Medium,Medium,No,5.0,66.0,Low,Yes,1.0,High,Medium,Public,Positive,3.0,No,High School,Near,Female,69,Medio
13.0,100.0,Medium,Low,Yes,8.0,54.0,Medium,Yes,0.0,Medium,Medium,Public,Positive,3.0,No,High School,Near,Female,68,Medio
21.0,74.0,High,Low,Yes,8.0,64.0,Medium,Yes,3.0,Low,Medium,Public,Neutral,1.0,No,High School,Near,Male,80,Alto
26.0,76.0,Medium,Medium,Yes,8.0,67.0,High,Yes,1.0,Low,Medium,Public,Negative,3.0,No,High School,Near,Male,67,Medio
15.0,67.0,Low,Medium,Yes,5.0,74.0,Medium,Yes,1.0,High,Medium,Public,Positive,2.0,No,High School,Near,Male,64,Bajo
29.0,68.0,Medium,Low,No,6.0,70.0,Low,Yes,0.0,Medium,Medium,Public,Negative,2.0,No,High School,Near,Male,64,Bajo
19.0,88.0,Medium,Medium,Yes,9.0,76.0,Low,Yes,1.0,Medium,Medium,Public,Positive,3.0,No,High School,Near,Male,68,Medio
15.0,97.0,Low,Medium,No,7.0,60.0,Low,Yes,4.0,Medium,Medium,Public,Negative,3.0,No,High School,Near,Female,67,Medio
26.0,76.0,Medium,Medium,No,7.0,59.0,Low,Yes,0.0,Medium,Medium,Public,Neutral,1.0,Yes,High School,Near,Male,65,Bajo
18.0,67.0,High,High,Yes,7.0,68.0,Medium,Yes,0.0,Medium,Medium,Public,Positive,4.0,No,High School,Near,Male,66,Bajo
25.0,71.0,Medium,Low,Yes,8.0,74.0,Low,Yes,4.0,Medium,Medium,Public,Positive,4.0,Yes,High School,Near,Male,67,Medio
18.0,78.0,High,Medium,No,7.0,67.0,Low,No,0.0,High,Medium,Public,Negative,3.0,No,High School,Near,Male,64,Bajo
20.0,72.0,Medium,Low,Yes,6.0,79.0,Medium,Yes,1.0,Low,Medium,Private,Positive,4.0,No,High School,Near,Female,66,Bajo
23.0,69.0,Medium,Low,Yes,8.0,66.0,Low,No,1.0,Medium,Medium,Public,Positive,3.0,No,High School,Near,Male,63,Bajo
22.0,89.0,Medium,High,No,5.0,59.0,High,Yes,5.0,Medium,Medium,Private,Positive,4.0,Yes,High School,Near,Male,71,Alto
8.0,60.0,High,Medium,Yes,9.0,93.0,High,Yes,0.0,Low,Medium,Public,Neutral,3.0,No,High School,Near,Female,62,Bajo
13.0,82.0,Medium,High,No,6.0,60.0,Medium,Yes,1.0,Low,Medium,Public,Positive,4.0,No,High School,Near,Female,64,Bajo
26.0,92.0,Low,Medium,Yes,8.0,98.0,Medium,Yes,2.0,Medium,Medium,Public,Neutral,3.0,No,High School,Near,Male,72,Alto
19.0,71.0,High,Medium,Yes,7.0,99.0,Low,Yes,0.0,Low,Medium,Public,Negative,4.0,No,High School,Near,Female,65,Bajo
17.0,84.0,Low,High,No,6.0,85.0,Medium,Yes,1.0,Medium,Medium,Public,Positive,2.0,No,High School,Near,Female,67,Medio
12.0,87.0,High,High,Yes,9.0,75.0,Medium,No,1.0,Low,Medium,Private,Neutral,3.0,Yes,High School,Near,Female,65,Bajo
14.0,86.0,Low,Low,Yes,8.0,90.0,Low,Yes,0.0,Low,Medium,Private,Neutral,1.0,No,High School,Near,Male,63,Bajo
8.0,78.0,High,High,No,7.0,94.0,Low,Yes,1.0,High,Medium,Public,Neutral,3.0,Yes,High School,Near,Female,65,Bajo
19.0,74.0,Medium,Medium,Yes,10.0,85.0,Medium,Yes,1.0,Low,Medium,Public,Positive,5.0,No,High School,Near,Male,67,Medio
16.0,93.0,Medium,Medium,Yes,8.0,55.0,Low,Yes,0.0,High,Medium,Public,Neutral,4.0,No,High School,Near,Male,67,Medio
14.0,90.0,Low,Medium,Yes,6.0,50.0,Medium,Yes,0.0,Medium,Medium,Private,Positive,3.0,No,High School,Near,Male,65,Bajo
20.0,73.0,Medium,High,Yes,4.0,60.0,Medium,Yes,1.0,Low,Medium,Private,Positive,3.0,Yes,High School,Near,Male,64,Bajo
22.0,64.0,High,Low,No,7.0,59.0,High,Yes,0.0,Medium,Medium,Private,Positive,5.0,Yes,High School,Near,Female,64,Bajo
33.0,63.0,High,High,Yes,9.0,59.0,Medium,Yes,1.0,Medium,Medium,Public,Positive,4.0,No,High School,Near,Male,69,Medio
11.0,64.0,Medium,Medium,No,8.0,75.0,Low,Yes,1.0,High,Medium,Private,Positive,3.0,No,High School,Near,Male,60,Bajo
27.0,83.0,Medium,Medium,Yes,9.0,76.0,Medium,Yes,1.0,Low,Medium,Public,Positive,4.0,No,High School,Near,Male,70,Alto
26.0,62.0,Low,High,No,6.0,86.0,Medium,Yes,2.0,Medium,Medium,Public,Positive,3.0,No,High School,Near,Male,66,Bajo
15.0,73.0,Medium,Medium,Yes,7.0,60.0,High,Yes,3.0,Medium,Medium,Public,Neutral,4.0,No,High School,Near,Female,66,Bajo
21.0,90.0,Medium,Low,No,7.0,55.0,Medium,Yes,2.0,Medium,Medium,Public,Neutral,2.0,No,High School,Near,Female,68,Medio
17.0,72.0,Low,Medium,No,7.0,83.0,Low,Yes,3.0,Medium,Medium,Public,Negative,3.0,Yes,High School,Near,Female,62,Bajo
21.0,91.0,Medium,High,Yes,8.0,74.0,Low,Yes,0.0,Medium,Medium,Public,Negative,2.0,No,High School,Near,Female,70,Alto
29.0,90.0,Medium,Medium,Yes,9.0,83.0,Medium,Yes,0.0,Medium,Medium,Private,Positive,3.0,No,High School,Near,Female,72,Alto
24.0,70.0,Low,Low,Yes,10.0,69.0,High,Yes,1.0,High,Medium,Public,Negative,2.0,No,High School,Near,Female,64,Bajo
23.0,89.0,Low,Medium,No,9.0,88.0,High,Yes,1.0,High,Medium,Public,Neutral,5.0,No,High School,Near,Male,71,Alto
17.0,90.0,Medium,High,No,8.0,84.0,Medium,Yes,1.0,Low,Medium,Public,Negative,4.0,No,High School,Near,Female,67,Medio
11.0,76.0,Low,Medium,No,6.0,83.0,High,Yes,3.0,Medium,Medium,Public,Positive,1.0,No,High School,Near,Female,64,Bajo
19.0,68.0,High,High,No,7.0,51.0,Medium,No,1.0,High,Medium,Public,Positive,1.0,No,High School,Near,Female,64,Bajo
27.0,81.0,Medium,High,Yes,8.0,93.0,Medium,Yes,0.0,High,Medium,Public,Neutral,3.0,No,High School,Near,Female,72,Alto
11.0,97.0,Low,Low,Yes,7.0,69.0,Medium,Yes,3.0,Low,Medium,Public,Positive,2.0,No,High School,Near,Female,66,Bajo
14.0,86.0,High,Medium,No,6.0,57.0,Medium,Yes,3.0,High,Medium,Private,Neutral,2.0,No,High School,Near,Female,68,Medio
21.0,67.0,Medium,Medium,Yes,6.0,88.0,Medium,Yes,1.0,Low,Medium,Private,Positive,5.0,No,High School,Near,Female,95,Alto
14.0,87.0,Medium,Low,Yes,8.0,74.0,Medium,Yes,0.0,Medium,Medium,Public,Neutral,3.0,Yes,High School,Near,Male,64,Bajo
15.0,77.0,Medium,Medium,Yes,7.0,52.0,Medium,Yes,1.0,Medium,Medium,Public,Neutral,2.0,No,High School,Near,Male,64,Bajo
17.0,84.0,Low,High,Yes,7.0,89.0,Medium,Yes,2.0,High,Medium,Public,Positive,2.0,No,High School,Near,Male,68,Medio
12.0,89.0,Medium,Low,Yes,7.0,72.0,Medium,Yes,1.0,High,Medium,Public,Neutral,5.0,No,High School,Near,Male,67,Medio
14.0,81.0,Medium,Medium,No,6.0,88.0,Medium,Yes,1.0,High,Medium,Public,Positive,3.0,No,High School,Near,Female,67,Medio
24.0,93.0,High,Medium,Yes,7.0,88.0,Low,Yes,1.0,Medium,Medium,Public,Negative,3.0,No,High School,Near,Female,71,Alto
12.0,89.0,Medium,Low,Yes,6.0,55.0,Low,Yes,1.0,Low,Medium,Public,Negative,3.0,No,High School,Near,Female,63,Bajo
10.0,85.0,Medium,Medium,Yes,6.0,81.0,Medium,Yes,3.0,Low,Medium,Public,Neutral,3.0,No,High School,Near,Female,66,Bajo
16.0,66.0,High,High,No,5.0,68.0,High,No,2.0,Low,Medium,Public,Positive,5.0,No,High School,Near,Male,65,Bajo
24.0,93.0,Medium,Low,Yes,7.0,77.0,Medium,Yes,0.0,Low,Medium,Private,Negative,3.0,No,High School,Near,Female,68,Medio
19.0,97.0,Medium,Low,Yes,8.0,54.0,Medium,Yes,0.0,High,Medium,Public,Neutral,2.0,No,High School,Near,Male,68,Medio
17.0,65.0,Medium,High,No,9.0,79.0,Medium,Yes,0.0,Medium,Medium,Public,Positive,2.0,Yes,High School,Near,Male,62,Bajo
20.0,80.0,Low,Medium,Yes,5.0,89.0,Medium,Yes,0.0,High,Medium,Public,Neutral,3.0,No,High School,Near,Male,67,Medio
10.0,70.0,High,High,Yes,9.0,99.0,Medium,Yes,1.0,Medium,Medium,Public,Neutral,4.0,No,High School,Near,Female,65,Bajo
23.0,90.0,High,Medium,Yes,7.0,66.0,Low,Yes,2.0,High,Medium,Public,Neutral,3.0,No,High School,Near,Female,71,Alto
22.0,89.0,Medium,High,Yes,5.0,58.0,Medium,Yes,4.0,High,Medium,Public,Neutral,2.0,Yes,High School,Near,Female,71,Alto
18.0,66.0,High,Medium,Yes,6.0,68.0,Low,No,1.0,Medium,Medium,Public,Positive,3.0,Yes,High School,Near,Male,61,Bajo
26.0,95.0,Medium,Medium,No,4.0,51.0,Medium,Yes,1.0,Low,Medium,Public,Positive,2.0,No,High School,Near,Male,70,Alto
13.0,67.0,Medium,Low,Yes,5.0,70.0,Medium,Yes,0.0,Low,Medium,Private,Negative,2.0,No,High School,Near,Male,60,Bajo
27.0,92.0,Low,Medium,No,10.0,96.0,Medium,Yes,0.0,Low,Medium,Public,Neutral,2.0,No,High School,Near,Male,70,Alto
21.0,78.0,Medium,High,No,6.0,60.0,High,Yes,1.0,Low,Medium,Private,Neutral,2.0,No,High School,Near,Female,67,Medio
18.0,73.0,Medium,Medium,Yes,8.0,74.0,Low,No,3.0,Medium,Medium,Private,Neutral,2.0,No,High School,Near,Male,66,Bajo
20.0,66.0,Low,Low,Yes,7.0,79.0,Medium,Yes,2.0,Medium,Medium,Private,Positive,2.0,No,High School,Near,Female,63,Bajo
19.0,67.0,Medium,Medium,No,7.0,59.0,Low,Yes,3.0,Low,Medium,Private,Positive,3.0,No,High School,Near,Female,65,Bajo
27.0,86.0,High,Medium,Yes,8.0,67.0,High,Yes,5.0,High,Medium,Public,Positive,2.0,Yes,High School,Near,Female,75,Alto
14.0,82.0,High,Medium,No,4.0,96.0,Low,Yes,2.0,High,Medium,Private,Negative,4.0,Yes,High School,Near,Male,66,Bajo
15.0,65.0,Medium,Medium,No,9.0,65.0,Medium,Yes,1.0,Low,Medium,Public,Neutral,2.0,No,High School,Near,Female,61,Bajo
26.0,65.0,Medium,Medium,Yes,7.0,82.0,Low,Yes,1.0,Low,Medium,Public,Positive,1.0,No,High School,Near,Male,65,Bajo
16.0,63.0,Low,Medium,Yes,6.0,57.0,Medium,Yes,2.0,Low,Medium,Public,Neutral,3.0,No,High School,Near,Male,61,Bajo
25.0,90.0,High,High,Yes,8.0,83.0,Medium,Yes,2.0,Medium,Medium,Public,Negative,3.0,No,High School,Near,Male,73,Alto
30.0,88.0,High,Medium,Yes,6.0,64.0,Medium,Yes,1.0,High,Medium,Public,Neutral,2.0,No,High School,Near,Female,73,Alto
18.0,62.0,Medium,Medium,Yes,7.0,62.0,Medium,Yes,1.0,Medium,Medium,Public,Positive,5.0,No,High School,Near,Male,63,Bajo
24.0,82.0,Low,Medium,No,7.0,56.0,Medium,Yes,1.0,Medium,Medium,Public,Positive,3.0,No,High School,Near,Male,67,Medio
13.0,63.0,Medium,High,Yes,8.0,52.0,Medium,Yes,2.0,Low,Medium,Public,Positive,4.0,No,High School,Near,Male,62,Bajo
25.0,96.0,Low,Low,No,7.0,98.0,Medium,Yes,1.0,Medium,Medium,Private,Neutral,3.0,No,High School,Near,Male,71,Alto
21.0,96.0,Medium,Medium,Yes,5.0,71.0,Medium,Yes,2.0,Low,Medium,Public,Negative,4.0,No,High School,Near,Male,70,Alto
23.0,88.0,Medium,Medium,No,8.0,89.0,Medium,Yes,0.0,Medium,Medium,Private,Positive,5.0,No,High School,Near,Female,70,Alto
16.0,97.0,Medium,Medium,No,7.0,96.0,Low,No,4.0,Low,Medium,Private,Neutral,2.0,No,High School,Near,Female,69,Medio
10.0,92.0,Medium,Medium,No,4.0,60.0,High,Yes,3.0,Low,Medium,Public,Positive,2.0,No,High School,Near,Female,66,Bajo
23.0,93.0,Low,High,Yes,7.0,93.0,High,Yes,1.0,Medium,Medium,Public,Negative,3.0,No,High School,Near,Female,72,Alto
8.0,83.0,High,Low,Yes,6.0,85.0,Low,Yes,1.0,Low,Medium,Public,Neutral,3.0,No,High School,Near,Female,63,Bajo
18.0,72.0,Low,Medium,Yes,8.0,79.0,Medium,Yes,1.0,Medium,Medium,Public,Positive,4.0,No,High School,Near,Male,65,Bajo
26.0,69.0,High,High,Yes,6.0,90.0,Medium,Yes,3.0,Medium,Medium,Public,Positive,3.0,No,High School,Near,Female,71,Alto
21.0,73.0,Medium,Medium,No,5.0,56.0,Medium,Yes,5.0,High,Medium,Private,Neutral,3.0,No,High School,Near,Male,66,Bajo
32.0,85.0,Medium,Low,Yes,9.0,63.0,Low,No,2.0,High,Medium,Public,Neutral,3.0,No,High School,Near,Male,69,Medio
26.0,67.0,Low,Medium,No,8.0,57.0,Medium,Yes,0.0,Medium,Medium,Public,Negative,4.0,No,High School,Near,Female,62,Bajo
16.0,70.0,High,High,No,7.0,95.0,High,No,1.0,Medium,Medium,Public,Neutral,3.0,No,High School,Near,Female,66,Bajo
20.0,79.0,Medium,Low,Yes,8.0,55.0,Low,Yes,3.0,Low,Medium,Private,Positive,4.0,No,High School,Near,Female,66,Bajo
20.0,69.0,Medium,Low,Yes,8.0,99.0,High,Yes,1.0,Medium,Medium,Public,Negative,3.0,Yes,High School,Near,Female,64,Bajo
11.0,84.0,Low,Medium,Yes,7.0,55.0,High,Yes,0.0,Medium,Medium,Public,Negative,3.0,No,High School,Near,Male,63,Bajo
14.0,97.0,Medium,Medium,Yes,5.0,83.0,Medium,Yes,0.0,Low,Medium,Public,Positive,2.0,No,High School,Near,Female,68,Medio
17.0,90.0,Medium,Medium,No,7.0,83.0,Low,Yes,5.0,Medium,Medium,Public,Negative,3.0,Yes,High School,Near,Male,68,Medio
8.0,87.0,High,High,No,9.0,97.0,Low,Yes,2.0,Low,Medium,Public,Positive,3.0,No,High School,Near,Male,67,Medio
20.0,83.0,High,Low,Yes,8.0,66.0,Medium,Yes,1.0,High,Medium,Private,Neutral,3.0,Yes,High School,Near,Female,67,Medio
19.0,80.0,High,High,Yes,7.0,67.0,Medium,Yes,2.0,Low,Medium,Public,Neutral,2.0,Yes,High School,Near,Female,68,Medio
10.0,67.0,High,Medium,Yes,8.0,92.0,Medium,Yes,1.0,Medium,Medium,Public,Negative,4.0,No,High School,Near,Male,65,Bajo
22.0,96.0,Low,High,Yes,7.0,99.0,High,Yes,4.0,Low,Medium,Public,Positive,4.0,No,High School,Near,Male,74,Alto
24.0,70.0,Medium,High,Yes,9.0,52.0,High,Yes,1.0,Low,Medium,Public,Positive,2.0,No,High School,Near,Male,85,Alto
21.0,64.0,Medium,Medium,No,9.0,82.0,Medium,Yes,2.0,Low,Medium,Public,Neutral,3.0,No,High School,Near,Male,64,Bajo
18.0,90.0,Low,Medium,Yes,5.0,62.0,High,Yes,3.0,Medium,Medium,Private,Neutral,2.0,No,High School,Near,Female,67,Medio
24.0,67.0,High,High,Yes,9.0,86.0,Medium,Yes,2.0,Medium,Medium,Public,Negative,2.0,No,High School,Near,Female,68,Medio
24.0,75.0,Low,Medium,Yes,10.0,89.0,Low,Yes,0.0,Medium,Medium,Private,Positive,3.0,No,High School,Near,Female,67,Medio
22.0,61.0,High,Medium,No,8.0,88.0,Low,Yes,1.0,Medium,Medium,Public,Neutral,4.0,No,High School,Near,Female,65,Bajo
15.0,65.0,High,High,Yes,8.0,72.0,Low,Yes,2.0,Low,Medium,Private,Neutral,2.0,Yes,High School,Near,Male,63,Bajo
22.0,67.0,Medium,Medium,Yes,6.0,58.0,Medium,Yes,1.0,Low,Medium,Public,Neutral,2.0,No,High School,Near,Male,64,Bajo
27.0,62.0,Low,Low,Yes,6.0,79.0,Medium,Yes,0.0,Low,Medium,Private,Negative,3.0,No,High School,Near,Male,62,Bajo
16.0,86.0,Low,High,Yes,7.0,89.0,Low,Yes,1.0,Medium,Medium,Public,Positive,2.0,No,High School,Near,Female,68,Medio
33.0,93.0,Medium,Medium,Yes,6.0,96.0,High,Yes,0.0,Low,Medium,Private,Positive,4.0,No,High School,Near,Female,75,Alto
17.0,75.0,Medium,Low,No,5.0,73.0,High,Yes,0.0,Low,Medium,Private,Neutral,4.0,No,High School,Near,Female,63,Bajo
20.0,95.0,Medium,Low,Yes,7.0,62.0,Low,Yes,2.0,Low,Medium,Public,Neutral,4.0,No,High School,Near,Male,68,Medio
16.0,69.0,Medium,Medium,No,8.0,56.0,Low,Yes,2.0,Medium,Medium,Private,Neutral,3.0,No,High School,Near,Male,63,Bajo
21.0,73.0,High,High,No,5.0,90.0,Medium,Yes,0.0,Medium,Medium,Public,Neutral,2.0,No,High School,Near,Female,68,Medio
10.0,66.0,Medium,High,No,7.0,77.0,Medium,Yes,0.0,Medium,Medium,Public,Positive,2.0,No,High School,Near,Male,62,Bajo
17.0,85.0,Low,Medium,Yes,7.0,84.0,Medium,Yes,3.0,Medium,Medium,Public,Positive,2.0,No,High School,Near,Female,67,Medio
13.0,77.0,High,High,No,7.0,58.0,Medium,Yes,2.0,Low,Medium,Public,Positive,3.0,No,High School,Near,Male,66,Bajo
21.0,85.0,Medium,Medium,No,8.0,50.0,Low,Yes,1.0,Medium,Medium,Private,Neutral,2.0,No,High School,Near,Male,65,Bajo
26.0,90.0,Medium,Medium,Yes,8.0,98.0,Medium,Yes,0.0,Low,Medium,Private,Negative,3.0,Yes,High School,Near,Female,69,Medio
24.0,82.0,High,Medium,No,6.0,91.0,Medium,Yes,2.0,High,Medium,Public,Positive,1.0,No,High School,Near,Male,70,Alto
6.0,85.0,High,Medium,Yes,9.0,70.0,High,Yes,0.0,Low,Medium,Public,Positive,3.0,Yes,High School,Near,Female,64,Bajo
32.0,97.0,High,Medium,Yes,8.0,73.0,Medium,Yes,0.0,High,Medium,Public,Negative,3.0,No,High School,Near,Female,75,Alto
22.0,72.0,Low,Low,Yes,9.0,96.0,High,Yes,1.0,Low,Medium,Private,Positive,3.0,No,High School,Near,Male,66,Bajo
15.0,74.0,Medium,Low,No,7.0,60.0,Low,Yes,2.0,Medium,Medium,Public,Positive,3.0,No,High School,Near,Female,62,Bajo
21.0,89.0,Low,Medium,No,7.0,90.0,Low,Yes,4.0,High,Medium,Public,Neutral,5.0,No,High School,Near,Male,70,Alto
21.0,84.0,High,High,No,7.0,51.0,Medium,Yes,0.0,Medium,Medium,Public,Positive,3.0,No,High School,Near,Male,68,Medio
16.0,67.0,Medium,High,Yes,9.0,94.0,High,Yes,1.0,Medium,Medium,Private,Neutral,2.0,No,High School,Near,Female,66,Bajo
21.0,75.0,Low,High,Yes,7.0,79.0,Medium,Yes,0.0,Low,Medium,Public,Neutral,2.0,No,High School,Near,Male,65,Bajo
16.0,79.0,High,Medium,Yes,7.0,74.0,High,Yes,3.0,Medium,Medium,Private,Positive,2.0,No,High School,Near,Male,68,Medio
18.0,77.0,High,Medium,No,10.0,85.0,Low,Yes,2.0,Medium,Medium,Public,Positive,3.0,No,High School,Near,Female,68,Medio
16.0,67.0,Medium,Medium,Yes,5.0,53.0,Low,Yes,2.0,Medium,Medium,Private,Positive,3.0,No,High School,Near,Male,62,Bajo
11.0,97.0,Low,Medium,Yes,8.0,60.0,Low,Yes,2.0,Low,Medium,Public,Positive,3.0,No,High School,Near,Female,66,Bajo
21.0,90.0,Medium,Low,No,7.0,70.0,Medium,Yes,2.0,Low,Medium,Public,Negative,2.0,No,High School,Near,Female,68,Medio
24.0,79.0,High,Medium,No,7.0,81.0,High,Yes,0.0,High,Medium,Public,Positive,2.0,No,High School,Near,Male,69,Medio
23.0,87.0,Medium,Low,No,6.0,57.0,Medium,Yes,2.0,High,Medium,Public,Positive,3.0,Yes,High School,Near,Male,67,Medio
25.0,96.0,Low,High,Yes,6.0,69.0,Low,Yes,3.0,High,Medium,Public,Positive,2.0,No,High School,Near,Male,74,Alto
22.0,65.0,Low,Medium,No,6.0,63.0,Medium,No,2.0,Medium,Medium,Public,Neutral,3.0,No,High School,Near,Male,61,Bajo
17.0,70.0,High,Medium,No,8.0,82.0,Low,Yes,2.0,High,Medium,Public,Negative,2.0,Yes,High School,Near,Female,64,Bajo
25.0,82.0,Medium,Medium,No,8.0,96.0,Medium,Yes,1.0,Low,Medium,Private,Positive,2.0,No,High School,Near,Female,69,Medio
12.0,92.0,High,Medium,No,4.0,58.0,Low,Yes,2.0,Medium,Medium,Public,Positive,2.0,Yes,High School,Near,Male,66,Bajo
15.0,61.0,Medium,Medium,No,5.0,59.0,High,Yes,0.0,Low,Medium,Public,Neutral,4.0,No,High School,Near,Female,61,Bajo
14.0,99.0,Medium,Medium,Yes,8.0,80.0,High,Yes,3.0,Medium,Medium,Private,Neutral,4.0,No,High School,Near,Female,71,Alto
26.0,78.0,High,High,Yes,8.0,73.0,Medium,No,2.0,Low,Medium,Private,Positive,4.0,No,High School,Near,Female,71,Alto
26.0,74.0,Medium,Medium,No,5.0,86.0,Low,Yes,2.0,Low,Medium,Public,Positive,4.0,No,High School,Near,Female,69,Medio
23.0,72.0,Medium,Medium,Yes,8.0,64.0,Low,Yes,1.0,Low,Medium,Public,Neutral,4.0,No,High School,Near,Female,66,Bajo
26.0,67.0,Low,Medium,Yes,7.0,77.0,Low,Yes,2.0,Low,Medium,Private,Neutral,3.0,Yes,High School,Near,Male,64,Bajo
15.0,92.0,Low,Medium,No,8.0,69.0,Medium,Yes,1.0,High,Medium,Private,Neutral,4.0,No,High School,Near,Male,68,Medio
22.0,98.0,High,Medium,Yes,6.0,64.0,Low,Yes,0.0,Medium,Medium,Public,Positive,3.0,No,High School,Near,Female,71,Alto
19.0,77.0,High,Medium,Yes,5.0,86.0,High,Yes,0.0,Medium,Medium,Public,Negative,4.0,Yes,High School,Near,Male,66,Bajo
25.0,98.0,Medium,Medium,Yes,7.0,90.0,High,Yes,1.0,High,Medium,Public,Neutral,4.0,No,High School,Near,Male,94,Alto
19.0,93.0,Low,High,Yes,7.0,66.0,Low,Yes,1.0,Medium,Medium,Private,Neutral,3.0,No,High School,Near,Female,68,Medio
18.0,79.0,Medium,Medium,No,7.0,81.0,Medium,No,1.0,Medium,Medium,Private,Positive,4.0,No,High School,Near,Female,66,Bajo
23.0,87.0,High,Low,No,6.0,59.0,Medium,Yes,4.0,Medium,Medium,Public,Neutral,2.0,No,High School,Near,Male,70,Alto
25.0,77.0,Medium,Medium,No,10.0,90.0,Medium,Yes,1.0,Low,Medium,Public,Neutral,3.0,No,High School,Near,Male,68,Medio
16.0,82.0,High,Low,No,4.0,64.0,Low,Yes,1.0,Medium,Medium,Private,Neutral,2.0,No,High School,Near,Male,65,Bajo
20.0,62.0,Medium,Medium,Yes,6.0,59.0,Low,Yes,3.0,Medium,Medium,Public,Positive,4.0,No,High School,Near,Male,64,Bajo
14.0,88.0,High,Medium,Yes,6.0,97.0,Medium,Yes,0.0,Low,Medium,Public,Positive,3.0,No,High School,Near,Male,69,Medio
5.0,62.0,High,High,No,7.0,71.0,Low,Yes,1.0,Low,Medium,Private,Positive,4.0,No,High School,Near,Male,59,Bajo
21.0,93.0,Low,Medium,No,8.0,82.0,Medium,Yes,2.0,Medium,Medium,Private,Neutral,4.0,No,High School,Near,Male,70,Alto
24.0,93.0,High,Low,Yes,8.0,90.0,High,Yes,0.0,High,Medium,Private,Negative,2.0,No,High School,Near,Male,72,Alto
22.0,69.0,Low,Medium,No,9.0,84.0,Medium,Yes,0.0,Medium,Medium,Public,Neutral,3.0,No,High School,Near,Male,64,Bajo
8.0,73.0,Medium,High,No,8.0,78.0,High,Yes,0.0,Medium,Medium,Private,Negative,3.0,No,High School,Near,Male,63,Bajo
18.0,79.0,Medium,Medium,Yes,4.0,69.0,Medium,Yes,2.0,High,Medium,Private,Positive,3.0,No,High School,Near,Male,67,Medio
7.0,84.0,Medium,Medium,Yes,5.0,96.0,Medium,No,1.0,Low,Medium,Public,Positive,3.0,Yes,High School,Near,Male,62,Bajo
28.0,71.0,Medium,Medium,Yes,9.0,57.0,High,Yes,1.0,Low,Medium,Public,Neutral,4.0,No,High School,Near,Female,69,Medio
13.0,84.0,Medium,Medium,Yes,9.0,94.0,Medium,Yes,3.0,Medium,Medium,Public,Negative,2.0,Yes,High School,Near,Male,66,Bajo
28.0,72.0,Low,Low,No,8.0,85.0,High,Yes,4.0,Low,Medium,Private,Negative,2.0,No,High School,Near,Female,66,Bajo
26.0,62.0,Low,Medium,No,6.0,79.0,Medium,Yes,1.0,Low,Medium,Public,Positive,3.0,Yes,High School,Near,Female,63,Bajo
15.0,60.0,Medium,Medium,No,7.0,66.0,High,Yes,2.0,High,Medium,Public,Neutral,4.0,No,High School,Near,Male,62,Bajo
13.0,64.0,Medium,High,No,6.0,57.0,Low,Yes,1.0,Low,Medium,Public,Neutral,3.0,Yes,High School,Near,Female,58,Bajo
22.0,92.0,Medium,Low,No,5.0,72.0,Low,Yes,0.0,Medium,Medium,Private,Negative,4.0,No,High School,Near,Male,67,Medio
15.0,98.0,Medium,Medium,Yes,7.0,89.0,Low,No,2.0,Low,Medium,Public,Neutral,3.0,No,High School,Near,Male,68,Medio
21.0,77.0,High,Medium,No,10.0,87.0,Low,Yes,1.0,Low,Medium,Public,Neutral,3.0,No,High School,Near,Male,67,Medio
17.0,81.0,Medium,Medium,No,6.0,82.0,Medium,Yes,3.0,Low,Medium,Private,Neutral,4.0,No,High School,Near,Male,67,Medio
9.0,66.0,Low,Medium,No,9.0,100.0,Low,Yes,3.0,Medium,Medium,Public,Neutral,3.0,No,High School,Near,Male,62,Bajo
7.0,82.0,Medium,High,Yes,6.0,99.0,Medium,Yes,2.0,Medium,Medium,Public,Negative,2.0,No,High School,Near,Male,66,Bajo
21.0,66.0,Medium,Medium,Yes,5.0,70.0,Medium,Yes,1.0,Low,Medium,Private,Positive,5.0,No,High School,Near,Female,65,Bajo
17.0,84.0,Medium,High,Yes,8.0,60.0,Medium,Yes,0.0,Low,Medium,Private,Positive,5.0,No,High School,Near,Female,67,Medio
17.0,97.0,Medium,Low,No,7.0,73.0,High,No,1.0,Medium,Medium,Private,Neutral,4.0,No,High School,Near,Male,69,Medio
24.0,68.0,Medium,High,Yes,9.0,92.0,Low,Yes,1.0,Low,Medium,Public,Positive,2.0,No,High School,Near,Male,67,Medio
27.0,91.0,Low,Medium,Yes,9.0,73.0,Low,Yes,0.0,Low,Medium,Private,Neutral,3.0,No,High School,Near,Male,69,Medio
18.0,61.0,Medium,Low,No,7.0,67.0,Low,Yes,2.0,High,Medium,Public,Positive,4.0,No,High School,Near,Male,62,Bajo
18.0,75.0,Medium,Medium,Yes,9.0,87.0,Low,Yes,3.0,Low,Medium,Public,Negative,3.0,No,High School,Near,Female,67,Medio
23.0,64.0,Medium,Low,Yes,6.0,83.0,Medium,Yes,0.0,Medium,Medium,Public,Neutral,3.0,No,High School,Near,Male,63,Bajo
12.0,74.0,Medium,Medium,No,6.0,98.0,High,Yes,2.0,Low,Medium,Public,Neutral,3.0,No,High School,Near,Male,65,Bajo
21.0,67.0,Medium,Medium,Yes,9.0,77.0,Medium,Yes,3.0,High,Medium,Public,Neutral,3.0,No,High School,Near,Female,66,Bajo
23.0,75.0,Medium,High,Yes,5.0,98.0,Medium,Yes,3.0,Medium,Medium,Public,Positive,1.0,No,High School,Near,Female,71,Alto
24.0,77.0,Low,High,Yes,7.0,65.0,High,Yes,1.0,Medium,Medium,Private,Positive,4.0,No,High School,Near,Male,70,Alto
8.0,72.0,High,High,Yes,9.0,93.0,High,Yes,4.0,Medium,Medium,Public,Positive,4.0,No,High School,Near,Male,68,Medio
15.0,86.0,High,Medium,Yes,9.0,68.0,High,Yes,0.0,Medium,Medium,Public,Neutral,3.0,No,High School,Near,Male,67,Medio
15.0,97.0,Medium,High,No,6.0,90.0,High,Yes,2.0,High,Medium,Private,Neutral,0.0,No,High School,Near,Male,71,Alto
21.0,76.0,Low,Medium,Yes,9.0,96.0,Medium,Yes,1.0,Low,Medium,Public,Negative,5.0,No,High School,Near,Male,65,Bajo
23.0,68.0,Low,Medium,Yes,5.0,81.0,Low,Yes,1.0,Low,Medium,Public,Neutral,2.0,No,High School,Near,Male,64,Bajo
29.0,71.0,Medium,Medium,Yes,6.0,86.0,Medium,Yes,1.0,Low,Medium,Public,Positive,2.0,No,High School,Near,Female,69,Medio
17.0,94.0,Medium,Low,Yes,7.0,98.0,Low,Yes,1.0,Medium,Medium,Public,Negative,2.0,No,High School,Near,Male,68,Medio
17.0,83.0,Medium,Low,Yes,8.0,69.0,Low,Yes,4.0,Low,Medium,Public,Neutral,3.0,No,High School,Near,Male,67,Medio
27.0,78.0,Medium,Medium,Yes,5.0,76.0,High,Yes,1.0,Medium,Medium,Private,Positive,4.0,No,High School,Near,Male,71,Alto
22.0,66.0,Medium,Low,Yes,10.0,95.0,Medium,Yes,1.0,Medium,Medium,Private,Negative,3.0,No,High School,Near,Male,64,Bajo
28.0,78.0,Medium,High,Yes,4.0,84.0,Medium,Yes,2.0,Low,Medium,Public,Negative,3.0,No,High School,Near,Female,69,Medio
22.0,71.0,Medium,High,Yes,7.0,94.0,Medium,Yes,1.0,Medium,Medium,Public,Neutral,4.0,No,High School,Near,Male,68,Medio
13.0,98.0,High,Low,Yes,7.0,81.0,Medium,Yes,1.0,Medium,Medium,Private,Negative,3.0,No,High School,Near,Male,69,Medio
12.0,95.0,Medium,Medium,No,4.0,87.0,Medium,Yes,0.0,Low,Medium,Public,Positive,3.0,No,High School,Near,Male,67,Medio
11.0,63.0,Medium,High,Yes,9.0,51.0,High,Yes,0.0,Low,Medium,Public,Negative,3.0,Yes,High School,Near,Male,58,Bajo
24.0,81.0,Low,Medium,Yes,6.0,67.0,High,Yes,0.0,Medium,Medium,Public,Negative,2.0,No,High School,Near,Male,66,Bajo
27.0,69.0,Medium,High,Yes,7.0,89.0,Low,Yes,2.0,High,Medium,Private,Neutral,1.0,No,High School,Near,Male,69,Medio
31.0,76.0,Medium,High,Yes,7.0,70.0,Low,Yes,3.0,Low,Medium,Public,Neutral,3.0,No,High School,Near,Male,70,Alto
25.0,95.0,Medium,Low,Yes,5.0,68.0,Medium,Yes,1.0,Medium,Medium,Public,Positive,3.0,No,High School,Near,Male,70,Alto
27.0,81.0,Medium,Low,Yes,5.0,98.0,Medium,Yes,0.0,High,Medium,Public,Positive,3.0,No,High School,Near,Male,70,Alto
17.0,73.0,High,High,No,9.0,78.0,Medium,Yes,0.0,Low,Medium,Public,Negative,3.0,No,High School,Near,Female,66,Bajo
13.0,68.0,Low,High,No,7.0,60.0,Medium,Yes,1.0,Medium,Medium,Private,Positive,3.0,No,High School,Near,Female,61,Bajo
25.0,92.0,Medium,Medium,Yes,4.0,74.0,Medium,Yes,3.0,Low,Medium,Public,Positive,2.0,Yes,High School,Near,Female,71,Alto
23.0,85.0,High,Low,Yes,7.0,76.0,High,Yes,2.0,Low,Medium,Public,Neutral,3.0,No,High School,Near,Female,69,Medio
21.0,79.0,Medium,Medium,Yes,7.0,99.0,Medium,Yes,2.0,Low,Medium,Public,Positive,2.0,No,High School,Near,Male,69,Medio
22.0,69.0,High,Medium,No,7.0,86.0,Low,Yes,0.0,Medium,Medium,Public,Neutral,1.0,No,High School,Near,Female,65,Bajo
22.0,73.0,High,High,Yes,4.0,76.0,High,Yes,3.0,Medium,Medium,Public,Negative,4.0,No,High School,Near,Male,69,Medio
28.0,98.0,Medium,High,Yes,7.0,72.0,Medium,Yes,1.0,Low,Medium,Private,Positive,2.0,No,High School,Near,Male,74,Alto
28.0,81.0,Medium,Medium,Yes,6.0,96.0,High,Yes,2.0,Low,Medium,Private,Positive,5.0,No,High School,Near,Male,71,Alto
23.0,76.0,High,Medium,No,7.0,82.0,High,Yes,0.0,Medium,Medium,Private,Neutral,1.0,No,High School,Near,Male,68,Medio
25.0,81.0,High,High,Yes,8.0,68.0,Low,Yes,0.0,Low,Medium,Public,Neutral,3.0,No,High School,Near,Female,69,Medio
23.0,91.0,Low,Medium,Yes,8.0,73.0,Medium,No,3.0,Medium,Medium,Public,Negative,5.0,No,High School,Near,Male,68,Medio
17.0,74.0,Medium,Low,No,9.0,64.0,Medium,Yes,2.0,Medium,Medium,Public,Neutral,3.0,No,High School,Near,Male,63,Bajo
25.0,67.0,Medium,Medium,Yes,10.0,98.0,High,Yes,0.0,High,Medium,Public,Positive,2.0,No,High School,Near,Male,68,Medio
12.0,83.0,High,Medium,Yes,5.0,85.0,Medium,Yes,2.0,Low,Medium,Private,Negative,2.0,No,High School,Near,Male,67,Medio
26.0,87.0,Medium,High,No,6.0,70.0,Low,Yes,3.0,Medium,Medium,Public,Neutral,3.0,No,High School,Near,Male,71,Alto
13.0,89.0,High,High,No,8.0,59.0,Low,Yes,0.0,Low,Medium,Public,Neutral,2.0,No,High School,Near,Male,66,Bajo
22.0,95.0,High,Medium,No,7.0,59.0,Medium,Yes,2.0,Low,Medium,Public,Negative,3.0,Yes,High School,Near,Male,69,Medio
15.0,75.0,High,Medium,Yes,4.0,74.0,Medium,Yes,3.0,Medium,Medium,Public,Positive,4.0,No,High School,Near,Female,68,Medio
23.0,63.0,Medium,Medium,No,7.0,73.0,Low,Yes,1.0,Low,Medium,Public,Neutral,3.0,No,High School,Near,Male,63,Bajo
20.0,98.0,Medium,Medium,No,9.0,71.0,Medium,Yes,0.0,Low,Medium,Public,Negative,4.0,No,High School,Near,Male,69,Medio
10.0,77.0,Low,High,Yes,5.0,93.0,Medium,Yes,3.0,Low,Medium,Public,Positive,3.0,No,High School,Near,Female,66,Bajo
23.0,85.0,Medium,Medium,Yes,7.0,99.0,High,Yes,1.0,Low,Medium,Public,Neutral,5.0,No,High School,Near,Female,71,Alto
17.0,87.0,Medium,High,No,4.0,68.0,Medium,Yes,2.0,Low,Medium,Public,Positive,4.0,No,High School,Near,Male,68,Medio
25.0,82.0,Medium,Medium,Yes,8.0,65.0,Medium,Yes,0.0,High,Medium,Private,Neutral,4.0,No,High School,Near,Male,69,Medio
20.0,68.0,Medium,Medium,Yes,7.0,89.0,Medium,Yes,0.0,Medium,Medium,Private,Positive,3.0,No,High School,Near,Female,65,Bajo
22.0,90.0,Medium,Low,Yes,6.0,72.0,Medium,Yes,0.0,Low,Medium,Public,Neutral,4.0,No,High School,Near,Male,68,Medio
14.0,92.0,High,Medium,Yes,6.0,61.0,High,Yes,0.0,Low,Medium,Private,Neutral,2.0,No,High School,Near,Male,67,Medio
16.0,82.0,Medium,Medium,No,5.0,59.0,Medium,Yes,1.0,Medium,Medium,Public,Positive,3.0,No,High School,Near,Male,65,Bajo
17.0,80.0,Low,Medium,Yes,9.0,64.0,Medium,Yes,1.0,Low,Medium,Private,Positive,4.0,No,High School,Near,Female,65,Bajo
25.0,65.0,Medium,Low,Yes,6.0,50.0,Medium,Yes,2.0,Low,Medium,Public,Positive,2.0,No,High School,Near,Female,64,Bajo
30.0,63.0,High,High,No,8.0,97.0,Medium,Yes,1.0,Low,Medium,Public,Neutral,3.0,No,High School,Near,Female,69,Medio
15.0,74.0,High,Low,No,6.0,72.0,Low,Yes,2.0,Low,Medium,Public,Positive,3.0,No,High School,Near,Male,64,Bajo
26.0,72.0,Medium,Medium,No,10.0,54.0,Medium,No,2.0,High,Medium,Public,Neutral,2.0,No,High School,Near,Male,66,Bajo
7.0,98.0,Medium,Low,Yes,9.0,58.0,Medium,Yes,2.0,Medium,Medium,Private,Neutral,5.0,Yes,High School,Near,Male,65,Bajo
13.0,91.0,High,Medium,Yes,10.0,66.0,Medium,Yes,2.0,Medium,Medium,Public,Positive,4.0,No,High School,Near,Female,69,Medio
14.0,86.0,Low,Medium,Yes,10.0,78.0,Medium,Yes,3.0,Medium,Medium,Private,Negative,4.0,Yes,High School,Near,Female,66,Bajo
12.0,81.0,Medium,Medium,Yes,6.0,85.0,High,Yes,0.0,Low,Medium,Private,Positive,2.0,Yes,High School,Near,Male,64,Bajo
10.0,67.0,Medium,Medium,Yes,6.0,65.0,Medium,Yes,1.0,Medium,Medium,Public,Negative,4.0,No,High School,Near,Female,61,Bajo
22.0,99.0,Medium,Medium,No,10.0,98.0,Low,Yes,1.0,Medium,Medium,Private,Neutral,1.0,No,High School,Near,Male,72,Alto
19.0,75.0,Medium,Medium,Yes,7.0,88.0,Low,Yes,1.0,Medium,Medium,Private,Positive,3.0,No,High School,Near,Male,67,Medio
22.0,64.0,Low,Medium,Yes,8.0,91.0,Low,Yes,0.0,Low,Medium,Public,Neutral,4.0,No,High School,Near,Female,63,Bajo
24.0,80.0,Medium,High,No,6.0,66.0,High,Yes,1.0,Medium,Medium,Public,Neutral,3.0,No,High School,Near,Male,69,Medio
22.0,95.0,Low,High,Yes,6.0,69.0,High,Yes,3.0,Medium,Medium,Public,Neutral,2.0,Yes,High School,Near,Male,70,Alto
24.0,95.0,Medium,High,Yes,8.0,77.0,Low,Yes,1.0,Low,Medium,Public,Positive,3.0,Yes,High School,Near,Male,71,Alto
20.0,60.0,Medium,Low,Yes,4.0,73.0,Medium,Yes,0.0,Low,Medium,Public,Neutral,1.0,No,High School,Near,Female,60,Bajo
13.0,95.0,Medium,High,Yes,8.0,63.0,Medium,Yes,3.0,Medium,Medium,Private,Neutral,2.0,No,High School,Near,Female,70,Alto
26.0,71.0,Low,High,No,8.0,100.0,Low,Yes,1.0,Low,Medium,Private,Positive,4.0,No,High School,Near,Female,69,Medio
16.0,62.0,Medium,High,No,6.0,92.0,Medium,No,0.0,Medium,Medium,Private,Positive,4.0,No,High School,Near,Female,63,Bajo
14.0,94.0,Medium,Medium,Yes,7.0,62.0,High,Yes,2.0,Medium,Medium,Private,Negative,1.0,No,High School,Near,Male,69,Medio
19.0,95.0,Medium,Medium,Yes,7.0,95.0,High,Yes,0.0,Medium,Medium,Private,Negative,2.0,No,High School,Near,Male,71,Alto
15.0,84.0,Medium,High,Yes,7.0,79.0,Medium,Yes,1.0,Medium,Medium,Public,Neutral,4.0,No,High School,Near,Female,68,Medio
17.0,83.0,Medium,High,No,8.0,51.0,Low,Yes,0.0,Low,Medium,Public,Negative,4.0,No,High School,Near,Male,64,Bajo
22.0,93.0,Low,Medium,No,6.0,67.0,Medium,Yes,0.0,Medium,Medium,Public,Neutral,3.0,No,High School,Near,Female,68,Medio
22.0,91.0,Low,Medium,Yes,10.0,51.0,High,Yes,2.0,High,Medium,Public,Neutral,3.0,No,High School,Near,Female,69,Medio
15.0,96.0,Medium,Low,No,7.0,54.0,Low,Yes,0.0,Low,Medium,Public,Neutral,3.0,No,High School,Near,Female,65,Bajo
17.0,82.0,Medium,Medium,Yes,7.0,59.0,Medium,Yes,3.0,Medium,Medium,Public,Positive,4.0,No,High School,Near,Male,68,Medio
26.0,99.0,Medium,High,Yes,10.0,74.0,Medium,Yes,1.0,Medium,Medium,Private,Neutral,2.0,No,High School,Near,Male,74,Alto
23.0,100.0,High,Low,Yes,4.0,69.0,Low,Yes,0.0,Low,Medium,Public,Positive,4.0,No,High School,Near,Female,72,Alto
32.0,65.0,High,Medium,No,10.0,57.0,Medium,Yes,1.0,High,Medium,Private,Negative,2.0,No,High School,Near,Female,67,Medio
27.0,94.0,High,High,Yes,7.0,70.0,Low,Yes,1.0,Medium,Medium,Public,Neutral,2.0,No,High School,Near,Female,73,Alto
27.0,80.0,Medium,Medium,No,6.0,65.0,High,No,1.0,High,Medium,Private,Neutral,4.0,No,High School,Near,Male,68,Medio
12.0,76.0,Medium,Low,Yes,5.0,71.0,Low,Yes,0.0,Medium,Medium,Public,Negative,4.0,No,High School,Near,Male,61,Bajo
25.0,85.0,High,High,No,5.0,59.0,Medium,Yes,3.0,Low,Medium,Public,Neutral,4.0,No,High School,Near,Female,70,Alto
20.0,62.0,Medium,Low,Yes,6.0,80.0,High,No,1.0,Medium,Medium,Public,Neutral,3.0,No,High School,Near,Female,62,Bajo
17.0,80.0,Medium,Medium,Yes,7.0,52.0,High,Yes,2.0,Medium,Medium,Private,Neutral,3.0,No,High School,Near,Female,67,Medio
21.0,95.0,Low,High,Yes,8.0,69.0,Medium,No,0.0,Low,Medium,Public,Negative,3.0,No,High School,Near,Male,69,Medio
26.0,69.0,High,High,No,7.0,95.0,Low,No,0.0,Medium,Medium,Public,Negative,3.0,No,High School,Near,Female,93,Alto
23.0,77.0,Medium,High,No,6.0,71.0,Low,Yes,3.0,Medium,Medium,Private,Positive,4.0,No,High School,Near,Male,68,Medio
15.0,98.0,Medium,Medium,Yes,9.0,72.0,Medium,Yes,1.0,Low,Medium,Public,Neutral,2.0,No,High School,Near,Female,69,Medio
24.0,77.0,Medium,Medium,Yes,10.0,53.0,High,Yes,2.0,High,Medium,Public,Neutral,4.0,No,High School,Near,Male,68,Medio
16.0,74.0,Medium,High,No,9.0,80.0,Low,Yes,0.0,Medium,Medium,Public,Negative,5.0,No,High School,Near,Male,64,Bajo
21.0,78.0,High,Medium,Yes,6.0,97.0,Medium,Yes,0.0,Medium,Medium,Public,Positive,2.0,No,High School,Near,Female,69,Medio
18.0,81.0,Medium,Medium,No,8.0,65.0,Low,Yes,2.0,Low,Medium,Public,Neutral,4.0,No,High School,Near,Male,66,Bajo
19.0,85.0,Medium,Medium,No,8.0,70.0,Low,Yes,4.0,High,Medium,Public,Neutral,3.0,No,High School,Near,Male,68,Medio
25.0,92.0,Medium,Medium,Yes,9.0,79.0,Medium,Yes,3.0,Medium,Medium,Public,Negative,4.0,No,High School,Near,Male,72,Alto
14.0,78.0,High,Medium,No,6.0,55.0,Low,Yes,2.0,Low,Medium,Private,Neutral,2.0,No,High School,Near,Female,63,Bajo
32.0,93.0,High,Medium,No,6.0,98.0,Medium,Yes,0.0,Medium,Medium,Public,Neutral,4.0,Yes,High School,Near,Male,73,Alto
9.0,81.0,High,Medium,Yes,9.0,73.0,Medium,Yes,1.0,Medium,Medium,Public,Negative,1.0,No,High School,Near,Male,65,Bajo
16.0,74.0,High,High,Yes,8.0,56.0,Low,Yes,1.0,Low,Medium,Private,Positive,2.0,No,High School,Near,Female,65,Bajo
22.0,86.0,Low,Medium,Yes,5.0,67.0,Medium,Yes,0.0,High,Medium,Public,Positive,2.0,No,High School,Near,Male,68,Medio
24.0,89.0,High,Medium,No,8.0,69.0,Low,No,3.0,High,Medium,Public,Neutral,2.0,No,High School,Near,Male,70,Alto
19.0,82.0,Medium,Medium,No,10.0,67.0,Medium,Yes,0.0,Low,Medium,Public,Positive,2.0,No,High School,Near,Male,65,Bajo
20.0,62.0,High,Medium,Yes,6.0,85.0,Medium,Yes,2.0,Medium,Medium,Public,Neutral,3.0,No,High School,Near,Female,66,Bajo
22.0,67.0,Medium,High,Yes,6.0,67.0,High,Yes,1.0,Low,Medium,Private,Neutral,1.0,No,High School,Near,Male,66,Bajo
19.0,71.0,Medium,High,Yes,7.0,66.0,Low,Yes,2.0,Low,Medium,Public,Neutral,3.0,No,High School,Near,Female,65,Bajo
28.0,71.0,Medium,High,No,8.0,66.0,Medium,Yes,2.0,Low,Medium,Private,Positive,3.0,No,High School,Near,Male,69,Medio
25.0,87.0,Low,High,Yes,7.0,89.0,Medium,Yes,1.0,Low,Medium,Public,Neutral,4.0,Yes,High School,Near,Female,69,Medio
25.0,61.0,Medium,High,No,9.0,65.0,Medium,Yes,2.0,Medium,Medium,Private,Neutral,4.0,Yes,High School,Near,Female,64,Bajo
14.0,90.0,Medium,Medium,Yes,7.0,51.0,Medium,Yes,1.0,Medium,Medium,Public,Positive,4.0,Yes,High School,Near,Female,66,Bajo
20.0,71.0,Low,Medium,Yes,9.0,68.0,Medium,Yes,1.0,Low,Medium,Private,Positive,3.0,No,High School,Near,Male,63,Bajo
18.0,72.0,High,Medium,Yes,6.0,64.0,Medium,Yes,4.0,Low,Medium,Public,Positive,3.0,No,High School,Near,Female,68,Medio
14.0,81.0,High,Medium,Yes,5.0,95.0,Low,Yes,2.0,Low,Medium,Public,Positive,3.0,No,High School,Near,Male,68,Medio
22.0,69.0,High,Medium,No,6.0,74.0,High,Yes,1.0,Medium,Medium,Public,Negative,3.0,Yes,High School,Near,Female,65,Bajo
17.0,95.0,High,Medium,No,5.0,62.0,High,Yes,1.0,Medium,Medium,Private,Positive,3.0,No,High School,Near,Male,69,Medio
24.0,63.0,Medium,Medium,No,8.0,99.0,Low,Yes,2.0,Low,Medium,Public,Neutral,1.0,No,High School,Near,Female,66,Bajo
14.0,78.0,Medium,Medium,No,4.0,62.0,Medium,Yes,1.0,Low,Medium,Public,Neutral,4.0,No,High School,Near,Male,63,Bajo
30.0,94.0,Low,Medium,Yes,6.0,88.0,Low,Yes,2.0,Low,Medium,Private,Neutral,3.0,Yes,High School,Near,Female,72,Alto
15.0,85.0,High,Medium,No,7.0,82.0,High,Yes,2.0,Medium,Medium,Public,Negative,4.0,No,High School,Near,Male,67,Medio
21.0,72.0,High,High,No,5.0,73.0,Medium,Yes,1.0,Medium,Medium,Public,Neutral,3.0,No,High School,Near,Male,67,Medio
25.0,77.0,High,Medium,Yes,7.0,70.0,Medium,Yes,0.0,Medium,Medium,Public,Neutral,5.0,No,High School,Near,Male,68,Medio
17.0,88.0,High,High,Yes,7.0,94.0,Medium,No,2.0,Medium,Medium,Public,Positive,3.0,No,High School,Near,Male,71,Alto
25.0,99.0,Medium,High,No,9.0,74.0,Medium,Yes,1.0,Medium,Medium,Private,Negative,3.0,No,High School,Near,Male,73,Alto
13.0,96.0,Medium,Medium,No,5.0,69.0,Medium,Yes,2.0,Medium,Medium,Public,Positive,3.0,No,High School,Near,Male,68,Medio
29.0,74.0,High,Medium,No,8.0,68.0,Medium,Yes,0.0,Medium,Medium,Public,Positive,4.0,No,High School,Near,Female,69,Medio
20.0,100.0,Medium,Medium,Yes,8.0,64.0,Medium,Yes,0.0,Low,Medium,Public,Neutral,2.0,No,High School,Near,Male,69,Medio
16.0,60.0,Medium,High,No,7.0,70.0,Low,Yes,3.0,High,Medium,Private,Negative,4.0,No,High School,Near,Female,63,Bajo
18.0,61.0,Medium,Medium,Yes,6.0,56.0,Medium,Yes,3.0,Low,Medium,Public,Neutral,3.0,No,High School,Near,Male,62,Bajo
25.0,93.0,Medium,Medium,Yes,5.0,53.0,Medium,Yes,0.0,High,Medium,Private,Neutral,5.0,No,High School,Near,Female,70,Alto
16.0,68.0,High,Medium,No,10.0,77.0,Medium,Yes,1.0,High,Medium,Public,Positive,3.0,No,High School,Near,Male,66,Bajo
16.0,62.0,Medium,Medium,No,7.0,73.0,Low,Yes,3.0,High,Medium,Public,Negative,3.0,No,High School,Near,Female,62,Bajo
19.0,69.0,Medium,High,Yes,7.0,59.0,Low,Yes,2.0,Low,Medium,Private,Neutral,2.0,No,High School,Near,Female,64,Bajo
13.0,77.0,Medium,Medium,Yes,10.0,55.0,Low,Yes,2.0,Low,Medium,Private,Positive,3.0,No,High School,Near,Male,63,Bajo
31.0,89.0,Medium,Medium,Yes,7.0,57.0,Medium,Yes,1.0,High,Medium,Public,Positive,2.0,No,High School,Near,Female,71,Alto
17.0,85.0,High,Medium,Yes,10.0,66.0,Medium,Yes,1.0,High,Medium,Public,Neutral,1.0,Yes,High School,Near,Male,67,Medio
25.0,70.0,Low,High,Yes,5.0,73.0,Medium,Yes,2.0,Medium,Medium,Private,Neutral,1.0,No,High School,Near,Male,67,Medio
21.0,80.0,Low,High,Yes,7.0,60.0,Medium,Yes,1.0,Medium,Medium,Public,Positive,2.0,No,High School,Near,Male,67,Medio
14.0,97.0,Low,Medium,Yes,5.0,88.0,Medium,Yes,2.0,High,Medium,Public,Positive,3.0,No,High School,Near,Male,71,Alto
20.0,93.0,High,Medium,No,7.0,60.0,High,Yes,0.0,Low,Medium,Public,Neutral,3.0,No,High School,Near,Male,69,Medio
25.0,73.0,Medium,Medium,Yes,7.0,56.0,Medium,Yes,2.0,High,Medium,Public,Neutral,4.0,No,High School,Near,Female,93,Alto
19.0,99.0,High,Medium,Yes,6.0,100.0,Medium,Yes,1.0,Low,Medium,Private,Positive,1.0,No,High School,Near,Male,72,Alto
27.0,88.0,Medium,High,No,7.0,72.0,Medium,Yes,1.0,Low,Medium,Public,Positive,1.0,No,High School,Near,Female,71,Alto
26.0,62.0,Medium,Medium,No,6.0,59.0,Medium,Yes,1.0,Medium,Medium,Public,Neutral,3.0,No,High School,Near,Male,63,Bajo
26.0,61.0,High,Low,Yes,7.0,95.0,Low,No,0.0,Medium,Medium,Public,Neutral,3.0,No,High School,Near,Male,65,Bajo
17.0,67.0,Low,Medium,Yes,6.0,62.0,Medium,Yes,0.0,Medium,Medium,Public,Neutral,3.0,No,High School,Near,Female,61,Bajo
14.0,89.0,Medium,Low,No,9.0,96.0,Low,Yes,2.0,Low,Medium,Private,Neutral,3.0,No,High School,Near,Female,66,Bajo
16.0,67.0,Medium,Medium,Yes,5.0,56.0,Low,Yes,1.0,Low,Medium,Public,Negative,2.0,No,High School,Near,Female,61,Bajo
21.0,80.0,Medium,Medium,No,7.0,92.0,Low,Yes,1.0,Medium,Medium,Public,Positive,3.0,No,High School,Near,Male,67,Medio
23.0,64.0,Medium,Low,Yes,5.0,59.0,Medium,Yes,3.0,Low,Medium,Public,Positive,5.0,No,High School,Near,Female,64,Bajo
7.0,97.0,Low,High,No,6.0,97.0,Medium,Yes,3.0,Medium,Medium,Private,Positive,2.0,No,High School,Near,Female,69,Medio
20.0,74.0,Low,Medium,No,6.0,79.0,Medium,Yes,1.0,High,Medium,Public,Neutral,2.0,Yes,High School,Near,Male,64,Bajo
21.0,96.0,Medium,Medium,Yes,7.0,59.0,Low,Yes,2.0,High,Medium,Public,Negative,2.0,No,High School,Near,Male,70,Alto
18.0,98.0,High,Medium,Yes,7.0,92.0,Medium,Yes,2.0,Low,Medium,Private,Neutral,4.0,No,High School,Near,Male,73,Alto
28.0,60.0,Low,Medium,Yes,5.0,70.0,Low,Yes,0.0,Low,Medium,Private,Neutral,5.0,No,High School,Near,Male,63,Bajo
23.0,79.0,Medium,Medium,Yes,6.0,87.0,Medium,No,2.0,Low,Medium,Public,Neutral,4.0,No,High School,Near,Male,68,Medio
28.0,61.0,Low,Low,Yes,6.0,82.0,Low,Yes,0.0,Medium,Medium,Public,Positive,3.0,No,High School,Near,Female,64,Bajo
19.0,96.0,Medium,Low,Yes,5.0,86.0,Medium,No,3.0,Medium,Medium,Public,Positive,3.0,No,High School,Near,Male,69,Medio
26.0,81.0,Medium,Medium,Yes,9.0,67.0,Medium,Yes,3.0,Low,Medium,Public,Neutral,2.0,No,High School,Near,Female,69,Medio
30.0,63.0,High,Low,No,5.0,97.0,High,Yes,2.0,Low,Medium,Public,Positive,2.0,Yes,High School,Near,Female,67,Medio
28.0,64.0,High,Low,Yes,7.0,78.0,Medium,Yes,3.0,Medium,Medium,Private,Positive,4.0,No,High School,Near,Male,69,Medio
13.0,75.0,Medium,High,No,10.0,54.0,Medium,Yes,1.0,Low,Medium,Private,Negative,3.0,Yes,High School,Near,Male,62,Bajo
18.0,98.0,Low,Medium,No,9.0,53.0,Medium,Yes,0.0,High,Medium,Public,Neutral,1.0,No,High School,Near,Male,66,Bajo
18.0,88.0,Low,Medium,No,8.0,87.0,Medium,Yes,2.0,Medium,Medium,Public,Neutral,2.0,No,High School,Near,Female,68,Medio
23.0,95.0,High,Low,No,7.0,92.0,High,Yes,1.0,Low,Medium,Public,Positive,1.0,No,High School,Near,Female,71,Alto
24.0,75.0,Medium,Low,No,8.0,85.0,Medium,Yes,1.0,Low,Medium,Public,Positive,2.0,Yes,High School,Near,Male,66,Bajo
15.0,62.0,Low,High,No,8.0,64.0,High,Yes,2.0,Low,Medium,Public,Neutral,4.0,No,High School,Near,Female,62,Bajo
20.0,99.0,Low,Low,Yes,9.0,61.0,Low,Yes,1.0,High,Medium,Private,Neutral,4.0,No,High School,Near,Male,68,Medio
8.0,61.0,Medium,Low,Yes,7.0,78.0,Medium,Yes,0.0,Medium,Medium,Private,Positive,3.0,No,High School,Near,Female,59,Bajo
29.0,98.0,Medium,Medium,Yes,9.0,60.0,Low,Yes,0.0,Low,Medium,Private,Negative,4.0,No,High School,Near,Female,70,Alto
17.0,75.0,High,Low,Yes,7.0,69.0,Medium,Yes,1.0,High,Medium,Public,Positive,4.0,No,High School,Near,Male,66,Bajo
20.0,60.0,Medium,Medium,Yes,10.0,81.0,Medium,Yes,3.0,Low,Medium,Public,Positive,3.0,No,High School,Near,Male,65,Bajo
18.0,88.0,Medium,Medium,No,7.0,64.0,Low,Yes,0.0,Medium,Medium,Public,Positive,4.0,No,High School,Near,Male,66,Bajo
27.0,99.0,Medium,Medium,Yes,5.0,69.0,Medium,Yes,2.0,Medium,Medium,Public,Positive,2.0,No,High School,Near,Male,73,Alto
3.0,99.0,Medium,Low,Yes,7.0,68.0,Medium,Yes,2.0,High,Medium,Private,Neutral,3.0,No,High School,Near,Female,65,Bajo
20.0,66.0,Medium,High,Yes,8.0,73.0,Medium,Yes,0.0,High,Medium,Public,Positive,3.0,No,High School,Near,Male,65,Bajo
19.0,67.0,High,Medium,No,9.0,84.0,Low,Yes,0.0,Medium,Medium,Public,Positive,3.0,No,High School,Near,Female,64,Bajo
17.0,83.0,Medium,Medium,Yes,6.0,89.0,High,Yes,0.0,Low,Medium,Public,Positive,4.0,No,High School,Near,Male,69,Medio
30.0,85.0,Medium,Medium,No,4.0,83.0,Low,Yes,2.0,High,Medium,Public,Positive,3.0,No,High School,Near,Female,74,Alto
15.0,90.0,High,High,Yes,8.0,51.0,High,Yes,2.0,High,Medium,Public,Negative,2.0,No,High School,Near,Female,68,Medio
25.0,67.0,Low,Medium,No,8.0,95.0,Medium,Yes,0.0,Medium,Medium,Public,Neutral,4.0,No,High School,Near,Female,65,Bajo
22.0,98.0,Medium,High,Yes,5.0,79.0,Medium,No,2.0,High,Medium,Public,Neutral,5.0,No,High School,Near,Male,72,Alto
28.0,86.0,Medium,Medium,Yes,7.0,96.0,Medium,Yes,2.0,Medium,Medium,Public,Neutral,4.0,No,High School,Near,Male,71,Alto
16.0,94.0,High,Medium,No,7.0,98.0,Medium,Yes,0.0,Low,Medium,Public,Neutral,4.0,No,High School,Near,Female,69,Medio
16.0,82.0,Low,High,Yes,8.0,73.0,Low,Yes,3.0,Low,Medium,Public,Positive,1.0,No,High School,Near,Male,67,Medio
27.0,77.0,Medium,High,Yes,6.0,96.0,Low,Yes,0.0,Medium,Medium,Public,Positive,3.0,No,High School,Near,Male,71,Alto
23.0,99.0,Low,Low,Yes,6.0,68.0,High,Yes,1.0,Medium,Medium,Public,Neutral,3.0,Yes,High School,Near,Male,68,Medio
11.0,83.0,Low,Medium,No,7.0,63.0,High,Yes,3.0,High,Medium,Public,Negative,2.0,No,High School,Near,Female,63,Bajo
17.0,95.0,High,Medium,No,5.0,54.0,Low,Yes,2.0,High,Medium,Public,Neutral,2.0,No,High School,Near,Female,69,Medio
22.0,98.0,Medium,Low,No,10.0,73.0,Medium,Yes,1.0,Low,Medium,Public,Negative,4.0,Yes,High School,Near,Female,68,Medio
25.0,87.0,High,High,Yes,8.0,84.0,Low,Yes,2.0,High,Medium,Public,Positive,4.0,No,High School,Near,Male,73,Alto
16.0,82.0,Medium,Medium,Yes,6.0,99.0,Medium,Yes,3.0,High,Medium,Public,Positive,2.0,No,High School,Near,Male,69,Medio
3.0,60.0,Medium,Medium,Yes,5.0,76.0,Medium,Yes,0.0,Medium,Medium,Private,Neutral,4.0,No,High School,Near,Female,58,Bajo
23.0,62.0,High,Low,No,5.0,87.0,Medium,Yes,1.0,High,Medium,Private,Positive,3.0,No,High School,Near,Male,65,Bajo
13.0,68.0,Medium,Medium,Yes,8.0,95.0,Medium,Yes,2.0,Low,Medium,Private,Positive,4.0,No,High School,Near,Male,63,Bajo
8.0,67.0,Low,Low,No,5.0,77.0,Low,Yes,1.0,Medium,Medium,Public,Positive,2.0,No,High School,Near,Male,59,Bajo
3.0,70.0,Medium,Medium,Yes,7.0,58.0,Medium,Yes,0.0,Medium,Medium,Private,Neutral,2.0,No,High School,Near,Male,58,Bajo
25.0,72.0,Medium,Medium,Yes,4.0,92.0,High,Yes,1.0,Low,Medium,Private,Negative,2.0,Yes,High School,Near,Male,66,Bajo
21.0,74.0,Medium,High,Yes,8.0,79.0,Medium,Yes,0.0,Low,Medium,Private,Positive,4.0,No,High School,Near,Male,67,Medio
19.0,77.0,High,Medium,Yes,8.0,88.0,Medium,No,3.0,Low,Medium,Public,Positive,3.0,No,High School,Near,Male,67,Medio
28.0,64.0,High,Medium,No,7.0,83.0,Low,Yes,2.0,High,Medium,Private,Neutral,4.0,No,High School,Near,Male,67,Medio
24.0,62.0,High,Low,Yes,7.0,53.0,Medium,Yes,0.0,Medium,Medium,Public,Positive,6.0,No,High School,Near,Female,65,Bajo
30.0,87.0,High,Medium,Yes,8.0,58.0,High,Yes,1.0,Low,Medium,Public,Negative,1.0,No,High School,Near,Male,71,Alto
12.0,81.0,Medium,Medium,Yes,7.0,64.0,High,Yes,2.0,High,Medium,Public,Neutral,3.0,No,High School,Near,Male,66,Bajo
20.0,78.0,Medium,High,Yes,8.0,64.0,Medium,Yes,2.0,High,Medium,Private,Positive,2.0,No,High School,Near,Female,68,Medio
10.0,85.0,Medium,High,Yes,5.0,92.0,Medium,Yes,0.0,Low,Medium,Private,Positive,4.0,Yes,High School,Near,Female,65,Bajo
19.0,93.0,High,High,No,8.0,80.0,Medium,Yes,1.0,Medium,Medium,Private,Neutral,3.0,No,High School,Near,Male,71,Alto
19.0,77.0,Medium,Low,Yes,7.0,54.0,Low,Yes,2.0,Low,Medium,Private,Positive,4.0,No,High School,Near,Female,64,Bajo
24.0,86.0,Medium,High,Yes,9.0,69.0,High,Yes,1.0,Medium,Medium,Public,Neutral,3.0,No,High School,Near,Male,72,Alto
20.0,98.0,Low,Low,No,7.0,78.0,Low,Yes,4.0,High,Medium,Public,Neutral,2.0,No,High School,Near,Male,69,Medio
24.0,94.0,Medium,Medium,No,7.0,63.0,Medium,Yes,1.0,Low,Medium,Public,Neutral,3.0,No,High School,Near,Male,70,Alto
24.0,77.0,Medium,Medium,Yes,6.0,52.0,Medium,Yes,0.0,Medium,Medium,Private,Negative,4.0,No,High School,Near,Male,66,Bajo
33.0,86.0,Medium,Medium,No,9.0,69.0,Medium,No,0.0,Medium,Medium,Public,Neutral,3.0,No,High School,Near,Female,70,Alto
18.0,67.0,High,Low,No,4.0,73.0,Low,Yes,0.0,Medium,Medium,Private,Neutral,2.0,No,High School,Near,Male,62,Bajo
14.0,82.0,Low,Medium,Yes,8.0,95.0,Medium,Yes,1.0,Low,Medium,Private,Neutral,3.0,No,High School,Near,Male,66,Bajo
21.0,99.0,High,Low,No,7.0,95.0,Low,Yes,2.0,Low,Medium,Public,Negative,1.0,No,High School,Near,Female,70,Alto
15.0,81.0,Low,Low,Yes,7.0,75.0,Low,Yes,1.0,Medium,Medium,Public,Negative,1.0,No,High School,Near,Male,63,Bajo
29.0,97.0,High,Medium,Yes,7.0,74.0,Medium,Yes,1.0,Medium,Medium,Public,Positive,4.0,Yes,High School,Near,Female,73,Alto
18.0,76.0,Medium,High,Yes,7.0,82.0,High,Yes,2.0,Medium,Medium,Public,Neutral,4.0,No,High School,Near,Female,70,Alto
17.0,100.0,High,High,No,8.0,63.0,Low,Yes,1.0,Low,Medium,Private,Positive,5.0,No,High School,Near,Male,71,Alto
17.0,83.0,Low,Medium,No,6.0,64.0,Medium,Yes,1.0,Medium,Medium,Private,Positive,4.0,No,High School,Near,Female,65,Bajo
24.0,62.0,Medium,Low,Yes,7.0,50.0,Medium,Yes,1.0,High,Medium,Private,Negative,2.0,No,High School,Near,Male,64,Bajo
19.0,83.0,High,Low,Yes,8.0,54.0,Medium,Yes,1.0,Low,Medium,Private,Positive,4.0,No,High School,Near,Male,66,Bajo
16.0,71.0,Low,Low,Yes,6.0,59.0,High,Yes,1.0,Low,Medium,Public,Positive,3.0,No,High School,Near,Male,82,Alto
30.0,61.0,Low,High,Yes,8.0,82.0,Low,Yes,2.0,Low,Medium,Public,Neutral,3.0,No,High School,Near,Female,68,Medio
15.0,93.0,Medium,Medium,No,8.0,61.0,High,Yes,1.0,Medium,Medium,Public,Neutral,4.0,No,High School,Near,Female,67,Medio
20.0,71.0,Low,High,Yes,6.0,56.0,High,Yes,5.0,Medium,Medium,Private,Positive,5.0,No,High School,Near,Male,68,Medio
24.0,92.0,Low,High,Yes,5.0,81.0,Medium,Yes,2.0,Low,Medium,Private,Negative,3.0,Yes,High School,Near,Male,69,Medio
10.0,72.0,Medium,Medium,Yes,6.0,83.0,Medium,Yes,0.0,Medium,Medium,Public,Positive,4.0,No,High School,Near,Male,63,Bajo
23.0,68.0,Medium,High,No,7.0,53.0,High,Yes,3.0,High,Medium,Public,Neutral,3.0,No,High School,Near,Female,66,Bajo
14.0,99.0,Medium,Medium,No,7.0,89.0,High,No,0.0,Medium,Medium,Private,Positive,2.0,No,High School,Near,Female,68,Medio
25.0,74.0,High,Medium,Yes,9.0,80.0,Medium,Yes,4.0,Medium,Medium,Public,Positive,3.0,No,High School,Near,Female,71,Alto
14.0,84.0,Medium,High,Yes,6.0,70.0,High,Yes,2.0,High,Medium,Public,Positive,3.0,No,High School,Near,Female,69,Medio
24.0,84.0,Low,Medium,Yes,6.0,99.0,Medium,Yes,1.0,Medium,Medium,Public,Positive,2.0,No,High School,Near,Female,70,Alto
27.0,82.0,Medium,Medium,No,8.0,51.0,High,Yes,3.0,High,Medium,Public,Neutral,2.0,No,High School,Near,Male,70,Alto
25.0,97.0,Medium,Medium,Yes,6.0,77.0,Low,Yes,1.0,Low,Medium,Private,Positive,4.0,No,High School,Near,Male,73,Alto
22.0,87.0,Medium,High,Yes,6.0,58.0,Medium,Yes,0.0,Low,Medium,Private,Neutral,4.0,No,High School,Near,Female,68,Medio
19.0,76.0,Medium,Low,Yes,6.0,66.0,Medium,Yes,1.0,High,Medium,Public,Positive,3.0,No,High School,Near,Male,65,Bajo
17.0,94.0,High,High,Yes,4.0,57.0,Medium,Yes,4.0,Medium,Medium,Public,Neutral,4.0,No,High School,Near,Male,72,Alto
29.0,67.0,High,Low,Yes,8.0,83.0,Medium,Yes,2.0,Low,Medium,Private,Positive,4.0,Yes,High School,Near,Female,67,Medio
16.0,82.0,Low,Medium,Yes,8.0,70.0,High,Yes,4.0,Low,Medium,Public,Neutral,4.0,No,High School,Near,Female,68,Medio
14.0,98.0,Medium,Medium,Yes,8.0,99.0,Low,Yes,0.0,High,Medium,Public,Neutral,3.0,No,High School,Near,Male,69,Medio
24.0,85.0,Medium,Medium,Yes,10.0,83.0,Low,Yes,1.0,Medium,Medium,Public,Positive,4.0,No,High School,Near,Female,70,Alto
15.0,93.0,High,Medium,Yes,9.0,96.0,Medium,Yes,1.0,Medium,Medium,Public,Negative,2.0,No,High School,Near,Female,69,Medio
14.0,86.0,High,High,Yes,6.0,62.0,Medium,Yes,1.0,Medium,Medium,Private,Positive,2.0,No,High School,Near,Male,68,Medio
11.0,94.0,Medium,Medium,No,9.0,66.0,Medium,No,2.0,Low,Medium,Private,Positive,2.0,No,High School,Near,Male,65,Bajo
17.0,98.0,Medium,High,Yes,7.0,68.0,Medium,Yes,1.0,Low,Medium,Public,Positive,4.0,No,High School,Near,Male,70,Alto
20.0,71.0,Medium,Low,Yes,6.0,92.0,High,Yes,1.0,Low,Medium,Private,Negative,4.0,No,High School,Near,Male,65,Bajo
21.0,67.0,Medium,Low,No,6.0,61.0,Medium,Yes,0.0,Low,Medium,Private,Positive,3.0,No,High School,Near,Female,61,Bajo
26.0,79.0,Medium,Low,No,7.0,97.0,Medium,Yes,1.0,High,Medium,Private,Positive,2.0,No,High School,Near,Male,69,Medio
23.0,88.0,Medium,Low,Yes,7.0,52.0,Medium,Yes,0.0,Medium,Medium,Public,Neutral,4.0,No,High School,Near,Male,67,Medio
19.0,69.0,Medium,Medium,Yes,9.0,94.0,Medium,Yes,1.0,Low,Medium,Public,Positive,3.0,No,High School,Near,Male,65,Bajo
19.0,60.0,Medium,Medium,No,8.0,73.0,High,Yes,3.0,Medium,Medium,Private,Neutral,3.0,No,High School,Near,Male,63,Bajo
23.0,74.0,Medium,High,Yes,6.0,76.0,Medium,Yes,0.0,Medium,Medium,Private,Negative,4.0,No,High School,Near,Male,67,Medio
28.0,99.0,High,Low,No,5.0,100.0,Medium,Yes,6.0,Medium,Medium,Private,Neutral,5.0,No,High School,Near,Female,76,Alto
21.0,88.0,Medium,Medium,No,8.0,94.0,Medium,Yes,0.0,Medium,Medium,Public,Neutral,3.0,No,High School,Near,Male,70,Alto
17.0,76.0,Medium,High,Yes,8.0,95.0,Low,Yes,1.0,Low,Medium,Private,Neutral,4.0,No,High School,Near,Female,67,Medio
14.0,68.0,High,High,Yes,9.0,79.0,Low,Yes,2.0,Low,Medium,Private,Positive,4.0,No,High School,Near,Female,66,Bajo
11.0,74.0,Medium,High,Yes,7.0,98.0,Low,Yes,1.0,Low,Medium,Public,Positive,2.0,No,High School,Near,Male,65,Bajo
24.0,67.0,Low,High,No,8.0,84.0,High,Yes,0.0,Low,Medium,Public,Neutral,1.0,No,High School,Near,Female,65,Bajo
23.0,64.0,Low,Medium,No,8.0,91.0,Medium,Yes,2.0,Low,Medium,Public,Negative,3.0,No,High School,Near,Female,63,Bajo
23.0,96.0,Medium,High,Yes,5.0,86.0,Medium,Yes,3.0,Medium,Medium,Public,Neutral,3.0,Yes,High School,Near,Male,74,Alto
19.0,100.0,Low,High,Yes,7.0,89.0,High,Yes,2.0,High,Medium,Private,Neutral,3.0,No,High School,Near,Male,72,Alto
28.0,67.0,High,High,No,8.0,82.0,Low,Yes,1.0,High,Medium,Public,Neutral,4.0,No,High School,Near,Female,68,Medio
17.0,62.0,Medium,Low,No,8.0,86.0,High,Yes,2.0,Medium,Medium,Public,Neutral,4.0,No,High School,Near,Female,62,Bajo
26.0,73.0,Low,High,No,7.0,72.0,Medium,Yes,1.0,Low,Medium,Private,Neutral,3.0,No,High School,Near,Male,65,Bajo
20.0,78.0,High,Medium,Yes,10.0,85.0,Medium,Yes,1.0,High,Medium,Private,Negative,3.0,No,High School,Near,Male,69,Medio
16.0,68.0,Medium,Low,Yes,10.0,64.0,Medium,Yes,2.0,High,Medium,Public,Negative,2.0,No,High School,Near,Male,61,Bajo
24.0,72.0,Medium,Medium,Yes,7.0,82.0,High,Yes,2.0,Medium,Medium,Private,Positive,4.0,No,High School,Near,Male,67,Medio
22.0,68.0,Medium,High,No,7.0,76.0,Medium,Yes,1.0,Medium,Medium,Public,Positive,4.0,No,High School,Near,Male,66,Bajo
22.0,91.0,Low,Medium,Yes,8.0,95.0,Medium,Yes,1.0,Low,Medium,Private,Neutral,2.0,No,High School,Near,Male,70,Alto
20.0,89.0,Medium,High,No,7.0,84.0,Low,Yes,5.0,High,Medium,Public,Neutral,3.0,No,High School,Near,Male,72,Alto
20.0,85.0,High,Low,Yes,9.0,80.0,Medium,Yes,3.0,Low,Medium,Private,Neutral,3.0,No,High School,Near,Male,69,Medio
34.0,75.0,Low,Medium,Yes,5.0,66.0,Medium,Yes,0.0,Low,Medium,Private,Positive,3.0,No,High School,Near,Male,68,Medio
27.0,96.0,Medium,Medium,No,7.0,93.0,Medium,Yes,2.0,Medium,Medium,Public,Neutral,2.0,No,High School,Near,Male,74,Alto
24.0,99.0,High,Medium,No,8.0,53.0,High,Yes,1.0,Low,Medium,Private,Neutral,3.0,Yes,High School,Near,Male,70,Alto
21.0,67.0,Medium,Medium,Yes,9.0,95.0,High,Yes,1.0,Medium,Medium,Private,Positive,4.0,No,High School,Near,Male,67,Medio
26.0,69.0,Medium,Medium,Yes,5.0,83.0,Medium,Yes,4.0,Medium,Medium,Private,Neutral,2.0,No,High School,Near,Female,68,Medio
23.0,81.0,High,Low,No,6.0,59.0,Medium,Yes,2.0,High,Medium,Private,Neutral,1.0,No,High School,Near,Female,69,Medio
20.0,64.0,High,Low,No,4.0,95.0,Medium,Yes,4.0,Medium,Medium,Public,Neutral,4.0,No,High School,Near,Male,66,Bajo
18.0,77.0,Medium,Low,No,6.0,66.0,High,Yes,3.0,Medium,Medium,Public,Positive,3.0,No,High School,Near,Male,66,Bajo
20.0,83.0,High,High,Yes,5.0,58.0,Medium,Yes,1.0,Medium,Medium,Public,Neutral,3.0,No,High School,Near,Male,68,Medio
1.0,81.0,Medium,Medium,Yes,8.0,66.0,Medium,Yes,1.0,Low,Medium,Public,Negative,2.0,No,High School,Near,Male,60,Bajo
21.0,73.0,High,Medium,No,7.0,98.0,High,Yes,0.0,High,Medium,Public,Positive,4.0,Yes,High School,Near,Male,69,Medio
17.0,82.0,High,Medium,No,7.0,88.0,Medium,Yes,1.0,Medium,Medium,Public,Negative,1.0,Yes,High School,Near,Male,66,Bajo
30.0,98.0,Medium,High,Yes,7.0,96.0,Medium,Yes,1.0,Medium,Medium,Private,Neutral,3.0,No,High School,Near,Female,77,Alto
20.0,68.0,Medium,Low,No,9.0,65.0,Low,Yes,1.0,High,Medium,Public,Negative,5.0,No,High School,Near,Male,63,Bajo
13.0,86.0,Medium,Low,Yes,5.0,54.0,Medium,Yes,3.0,High,Medium,Public,Neutral,3.0,Yes,High School,Near,Male,66,Bajo
20.0,62.0,High,Medium,Yes,4.0,78.0,Medium,No,1.0,High,Medium,Private,Positive,4.0,No,High School,Near,Female,64,Bajo
14.0,63.0,High,High,No,8.0,74.0,Medium,Yes,1.0,Low,Medium,Private,Neutral,4.0,No,High School,Near,Female,63,Bajo
23.0,82.0,Low,Medium,Yes,6.0,86.0,Medium,Yes,0.0,High,Medium,Public,Neutral,4.0,No,High School,Near,Male,68,Medio
22.0,64.0,High,Medium,No,5.0,77.0,Medium,Yes,1.0,High,Medium,Private,Negative,2.0,No,High School,Near,Male,65,Bajo
26.0,61.0,High,Medium,Yes,8.0,70.0,Low,Yes,1.0,Medium,Medium,Private,Neutral,4.0,Yes,High School,Near,Male,65,Bajo
15.0,67.0,High,High,Yes,4.0,50.0,Low,Yes,0.0,Medium,Medium,Public,Positive,1.0,No,High School,Near,Male,64,Bajo
20.0,83.0,High,Medium,Yes,6.0,73.0,Medium,Yes,0.0,High,Medium,Public,Positive,3.0,No,High School,Near,Male,68,Medio
12.0,88.0,Low,Medium,Yes,4.0,56.0,Medium,Yes,0.0,Low,Medium,Private,Neutral,2.0,No,High School,Near,Male,62,Bajo
24.0,68.0,Medium,Medium,Yes,7.0,96.0,Medium,Yes,1.0,Low,Medium,Public,Positive,3.0,No,High School,Near,Male,67,Medio
23.0,87.0,High,High,Yes,9.0,96.0,High,Yes,1.0,Medium,Medium,Private,Positive,1.0,No,High School,Near,Female,73,Alto
23.0,67.0,High,High,Yes,6.0,90.0,Medium,Yes,2.0,High,Medium,Private,Positive,3.0,No,High School,Near,Female,69,Medio
20.0,85.0,Medium,Medium,No,6.0,58.0,Low,Yes,0.0,Low,Medium,Private,Negative,2.0,No,High School,Near,Male,65,Bajo
22.0,76.0,Medium,Medium,Yes,10.0,57.0,Medium,Yes,1.0,Medium,Medium,Private,Neutral,3.0,No,High School,Near,Male,66,Bajo
30.0,86.0,High,Medium,No,8.0,78.0,Medium,Yes,4.0,Medium,Medium,Public,Positive,2.0,No,High School,Near,Male,73,Alto
18.0,100.0,High,Medium,Yes,10.0,86.0,Medium,Yes,1.0,Medium,Medium,Public,Neutral,3.0,No,High School,Near,Male,72,Alto
21.0,98.0,Medium,Medium,Yes,7.0,95.0,Low,Yes,3.0,High,Medium,Public,Neutral,1.0,No,High School,Near,Male,72,Alto
13.0,60.0,Low,High,Yes,7.0,95.0,Medium,Yes,1.0,Low,Medium,Private,Positive,1.0,No,High School,Near,Female,61,Bajo
15.0,95.0,High,Medium,Yes,9.0,58.0,Low,Yes,2.0,Low,Medium,Private,Neutral,3.0,No,High School,Near,Female,69,Medio
21.0,63.0,High,Medium,No,7.0,100.0,Medium,Yes,1.0,High,Medium,Private,Neutral,2.0,No,High School,Near,Female,66,Bajo
27.0,98.0,High,High,No,7.0,58.0,Medium,Yes,1.0,High,Medium,Public,Positive,3.0,No,High School,Near,Female,74,Alto
18.0,71.0,High,Low,Yes,4.0,92.0,Medium,Yes,1.0,Low,Medium,Public,Negative,4.0,Yes,High School,Near,Female,64,Bajo
19.0,75.0,Medium,High,Yes,10.0,79.0,Medium,Yes,1.0,Medium,Medium,Public,Neutral,2.0,No,High School,Near,Female,66,Bajo
18.0,64.0,High,Medium,Yes,8.0,84.0,Medium,No,2.0,Medium,Medium,Public,Neutral,3.0,No,High School,Near,Female,64,Bajo
17.0,64.0,High,High,No,7.0,80.0,Low,Yes,3.0,Medium,Medium,Private,Positive,4.0,No,High School,Near,Male,66,Bajo
22.0,89.0,Medium,High,No,8.0,93.0,Medium,Yes,2.0,High,Medium,Private,Neutral,5.0,No,High School,Near,Male,72,Alto
11.0,98.0,High,High,Yes,5.0,82.0,High,Yes,1.0,Medium,Medium,Private,Neutral,2.0,No,High School,Near,Male,71,Alto
28.0,84.0,High,Medium,Yes,6.0,92.0,Medium,Yes,1.0,Medium,Medium,Public,Negative,3.0,Yes,High School,Near,Female,70,Alto
16.0,89.0,High,Medium,Yes,8.0,58.0,Low,Yes,2.0,Low,Medium,Public,Neutral,3.0,No,High School,Near,Male,67,Medio
24.0,90.0,Medium,High,No,7.0,93.0,Low,Yes,1.0,Low,Medium,Public,Neutral,2.0,Yes,High School,Near,Male,71,Alto
12.0,71.0,Medium,Low,No,8.0,100.0,Medium,Yes,2.0,High,Medium,Public,Neutral,3.0,Yes,High School,Near,Male,63,Bajo
24.0,62.0,Medium,High,No,7.0,83.0,Low,Yes,1.0,Medium,Medium,Public,Neutral,2.0,No,High School,Near,Female,64,Bajo
24.0,60.0,Medium,Medium,Yes,8.0,99.0,Medium,Yes,2.0,Low,Medium,Public,Neutral,1.0,No,High School,Near,Male,64,Bajo
22.0,74.0,Medium,Low,No,5.0,61.0,Medium,Yes,1.0,Low,Medium,Public,Positive,3.0,No,High School,Near,Female,65,Bajo
14.0,70.0,Medium,Medium,Yes,9.0,91.0,High,Yes,2.0,Medium,Medium,Public,Neutral,4.0,No,High School,Near,Female,65,Bajo
21.0,62.0,Medium,Low,No,6.0,58.0,Medium,Yes,2.0,Low,Medium,Private,Neutral,3.0,No,High School,Near,Female,62,Bajo
13.0,67.0,High,High,Yes,7.0,76.0,Medium,Yes,2.0,Low,Medium,Private,Neutral,5.0,No,High School,Near,Male,65,Bajo
18.0,65.0,Medium,High,No,6.0,83.0,Low,Yes,1.0,Medium,Medium,Private,Neutral,2.0,No,High School,Near,Male,64,Bajo
26.0,97.0,Medium,Medium,Yes,7.0,83.0,Low,Yes,2.0,Low,Medium,Public,Positive,3.0,No,High School,Near,Male,74,Alto
25.0,66.0,Medium,High,Yes,7.0,84.0,Low,Yes,2.0,High,Medium,Public,Positive,1.0,No,High School,Near,Male,67,Medio
20.0,82.0,Low,Medium,No,8.0,66.0,Low,Yes,0.0,High,Medium,Public,Positive,2.0,No,High School,Near,Male,66,Bajo
14.0,84.0,High,High,No,8.0,99.0,Medium,No,3.0,Medium,Medium,Public,Neutral,4.0,No,High School,Near,Female,70,Alto
24.0,82.0,Medium,High,No,8.0,50.0,Medium,Yes,0.0,Medium,Medium,Public,Positive,2.0,No,High School,Near,Male,68,Medio
20.0,64.0,Medium,Medium,No,6.0,81.0,Medium,Yes,0.0,High,Medium,Public,Positive,1.0,No,High School,Near,Female,64,Bajo
6.0,73.0,Medium,Medium,No,8.0,93.0,Low,Yes,0.0,Low,Medium,Private,Neutral,1.0,Yes,High School,Near,Female,58,Bajo
25.0,62.0,Medium,Medium,Yes,7.0,95.0,Low,Yes,1.0,High,Medium,Public,Neutral,4.0,Yes,High School,Near,Male,65,Bajo
20.0,76.0,Medium,High,Yes,7.0,86.0,Medium,Yes,2.0,Medium,Medium,Public,Negative,5.0,No,High School,Near,Female,68,Medio
27.0,68.0,Low,Medium,No,8.0,79.0,Medium,Yes,2.0,Low,Medium,Private,Negative,1.0,Yes,High School,Near,Female,64,Bajo
13.0,82.0,Medium,High,No,5.0,73.0,Low,Yes,4.0,Low,Medium,Public,Negative,4.0,No,High School,Near,Male,66,Bajo
1.0,88.0,Medium,High,Yes,4.0,72.0,High,Yes,3.0,Medium,Medium,Private,Negative,2.0,No,High School,Near,Male,92,Alto
22.0,81.0,High,Medium,Yes,9.0,71.0,Medium,Yes,2.0,High,Medium,Public,Negative,4.0,No,High School,Near,Male,69,Medio
22.0,77.0,Medium,High,No,7.0,85.0,Low,Yes,2.0,Low,Medium,Public,Neutral,2.0,No,High School,Near,Male,68,Medio
10.0,75.0,Medium,Medium,No,8.0,87.0,Low,Yes,2.0,Medium,Medium,Public,Positive,4.0,Yes,High School,Near,Female,63,Bajo
14.0,94.0,Low,Medium,Yes,6.0,76.0,Medium,No,0.0,Low,Medium,Public,Neutral,3.0,No,High School,Near,Male,64,Bajo
37.0,69.0,Medium,High,Yes,9.0,87.0,Medium,No,1.0,Low,Medium,Public,Negative,2.0,No,High School,Near,Female,68,Medio
18.0,89.0,Medium,Low,No,8.0,76.0,High,Yes,0.0,Low,Medium,Public,Positive,2.0,No,High School,Near,Male,67,Medio
24.0,90.0,Low,Medium,Yes,7.0,55.0,Medium,Yes,1.0,High,Medium,Public,Negative,2.0,No,High School,Near,Male,68,Medio
16.0,77.0,Medium,Medium,Yes,7.0,93.0,Medium,Yes,1.0,Low,Medium,Public,Positive,2.0,No,High School,Near,Male,66,Bajo
7.0,72.0,Medium,Medium,Yes,4.0,94.0,Medium,Yes,4.0,Medium,Medium,Private,Positive,4.0,No,High School,Near,Male,66,Bajo
19.0,79.0,Medium,High,Yes,8.0,63.0,Medium,Yes,4.0,Low,Medium,Public,Neutral,2.0,No,High School,Near,Male,68,Medio
18.0,64.0,Medium,High,Yes,9.0,89.0,Low,Yes,1.0,Medium,Medium,Private,Neutral,3.0,No,High School,Near,Male,64,Bajo
18.0,62.0,High,Medium,Yes,7.0,76.0,Medium,Yes,2.0,Medium,Medium,Private,Negative,3.0,Yes,High School,Near,Female,63,Bajo
19.0,64.0,Medium,Medium,Yes,7.0,56.0,Medium,Yes,0.0,Low,Medium,Private,Neutral,4.0,No,High School,Near,Female,62,Bajo
22.0,67.0,Medium,High,No,7.0,70.0,High,Yes,2.0,Low,Medium,Private,Positive,2.0,No,High School,Near,Male,66,Bajo
19.0,80.0,High,Medium,Yes,9.0,54.0,Medium,Yes,0.0,Low,Medium,Public,Negative,2.0,No,High School,Near,Male,65,Bajo
12.0,94.0,Medium,Low,Yes,9.0,89.0,Medium,Yes,1.0,Low,Medium,Private,Negative,3.0,No,High School,Near,Male,66,Bajo
23.0,69.0,Medium,High,Yes,6.0,60.0,Medium,Yes,2.0,Low,Medium,Private,Negative,4.0,No,High School,Near,Male,66,Bajo
8.0,97.0,Medium,High,Yes,8.0,58.0,High,Yes,2.0,High,Medium,Public,Neutral,2.0,No,High School,Near,Female,69,Medio
8.0,98.0,Low,Medium,Yes,7.0,60.0,Medium,Yes,1.0,High,Medium,Private,Negative,3.0,No,High School,Near,Female,67,Medio
24.0,98.0,Medium,High,No,8.0,61.0,Medium,Yes,6.0,Medium,Medium,Private,Positive,3.0,No,High School,Near,Female,75,Alto
23.0,94.0,High,Medium,Yes,6.0,84.0,High,Yes,0.0,Low,Medium,Public,Neutral,3.0,No,High School,Near,Male,73,Alto
20.0,75.0,Medium,Medium,Yes,9.0,82.0,High,Yes,0.0,Low,Medium,Public,Positive,5.0,No,High School,Near,Female,66,Bajo
12.0,63.0,Medium,Medium,No,8.0,56.0,Low,Yes,4.0,Medium,Medium,Public,Positive,4.0,No,High School,Near,Male,61,Bajo
16.0,83.0,Medium,Medium,Yes,9.0,86.0,Medium,Yes,5.0,Low,Medium,Private,Negative,4.0,No,High School,Near,Female,68,Medio
18.0,82.0,Medium,Medium,Yes,5.0,67.0,High,No,1.0,Medium,Medium,Public,Neutral,4.0,No,High School,Near,Male,67,Medio
10.0,94.0,Medium,High,No,5.0,73.0,Medium,Yes,1.0,Medium,Medium,Public,Negative,3.0,No,High School,Near,Male,66,Bajo
16.0,100.0,Medium,High,No,10.0,56.0,Medium,Yes,1.0,High,Medium,Public,Neutral,2.0,No,High School,Near,Female,69,Medio
24.0,80.0,Medium,Medium,No,9.0,85.0,Low,Yes,3.0,Low,Medium,Public,Positive,4.0,No,High School,Near,Male,69,Medio
29.0,74.0,Medium,High,Yes,6.0,69.0,Medium,Yes,1.0,Low,Medium,Private,Negative,1.0,No,High School,Near,Female,67,Medio
17.0,67.0,High,Medium,No,8.0,82.0,Medium,Yes,0.0,Medium,Medium,Public,Positive,4.0,No,High School,Near,Female,65,Bajo
25.0,60.0,Medium,Low,No,6.0,71.0,Low,Yes,2.0,High,Medium,Public,Positive,2.0,No,High School,Near,Male,63,Bajo
9.0,80.0,Medium,Low,Yes,4.0,52.0,Low,Yes,1.0,High,Medium,Public,Positive,2.0,No,High School,Near,Female,63,Bajo
24.0,82.0,Medium,Medium,No,4.0,85.0,Low,No,1.0,Low,Medium,Public,Negative,2.0,No,High School,Near,Male,66,Bajo
15.0,93.0,Medium,Medium,Yes,7.0,78.0,Low,Yes,0.0,Medium,Medium,Public,Negative,4.0,No,High School,Near,Male,66,Bajo
22.0,80.0,Medium,High,Yes,9.0,72.0,Low,Yes,2.0,Medium,Medium,Public,Neutral,4.0,No,High School,Near,Female,69,Medio
19.0,97.0,High,Medium,Yes,9.0,60.0,High,Yes,3.0,Medium,Medium,Public,Negative,4.0,No,High School,Near,Female,72,Alto
28.0,85.0,Medium,Medium,Yes,9.0,81.0,Low,Yes,2.0,Low,Medium,Public,Neutral,3.0,No,High School,Near,Male,70,Alto
15.0,94.0,Medium,High,Yes,8.0,64.0,Medium,Yes,2.0,Low,Medium,Public,Negative,1.0,No,High School,Near,Male,68,Medio
24.0,66.0,High,Medium,Yes,7.0,71.0,Low,Yes,1.0,Low,Medium,Public,Neutral,3.0,No,High School,Near,Male,66,Bajo
18.0,94.0,Low,Medium,Yes,9.0,53.0,Medium,Yes,3.0,Low,Medium,Public,Negative,3.0,No,High School,Near,Female,67,Medio
19.0,87.0,High,Medium,No,4.0,89.0,Medium,Yes,0.0,Low,Medium,Public,Positive,5.0,Yes,High School,Near,Female,68,Medio
19.0,67.0,Medium,Low,Yes,8.0,55.0,Medium,No,0.0,Medium,Medium,Private,Positive,4.0,No,High School,Near,Male,62,Bajo
15.0,68.0,Medium,High,No,5.0,95.0,High,Yes,1.0,Medium,Medium,Private,Positive,2.0,Yes,High School,Near,Female,64,Bajo
20.0,97.0,High,Low,Yes,6.0,93.0,Low,Yes,1.0,High,Medium,Public,Positive,1.0,No,High School,Near,Male,71,Alto
20.0,61.0,High,Medium,No,8.0,99.0,Medium,Yes,0.0,Medium,Medium,Public,Neutral,4.0,No,High School,Near,Male,65,Bajo
21.0,79.0,Medium,Medium,Yes,8.0,95.0,High,Yes,0.0,Medium,Medium,Public,Neutral,2.0,No,High School,Near,Female,69,Medio
21.0,73.0,Medium,Medium,No,6.0,99.0,Medium,No,1.0,Low,Medium,Public,Neutral,5.0,No,High School,Near,Male,65,Bajo
25.0,87.0,Medium,Medium,No,8.0,94.0,High,Yes,0.0,Medium,Medium,Public,Positive,4.0,No,High School,Near,Male,71,Alto
26.0,94.0,Low,Medium,No,8.0,56.0,Low,Yes,1.0,High,Medium,Public,Negative,2.0,No,High School,Near,Female,69,Medio
14.0,74.0,High,Medium,Yes,7.0,72.0,High,No,2.0,Medium,Medium,Private,Negative,3.0,No,High School,Near,Male,65,Bajo
25.0,77.0,Low,Medium,Yes,7.0,54.0,Medium,Yes,2.0,Medium,Medium,Public,Neutral,1.0,No,High School,Near,Male,66,Bajo
13.0,99.0,Medium,Medium,Yes,10.0,77.0,Low,Yes,0.0,Medium,Medium,Private,Negative,3.0,No,High School,Near,Female,68,Medio
24.0,91.0,High,High,Yes,7.0,76.0,Medium,Yes,0.0,Medium,Medium,Private,Positive,2.0,No,High School,Near,Female,72,Alto
24.0,96.0,High,High,Yes,7.0,96.0,Medium,Yes,1.0,Medium,Medium,Public,Negative,3.0,No,High School,Near,Female,74,Alto
9.0,78.0,Medium,Medium,No,7.0,98.0,Low,Yes,3.0,Low,Medium,Public,Positive,2.0,No,High School,Near,Male,64,Bajo
21.0,69.0,High,Low,Yes,7.0,63.0,Medium,Yes,0.0,Medium,Medium,Public,Positive,3.0,No,High School,Near,Male,64,Bajo
17.0,76.0,Medium,Medium,Yes,8.0,79.0,Low,No,1.0,Low,Medium,Public,Neutral,4.0,Yes,High School,Near,Female,63,Bajo
15.0,89.0,High,Low,No,9.0,73.0,High,Yes,2.0,Low,Medium,Private,Neutral,2.0,No,High School,Near,Male,66,Bajo
28.0,64.0,Medium,Medium,Yes,7.0,77.0,Medium,Yes,1.0,High,Medium,Public,Positive,2.0,No,High School,Near,Male,67,Medio
16.0,71.0,High,Low,Yes,6.0,77.0,Low,Yes,4.0,Medium,Medium,Public,Neutral,5.0,Yes,High School,Near,Male,64,Bajo
15.0,62.0,Low,High,No,10.0,96.0,Low,Yes,0.0,Medium,Medium,Private,Positive,4.0,No,High School,Near,Male,62,Bajo
20.0,77.0,Medium,Low,Yes,7.0,95.0,High,Yes,0.0,Medium,Medium,Public,Positive,1.0,No,High School,Near,Male,66,Bajo
24.0,93.0,Medium,High,No,4.0,56.0,Low,Yes,4.0,Low,Medium,Public,Negative,2.0,No,High School,Near,Female,71,Alto
19.0,61.0,High,Low,Yes,10.0,67.0,Low,No,1.0,Medium,Medium,Public,Positive,6.0,No,High School,Near,Female,63,Bajo
27.0,87.0,High,Medium,Yes,9.0,88.0,Medium,Yes,1.0,Low,Medium,Public,Positive,4.0,Yes,High School,Near,Male,72,Alto
23.0,97.0,Medium,High,No,9.0,84.0,Low,Yes,1.0,High,Medium,Public,Positive,3.0,Yes,High School,Near,Female,71,Alto
7.0,69.0,Low,Medium,No,9.0,82.0,Low,Yes,1.0,Medium,Medium,Private,Positive,3.0,No,High School,Near,Female,61,Bajo
17.0,88.0,Medium,High,Yes,10.0,100.0,Medium,Yes,1.0,Low,Medium,Public,Positive,2.0,No,High School,Near,Female,71,Alto
17.0,99.0,Medium,Medium,No,5.0,67.0,Low,Yes,2.0,Medium,Medium,Private,Neutral,4.0,No,High School,Near,Male,69,Medio
23.0,98.0,Medium,High,Yes,6.0,76.0,Low,Yes,3.0,Low,Medium,Public,Positive,3.0,No,High School,Near,Male,74,Alto
4.0,69.0,Medium,High,Yes,6.0,99.0,Medium,Yes,0.0,Medium,Medium,Public,Neutral,2.0,No,High School,Near,Male,61,Bajo
35.0,64.0,Medium,Low,No,6.0,85.0,High,Yes,2.0,Medium,Medium,Private,Neutral,2.0,No,High School,Near,Male,68,Medio
23.0,66.0,Medium,High,Yes,7.0,82.0,High,Yes,1.0,Medium,Medium,Public,Positive,2.0,No,High School,Near,Male,67,Medio
21.0,88.0,High,Low,No,6.0,58.0,Medium,Yes,3.0,High,Medium,Private,Neutral,4.0,No,High School,Near,Male,70,Alto
27.0,89.0,Medium,Medium,No,5.0,62.0,Medium,Yes,0.0,Low,Medium,Public,Neutral,3.0,No,High School,Near,Male,69,Medio
34.0,87.0,Medium,Low,No,6.0,69.0,High,Yes,3.0,Low,Medium,Private,Neutral,2.0,No,High School,Near,Male,72,Alto
25.0,73.0,Medium,Low,Yes,7.0,73.0,Medium,Yes,1.0,Medium,Medium,Public,Positive,2.0,No,High School,Near,Male,66,Bajo
26.0,67.0,Medium,Medium,No,9.0,75.0,Medium,Yes,2.0,Medium,Medium,Public,Positive,3.0,No,High School,Near,Male,67,Medio
21.0,83.0,Medium,Medium,No,6.0,95.0,High,Yes,4.0,High,Medium,Public,Neutral,2.0,No,High School,Near,Female,70,Alto
19.0,79.0,Medium,High,Yes,8.0,55.0,Medium,Yes,3.0,Medium,Medium,Private,Neutral,4.0,Yes,High School,Near,Male,68,Medio
17.0,89.0,Low,Medium,Yes,5.0,62.0,High,Yes,2.0,Medium,Medium,Private,Positive,2.0,No,High School,Near,Female,68,Medio
15.0,78.0,Medium,High,No,4.0,57.0,High,Yes,2.0,Medium,Medium,Public,Negative,2.0,No,High School,Near,Female,65,Bajo
16.0,74.0,Medium,Low,Yes,7.0,87.0,Medium,Yes,0.0,Low,Medium,Public,Positive,3.0,No,High School,Near,Female,63,Bajo
12.0,72.0,Low,Low,Yes,6.0,99.0,High,Yes,0.0,Low,Medium,Public,Positive,4.0,No,High School,Near,Female,62,Bajo
20.0,68.0,Medium,High,Yes,6.0,95.0,Medium,Yes,0.0,Low,Medium,Public,Positive,4.0,No,High School,Near,Female,66,Bajo
10.0,71.0,Medium,High,Yes,6.0,86.0,Medium,Yes,1.0,Medium,Medium,Public,Negative,2.0,Yes,High School,Near,Male,62,Bajo
21.0,64.0,Low,High,Yes,6.0,51.0,Low,Yes,0.0,High,Medium,Public,Negative,3.0,No,High School,Near,Female,61,Bajo
20.0,74.0,Low,Medium,Yes,6.0,67.0,High,Yes,0.0,Medium,Medium,Private,Negative,4.0,Yes,High School,Near,Female,63,Bajo
21.0,61.0,Medium,Medium,Yes,6.0,93.0,Low,Yes,3.0,Medium,Medium,Private,Neutral,3.0,No,High School,Near,Female,65,Bajo
17.0,67.0,High,Low,No,5.0,83.0,High,Yes,3.0,Low,Medium,Public,Positive,3.0,No,High School,Near,Male,64,Bajo
38.0,90.0,High,Medium,Yes,4.0,60.0,Low,Yes,2.0,Low,Medium,Public,Neutral,4.0,No,High School,Near,Male,74,Alto
28.0,73.0,Low,Medium,Yes,4.0,73.0,Medium,Yes,2.0,High,Medium,Public,Positive,2.0,No,High School,Near,Female,70,Alto
13.0,87.0,Low,Medium,No,10.0,54.0,Low,Yes,2.0,Low,Medium,Public,Positive,2.0,No,High School,Near,Female,63,Bajo
21.0,89.0,Low,Medium,No,7.0,76.0,Medium,Yes,3.0,High,Medium,Public,Positive,2.0,No,High School,Near,Female,68,Medio
16.0,83.0,Medium,High,Yes,9.0,95.0,Medium,Yes,2.0,Low,Medium,Public,Neutral,2.0,No,High School,Near,Male,69,Medio
14.0,98.0,Medium,High,Yes,7.0,52.0,High,Yes,1.0,Medium,Medium,Private,Negative,4.0,No,High School,Near,Male,70,Alto
12.0,61.0,Medium,Medium,Yes,7.0,81.0,Medium,Yes,2.0,High,Medium,Public,Neutral,3.0,No,High School,Near,Male,62,Bajo
23.0,90.0,High,Medium,Yes,7.0,62.0,Medium,Yes,3.0,Medium,Medium,Private,Positive,2.0,No,High School,Near,Male,71,Alto
16.0,98.0,Medium,Low,No,8.0,100.0,Low,Yes,2.0,Low,Medium,Public,Neutral,1.0,No,High School,Near,Male,69,Medio
26.0,94.0,High,Low,Yes,5.0,53.0,Low,Yes,0.0,Low,Medium,Public,Neutral,2.0,No,High School,Near,Male,69,Medio
26.0,67.0,Low,High,Yes,6.0,81.0,High,Yes,4.0,Low,Medium,Public,Neutral,3.0,Yes,High School,Near,Male,68,Medio
28.0,73.0,Low,Medium,Yes,7.0,63.0,Low,Yes,0.0,Low,Medium,Public,Positive,2.0,No,High School,Near,Male,65,Bajo
15.0,67.0,Medium,High,Yes,4.0,94.0,High,Yes,1.0,Medium,Medium,Private,Positive,5.0,No,High School,Near,Male,65,Bajo
23.0,84.0,Low,Low,Yes,9.0,56.0,Low,No,1.0,Medium,Medium,Public,Positive,4.0,No,High School,Near,Female,65,Bajo
24.0,88.0,High,High,No,9.0,71.0,Medium,Yes,2.0,High,Medium,Public,Negative,3.0,No,High School,Near,Female,72,Alto
17.0,73.0,Medium,Low,No,4.0,59.0,High,Yes,2.0,Low,Medium,Private,Negative,4.0,No,High School,Near,Female,63,Bajo
15.0,82.0,Medium,High,Yes,6.0,90.0,High,No,2.0,High,Medium,Public,Positive,2.0,No,High School,Near,Male,68,Medio
30.0,88.0,Medium,Medium,Yes,7.0,68.0,Low,Yes,1.0,Medium,Medium,Public,Positive,3.0,No,High School,Near,Female,72,Alto
21.0,77.0,Medium,Low,Yes,8.0,59.0,Medium,Yes,3.0,Low,Medium,Private,Positive,2.0,No,High School,Near,Male,66,Bajo
24.0,94.0,Low,Medium,No,9.0,86.0,High,Yes,2.0,Low,Medium,Public,Neutral,3.0,No,High School,Near,Female,71,Alto
15.0,91.0,Medium,Low,Yes,6.0,91.0,Low,Yes,0.0,Medium,Medium,Public,Positive,3.0,No,High School,Near,Female,67,Medio
13.0,63.0,Medium,Medium,No,10.0,73.0,Low,Yes,2.0,Low,Medium,Public,Negative,3.0,No,High School,Near,Male,61,Bajo
17.0,85.0,High,High,Yes,7.0,69.0,Medium,Yes,4.0,Low,Medium,Private,Neutral,2.0,No,High School,Near,Female,70,Alto
19.0,69.0,Medium,Medium,Yes,7.0,82.0,Low,No,2.0,Low,Medium,Public,Neutral,3.0,No,High School,Near,Male,64,Bajo
14.0,82.0,Medium,Medium,Yes,8.0,83.0,Medium,Yes,0.0,Medium,Medium,Public,Negative,2.0,No,High School,Near,Male,64,Bajo
20.0,98.0,Low,High,Yes,7.0,83.0,Medium,No,0.0,Low,Medium,Public,Neutral,3.0,No,High School,Near,Female,68,Medio
10.0,95.0,High,Medium,No,7.0,64.0,High,Yes,4.0,Low,Medium,Private,Positive,3.0,No,High School,Near,Male,70,Alto
13.0,76.0,Low,Medium,Yes,10.0,97.0,High,Yes,4.0,Low,Medium,Public,Neutral,3.0,No,High School,Near,Male,65,Bajo
24.0,72.0,High,High,No,7.0,61.0,Medium,Yes,3.0,Low,Medium,Private,Neutral,2.0,No,High School,Near,Female,67,Medio
24.0,69.0,Medium,Low,Yes,6.0,69.0,Medium,Yes,0.0,Low,Medium,Private,Neutral,4.0,No,High School,Near,Male,65,Bajo
18.0,81.0,Low,Medium,Yes,6.0,64.0,Medium,Yes,1.0,Medium,Medium,Public,Positive,4.0,No,High School,Near,Female,65,Bajo
14.0,65.0,Medium,High,Yes,9.0,97.0,Low,Yes,3.0,Low,Medium,Public,Positive,4.0,No,High School,Near,Female,65,Bajo
14.0,82.0,High,Low,Yes,8.0,91.0,High,Yes,1.0,Low,Medium,Public,Negative,2.0,No,High School,Near,Male,66,Bajo
18.0,60.0,Medium,High,No,5.0,91.0,Low,Yes,2.0,Low,Medium,Public,Negative,4.0,Yes,High School,Near,Male,62,Bajo
24.0,73.0,Medium,Medium,Yes,5.0,50.0,Low,Yes,1.0,Low,Medium,Public,Negative,2.0,No,High School,Near,Male,63,Bajo
26.0,69.0,Low,Low,Yes,7.0,84.0,Medium,Yes,0.0,Medium,Medium,Private,Neutral,3.0,Yes,High School,Near,Male,63,Bajo
17.0,99.0,Medium,Medium,Yes,8.0,62.0,Medium,Yes,3.0,Medium,Medium,Private,Neutral,3.0,No,High School,Near,Male,70,Alto
13.0,89.0,Low,High,Yes,6.0,98.0,Medium,Yes,0.0,Medium,Medium,Private,Negative,4.0,No,High School,Near,Male,67,Medio
22.0,74.0,High,High,No,4.0,77.0,Low,Yes,0.0,High,Medium,Private,Negative,3.0,Yes,High School,Near,Male,66,Bajo
15.0,64.0,High,Medium,No,5.0,78.0,Medium,Yes,2.0,Low,Medium,Public,Positive,2.0,No,High School,Near,Male,63,Bajo
17.0,81.0,High,Low,Yes,9.0,68.0,High,Yes,1.0,Low,Medium,Private,Positive,3.0,No,High School,Near,Female,66,Bajo
28.0,69.0,Low,Medium,No,8.0,77.0,Medium,Yes,3.0,Medium,Medium,Public,Neutral,4.0,No,High School,Near,Female,67,Medio
25.0,81.0,Medium,Medium,No,9.0,87.0,Low,Yes,1.0,Low,Medium,Private,Negative,1.0,No,High School,Near,Female,68,Medio
21.0,93.0,Low,High,Yes,9.0,78.0,Low,Yes,1.0,Medium,Medium,Public,Neutral,2.0,Yes,High School,Near,Male,67,Medio
12.0,85.0,Medium,High,Yes,6.0,82.0,Medium,Yes,1.0,High,Medium,Public,Neutral,2.0,No,High School,Near,Male,66,Bajo
21.0,85.0,High,High,Yes,6.0,74.0,Medium,Yes,2.0,Medium,Medium,Public,Neutral,4.0,No,High School,Near,Female,71,Alto
26.0,82.0,Medium,Medium,Yes,7.0,86.0,Medium,Yes,0.0,Low,Medium,Public,Neutral,2.0,Yes,High School,Near,Male,69,Medio
18.0,97.0,High,Low,Yes,8.0,95.0,High,Yes,1.0,Medium,Medium,Public,Positive,2.0,No,High School,Near,Male,72,Alto
28.0,97.0,High,Low,Yes,9.0,53.0,Low,Yes,0.0,Low,Medium,Private,Negative,3.0,No,High School,Near,Female,70,Alto
28.0,81.0,Medium,Medium,Yes,10.0,55.0,Medium,Yes,2.0,Medium,Medium,Private,Neutral,3.0,No,High School,Near,Male,68,Medio
30.0,72.0,Medium,Medium,No,8.0,84.0,Medium,Yes,1.0,Low,Medium,Private,Positive,1.0,No,High School,Near,Male,68,Medio
22.0,78.0,Low,High,Yes,8.0,69.0,High,Yes,2.0,Low,Medium,Public,Negative,2.0,No,High School,Near,Female,67,Medio
24.0,67.0,Medium,Medium,No,10.0,64.0,Low,Yes,1.0,Low,Medium,Public,Positive,2.0,Yes,High School,Near,Female,62,Bajo
28.0,85.0,Medium,Low,No,7.0,59.0,Low,Yes,1.0,Low,Medium,Public,Neutral,3.0,No,High School,Near,Male,67,Medio
23.0,80.0,High,Medium,No,9.0,79.0,Medium,Yes,1.0,Medium,Medium,Public,Negative,2.0,No,High School,Near,Male,69,Medio
17.0,64.0,Medium,High,Yes,8.0,67.0,Medium,Yes,3.0,Low,Medium,Public,Negative,3.0,No,High School,Near,Male,64,Bajo
17.0,68.0,Medium,High,Yes,8.0,75.0,Medium,Yes,2.0,Low,Medium,Private,Positive,3.0,No,High School,Near,Female,66,Bajo
21.0,79.0,High,Low,Yes,7.0,98.0,High,Yes,2.0,Low,Medium,Public,Positive,1.0,No,High School,Near,Male,69,Medio
12.0,96.0,High,High,No,5.0,88.0,High,Yes,0.0,Medium,Medium,Private,Positive,2.0,No,High School,Near,Female,70,Alto
19.0,83.0,High,Medium,No,8.0,90.0,Low,Yes,3.0,Low,Medium,Public,Positive,3.0,No,High School,Near,Female,69,Medio
27.0,87.0,Medium,Medium,Yes,8.0,56.0,Medium,Yes,3.0,Medium,Medium,Public,Neutral,3.0,No,High School,Near,Male,72,Alto
7.0,74.0,Medium,Medium,Yes,6.0,66.0,Low,Yes,1.0,Low,Medium,Private,Positive,2.0,No,High School,Near,Female,61,Bajo
29.0,83.0,Medium,Medium,No,7.0,55.0,High,Yes,2.0,Low,Medium,Private,Negative,4.0,No,High School,Near,Female,68,Medio
27.0,78.0,Medium,Medium,No,6.0,98.0,Low,Yes,1.0,Medium,Medium,Public,Positive,3.0,No,High School,Near,Male,68,Medio
17.0,86.0,Low,Medium,No,6.0,84.0,High,Yes,0.0,Medium,Medium,Private,Neutral,3.0,No,High School,Near,Female,66,Bajo
23.0,62.0,Medium,Medium,No,6.0,51.0,Medium,Yes,5.0,High,Medium,Public,Negative,2.0,No,High School,Near,Male,65,Bajo
20.0,80.0,High,Low,Yes,5.0,74.0,Medium,Yes,2.0,Low,Medium,Public,Negative,4.0,No,High School,Near,Female,66,Bajo
27.0,72.0,Medium,Medium,No,6.0,63.0,Medium,Yes,1.0,High,Medium,Private,Negative,5.0,No,High School,Near,Female,67,Medio
26.0,73.0,Medium,High,No,8.0,77.0,Medium,Yes,0.0,Medium,Medium,Private,Positive,2.0,No,High School,Near,Male,68,Medio
12.0,98.0,Low,Medium,No,9.0,59.0,Low,Yes,1.0,High,Medium,Public,Neutral,2.0,No,High School,Near,Female,67,Medio
24.0,67.0,Low,Medium,Yes,10.0,53.0,Medium,Yes,0.0,Medium,Medium,Public,Positive,3.0,Yes,High School,Near,Female,63,Bajo
19.0,72.0,Medium,Low,No,6.0,66.0,Medium,Yes,0.0,Medium,Medium,Private,Neutral,2.0,No,High School,Near,Male,64,Bajo
20.0,80.0,Medium,Low,No,9.0,65.0,High,Yes,1.0,Medium,Medium,Private,Positive,3.0,No,High School,Near,Male,66,Bajo
16.0,95.0,High,Medium,Yes,8.0,86.0,Medium,Yes,0.0,Low,Medium,Public,Positive,4.0,No,High School,Near,Male,69,Medio
30.0,77.0,Medium,Low,Yes,7.0,74.0,Medium,Yes,3.0,High,Medium,Private,Neutral,3.0,No,High School,Near,Male,70,Alto
26.0,90.0,Medium,Medium,No,8.0,65.0,High,Yes,3.0,Medium,Medium,Private,Positive,2.0,No,High School,Near,Female,72,Alto
16.0,94.0,Medium,High,No,9.0,79.0,High,Yes,2.0,High,Medium,Public,Positive,5.0,No,High School,Near,Female,71,Alto
12.0,72.0,Medium,Medium,Yes,6.0,54.0,Low,Yes,3.0,Low,Medium,Public,Positive,2.0,No,High School,Near,Male,63,Bajo
18.0,76.0,High,High,No,6.0,83.0,Medium,Yes,1.0,High,Medium,Public,Neutral,4.0,No,High School,Near,Male,68,Medio
23.0,74.0,Medium,High,Yes,6.0,57.0,Low,No,1.0,High,Medium,Private,Neutral,3.0,No,High School,Near,Male,67,Medio
21.0,93.0,Medium,Low,No,6.0,64.0,Medium,Yes,2.0,Low,Medium,Public,Positive,4.0,No,High School,Near,Male,69,Medio
28.0,62.0,Medium,Medium,No,9.0,64.0,High,Yes,1.0,Low,Medium,Private,Negative,2.0,No,High School,Near,Male,65,Bajo
25.0,72.0,High,Low,Yes,6.0,73.0,High,Yes,4.0,Medium,Medium,Public,Neutral,4.0,No,High School,Near,Male,69,Medio
26.0,87.0,Medium,Medium,No,6.0,98.0,High,Yes,0.0,Medium,Medium,Public,Negative,4.0,No,High School,Near,Male,71,Alto
22.0,83.0,Medium,Low,Yes,7.0,66.0,Medium,Yes,2.0,Medium,Medium,Private,Neutral,3.0,No,High School,Near,Female,67,Medio
12.0,77.0,Low,Medium,No,7.0,64.0,Low,Yes,2.0,High,Medium,Public,Positive,4.0,No,High School,Near,Female,64,Bajo
19.0,82.0,High,Medium,Yes,6.0,58.0,Low,Yes,2.0,Medium,Medium,Private,Positive,3.0,No,High School,Near,Female,68,Medio
26.0,68.0,High,Low,Yes,10.0,70.0,Medium,Yes,1.0,Low,Medium,Public,Positive,3.0,No,High School,Near,Male,67,Medio
20.0,77.0,Low,Low,No,6.0,59.0,Low,Yes,1.0,High,Medium,Public,Negative,2.0,No,High School,Near,Female,62,Bajo
23.0,80.0,High,Medium,No,7.0,57.0,Low,Yes,2.0,Medium,Medium,Public,Negative,2.0,No,High School,Near,Female,68,Medio
18.0,96.0,Medium,Medium,Yes,4.0,93.0,Medium,Yes,0.0,Medium,Medium,Public,Positive,4.0,No,High School,Near,Female,72,Alto
14.0,70.0,Medium,High,Yes,7.0,53.0,Low,Yes,0.0,Medium,Medium,Public,Negative,3.0,No,High School,Near,Male,61,Bajo
19.0,95.0,Low,Low,Yes,5.0,86.0,Medium,Yes,0.0,High,Medium,Public,Negative,4.0,No,High School,Near,Male,67,Medio
22.0,86.0,High,Medium,No,6.0,60.0,High,Yes,0.0,High,Medium,Public,Neutral,3.0,No,High School,Near,Male,70,Alto
16.0,61.0,Low,Medium,Yes,4.0,51.0,Low,Yes,1.0,Low,Medium,Public,Neutral,3.0,No,High School,Near,Male,59,Bajo
19.0,89.0,High,Medium,Yes,6.0,90.0,High,Yes,0.0,Low,Medium,Private,Negative,4.0,No,High School,Near,Female,70,Alto
14.0,61.0,Low,Medium,No,7.0,85.0,High,Yes,1.0,Low,Medium,Public,Neutral,1.0,No,High School,Near,Female,60,Bajo
27.0,100.0,High,Medium,No,7.0,67.0,Medium,Yes,1.0,High,Medium,Public,Neutral,3.0,No,High School,Near,Male,74,Alto
18.0,95.0,Low,High,Yes,6.0,54.0,High,Yes,0.0,Medium,Medium,Private,Negative,3.0,No,High School,Near,Male,68,Medio
29.0,72.0,Medium,Medium,No,7.0,68.0,Low,Yes,0.0,Low,Medium,Public,Positive,3.0,No,High School,Near,Female,67,Medio
29.0,70.0,Medium,Low,No,6.0,59.0,High,Yes,2.0,Medium,Medium,Private,Neutral,4.0,No,High School,Near,Male,67,Medio
20.0,75.0,Low,Medium,Yes,7.0,97.0,High,Yes,0.0,Medium,Medium,Public,Neutral,2.0,No,High School,Near,Female,66,Bajo
14.0,74.0,Medium,Medium,No,7.0,76.0,High,Yes,1.0,Low,Medium,Public,Neutral,2.0,No,High School,Near,Female,63,Bajo
7.0,75.0,Medium,Medium,No,7.0,98.0,Low,No,1.0,Low,Medium,Public,Positive,3.0,No,High School,Near,Male,62,Bajo
11.0,73.0,High,Low,Yes,7.0,68.0,High,Yes,3.0,Low,Medium,Private,Neutral,3.0,No,High School,Near,Female,64,Bajo
12.0,85.0,Medium,Medium,Yes,6.0,78.0,High,Yes,3.0,Medium,Medium,Public,Neutral,4.0,No,High School,Near,Male,68,Medio
28.0,67.0,Medium,Medium,No,8.0,60.0,High,Yes,0.0,Medium,Medium,Public,Positive,3.0,No,High School,Near,Female,65,Bajo
21.0,94.0,Medium,Low,Yes,8.0,90.0,Low,Yes,1.0,Medium,Medium,Public,Positive,4.0,No,High School,Near,Female,71,Alto
22.0,92.0,Medium,Medium,Yes,7.0,52.0,Low,No,1.0,Medium,Medium,Private,Negative,3.0,No,High School,Near,Female,68,Medio
7.0,79.0,Low,High,Yes,9.0,85.0,Medium,Yes,0.0,Medium,Medium,Public,Negative,2.0,No,High School,Near,Male,62,Bajo
13.0,94.0,High,High,Yes,7.0,70.0,Medium,Yes,1.0,Medium,Medium,Private,Negative,3.0,No,High School,Near,Male,68,Medio
25.0,70.0,Medium,Medium,Yes,7.0,79.0,Low,Yes,3.0,High,Medium,Public,Neutral,3.0,No,High School,Near,Male,68,Medio
22.0,61.0,High,Medium,Yes,7.0,80.0,High,Yes,3.0,Medium,Medium,Public,Neutral,3.0,No,High School,Near,Male,67,Medio
19.0,85.0,Medium,Medium,Yes,7.0,86.0,Medium,Yes,0.0,Low,Medium,Public,Positive,2.0,No,High School,Near,Female,67,Medio
23.0,78.0,High,High,Yes,6.0,60.0,Medium,Yes,2.0,High,Medium,Public,Positive,4.0,No,High School,Near,Male,70,Alto
30.0,83.0,Low,Medium,Yes,4.0,77.0,Medium,Yes,0.0,Low,Medium,Public,Neutral,4.0,No,High School,Near,Female,69,Medio
19.0,96.0,Low,Medium,No,7.0,71.0,Medium,Yes,2.0,Low,Medium,Private,Positive,3.0,No,High School,Near,Male,70,Alto
20.0,99.0,Medium,Low,No,8.0,64.0,Low,Yes,1.0,High,Medium,Public,Positive,2.0,No,High School,Near,Male,69,Medio
21.0,85.0,High,Medium,Yes,5.0,75.0,Low,Yes,1.0,High,Medium,Public,Positive,2.0,No,High School,Near,Female,70,Alto
34.0,91.0,Medium,Low,No,9.0,98.0,Medium,Yes,0.0,Medium,Medium,Public,Neutral,4.0,No,High School,Near,Male,72,Alto
7.0,63.0,Low,Medium,No,5.0,97.0,Medium,Yes,1.0,Low,Medium,Public,Neutral,2.0,No,High School,Near,Female,59,Bajo
24.0,66.0,Medium,Medium,No,6.0,64.0,Medium,No,0.0,Medium,Medium,Public,Neutral,4.0,No,High School,Near,Male,64,Bajo
19.0,89.0,High,High,Yes,10.0,94.0,Medium,Yes,0.0,High,Medium,Private,Neutral,1.0,No,High School,Near,Female,72,Alto
23.0,77.0,Low,High,Yes,8.0,94.0,Medium,Yes,0.0,High,Medium,Private,Positive,3.0,No,High School,Near,Male,70,Alto
16.0,78.0,Low,High,No,7.0,62.0,Medium,Yes,0.0,High,Medium,Public,Negative,1.0,No,High School,Near,Female,63,Bajo
20.0,72.0,High,Medium,Yes,7.0,80.0,Medium,Yes,1.0,Low,Medium,Private,Negative,3.0,No,High School,Near,Male,66,Bajo
24.0,84.0,High,High,No,9.0,93.0,Medium,Yes,3.0,High,Medium,Public,Neutral,4.0,No,High School,Near,Male,72,Alto
39.0,67.0,High,High,Yes,5.0,76.0,Medium,No,2.0,Medium,Medium,Private,Negative,4.0,No,High School,Near,Female,71,Alto
25.0,85.0,High,High,No,9.0,68.0,Medium,Yes,1.0,High,Medium,Public,Negative,3.0,No,High School,Near,Female,71,Alto
15.0,67.0,Low,Medium,Yes,6.0,83.0,Low,Yes,3.0,Medium,Medium,Public,Positive,3.0,No,High School,Near,Male,62,Bajo
17.0,63.0,Medium,Medium,Yes,8.0,59.0,Medium,Yes,1.0,Low,Medium,Public,Positive,1.0,No,High School,Near,Male,62,Bajo
17.0,73.0,Medium,Low,No,6.0,58.0,Medium,Yes,4.0,Medium,Medium,Public,Positive,1.0,No,High School,Near,Male,64,Bajo
9.0,69.0,High,High,Yes,10.0,92.0,Medium,Yes,2.0,Low,Medium,Private,Neutral,3.0,No,High School,Near,Male,65,Bajo
18.0,96.0,High,Low,Yes,7.0,52.0,Low,Yes,1.0,Low,Medium,Private,Neutral,4.0,No,High School,Near,Female,68,Medio
24.0,62.0,High,Medium,Yes,5.0,90.0,Low,Yes,0.0,High,Medium,Private,Positive,3.0,No,High School,Near,Male,67,Medio
12.0,67.0,Medium,Medium,Yes,8.0,65.0,Low,Yes,1.0,High,Medium,Public,Neutral,3.0,No,High School,Near,Male,61,Bajo
26.0,82.0,Low,Low,Yes,9.0,74.0,High,Yes,2.0,Medium,Medium,Public,Negative,5.0,No,High School,Near,Female,68,Medio
23.0,79.0,Medium,High,No,9.0,77.0,Medium,Yes,1.0,Low,Medium,Public,Neutral,3.0,No,High School,Near,Male,68,Medio
16.0,62.0,Medium,Medium,No,7.0,88.0,Medium,Yes,1.0,Low,Medium,Public,Neutral,1.0,No,High School,Near,Female,62,Bajo
19.0,60.0,Medium,Low,No,8.0,94.0,High,Yes,1.0,Low,Medium,Private,Neutral,3.0,No,High School,Near,Female,62,Bajo
30.0,100.0,High,High,Yes,6.0,90.0,Low,Yes,0.0,Medium,Medium,Public,Positive,2.0,Yes,High School,Near,Male,74,Alto
24.0,86.0,Medium,Medium,Yes,8.0,79.0,Medium,No,0.0,Low,Medium,Public,Neutral,4.0,No,High School,Near,Female,68,Medio
20.0,75.0,Low,High,No,8.0,67.0,Medium,Yes,1.0,High,Medium,Public,Positive,4.0,No,High School,Near,Male,66,Bajo
19.0,79.0,Medium,Medium,No,4.0,76.0,High,Yes,1.0,Medium,Medium,Private,Neutral,3.0,No,High School,Near,Male,67,Medio
20.0,71.0,High,Medium,No,5.0,52.0,High,Yes,1.0,Medium,Medium,Public,Neutral,3.0,No,High School,Near,Male,65,Bajo
17.0,74.0,Medium,Medium,Yes,7.0,62.0,Medium,Yes,2.0,High,Medium,Public,Positive,4.0,No,High School,Near,Male,66,Bajo
7.0,86.0,High,Medium,No,7.0,68.0,Medium,Yes,5.0,Low,Medium,Public,Positive,4.0,No,High School,Near,Male,67,Medio
32.0,95.0,Medium,Medium,Yes,7.0,66.0,High,Yes,5.0,High,Medium,Private,Negative,3.0,No,High School,Near,Male,76,Alto
21.0,67.0,Low,High,Yes,7.0,55.0,High,Yes,2.0,High,Medium,Private,Positive,3.0,No,High School,Near,Female,66,Bajo
22.0,94.0,Low,Low,No,9.0,53.0,High,Yes,1.0,Medium,Medium,Public,Neutral,3.0,No,High School,Near,Female,68,Medio
20.0,65.0,High,Medium,Yes,8.0,71.0,Low,Yes,2.0,Low,Medium,Private,Neutral,3.0,Yes,High School,Near,Female,63,Bajo
16.0,69.0,Medium,High,Yes,4.0,54.0,Medium,Yes,4.0,Low,Medium,Public,Positive,4.0,No,High School,Near,Female,65,Bajo
19.0,61.0,High,Medium,No,10.0,64.0,Medium,Yes,3.0,Low,Medium,Public,Positive,3.0,No,High School,Near,Male,63,Bajo
10.0,66.0,Medium,Medium,No,4.0,74.0,Low,Yes,2.0,Low,Medium,Public,Negative,2.0,No,High School,Near,Male,59,Bajo
34.0,97.0,Medium,Medium,No,8.0,60.0,Medium,Yes,2.0,Medium,Medium,Private,Neutral,4.0,No,High School,Near,Male,74,Alto
13.0,78.0,Medium,Low,Yes,5.0,54.0,Low,Yes,2.0,Low,Medium,Public,Positive,3.0,Yes,High School,Near,Male,62,Bajo
14.0,63.0,Low,Low,Yes,9.0,72.0,Medium,Yes,3.0,Low,Medium,Public,Positive,4.0,Yes,High School,Near,Female,59,Bajo
17.0,98.0,Medium,High,Yes,7.0,72.0,High,Yes,0.0,Low,Medium,Public,Positive,3.0,No,High School,Near,Male,71,Alto
28.0,95.0,Medium,Medium,No,8.0,96.0,Medium,Yes,1.0,Medium,Medium,Public,Neutral,3.0,No,High School,Near,Male,73,Alto
20.0,90.0,High,Medium,Yes,4.0,56.0,Medium,Yes,0.0,Low,Medium,Private,Positive,1.0,No,High School,Near,Male,68,Medio
13.0,97.0,Medium,Medium,Yes,8.0,81.0,Medium,Yes,3.0,Low,Medium,Public,Neutral,1.0,No,High School,Near,Male,68,Medio
28.0,69.0,Medium,Medium,Yes,8.0,66.0,Medium,Yes,0.0,Low,Medium,Public,Positive,6.0,No,High School,Near,Male,66,Bajo
24.0,93.0,Low,High,Yes,8.0,56.0,Medium,Yes,1.0,Low,Medium,Public,Neutral,3.0,No,High School,Near,Male,69,Medio
23.0,88.0,Medium,Medium,No,8.0,70.0,Medium,Yes,2.0,Medium,Medium,Public,Neutral,4.0,No,High School,Near,Female,70,Alto
24.0,95.0,Medium,High,Yes,7.0,71.0,High,Yes,1.0,Medium,Medium,Public,Positive,3.0,No,High School,Near,Male,74,Alto
34.0,92.0,High,Medium,No,7.0,68.0,Low,Yes,0.0,Medium,Medium,Public,Positive,5.0,No,High School,Near,Female,75,Alto
33.0,74.0,Medium,Medium,Yes,6.0,88.0,Medium,Yes,2.0,Medium,Medium,Private,Neutral,3.0,No,High School,Near,Male,71,Alto
16.0,91.0,High,High,Yes,6.0,92.0,Low,Yes,2.0,Low,Medium,Private,Positive,3.0,No,High School,Near,Male,71,Alto
30.0,70.0,Medium,Medium,No,9.0,57.0,Medium,Yes,1.0,Low,Medium,Public,Negative,4.0,No,High School,Near,Female,65,Bajo
22.0,73.0,Low,Medium,No,6.0,58.0,High,Yes,1.0,Medium,Medium,Private,Positive,3.0,No,High School,Near,Male,65,Bajo
23.0,64.0,Medium,High,No,4.0,71.0,Low,Yes,2.0,Medium,Medium,Public,Negative,1.0,No,High School,Near,Male,65,Bajo
10.0,97.0,Medium,Medium,No,6.0,66.0,Medium,Yes,2.0,Low,Medium,Public,Neutral,2.0,No,High School,Near,Female,67,Medio
19.0,72.0,Medium,Medium,Yes,8.0,91.0,High,Yes,1.0,Low,Medium,Private,Positive,4.0,No,High School,Near,Male,67,Medio
15.0,81.0,Medium,Medium,Yes,7.0,100.0,Medium,Yes,1.0,Low,Medium,Public,Neutral,3.0,No,High School,Near,Male,67,Medio
25.0,76.0,High,High,Yes,8.0,59.0,Medium,Yes,4.0,Medium,Medium,Private,Neutral,4.0,No,High School,Near,Female,71,Alto
26.0,98.0,High,Low,No,4.0,88.0,Low,Yes,1.0,Medium,Medium,Public,Neutral,1.0,No,High School,Near,Female,72,Alto
8.0,73.0,Medium,High,Yes,4.0,80.0,Low,Yes,0.0,Low,Medium,Public,Neutral,4.0,No,High School,Near,Male,62,Bajo
20.0,91.0,High,Low,Yes,7.0,82.0,Medium,Yes,0.0,Medium,Medium,Public,Neutral,4.0,No,High School,Near,Male,70,Alto
27.0,94.0,Medium,High,No,9.0,63.0,High,Yes,0.0,Low,Medium,Public,Neutral,4.0,No,High School,Near,Female,72,Alto
19.0,77.0,Low,Medium,Yes,4.0,55.0,Medium,Yes,0.0,Medium,Medium,Public,Positive,4.0,No,High School,Near,Male,64,Bajo
24.0,75.0,High,Low,Yes,8.0,77.0,High,Yes,1.0,Low,Medium,Private,Negative,1.0,No,High School,Near,Male,66,Bajo
22.0,90.0,Low,Medium,Yes,9.0,81.0,Medium,Yes,0.0,Medium,Medium,Public,Neutral,4.0,No,High School,Near,Male,69,Medio
22.0,97.0,High,Medium,No,7.0,98.0,High,Yes,0.0,Medium,Medium,Public,Negative,0.0,No,High School,Near,Female,71,Alto
18.0,90.0,Medium,Low,No,8.0,84.0,High,Yes,2.0,Low,Medium,Private,Positive,3.0,No,High School,Near,Male,68,Medio
13.0,69.0,Medium,Medium,Yes,7.0,72.0,Low,Yes,2.0,High,Medium,Public,Positive,2.0,No,High School,Near,Female,63,Bajo
13.0,96.0,Medium,High,Yes,7.0,100.0,Medium,No,4.0,Medium,Medium,Public,Negative,3.0,No,High School,Near,Male,71,Alto
24.0,76.0,High,Low,Yes,8.0,69.0,Low,Yes,3.0,Low,Medium,Private,Negative,1.0,No,High School,Near,Male,65,Bajo
20.0,83.0,Low,High,Yes,10.0,58.0,Medium,Yes,0.0,Low,Medium,Public,Neutral,1.0,No,High School,Near,Female,66,Bajo
19.0,93.0,Low,Low,Yes,6.0,81.0,Medium,Yes,2.0,High,Medium,Private,Positive,3.0,Yes,High School,Near,Female,68,Medio
17.0,68.0,Medium,Medium,Yes,7.0,63.0,Medium,No,0.0,Low,Medium,Public,Neutral,3.0,No,High School,Near,Male,61,Bajo
18.0,91.0,Low,High,No,6.0,96.0,Medium,Yes,2.0,Low,Medium,Private,Positive,3.0,No,High School,Near,Male,71,Alto
26.0,84.0,Medium,High,Yes,7.0,71.0,Medium,Yes,0.0,Medium,Medium,Public,Neutral,2.0,No,High School,Near,Female,70,Alto
18.0,96.0,High,Low,No,7.0,57.0,Low,Yes,1.0,Low,Medium,Public,Negative,3.0,No,High School,Near,Female,66,Bajo
12.0,67.0,High,Medium,Yes,9.0,57.0,Low,Yes,0.0,Low,Medium,Private,Positive,2.0,No,High School,Near,Male,61,Bajo
24.0,77.0,High,Low,Yes,9.0,82.0,Low,Yes,1.0,Medium,Medium,Private,Neutral,2.0,No,High School,Near,Male,67,Medio
19.0,93.0,High,Medium,Yes,8.0,68.0,Medium,Yes,1.0,High,Medium,Public,Positive,3.0,No,High School,Near,Female,72,Alto
20.0,61.0,High,High,No,9.0,68.0,Medium,Yes,1.0,High,Medium,Private,Positive,3.0,No,High School,Near,Female,65,Bajo
30.0,64.0,High,Medium,No,6.0,81.0,Low,Yes,3.0,Medium,Medium,Public,Negative,2.0,No,High School,Near,Female,68,Medio
20.0,100.0,Low,Medium,Yes,6.0,61.0,High,No,3.0,Medium,Medium,Public,Positive,4.0,No,High School,Near,Male,70,Alto
22.0,71.0,Medium,Low,Yes,8.0,57.0,Medium,Yes,1.0,Low,Medium,Public,Negative,4.0,No,High School,Near,Male,63,Bajo
13.0,99.0,High,Low,No,7.0,83.0,Medium,Yes,1.0,Medium,Medium,Public,Neutral,4.0,No,High School,Near,Female,69,Medio
19.0,67.0,Medium,Low,No,10.0,50.0,Medium,Yes,0.0,High,Medium,Public,Positive,3.0,No,High School,Near,Male,62,Bajo
24.0,74.0,High,High,No,4.0,95.0,High,Yes,1.0,High,Medium,Public,Neutral,4.0,No,High School,Near,Female,71,Alto
11.0,90.0,Low,Low,Yes,8.0,59.0,Low,Yes,1.0,Low,Medium,Public,Positive,4.0,No,High School,Near,Male,64,Bajo
21.0,86.0,High,Medium,No,8.0,72.0,Medium,Yes,0.0,High,Medium,Public,Positive,3.0,No,High School,Near,Male,69,Medio
21.0,83.0,Medium,High,Yes,6.0,61.0,High,Yes,2.0,Low,Medium,Public,Positive,3.0,No,High School,Near,Male,71,Alto
20.0,81.0,Low,Medium,Yes,6.0,61.0,Low,No,0.0,Low,Medium,Public,Positive,4.0,Yes,High School,Near,Female,63,Bajo
26.0,94.0,Low,High,Yes,6.0,92.0,Low,Yes,1.0,Low,Medium,Public,Neutral,3.0,No,High School,Near,Female,72,Alto
22.0,69.0,Medium,Medium,Yes,5.0,79.0,Medium,Yes,1.0,Low,Medium,Public,Positive,3.0,No,High School,Near,Male,66,Bajo
29.0,78.0,High,Medium,Yes,9.0,66.0,Medium,Yes,2.0,Low,Medium,Public,Neutral,4.0,No,High School,Near,Male,69,Medio
14.0,66.0,Medium,Medium,Yes,10.0,63.0,Low,Yes,0.0,Low,Medium,Public,Positive,3.0,No,High School,Near,Male,60,Bajo
21.0,84.0,High,High,Yes,6.0,61.0,Low,Yes,1.0,Medium,Medium,Private,Negative,4.0,No,High School,Near,Female,68,Medio
21.0,70.0,Medium,High,No,6.0,78.0,Medium,Yes,3.0,Medium,Medium,Public,Neutral,2.0,No,High School,Near,Male,65,Bajo
14.0,73.0,High,Medium,No,5.0,87.0,High,Yes,2.0,Medium,Medium,Public,Positive,4.0,No,High School,Near,Female,67,Medio
26.0,79.0,Medium,Low,Yes,5.0,63.0,Medium,Yes,0.0,Low,Medium,Public,Positive,2.0,No,High School,Near,Male,66,Bajo
34.0,61.0,Medium,Medium,Yes,6.0,67.0,High,Yes,1.0,High,Medium,Private,Neutral,2.0,No,High School,Near,Male,68,Medio
20.0,64.0,Low,Medium,Yes,9.0,86.0,Medium,Yes,0.0,Low,Medium,Private,Negative,4.0,No,High School,Near,Female,63,Bajo
23.0,87.0,High,High,Yes,10.0,87.0,Medium,Yes,1.0,Medium,Medium,Private,Positive,3.0,No,High School,Near,Male,73,Alto
21.0,77.0,Medium,Medium,Yes,6.0,60.0,Medium,Yes,1.0,Medium,Medium,Private,Neutral,3.0,No,High School,Near,Male,66,Bajo
16.0,95.0,Low,Medium,Yes,6.0,69.0,Low,Yes,2.0,Low,Medium,Public,Neutral,3.0,Yes,High School,Near,Male,67,Medio
9.0,88.0,Low,Medium,Yes,5.0,93.0,Low,Yes,2.0,Medium,Medium,Public,Neutral,4.0,No,High School,Near,Male,66,Bajo
16.0,60.0,Medium,Low,No,8.0,87.0,Low,Yes,0.0,Low,Medium,Public,Positive,5.0,No,High School,Near,Male,60,Bajo
12.0,85.0,High,High,No,8.0,58.0,Low,Yes,1.0,Low,Medium,Public,Positive,3.0,No,High School,Near,Male,67,Medio
30.0,64.0,Medium,Medium,No,7.0,69.0,Medium,Yes,3.0,High,Medium,Public,Negative,4.0,No,High School,Near,Female,67,Medio
19.0,91.0,Medium,Medium,Yes,6.0,99.0,High,Yes,0.0,Medium,Medium,Public,Neutral,2.0,No,High School,Near,Female,70,Alto
18.0,100.0,High,Low,No,9.0,76.0,Low,Yes,1.0,Low,Medium,Public,Positive,2.0,No,High School,Near,Female,69,Medio
25.0,81.0,Medium,Low,Yes,8.0,86.0,Medium,Yes,1.0,Low,Medium,Public,Negative,3.0,No,High School,Near,Male,68,Medio
13.0,87.0,High,Low,Yes,8.0,55.0,High,Yes,1.0,High,Medium,Private,Positive,3.0,No,High School,Near,Female,67,Medio
15.0,69.0,Medium,High,No,8.0,92.0,Low,Yes,0.0,Low,Medium,Public,Neutral,1.0,No,High School,Near,Male,63,Bajo
20.0,78.0,High,Medium,No,7.0,80.0,High,Yes,2.0,High,Medium,Public,Positive,3.0,No,High School,Near,Male,70,Alto
26.0,94.0,Low,Medium,No,6.0,59.0,High,Yes,4.0,Low,Medium,Public,Neutral,3.0,No,High School,Near,Female,71,Alto
23.0,67.0,High,High,Yes,8.0,69.0,Low,Yes,1.0,High,Medium,Public,Neutral,2.0,No,High School,Near,Female,67,Medio
21.0,71.0,Medium,Medium,No,8.0,54.0,High,Yes,1.0,Medium,Medium,Private,Neutral,3.0,No,High School,Near,Male,64,Bajo
20.0,78.0,Low,Medium,No,8.0,89.0,High,No,0.0,Medium,Medium,Private,Neutral,4.0,No,High School,Near,Female,66,Bajo
22.0,88.0,Medium,Medium,Yes,5.0,87.0,Low,Yes,1.0,Low,Medium,Public,Neutral,3.0,No,High School,Near,Male,70,Alto
21.0,75.0,Medium,Low,Yes,8.0,75.0,High,Yes,1.0,Medium,Medium,Private,Negative,2.0,No,High School,Near,Male,65,Bajo
14.0,97.0,Low,Medium,Yes,7.0,73.0,Medium,Yes,2.0,Medium,Medium,Public,Positive,3.0,No,High School,Near,Male,68,Medio
20.0,64.0,Medium,Low,Yes,6.0,73.0,High,Yes,3.0,Medium,Medium,Public,Negative,5.0,No,High School,Near,Female,65,Bajo
14.0,75.0,High,Medium,No,8.0,52.0,Medium,Yes,3.0,Medium,Medium,Public,Neutral,1.0,No,High School,Near,Male,65,Bajo
20.0,88.0,Medium,Medium,Yes,7.0,68.0,Medium,Yes,0.0,Low,Medium,Public,Positive,4.0,No,High School,Near,Female,69,Medio
17.0,69.0,Medium,Medium,No,10.0,56.0,Medium,Yes,1.0,Medium,Medium,Public,Neutral,4.0,No,High School,Near,Female,63,Bajo
35.0,86.0,Low,Medium,No,8.0,59.0,Medium,Yes,2.0,Low,Medium,Public,Positive,2.0,No,High School,Near,Female,70,Alto
20.0,67.0,Low,Low,Yes,7.0,98.0,Medium,Yes,1.0,Medium,Medium,Public,Neutral,4.0,No,High School,Near,Male,64,Bajo
12.0,62.0,Medium,High,Yes,7.0,63.0,High,Yes,1.0,High,Medium,Public,Neutral,4.0,No,High School,Near,Female,62,Bajo
19.0,65.0,High,High,Yes,5.0,74.0,Medium,Yes,1.0,Low,Medium,Private,Positive,3.0,No,High School,Near,Female,66,Bajo
23.0,97.0,High,Low,Yes,9.0,94.0,High,Yes,2.0,Low,Medium,Public,Positive,3.0,No,High School,Near,Male,73,Alto
30.0,82.0,Medium,High,Yes,7.0,71.0,Medium,Yes,3.0,Low,Medium,Public,Neutral,3.0,No,High School,Near,Female,72,Alto
16.0,92.0,Medium,Medium,Yes,7.0,76.0,High,No,0.0,High,Medium,Private,Neutral,2.0,No,High School,Near,Male,68,Medio
11.0,73.0,Medium,High,No,5.0,58.0,Medium,No,0.0,Medium,Medium,Private,Positive,4.0,No,High School,Near,Male,62,Bajo
25.0,84.0,Medium,Low,No,8.0,64.0,Medium,Yes,2.0,Low,Medium,Private,Neutral,4.0,No,High School,Near,Male,67,Medio
12.0,80.0,Medium,Low,No,6.0,75.0,Medium,Yes,1.0,Low,Medium,Public,Negative,4.0,No,High School,Near,Male,62,Bajo
17.0,98.0,High,High,No,6.0,68.0,Medium,Yes,2.0,Medium,Medium,Public,Positive,3.0,No,High School,Near,Male,72,Alto
18.0,90.0,Low,High,No,7.0,52.0,High,Yes,2.0,Medium,Medium,Public,Negative,2.0,No,High School,Near,Male,67,Medio
20.0,89.0,High,Medium,Yes,6.0,70.0,Low,Yes,1.0,Low,Medium,Private,Positive,3.0,No,High School,Near,Female,68,Medio
24.0,62.0,Low,High,Yes,6.0,91.0,Medium,Yes,2.0,Medium,Medium,Public,Neutral,3.0,No,High School,Near,Female,65,Bajo
16.0,82.0,Medium,Medium,No,7.0,56.0,Low,Yes,0.0,High,Medium,Private,Negative,1.0,Yes,High School,Near,Female,79,Alto
18.0,79.0,High,Low,No,9.0,51.0,High,Yes,2.0,Medium,Medium,Private,Positive,3.0,No,High School,Near,Male,66,Bajo
20.0,97.0,Medium,Medium,Yes,8.0,56.0,Low,Yes,1.0,Low,Medium,Private,Neutral,2.0,No,High School,Near,Female,68,Medio
21.0,70.0,Low,Low,Yes,8.0,84.0,Medium,Yes,1.0,High,Medium,Public,Positive,3.0,Yes,High School,Near,Male,65,Bajo
21.0,71.0,Medium,High,Yes,8.0,90.0,Medium,Yes,3.0,Low,Medium,Public,Neutral,4.0,No,High School,Near,Female,67,Medio
23.0,76.0,Medium,High,Yes,6.0,52.0,Low,Yes,3.0,Medium,Medium,Public,Neutral,4.0,No,High School,Near,Male,67,Medio
25.0,70.0,Low,Medium,Yes,9.0,94.0,Medium,Yes,1.0,Medium,Medium,Public,Neutral,4.0,No,High School,Near,Male,67,Medio
22.0,65.0,Medium,Medium,Yes,4.0,81.0,High,Yes,5.0,Medium,Medium,Public,Positive,4.0,No,High School,Near,Female,68,Medio
23.0,94.0,Medium,High,No,8.0,76.0,Low,Yes,3.0,Medium,Medium,Public,Positive,3.0,No,High School,Near,Male,72,Alto
11.0,82.0,High,Medium,No,8.0,63.0,High,Yes,1.0,Medium,Medium,Public,Neutral,5.0,No,High School,Near,Male,65,Bajo
20.0,94.0,Low,Medium,No,7.0,69.0,Low,Yes,0.0,Low,Medium,Public,Positive,3.0,Yes,High School,Near,Female,65,Bajo
23.0,93.0,Medium,Medium,Yes,6.0,97.0,Low,No,1.0,Medium,Medium,Public,Positive,2.0,No,High School,Near,Male,70,Alto
24.0,71.0,Medium,Medium,Yes,7.0,96.0,Medium,Yes,2.0,Low,Medium,Public,Negative,2.0,No,High School,Near,Male,67,Medio
16.0,82.0,Medium,High,Yes,6.0,81.0,Medium,Yes,1.0,Medium,Medium,Private,Neutral,4.0,No,High School,Near,Male,68,Medio
16.0,63.0,Medium,Medium,No,8.0,79.0,Medium,Yes,2.0,Low,Medium,Public,Positive,3.0,No,High School,Near,Male,63,Bajo
17.0,97.0,Medium,Medium,Yes,8.0,61.0,Low,Yes,2.0,Low,Medium,Public,Neutral,2.0,No,High School,Near,Male,68,Medio
23.0,76.0,Medium,High,Yes,8.0,98.0,Medium,Yes,0.0,Medium,Medium,Public,Neutral,2.0,No,High School,Near,Female,69,Medio
26.0,76.0,Low,Low,Yes,8.0,88.0,Low,Yes,2.0,Low,Medium,Public,Positive,4.0,No,High School,Near,Male,66,Bajo
18.0,72.0,High,Medium,Yes,8.0,69.0,High,No,2.0,High,Medium,Public,Neutral,4.0,Yes,High School,Near,Female,64,Bajo
25.0,78.0,High,Low,Yes,8.0,91.0,Medium,Yes,3.0,Low,Medium,Public,Negative,4.0,No,High School,Near,Male,69,Medio
21.0,70.0,Low,Medium,No,6.0,61.0,Medium,Yes,1.0,Low,Medium,Public,Neutral,3.0,No,High School,Near,Male,62,Bajo
19.0,75.0,Medium,High,Yes,5.0,61.0,High,Yes,0.0,Medium,Medium,Public,Negative,3.0,No,High School,Near,Female,65,Bajo
19.0,92.0,Medium,Medium,Yes,7.0,90.0,Medium,Yes,1.0,Low,Medium,Public,Positive,2.0,No,High School,Near,Female,70,Alto
24.0,93.0,Low,High,Yes,8.0,78.0,Medium,Yes,1.0,High,Medium,Public,Neutral,4.0,No,High School,Near,Female,72,Alto
22.0,72.0,Medium,Medium,No,5.0,78.0,High,Yes,1.0,Low,Medium,Public,Positive,3.0,No,High School,Near,Female,66,Bajo
34.0,79.0,High,Low,Yes,7.0,79.0,Low,Yes,3.0,Medium,Medium,Private,Negative,2.0,Yes,High School,Near,Male,70,Alto
15.0,95.0,Medium,Medium,No,9.0,56.0,Medium,No,3.0,Low,Medium,Public,Positive,1.0,No,High School,Near,Male,67,Medio
23.0,62.0,High,High,Yes,7.0,67.0,Low,Yes,1.0,Low,Medium,Public,Negative,4.0,No,High School,Near,Female,65,Bajo
17.0,96.0,Medium,Low,Yes,9.0,79.0,Low,No,3.0,Medium,Medium,Private,Neutral,2.0,No,High School,Near,Male,68,Medio
15.0,69.0,Low,Medium,Yes,9.0,62.0,Low,Yes,2.0,Medium,Medium,Public,Neutral,3.0,No,High School,Near,Male,62,Bajo
20.0,87.0,Low,Medium,Yes,7.0,75.0,High,Yes,1.0,Low,Medium,Public,Negative,3.0,No,High School,Near,Male,68,Medio
21.0,83.0,High,Medium,No,6.0,78.0,Medium,Yes,2.0,High,Medium,Public,Positive,3.0,Yes,High School,Near,Female,69,Medio
38.0,82.0,Medium,Low,No,6.0,97.0,Low,Yes,2.0,Low,Medium,Private,Negative,3.0,No,High School,Near,Male,72,Alto
19.0,94.0,Low,Medium,No,7.0,62.0,Medium,Yes,0.0,Medium,Medium,Public,Negative,3.0,Yes,High School,Near,Male,65,Bajo
13.0,64.0,Medium,High,Yes,5.0,72.0,Medium,Yes,2.0,Medium,Medium,Private,Neutral,2.0,No,High School,Near,Male,63,Bajo
22.0,74.0,High,High,Yes,5.0,99.0,Medium,Yes,0.0,Low,Medium,Public,Neutral,2.0,No,High School,Near,Female,68,Medio
8.0,82.0,High,Low,No,4.0,59.0,Medium,Yes,1.0,Medium,Medium,Public,Neutral,2.0,No,High School,Near,Male,62,Bajo
19.0,92.0,Medium,Medium,Yes,7.0,89.0,Medium,No,0.0,Low,Medium,Private,Neutral,2.0,No,High School,Near,Male,69,Medio
20.0,69.0,Medium,Low,No,10.0,59.0,Medium,Yes,2.0,High,Medium,Public,Positive,4.0,No,High School,Near,Female,65,Bajo
25.0,92.0,High,Medium,No,4.0,93.0,High,Yes,3.0,High,Medium,Public,Neutral,2.0,No,High School,Near,Female,74,Alto
26.0,76.0,High,Low,Yes,7.0,74.0,Medium,Yes,4.0,Medium,Medium,Public,Positive,3.0,No,High School,Near,Female,70,Alto
17.0,68.0,Medium,Low,Yes,7.0,99.0,High,Yes,2.0,Medium,Medium,Public,Positive,3.0,No,High School,Near,Female,65,Bajo
19.0,90.0,High,High,No,7.0,59.0,Low,Yes,3.0,High,Medium,Public,Neutral,3.0,No,High School,Near,Male,70,Alto
15.0,64.0,Low,Low,Yes,9.0,84.0,Low,Yes,0.0,Medium,Medium,Public,Neutral,3.0,No,High School,Near,Male,59,Bajo
13.0,81.0,Low,Medium,Yes,6.0,85.0,Low,Yes,1.0,Low,Medium,Private,Neutral,3.0,No,High School,Near,Male,63,Bajo
22.0,63.0,Low,High,Yes,4.0,86.0,Low,Yes,0.0,Low,Medium,Public,Neutral,4.0,No,High School,Near,Female,64,Bajo
12.0,74.0,Low,High,Yes,6.0,55.0,High,Yes,0.0,Medium,Medium,Public,Positive,3.0,No,High School,Near,Male,63,Bajo
18.0,84.0,High,Low,No,6.0,64.0,Medium,Yes,2.0,Low,Medium,Public,Positive,2.0,No,High School,Near,Female,67,Medio
14.0,82.0,Medium,Medium,Yes,4.0,67.0,Medium,Yes,1.0,High,Medium,Public,Neutral,4.0,No,High School,Near,Female,65,Bajo
23.0,76.0,Medium,Medium,No,7.0,66.0,Medium,Yes,2.0,Medium,Medium,Public,Neutral,3.0,No,High School,Near,Male,67,Medio
31.0,77.0,High,Medium,No,5.0,84.0,Medium,Yes,2.0,High,Medium,Public,Positive,5.0,No,High School,Near,Male,73,Alto
12.0,69.0,High,High,Yes,7.0,53.0,Low,Yes,2.0,Low,Medium,Public,Neutral,3.0,No,High School,Near,Male,64,Bajo
9.0,78.0,Low,High,No,6.0,87.0,Medium,Yes,0.0,Medium,Medium,Private,Positive,3.0,No,High School,Near,Male,65,Bajo
19.0,98.0,Medium,High,Yes,5.0,76.0,Medium,Yes,2.0,Medium,Medium,Private,Positive,3.0,No,High School,Near,Male,72,Alto
20.0,94.0,High,Medium,No,8.0,59.0,High,Yes,3.0,Medium,Medium,Public,Positive,4.0,No,High School,Near,Female,72,Alto
21.0,66.0,High,Medium,No,7.0,61.0,Medium,Yes,2.0,High,Medium,Public,Neutral,2.0,No,High School,Near,Male,66,Bajo
17.0,61.0,High,Medium,Yes,7.0,55.0,High,Yes,1.0,Medium,Medium,Private,Negative,2.0,Yes,High School,Near,Male,62,Bajo
19.0,97.0,Low,Medium,No,8.0,73.0,Medium,Yes,2.0,Medium,Medium,Private,Negative,1.0,No,High School,Near,Male,68,Medio
22.0,81.0,Medium,Low,Yes,7.0,80.0,Low,Yes,1.0,Medium,Medium,Public,Positive,3.0,No,High School,Near,Female,67,Medio
26.0,82.0,High,Low,No,7.0,79.0,Medium,Yes,1.0,Medium,Medium,Public,Positive,2.0,Yes,High School,Near,Female,69,Medio
8.0,91.0,High,Low,No,6.0,98.0,Medium,Yes,1.0,Medium,Medium,Private,Positive,3.0,No,High School,Near,Female,67,Medio
18.0,73.0,Medium,Medium,No,5.0,65.0,Medium,Yes,1.0,Low,Medium,Public,Negative,3.0,No,High School,Near,Female,63,Bajo
21.0,79.0,Low,Medium,Yes,7.0,88.0,Low,Yes,0.0,Low,Medium,Private,Negative,4.0,No,High School,Near,Male,65,Bajo
14.0,99.0,High,Medium,No,6.0,86.0,Low,Yes,2.0,High,Medium,Private,Negative,4.0,No,High School,Near,Male,71,Alto
30.0,87.0,Medium,Medium,No,8.0,53.0,Low,Yes,1.0,Low,Medium,Private,Neutral,1.0,No,High School,Near,Male,70,Alto
16.0,66.0,Medium,Medium,Yes,7.0,97.0,Medium,Yes,5.0,Low,Medium,Public,Positive,3.0,No,High School,Near,Male,68,Medio
20.0,65.0,Medium,Medium,Yes,8.0,97.0,High,Yes,0.0,Low,Medium,Public,Negative,3.0,No,High School,Near,Female,65,Bajo
23.0,68.0,Medium,High,Yes,6.0,70.0,Medium,Yes,4.0,Medium,Medium,Public,Positive,2.0,No,High School,Near,Male,68,Medio
16.0,91.0,Medium,Medium,Yes,5.0,71.0,Medium,Yes,2.0,High,Medium,Public,Negative,3.0,No,High School,Near,Male,69,Medio
9.0,72.0,Medium,High,Yes,10.0,91.0,Medium,No,1.0,High,Medium,Public,Neutral,2.0,No,High School,Near,Female,62,Bajo
17.0,61.0,Low,High,Yes,7.0,75.0,Medium,No,2.0,Medium,Medium,Public,Negative,4.0,No,High School,Near,Female,62,Bajo
26.0,98.0,High,Low,No,8.0,90.0,Low,Yes,1.0,High,Medium,Public,Positive,2.0,Yes,High School,Near,Female,72,Alto
18.0,67.0,High,Medium,No,5.0,52.0,High,Yes,0.0,Medium,Medium,Private,Neutral,4.0,No,High School,Near,Male,64,Bajo
15.0,60.0,High,Medium,No,7.0,63.0,Low,Yes,0.0,Low,Medium,Public,Positive,1.0,Yes,High School,Near,Female,58,Bajo
26.0,69.0,High,Medium,No,9.0,55.0,Low,Yes,1.0,Low,Medium,Public,Neutral,3.0,No,High School,Near,Male,66,Bajo
18.0,69.0,Medium,Low,Yes,5.0,73.0,Low,Yes,1.0,Low,Medium,Public,Positive,4.0,No,High School,Near,Male,64,Bajo
17.0,77.0,Medium,High,Yes,10.0,93.0,Low,Yes,3.0,High,Medium,Private,Positive,1.0,No,High School,Near,Female,68,Medio
21.0,97.0,Low,Low,No,7.0,78.0,Medium,Yes,0.0,High,Medium,Public,Neutral,3.0,No,High School,Near,Female,69,Medio
25.0,95.0,Low,High,No,6.0,76.0,Medium,Yes,1.0,Low,Medium,Public,Positive,5.0,No,High School,Near,Male,71,Alto
34.0,78.0,Medium,High,Yes,8.0,68.0,Medium,Yes,1.0,Medium,Medium,Public,Negative,2.0,No,High School,Near,Male,71,Alto
25.0,76.0,Medium,Medium,Yes,9.0,53.0,Medium,Yes,0.0,High,Medium,Private,Positive,3.0,No,High School,Near,Male,67,Medio
27.0,82.0,High,Low,Yes,6.0,88.0,Medium,Yes,2.0,High,Medium,Private,Neutral,3.0,No,High School,Near,Male,71,Alto
17.0,70.0,Medium,Medium,Yes,6.0,79.0,Low,Yes,2.0,Medium,Medium,Public,Positive,3.0,No,High School,Near,Female,64,Bajo
14.0,62.0,Medium,Medium,Yes,7.0,97.0,High,Yes,0.0,Medium,Medium,Public,Positive,1.0,No,High School,Near,Male,62,Bajo
20.0,98.0,Medium,Medium,No,8.0,72.0,Medium,Yes,1.0,High,Medium,Public,Negative,4.0,No,High School,Near,Female,70,Alto
21.0,67.0,Low,High,No,7.0,70.0,Low,Yes,2.0,Low,Medium,Private,Negative,2.0,No,High School,Near,Female,63,Bajo
14.0,68.0,High,Medium,Yes,8.0,99.0,High,Yes,0.0,High,Medium,Public,Positive,3.0,No,High School,Near,Female,66,Bajo
19.0,79.0,Medium,Medium,Yes,8.0,57.0,Low,Yes,2.0,Low,Medium,Public,Positive,3.0,No,High School,Near,Male,65,Bajo
22.0,80.0,Medium,High,No,7.0,63.0,Medium,Yes,1.0,High,Medium,Public,Positive,3.0,No,High School,Near,Male,69,Medio
22.0,61.0,High,Low,Yes,6.0,74.0,Medium,Yes,1.0,Low,Medium,Public,Negative,3.0,No,High School,Near,Male,63,Bajo
23.0,66.0,Medium,Medium,No,7.0,76.0,Low,Yes,1.0,High,Medium,Public,Neutral,2.0,No,High School,Near,Male,64,Bajo
22.0,75.0,Medium,Medium,Yes,10.0,77.0,High,Yes,2.0,Low,Medium,Public,Neutral,2.0,No,High School,Near,Male,66,Bajo
17.0,87.0,Medium,Medium,Yes,7.0,61.0,Medium,Yes,4.0,High,Medium,Public,Negative,3.0,Yes,High School,Near,Female,67,Medio
17.0,69.0,High,High,Yes,9.0,96.0,Medium,Yes,2.0,Low,Medium,Public,Negative,3.0,No,High School,Near,Male,66,Bajo
13.0,77.0,Low,High,No,6.0,85.0,Low,Yes,2.0,Low,Medium,Public,Neutral,4.0,No,High School,Near,Female,65,Bajo
31.0,82.0,High,Medium,Yes,7.0,63.0,Medium,No,2.0,High,Medium,Private,Positive,2.0,No,High School,Near,Male,72,Alto
20.0,96.0,High,Medium,Yes,8.0,65.0,High,Yes,0.0,Medium,Medium,Public,Neutral,2.0,No,High School,Near,Female,70,Alto
19.0,73.0,Medium,Medium,Yes,9.0,94.0,Medium,Yes,1.0,High,Medium,Public,Positive,1.0,No,High School,Near,Female,67,Medio
14.0,65.0,Medium,High,No,9.0,69.0,Low,Yes,4.0,Medium,Medium,Public,Neutral,3.0,No,High School,Near,Male,64,Bajo
38.0,80.0,High,Medium,No,5.0,78.0,Medium,Yes,1.0,Low,Medium,Public,Positive,4.0,No,High School,Near,Female,72,Alto
14.0,90.0,Medium,Medium,Yes,9.0,56.0,Medium,Yes,0.0,Low,Medium,Public,Neutral,4.0,No,High School,Near,Female,65,Bajo
17.0,64.0,High,Low,Yes,10.0,63.0,Medium,Yes,0.0,High,Medium,Public,Positive,3.0,No,High School,Near,Female,62,Bajo
22.0,77.0,Medium,High,No,6.0,71.0,High,Yes,3.0,Low,Medium,Public,Negative,4.0,No,High School,Near,Female,67,Medio
24.0,61.0,Medium,Medium,No,6.0,83.0,High,Yes,0.0,Medium,Medium,Public,Positive,3.0,Yes,High School,Near,Male,64,Bajo
26.0,61.0,Medium,Medium,No,7.0,64.0,Low,Yes,0.0,Medium,Medium,Private,Negative,3.0,No,High School,Near,Male,63,Bajo
31.0,79.0,Medium,High,No,7.0,98.0,Medium,Yes,1.0,Medium,Medium,Public,Neutral,2.0,No,High School,Near,Male,72,Alto
23.0,72.0,Low,Medium,No,6.0,61.0,High,Yes,1.0,High,Medium,Public,Positive,5.0,No,High School,Near,Male,66,Bajo
14.0,94.0,High,Medium,Yes,5.0,89.0,Medium,Yes,0.0,Medium,Medium,Public,Positive,1.0,No,High School,Near,Female,70,Alto
18.0,84.0,Medium,Low,Yes,9.0,68.0,Low,Yes,0.0,Medium,Medium,Private,Negative,2.0,No,High School,Near,Female,66,Bajo
22.0,78.0,High,High,No,6.0,92.0,Low,Yes,1.0,High,Medium,Public,Positive,3.0,No,High School,Near,Male,70,Alto
32.0,76.0,Low,Low,Yes,6.0,96.0,Low,Yes,0.0,Low,Medium,Public,Neutral,2.0,No,High School,Near,Female,67,Medio
12.0,80.0,Medium,Medium,Yes,7.0,59.0,High,Yes,1.0,Low,Medium,Public,Positive,2.0,No,High School,Near,Female,64,Bajo
27.0,62.0,High,Medium,No,5.0,75.0,Medium,Yes,2.0,Medium,Medium,Public,Positive,2.0,No,High School,Near,Male,67,Medio
21.0,96.0,High,High,Yes,5.0,58.0,Medium,Yes,0.0,High,Medium,Public,Neutral,4.0,No,High School,Near,Male,72,Alto
25.0,100.0,High,Low,No,6.0,85.0,Low,Yes,1.0,Medium,Medium,Public,Positive,3.0,No,High School,Near,Male,72,Alto
19.0,67.0,High,Medium,Yes,8.0,92.0,Low,Yes,2.0,High,Medium,Public,Neutral,5.0,No,High School,Near,Female,68,Medio
15.0,65.0,Medium,Medium,Yes,7.0,69.0,Medium,Yes,1.0,High,Medium,Public,Neutral,3.0,No,High School,Near,Female,64,Bajo
25.0,66.0,High,Medium,Yes,4.0,70.0,Medium,No,1.0,High,Medium,Public,Positive,3.0,No,High School,Near,Male,66,Bajo
24.0,86.0,Low,High,No,9.0,60.0,Medium,Yes,0.0,Low,Medium,Private,Positive,3.0,No,High School,Near,Male,68,Medio
26.0,86.0,Low,Low,No,8.0,65.0,Low,Yes,0.0,Low,Medium,Public,Neutral,4.0,No,High School,Near,Female,66,Bajo
20.0,94.0,Low,High,Yes,7.0,66.0,High,Yes,1.0,Low,Medium,Private,Positive,1.0,No,High School,Near,Female,70,Alto
16.0,90.0,High,High,Yes,7.0,58.0,High,Yes,1.0,Low,Medium,Public,Neutral,4.0,No,High School,Near,Female,70,Alto
11.0,78.0,Low,High,Yes,8.0,65.0,Medium,Yes,0.0,Medium,Medium,Private,Neutral,2.0,No,High School,Near,Female,62,Bajo
25.0,85.0,Low,Medium,Yes,10.0,95.0,Medium,Yes,0.0,Medium,Medium,Public,Positive,1.0,No,High School,Near,Male,69,Medio
23.0,88.0,Medium,Medium,Yes,8.0,66.0,Low,Yes,2.0,Medium,Medium,Private,Positive,2.0,No,High School,Near,Male,69,Medio
14.0,81.0,Medium,Medium,Yes,7.0,64.0,Medium,Yes,2.0,Medium,Medium,Public,Positive,4.0,Yes,High School,Near,Male,66,Bajo
17.0,79.0,High,High,No,5.0,69.0,Medium,Yes,4.0,Low,Medium,Public,Negative,3.0,No,High School,Near,Female,68,Medio
17.0,86.0,Medium,High,No,7.0,98.0,Medium,Yes,2.0,Low,Medium,Public,Positive,5.0,No,High School,Near,Male,71,Alto
11.0,82.0,Medium,Medium,Yes,8.0,88.0,Medium,No,1.0,Low,Medium,Private,Negative,2.0,No,High School,Near,Female,64,Bajo
15.0,86.0,Low,High,No,7.0,60.0,Medium,Yes,2.0,Medium,Medium,Public,Positive,3.0,No,High School,Near,Male,67,Medio
13.0,85.0,Medium,High,Yes,6.0,88.0,Medium,Yes,2.0,Medium,Medium,Public,Positive,3.0,No,High School,Near,Female,68,Medio
18.0,89.0,Low,High,Yes,8.0,88.0,Low,Yes,0.0,High,Medium,Public,Negative,1.0,No,High School,Near,Male,67,Medio
16.0,86.0,Medium,Medium,No,6.0,98.0,High,Yes,1.0,Low,Medium,Public,Neutral,3.0,No,High School,Near,Male,68,Medio
10.0,81.0,Medium,High,Yes,8.0,95.0,Medium,Yes,5.0,Low,Medium,Public,Positive,3.0,No,High School,Near,Female,69,Medio
32.0,87.0,Medium,High,Yes,6.0,55.0,Medium,Yes,0.0,Low,Medium,Public,Neutral,3.0,No,High School,Near,Male,71,Alto
28.0,78.0,High,Low,Yes,4.0,73.0,Low,No,3.0,Low,Medium,Private,Positive,4.0,No,High School,Near,Female,68,Medio
15.0,70.0,High,High,No,6.0,85.0,High,Yes,0.0,Low,Medium,Private,Positive,2.0,No,High School,Near,Male,65,Bajo
22.0,60.0,Low,Medium,No,7.0,99.0,Medium,Yes,1.0,Low,Medium,Public,Neutral,3.0,No,High School,Near,Male,63,Bajo
23.0,82.0,Low,Medium,Yes,8.0,54.0,Medium,Yes,0.0,Medium,Medium,Public,Negative,1.0,No,High School,Near,Female,65,Bajo
27.0,84.0,High,High,No,8.0,68.0,Low,Yes,3.0,Low,Medium,Private,Positive,2.0,Yes,High School,Near,Female,72,Alto
15.0,99.0,Low,Medium,Yes,5.0,75.0,Low,Yes,2.0,Medium,Medium,Public,Neutral,1.0,No,High School,Near,Male,67,Medio
27.0,74.0,Medium,High,No,7.0,71.0,Medium,Yes,1.0,Medium,Medium,Public,Positive,3.0,No,High School,Near,Female,69,Medio
17.0,76.0,Medium,Medium,No,6.0,73.0,Medium,Yes,3.0,Low,Medium,Private,Neutral,3.0,No,High School,Near,Male,67,Medio
12.0,68.0,High,Medium,Yes,6.0,68.0,Low,Yes,2.0,Medium,Medium,Public,Positive,4.0,No,High School,Near,Male,64,Bajo
24.0,63.0,Medium,Low,No,6.0,99.0,Low,No,0.0,Low,Medium,Public,Positive,3.0,No,High School,Near,Female,62,Bajo
28.0,91.0,Low,Medium,No,7.0,90.0,Medium,Yes,2.0,High,Medium,Private,Neutral,3.0,No,High School,Near,Male,71,Alto
36.0,70.0,Low,High,No,10.0,87.0,Medium,Yes,2.0,Low,Medium,Public,Positive,3.0,No,High School,Near,Male,70,Alto
13.0,84.0,Low,Medium,No,10.0,71.0,Low,Yes,1.0,Medium,Medium,Public,Neutral,3.0,No,High School,Near,Male,64,Bajo
24.0,88.0,Medium,Medium,Yes,6.0,94.0,Medium,Yes,0.0,Low,Medium,Private,Negative,2.0,No,High School,Near,Male,69,Medio
18.0,79.0,Medium,Medium,Yes,7.0,55.0,Medium,Yes,1.0,Low,Medium,Public,Positive,3.0,No,High School,Near,Female,65,Bajo
25.0,95.0,High,High,Yes,7.0,57.0,Medium,Yes,2.0,High,Medium,Private,Negative,2.0,No,High School,Near,Female,73,Alto
11.0,78.0,Medium,Low,Yes,7.0,98.0,Low,Yes,2.0,Medium,Medium,Public,Neutral,3.0,No,High School,Near,Female,64,Bajo
12.0,71.0,Medium,High,Yes,8.0,78.0,Low,Yes,2.0,Medium,Medium,Public,Negative,2.0,No,High School,Near,Female,64,Bajo
15.0,96.0,Medium,Medium,Yes,7.0,58.0,Medium,Yes,3.0,Medium,Medium,Public,Neutral,4.0,No,High School,Near,Male,70,Alto
20.0,94.0,Low,Low,Yes,6.0,97.0,Low,Yes,2.0,Medium,Medium,Public,Positive,5.0,No,High School,Near,Male,70,Alto
16.0,67.0,High,High,No,9.0,99.0,Medium,Yes,2.0,Medium,Medium,Public,Neutral,2.0,Yes,High School,Near,Male,64,Bajo
24.0,61.0,Low,Medium,No,5.0,94.0,Medium,Yes,3.0,Medium,Medium,Private,Neutral,2.0,Yes,High School,Near,Female,64,Bajo
26.0,64.0,Medium,Medium,Yes,7.0,62.0,High,Yes,3.0,Medium,Medium,Private,Negative,2.0,No,High School,Near,Male,66,Bajo
24.0,71.0,Low,High,Yes,5.0,64.0,Medium,Yes,1.0,Medium,Medium,Public,Neutral,3.0,No,High School,Near,Male,66,Bajo
30.0,99.0,Medium,Medium,Yes,5.0,70.0,Low,Yes,2.0,Medium,Medium,Public,Neutral,4.0,No,High School,Near,Female,74,Alto
22.0,82.0,High,High,No,8.0,79.0,Medium,No,2.0,Medium,Medium,Public,Negative,1.0,No,High School,Near,Female,69,Medio
13.0,75.0,Low,High,Yes,6.0,100.0,High,Yes,1.0,Medium,Medium,Public,Positive,3.0,No,High School,Near,Male,67,Medio
28.0,96.0,Medium,Medium,No,4.0,98.0,High,Yes,5.0,Low,Medium,Public,Neutral,5.0,Yes,High School,Near,Male,73,Alto
16.0,78.0,Low,Medium,No,6.0,96.0,High,Yes,0.0,Medium,Medium,Public,Positive,1.0,No,High School,Near,Female,66,Bajo
25.0,73.0,High,Medium,No,6.0,54.0,High,Yes,2.0,Medium,Medium,Public,Neutral,4.0,No,High School,Near,Female,67,Medio
29.0,98.0,Medium,High,Yes,5.0,88.0,Low,Yes,3.0,Low,Medium,Public,Neutral,2.0,No,High School,Near,Male,75,Alto
23.0,94.0,Medium,High,Yes,8.0,94.0,Low,Yes,2.0,Medium,Medium,Public,Positive,2.0,No,High School,Near,Male,73,Alto
11.0,94.0,Medium,Medium,No,5.0,67.0,Medium,Yes,2.0,High,Medium,Public,Neutral,5.0,No,High School,Near,Female,67,Medio
14.0,80.0,High,Low,Yes,6.0,61.0,Medium,Yes,0.0,Medium,Medium,Public,Neutral,4.0,No,High School,Near,Female,65,Bajo
28.0,92.0,Medium,Medium,Yes,7.0,87.0,Low,Yes,1.0,Low,Medium,Public,Positive,1.0,No,High School,Near,Female,71,Alto
19.0,67.0,Medium,Medium,Yes,6.0,55.0,Low,Yes,1.0,Medium,Medium,Public,Neutral,4.0,No,High School,Near,Male,63,Bajo
20.0,83.0,Medium,Low,Yes,6.0,97.0,High,Yes,2.0,Low,Medium,Public,Neutral,4.0,No,High School,Near,Female,68,Medio
25.0,99.0,Medium,High,No,6.0,58.0,High,Yes,0.0,Medium,Medium,Private,Positive,4.0,No,High School,Near,Male,72,Alto
24.0,72.0,Low,High,Yes,5.0,73.0,Low,Yes,2.0,Medium,Medium,Public,Positive,2.0,No,High School,Near,Male,67,Medio
22.0,92.0,Medium,High,No,6.0,99.0,Low,Yes,1.0,Medium,Medium,Public,Negative,4.0,No,High School,Near,Female,71,Alto
19.0,80.0,Low,Low,No,8.0,99.0,High,Yes,1.0,Low,Medium,Public,Positive,4.0,No,High School,Near,Male,67,Medio
18.0,62.0,Medium,High,Yes,6.0,89.0,Medium,Yes,0.0,High,Medium,Private,Positive,3.0,No,High School,Near,Female,66,Bajo
25.0,91.0,Medium,High,No,7.0,92.0,Medium,Yes,3.0,Low,Medium,Public,Negative,5.0,No,High School,Near,Male,72,Alto
23.0,67.0,Low,Low,No,9.0,98.0,Medium,Yes,2.0,Low,Medium,Public,Negative,0.0,No,High School,Near,Female,64,Bajo
18.0,85.0,Medium,Medium,No,8.0,96.0,Medium,Yes,0.0,High,Medium,Public,Negative,3.0,No,High School,Near,Male,68,Medio
26.0,63.0,High,High,No,5.0,81.0,Medium,Yes,0.0,Low,Medium,Public,Negative,2.0,No,High School,Near,Female,65,Bajo
19.0,98.0,Medium,High,Yes,8.0,87.0,High,Yes,1.0,Medium,Medium,Private,Positive,4.0,No,High School,Near,Male,74,Alto
15.0,72.0,Medium,Low,Yes,9.0,80.0,Medium,Yes,4.0,Medium,Medium,Private,Neutral,4.0,No,High School,Near,Female,65,Bajo
15.0,69.0,High,Low,Yes,6.0,75.0,Medium,No,2.0,Low,Medium,Public,Positive,2.0,No,High School,Near,Female,63,Bajo
14.0,65.0,Medium,Medium,Yes,5.0,94.0,Medium,Yes,5.0,Low,Medium,Private,Negative,3.0,No,High School,Near,Male,65,Bajo
18.0,98.0,Low,High,Yes,6.0,87.0,Medium,Yes,0.0,Medium,Medium,Public,Neutral,1.0,No,High School,Near,Male,70,Alto
27.0,88.0,Medium,High,Yes,7.0,93.0,Medium,Yes,0.0,Low,Medium,Public,Neutral,4.0,No,High School,Near,Male,71,Alto
15.0,90.0,Medium,Medium,Yes,8.0,55.0,Medium,Yes,1.0,Low,Medium,Public,Neutral,1.0,No,High School,Near,Female,66,Bajo
21.0,80.0,Medium,Medium,Yes,6.0,79.0,Low,Yes,2.0,Medium,Medium,Public,Positive,3.0,No,High School,Near,Male,69,Medio
16.0,79.0,Medium,High,Yes,4.0,66.0,High,Yes,2.0,Medium,Medium,Public,Neutral,2.0,No,High School,Near,Male,67,Medio
18.0,64.0,Medium,High,Yes,5.0,76.0,Low,Yes,1.0,Low,Medium,Public,Positive,4.0,No,High School,Near,Male,64,Bajo
11.0,82.0,High,High,No,8.0,81.0,High,Yes,2.0,Low,Medium,Public,Positive,2.0,No,High School,Near,Female,67,Medio
19.0,70.0,Medium,High,Yes,10.0,92.0,Medium,Yes,1.0,Low,Medium,Public,Positive,4.0,No,High School,Near,Male,67,Medio
19.0,99.0,High,Medium,No,7.0,52.0,Medium,Yes,1.0,Medium,Medium,Public,Neutral,4.0,No,High School,Near,Male,70,Alto
23.0,92.0,High,High,No,9.0,58.0,Medium,Yes,2.0,Low,Medium,Private,Neutral,1.0,No,High School,Near,Female,71,Alto
21.0,77.0,Medium,Low,Yes,5.0,96.0,High,Yes,2.0,Low,Medium,Private,Neutral,5.0,No,High School,Near,Female,68,Medio
13.0,66.0,High,High,No,6.0,98.0,Low,Yes,1.0,High,Medium,Public,Positive,2.0,No,High School,Near,Male,65,Bajo
27.0,91.0,Medium,Medium,No,4.0,53.0,Medium,Yes,1.0,Low,Medium,Private,Positive,3.0,No,High School,Near,Female,70,Alto
21.0,65.0,Medium,High,Yes,8.0,67.0,Low,No,1.0,Low,Medium,Public,Positive,4.0,No,High School,Near,Female,64,Bajo
21.0,68.0,High,High,Yes,6.0,50.0,High,Yes,3.0,Medium,Medium,Private,Neutral,4.0,No,High School,Near,Male,67,Medio
20.0,68.0,Low,Low,No,8.0,88.0,Medium,Yes,5.0,Low,Medium,Private,Neutral,3.0,No,High School,Near,Male,63,Bajo
17.0,82.0,Medium,Low,Yes,6.0,84.0,High,Yes,2.0,Low,Medium,Public,Negative,3.0,No,High School,Near,Female,65,Bajo
21.0,91.0,Medium,Medium,Yes,10.0,78.0,High,Yes,2.0,Low,Medium,Public,Negative,2.0,No,High School,Near,Male,70,Alto
23.0,73.0,Medium,High,No,10.0,85.0,Medium,Yes,1.0,Low,Medium,Public,Neutral,3.0,No,High School,Near,Male,67,Medio
10.0,63.0,Medium,High,No,4.0,77.0,Low,No,3.0,Low,Medium,Private,Neutral,3.0,No,High School,Near,Male,60,Bajo
17.0,79.0,Low,High,No,8.0,62.0,Low,Yes,1.0,Low,Medium,Public,Neutral,3.0,No,High School,Near,Female,64,Bajo
18.0,90.0,Low,Medium,No,6.0,88.0,Low,Yes,1.0,Medium,Medium,Private,Negative,1.0,No,High School,Near,Female,65,Bajo
22.0,69.0,Medium,Medium,No,8.0,89.0,Low,No,0.0,Low,Medium,Public,Positive,5.0,No,High School,Near,Female,64,Bajo
27.0,69.0,Medium,Low,Yes,5.0,93.0,Medium,Yes,1.0,Medium,Medium,Public,Positive,4.0,No,High School,Near,Male,67,Medio
15.0,98.0,Medium,Medium,Yes,9.0,98.0,High,Yes,0.0,Medium,Medium,Private,Positive,3.0,No,High School,Near,Female,71,Alto
17.0,98.0,Medium,Medium,No,9.0,87.0,Low,Yes,0.0,High,Medium,Private,Positive,3.0,No,High School,Near,Female,69,Medio
17.0,100.0,Medium,High,Yes,5.0,53.0,Low,Yes,1.0,Medium,Medium,Public,Positive,4.0,No,High School,Near,Male,70,Alto
15.0,92.0,Medium,Medium,Yes,7.0,51.0,Medium,Yes,1.0,High,Medium,Public,Positive,3.0,No,High School,Near,Female,69,Medio
18.0,68.0,High,High,Yes,7.0,87.0,High,Yes,3.0,Medium,Medium,Public,Positive,4.0,No,High School,Near,Male,69,Medio
25.0,68.0,Low,Medium,Yes,8.0,53.0,Low,Yes,2.0,Medium,Medium,Public,Neutral,3.0,No,High School,Near,Female,64,Bajo
14.0,74.0,Low,Medium,Yes,7.0,66.0,Medium,Yes,0.0,Medium,Medium,Private,Negative,3.0,No,High School,Near,Male,63,Bajo
23.0,73.0,High,Medium,No,8.0,57.0,Medium,Yes,3.0,Medium,Medium,Public,Positive,2.0,No,High School,Near,Male,67,Medio
10.0,98.0,Medium,Medium,No,7.0,98.0,Low,No,0.0,Medium,Medium,Public,Neutral,3.0,No,High School,Near,Female,66,Bajo
17.0,92.0,Medium,High,Yes,8.0,66.0,Medium,Yes,2.0,Low,Medium,Public,Positive,3.0,No,High School,Near,Female,69,Medio
18.0,89.0,Medium,Medium,No,5.0,53.0,Medium,Yes,5.0,Low,Medium,Private,Neutral,4.0,No,High School,Near,Male,69,Medio
30.0,67.0,Medium,Medium,No,7.0,97.0,High,Yes,2.0,High,Medium,Public,Neutral,3.0,Yes,High School,Near,Male,69,Medio
18.0,96.0,Medium,High,Yes,9.0,80.0,High,Yes,1.0,Low,Medium,Public,Positive,3.0,No,High School,Near,Male,72,Alto
7.0,93.0,High,High,Yes,9.0,52.0,High,Yes,1.0,Medium,Medium,Private,Negative,3.0,No,High School,Near,Female,65,Bajo
8.0,67.0,Medium,Medium,Yes,7.0,92.0,Medium,Yes,0.0,High,Medium,Private,Positive,2.0,No,High School,Near,Male,63,Bajo
20.0,95.0,Medium,Medium,No,7.0,58.0,Low,Yes,1.0,Low,Medium,Public,Neutral,4.0,No,High School,Near,Male,69,Medio
24.0,71.0,High,Medium,Yes,9.0,90.0,Low,Yes,3.0,Medium,Medium,Private,Neutral,3.0,No,High School,Near,Male,69,Medio
22.0,63.0,Medium,Low,Yes,7.0,80.0,Medium,Yes,2.0,High,Medium,Private,Negative,2.0,No,High School,Near,Female,64,Bajo
21.0,86.0,Medium,Low,Yes,9.0,59.0,High,Yes,2.0,Medium,Medium,Private,Positive,3.0,No,High School,Near,Male,69,Medio
27.0,86.0,Medium,High,No,7.0,88.0,Medium,Yes,1.0,Medium,Medium,Private,Neutral,3.0,No,High School,Near,Male,72,Alto
17.0,64.0,Medium,Low,No,7.0,73.0,High,Yes,1.0,Low,Medium,Public,Neutral,4.0,No,High School,Near,Male,62,Bajo
25.0,73.0,High,Medium,Yes,5.0,82.0,Low,No,1.0,Medium,Medium,Private,Positive,3.0,Yes,High School,Near,Male,66,Bajo
10.0,100.0,Low,Medium,No,5.0,93.0,Low,Yes,2.0,Medium,Medium,Public,Neutral,1.0,No,High School,Near,Female,65,Bajo
15.0,87.0,High,High,Yes,8.0,63.0,Medium,Yes,0.0,High,Medium,Public,Neutral,3.0,No,High School,Near,Female,69,Medio
9.0,89.0,Medium,Low,No,10.0,68.0,High,Yes,1.0,High,Medium,Public,Negative,3.0,No,High School,Near,Female,65,Bajo
18.0,69.0,High,Medium,Yes,7.0,100.0,Medium,Yes,3.0,Medium,Medium,Public,Negative,2.0,No,High School,Near,Male,67,Medio
20.0,63.0,Low,Medium,Yes,7.0,75.0,Low,Yes,2.0,Medium,Medium,Public,Neutral,2.0,No,High School,Near,Female,63,Bajo
21.0,71.0,High,Medium,No,9.0,78.0,Low,Yes,2.0,Medium,Medium,Public,Neutral,4.0,No,High School,Near,Male,66,Bajo
20.0,70.0,Low,Medium,No,8.0,64.0,Low,Yes,0.0,Low,Medium,Private,Positive,3.0,No,High School,Near,Male,61,Bajo
14.0,69.0,High,Medium,Yes,4.0,71.0,Medium,Yes,1.0,Medium,Medium,Public,Positive,4.0,No,High School,Near,Female,64,Bajo
19.0,68.0,Medium,Low,Yes,8.0,75.0,Low,Yes,1.0,Medium,Medium,Private,Neutral,4.0,No,High School,Near,Male,64,Bajo
11.0,83.0,Medium,Medium,Yes,5.0,63.0,Medium,Yes,2.0,Low,Medium,Public,Neutral,3.0,No,High School,Near,Male,65,Bajo
28.0,73.0,Medium,Low,No,7.0,62.0,Medium,Yes,3.0,High,Medium,Public,Neutral,3.0,No,High School,Near,Female,68,Medio
18.0,93.0,Low,High,Yes,6.0,80.0,Medium,Yes,1.0,Medium,Medium,Private,Negative,3.0,No,High School,Near,Male,69,Medio
17.0,67.0,Medium,Medium,No,6.0,59.0,Medium,Yes,0.0,Medium,Medium,Public,Negative,3.0,No,High School,Near,Female,61,Bajo
30.0,79.0,Medium,High,No,7.0,78.0,Medium,No,3.0,High,Medium,Private,Positive,2.0,No,High School,Near,Female,72,Alto
13.0,61.0,Medium,Low,Yes,8.0,85.0,Medium,Yes,4.0,Low,Medium,Private,Neutral,3.0,No,High School,Near,Male,61,Bajo
13.0,79.0,High,High,No,7.0,60.0,Medium,Yes,1.0,Low,Medium,Private,Neutral,4.0,No,High School,Near,Male,66,Bajo
13.0,62.0,Low,Medium,Yes,9.0,87.0,Medium,Yes,1.0,Low,Medium,Public,Negative,1.0,No,High School,Near,Male,60,Bajo
20.0,99.0,Medium,Low,No,9.0,68.0,Low,Yes,1.0,Low,Medium,Public,Positive,3.0,No,High School,Near,Male,69,Medio
23.0,92.0,Medium,High,No,9.0,100.0,Medium,Yes,1.0,High,Medium,Public,Neutral,2.0,Yes,High School,Near,Male,72,Alto
24.0,80.0,Medium,High,Yes,7.0,99.0,Low,Yes,2.0,Medium,Medium,Public,Negative,2.0,No,High School,Near,Female,69,Medio
35.0,63.0,High,High,Yes,6.0,90.0,Low,Yes,0.0,Medium,Medium,Public,Positive,3.0,No,High School,Near,Male,71,Alto
7.0,84.0,Medium,High,No,7.0,67.0,Medium,Yes,1.0,Medium,Medium,Private,Neutral,3.0,No,High School,Near,Male,64,Bajo
24.0,90.0,Low,Low,Yes,9.0,97.0,High,Yes,3.0,Low,Medium,Public,Positive,4.0,No,High School,Near,Male,71,Alto
17.0,68.0,Low,Medium,Yes,9.0,100.0,High,Yes,1.0,Medium,Medium,Public,Negative,3.0,No,High School,Near,Male,64,Bajo
16.0,83.0,Medium,Medium,Yes,4.0,73.0,High,Yes,3.0,Low,Medium,Public,Negative,3.0,No,High School,Near,Female,67,Medio
16.0,93.0,Medium,Low,Yes,7.0,81.0,Medium,Yes,2.0,Low,Medium,Private,Negative,3.0,Yes,High School,Near,Male,67,Medio
15.0,91.0,Low,High,Yes,4.0,50.0,High,Yes,1.0,Medium,Medium,Public,Neutral,3.0,No,High School,Near,Female,66,Bajo
30.0,92.0,Low,Medium,Yes,7.0,52.0,Medium,Yes,3.0,High,Medium,Private,Positive,4.0,No,High School,Near,Male,73,Alto
25.0,95.0,Medium,High,Yes,6.0,75.0,Medium,Yes,1.0,Medium,Medium,Private,Positive,4.0,No,High School,Near,Male,73,Alto
20.0,98.0,Medium,Medium,No,6.0,80.0,Medium,Yes,0.0,Medium,Medium,Public,Positive,2.0,No,High School,Near,Male,70,Alto
28.0,76.0,Low,Medium,Yes,8.0,66.0,Medium,Yes,5.0,High,Medium,Public,Positive,4.0,No,High School,Near,Male,70,Alto
11.0,83.0,Medium,Low,Yes,6.0,55.0,Low,Yes,0.0,Low,Medium,Public,Positive,4.0,Yes,High School,Near,Female,62,Bajo
12.0,92.0,High,Low,Yes,7.0,89.0,Medium,Yes,1.0,Medium,Medium,Private,Neutral,2.0,No,High School,Near,Male,68,Medio
7.0,88.0,High,High,Yes,6.0,71.0,Medium,Yes,0.0,Low,Medium,Public,Positive,3.0,No,High School,Near,Female,65,Bajo
16.0,100.0,High,High,Yes,7.0,82.0,Medium,Yes,2.0,High,Medium,Public,Positive,2.0,No,High School,Near,Male,73,Alto
21.0,61.0,High,Medium,Yes,8.0,83.0,High,No,1.0,Low,Medium,Private,Neutral,3.0,No,High School,Near,Female,65,Bajo
21.0,74.0,Medium,High,Yes,6.0,77.0,High,No,0.0,Medium,Medium,Public,Neutral,3.0,No,High School,Near,Male,66,Bajo
21.0,71.0,Low,Medium,Yes,8.0,59.0,Medium,Yes,3.0,Low,Medium,Public,Neutral,3.0,No,High School,Near,Male,64,Bajo
12.0,70.0,Medium,High,No,7.0,81.0,High,Yes,0.0,Low,Medium,Public,Positive,3.0,No,High School,Near,Male,63,Bajo
25.0,69.0,Medium,Medium,No,7.0,66.0,Medium,No,0.0,Low,Medium,Public,Neutral,3.0,Yes,High School,Near,Male,62,Bajo
21.0,88.0,High,Medium,Yes,6.0,91.0,Low,Yes,0.0,Low,Medium,Private,Neutral,4.0,No,High School,Near,Female,70,Alto
24.0,63.0,Medium,Medium,No,8.0,60.0,Medium,Yes,3.0,High,Medium,Public,Neutral,3.0,No,High School,Near,Male,65,Bajo
9.0,90.0,Medium,Medium,Yes,8.0,65.0,Medium,Yes,0.0,Medium,Medium,Private,Neutral,5.0,No,High School,Near,Male,64,Bajo
22.0,88.0,Medium,Medium,No,7.0,72.0,Low,Yes,4.0,High,Medium,Public,Negative,2.0,No,High School,Near,Male,70,Alto
13.0,70.0,Medium,Medium,No,7.0,87.0,Medium,Yes,1.0,Low,Medium,Public,Neutral,5.0,No,High School,Near,Male,62,Bajo
18.0,70.0,Medium,Medium,No,8.0,86.0,Medium,Yes,5.0,High,Medium,Public,Positive,2.0,No,High School,Near,Female,67,Medio
23.0,85.0,Medium,Low,No,8.0,67.0,Low,Yes,1.0,Medium,Medium,Private,Neutral,3.0,No,High School,Near,Female,66,Bajo
21.0,90.0,High,High,Yes,7.0,76.0,High,Yes,2.0,High,Medium,Public,Positive,3.0,No,High School,Near,Female,74,Alto
15.0,95.0,Medium,High,Yes,9.0,62.0,Medium,Yes,2.0,Medium,Medium,Public,Positive,3.0,No,High School,Near,Male,69,Medio
20.0,94.0,Medium,High,Yes,8.0,89.0,Low,Yes,0.0,Medium,Medium,Public,Positive,4.0,Yes,High School,Near,Female,70,Alto
11.0,99.0,Medium,Medium,No,10.0,60.0,Medium,Yes,1.0,High,Medium,Public,Positive,1.0,No,High School,Near,Female,68,Medio
27.0,83.0,Medium,Low,No,5.0,91.0,Medium,Yes,3.0,Low,Medium,Public,Neutral,2.0,No,High School,Near,Male,70,Alto
19.0,96.0,Medium,Medium,Yes,8.0,97.0,Medium,Yes,3.0,Medium,Medium,Public,Negative,2.0,No,High School,Near,Male,71,Alto
27.0,92.0,Medium,Low,Yes,9.0,100.0,High,Yes,2.0,Medium,Medium,Public,Positive,0.0,No,High School,Near,Female,73,Alto
17.0,96.0,Medium,Medium,No,9.0,93.0,Low,Yes,3.0,Medium,Medium,Private,Neutral,2.0,No,High School,Near,Male,69,Medio
17.0,60.0,Low,Low,Yes,7.0,61.0,Medium,Yes,1.0,Low,Medium,Public,Positive,4.0,No,High School,Near,Female,61,Bajo
15.0,99.0,Medium,Medium,Yes,5.0,71.0,Medium,Yes,0.0,Medium,Medium,Public,Neutral,2.0,No,High School,Near,Male,68,Medio
25.0,79.0,Medium,Low,Yes,9.0,54.0,Medium,Yes,1.0,Low,Medium,Private,Positive,2.0,No,High School,Near,Male,66,Bajo
16.0,92.0,High,Low,Yes,6.0,58.0,Low,Yes,0.0,High,Medium,Private,Positive,4.0,No,High School,Near,Female,67,Medio
24.0,65.0,Low,High,Yes,7.0,52.0,Medium,Yes,1.0,High,Medium,Public,Neutral,1.0,No,High School,Near,Female,64,Bajo
18.0,76.0,Low,High,Yes,10.0,82.0,High,Yes,1.0,Medium,Medium,Private,Negative,4.0,No,High School,Near,Male,67,Medio
8.0,71.0,High,Medium,Yes,5.0,77.0,Medium,No,0.0,High,Medium,Public,Neutral,4.0,No,High School,Near,Female,61,Bajo
17.0,72.0,Low,Medium,No,8.0,96.0,High,Yes,2.0,Low,Medium,Public,Neutral,3.0,No,High School,Near,Male,65,Bajo
13.0,65.0,Low,High,Yes,6.0,73.0,Medium,Yes,0.0,Low,Medium,Private,Positive,3.0,No,High School,Near,Female,62,Bajo
20.0,92.0,Low,High,No,6.0,82.0,Medium,Yes,0.0,Medium,Medium,Public,Neutral,5.0,No,High School,Near,Female,69,Medio
13.0,60.0,High,High,No,7.0,70.0,Medium,Yes,1.0,Medium,Medium,Public,Negative,3.0,No,High School,Near,Female,61,Bajo
26.0,73.0,High,Medium,No,8.0,91.0,Medium,Yes,4.0,Low,Medium,Public,Neutral,5.0,No,High School,Near,Male,69,Medio
19.0,67.0,Medium,Low,No,8.0,96.0,High,No,1.0,High,Medium,Public,Positive,3.0,No,High School,Near,Male,64,Bajo
19.0,84.0,Medium,Low,No,9.0,72.0,High,Yes,1.0,Low,Medium,Public,Positive,3.0,No,High School,Near,Female,65,Bajo
24.0,70.0,Medium,High,No,6.0,54.0,Low,Yes,1.0,High,Medium,Public,Neutral,1.0,No,High School,Near,Female,64,Bajo
26.0,70.0,High,High,Yes,5.0,58.0,Medium,Yes,1.0,Low,Medium,Private,Positive,3.0,No,High School,Near,Male,68,Medio
20.0,80.0,Low,Medium,Yes,6.0,86.0,High,Yes,1.0,Low,Medium,Private,Positive,3.0,No,High School,Near,Female,67,Medio
15.0,86.0,High,Medium,Yes,8.0,66.0,Low,Yes,0.0,Medium,Medium,Private,Positive,5.0,No,High School,Near,Male,68,Medio
9.0,65.0,Low,Medium,Yes,7.0,89.0,Medium,Yes,2.0,Low,Medium,Public,Positive,4.0,No,High School,Near,Male,61,Bajo
16.0,67.0,Medium,High,Yes,4.0,87.0,High,Yes,5.0,High,Medium,Public,Positive,4.0,No,High School,Near,Male,69,Medio
16.0,70.0,Low,High,Yes,4.0,85.0,High,Yes,0.0,Medium,Medium,Private,Neutral,3.0,No,High School,Near,Male,64,Bajo
21.0,99.0,High,Medium,Yes,7.0,91.0,Medium,No,3.0,Medium,Medium,Public,Positive,4.0,No,High School,Near,Male,74,Alto
18.0,76.0,Medium,Medium,No,8.0,88.0,Low,Yes,1.0,Medium,Medium,Public,Neutral,4.0,No,High School,Near,Female,66,Bajo
24.0,84.0,Medium,Medium,No,6.0,82.0,Medium,Yes,1.0,Medium,Medium,Public,Negative,2.0,No,High School,Near,Male,68,Medio
16.0,70.0,Medium,High,Yes,8.0,50.0,High,Yes,3.0,High,Medium,Private,Neutral,3.0,No,High School,Near,Male,65,Bajo
20.0,80.0,Medium,High,Yes,5.0,76.0,Medium,No,0.0,Low,Medium,Private,Negative,3.0,No,High School,Near,Female,66,Bajo
27.0,63.0,High,Low,No,7.0,80.0,Medium,No,2.0,Medium,Medium,Public,Positive,2.0,No,High School,Near,Female,66,Bajo
22.0,61.0,Medium,Low,No,7.0,98.0,High,Yes,3.0,High,Medium,Private,Neutral,2.0,No,High School,Near,Female,65,Bajo
20.0,79.0,Medium,Medium,No,8.0,83.0,Medium,Yes,3.0,Low,Medium,Private,Neutral,4.0,No,High School,Near,Male,67,Medio
16.0,76.0,Low,Medium,Yes,5.0,79.0,Medium,Yes,0.0,Low,Medium,Public,Positive,4.0,No,High School,Near,Female,65,Bajo
16.0,65.0,Medium,Medium,No,5.0,77.0,Medium,Yes,1.0,High,Medium,Public,Positive,3.0,No,High School,Near,Male,63,Bajo
15.0,88.0,High,Medium,No,8.0,55.0,Medium,Yes,1.0,High,Medium,Private,Neutral,2.0,No,High School,Near,Male,67,Medio
17.0,100.0,Medium,High,Yes,5.0,71.0,Low,Yes,2.0,Low,Medium,Public,Neutral,4.0,No,High School,Near,Male,70,Alto
25.0,76.0,High,High,Yes,6.0,57.0,Low,No,0.0,Medium,Medium,Public,Positive,3.0,No,High School,Near,Male,68,Medio
19.0,85.0,Medium,Medium,Yes,9.0,53.0,High,Yes,1.0,Medium,Medium,Public,Neutral,3.0,No,High School,Near,Male,66,Bajo
12.0,99.0,Medium,Medium,Yes,7.0,66.0,Low,Yes,3.0,Medium,Medium,Private,Negative,1.0,No,High School,Near,Female,67,Medio
31.0,93.0,Medium,Low,No,8.0,82.0,Low,Yes,2.0,High,Medium,Private,Neutral,1.0,No,High School,Near,Male,72,Alto
22.0,79.0,High,High,Yes,8.0,93.0,Medium,Yes,0.0,Medium,Medium,Private,Negative,2.0,Yes,High School,Near,Female,68,Medio
12.0,89.0,Medium,High,No,8.0,91.0,Medium,No,1.0,Low,Medium,Public,Neutral,2.0,No,High School,Near,Male,66,Bajo
17.0,65.0,Medium,Medium,No,7.0,65.0,Medium,Yes,0.0,High,Medium,Private,Neutral,4.0,No,High School,Near,Male,62,Bajo
21.0,80.0,High,Low,Yes,6.0,52.0,Medium,Yes,1.0,Low,Medium,Public,Negative,4.0,No,High School,Near,Male,65,Bajo
30.0,71.0,High,Low,No,10.0,70.0,Low,Yes,3.0,Medium,Medium,Public,Neutral,4.0,Yes,High School,Near,Female,67,Medio
13.0,66.0,Medium,Medium,Yes,7.0,66.0,Low,Yes,3.0,Medium,Medium,Public,Negative,2.0,No,High School,Near,Female,62,Bajo
26.0,77.0,Medium,Low,Yes,7.0,69.0,Low,Yes,1.0,High,Medium,Public,Neutral,3.0,Yes,High School,Near,Female,66,Bajo
28.0,65.0,Medium,Medium,No,8.0,78.0,High,No,1.0,High,Medium,Private,Positive,3.0,No,High School,Near,Female,67,Medio
16.0,88.0,Medium,Medium,Yes,6.0,52.0,Medium,Yes,2.0,High,Medium,Public,Positive,3.0,No,High School,Near,Female,68,Medio
18.0,78.0,Medium,Medium,Yes,6.0,69.0,Medium,Yes,1.0,Medium,Medium,Public,Negative,4.0,No,High School,Near,Female,66,Bajo
14.0,81.0,High,High,No,9.0,78.0,Medium,Yes,0.0,Medium,Medium,Private,Positive,4.0,No,High School,Near,Female,68,Medio
19.0,66.0,Low,Medium,No,6.0,72.0,Medium,Yes,2.0,Low,Medium,Public,Negative,5.0,No,High School,Near,Male,62,Bajo
20.0,66.0,Medium,High,No,8.0,83.0,Medium,Yes,1.0,Low,Medium,Public,Neutral,2.0,Yes,High School,Near,Male,64,Bajo
24.0,83.0,High,Low,No,8.0,59.0,Medium,Yes,1.0,Low,Medium,Public,Positive,3.0,No,High School,Near,Male,68,Medio
27.0,99.0,Low,Low,Yes,7.0,58.0,Low,Yes,2.0,Medium,Medium,Private,Positive,2.0,No,High School,Near,Male,71,Alto
16.0,64.0,Medium,Medium,No,7.0,65.0,Medium,Yes,2.0,Medium,Medium,Public,Neutral,4.0,No,High School,Near,Male,63,Bajo
8.0,71.0,High,Medium,No,8.0,55.0,High,Yes,1.0,Low,Medium,Public,Positive,2.0,No,High School,Near,Male,62,Bajo
20.0,95.0,High,Low,Yes,7.0,62.0,Low,Yes,1.0,Low,Medium,Private,Positive,3.0,No,High School,Near,Male,69,Medio
22.0,63.0,Medium,Medium,Yes,4.0,54.0,Medium,Yes,0.0,Medium,Medium,Private,Positive,3.0,No,High School,Near,Male,62,Bajo
21.0,95.0,Low,Medium,Yes,9.0,70.0,Medium,Yes,3.0,High,Medium,Public,Positive,3.0,No,High School,Near,Female,71,Alto
18.0,81.0,Low,High,Yes,6.0,86.0,Medium,Yes,3.0,Low,Medium,Public,Positive,4.0,No,High School,Near,Male,69,Medio
21.0,76.0,Medium,Medium,Yes,7.0,64.0,Low,Yes,1.0,Medium,Medium,Private,Positive,2.0,No,High School,Near,Male,66,Bajo
29.0,72.0,Low,Medium,No,5.0,50.0,Low,Yes,0.0,Low,Medium,Public,Neutral,4.0,No,High School,Near,Female,64,Bajo
22.0,72.0,Low,High,No,6.0,78.0,Low,No,1.0,Low,Medium,Public,Neutral,3.0,No,High School,Near,Male,65,Bajo
18.0,72.0,High,High,No,6.0,85.0,High,Yes,1.0,High,Medium,Private,Positive,1.0,No,High School,Near,Male,68,Medio
17.0,95.0,High,Medium,No,7.0,70.0,High,Yes,1.0,Low,Medium,Public,Neutral,3.0,No,High School,Near,Male,69,Medio
19.0,89.0,High,Medium,Yes,6.0,65.0,Low,Yes,2.0,Low,Medium,Public,Neutral,3.0,Yes,High School,Near,Male,68,Medio
30.0,87.0,Low,Medium,Yes,10.0,75.0,Low,Yes,3.0,Low,Medium,Public,Neutral,4.0,No,High School,Near,Male,71,Alto
19.0,92.0,Low,Medium,No,7.0,55.0,Medium,Yes,1.0,Medium,Medium,Public,Neutral,5.0,No,High School,Near,Male,66,Bajo
20.0,70.0,High,Low,No,8.0,82.0,Medium,Yes,2.0,Low,Medium,Private,Positive,3.0,No,High School,Near,Male,65,Bajo
17.0,85.0,High,Medium,Yes,7.0,87.0,Medium,Yes,1.0,Low,Medium,Private,Neutral,1.0,No,High School,Near,Female,68,Medio
27.0,78.0,High,High,No,8.0,85.0,Medium,Yes,0.0,High,Medium,Public,Positive,3.0,No,High School,Near,Male,72,Alto
32.0,91.0,High,Medium,Yes,4.0,66.0,Medium,Yes,3.0,Low,Medium,Public,Neutral,2.0,No,High School,Near,Female,75,Alto
23.0,72.0,High,Low,Yes,6.0,92.0,Low,Yes,2.0,High,Medium,Public,Negative,3.0,No,High School,Near,Male,67,Medio
20.0,86.0,Medium,Medium,No,6.0,97.0,Low,Yes,1.0,Low,Medium,Private,Neutral,2.0,No,High School,Near,Male,67,Medio
20.0,95.0,Medium,Medium,No,6.0,65.0,High,Yes,2.0,Low,Medium,Public,Neutral,3.0,No,High School,Near,Female,70,Alto
6.0,76.0,Medium,Medium,Yes,8.0,63.0,Medium,Yes,5.0,Medium,Medium,Public,Neutral,3.0,No,High School,Near,Male,64,Bajo
24.0,63.0,Medium,Medium,Yes,8.0,85.0,High,Yes,1.0,Low,Medium,Private,Positive,3.0,No,High School,Near,Female,65,Bajo
21.0,81.0,Medium,Medium,Yes,7.0,85.0,Medium,Yes,1.0,Low,Medium,Public,Negative,3.0,No,High School,Near,Male,68,Medio
23.0,74.0,High,High,No,7.0,76.0,Medium,Yes,1.0,Medium,Medium,Public,Neutral,2.0,No,High School,Near,Female,67,Medio
16.0,87.0,Low,Medium,Yes,10.0,96.0,Medium,No,1.0,Low,Medium,Public,Positive,1.0,No,High School,Near,Male,66,Bajo
18.0,98.0,High,Medium,No,7.0,57.0,Low,Yes,0.0,High,Medium,Private,Neutral,1.0,No,High School,Near,Male,69,Medio
18.0,79.0,Low,High,No,4.0,74.0,Low,Yes,2.0,Low,Medium,Public,Negative,1.0,No,High School,Near,Female,64,Bajo
26.0,79.0,Medium,High,Yes,8.0,52.0,High,Yes,1.0,Medium,Medium,Public,Negative,3.0,Yes,High School,Near,Female,68,Medio
18.0,86.0,High,Medium,No,8.0,53.0,Low,Yes,5.0,Low,Medium,Private,Negative,3.0,No,High School,Near,Male,68,Medio
32.0,64.0,Low,High,Yes,9.0,53.0,Low,No,1.0,Low,Medium,Private,Positive,3.0,No,High School,Near,Female,65,Bajo
23.0,70.0,Medium,Medium,Yes,8.0,75.0,Medium,Yes,0.0,High,Medium,Public,Positive,2.0,No,High School,Near,Male,65,Bajo
12.0,97.0,Low,Medium,Yes,6.0,79.0,Medium,No,1.0,Medium,Medium,Public,Negative,2.0,No,High School,Near,Male,65,Bajo
19.0,87.0,High,Medium,No,8.0,50.0,Low,Yes,0.0,High,Medium,Public,Neutral,2.0,No,High School,Near,Female,67,Medio
16.0,61.0,High,Medium,Yes,7.0,82.0,Medium,Yes,2.0,Low,Medium,Public,Negative,3.0,No,High School,Near,Female,63,Bajo
7.0,68.0,High,Medium,No,9.0,74.0,Medium,Yes,1.0,Low,Medium,Public,Positive,3.0,No,High School,Near,Female,62,Bajo
30.0,87.0,High,Medium,Yes,9.0,61.0,High,Yes,2.0,Medium,Medium,Private,Neutral,4.0,No,High School,Near,Male,73,Alto
24.0,91.0,High,High,Yes,7.0,51.0,High,Yes,2.0,Medium,Medium,Public,Neutral,3.0,No,High School,Near,Male,72,Alto
23.0,94.0,Low,Medium,No,8.0,58.0,High,Yes,5.0,Low,Medium,Public,Neutral,6.0,No,High School,Near,Female,71,Alto
21.0,72.0,Medium,Medium,No,9.0,80.0,High,Yes,3.0,Low,Medium,Public,Neutral,4.0,No,High School,Near,Male,67,Medio
12.0,97.0,Medium,Low,Yes,7.0,83.0,Medium,Yes,0.0,Low,Medium,Public,Neutral,2.0,No,High School,Near,Male,66,Bajo
17.0,82.0,Medium,High,Yes,10.0,82.0,High,Yes,1.0,Medium,Medium,Private,Positive,2.0,No,High School,Near,Male,68,Medio
25.0,88.0,High,High,Yes,9.0,58.0,Low,Yes,0.0,Low,Medium,Public,Negative,4.0,No,High School,Near,Male,70,Alto
14.0,84.0,Medium,Medium,Yes,6.0,96.0,Medium,No,2.0,Low,Medium,Private,Neutral,2.0,No,High School,Near,Male,66,Bajo
5.0,65.0,Low,High,No,7.0,71.0,Medium,Yes,0.0,Low,Medium,Private,Negative,2.0,No,High School,Near,Male,56,Bajo
19.0,99.0,Medium,High,Yes,8.0,88.0,High,No,1.0,Low,Medium,Public,Positive,3.0,No,High School,Near,Female,71,Alto
19.0,65.0,Low,High,No,10.0,58.0,Medium,Yes,2.0,Medium,Medium,Private,Positive,3.0,No,High School,Near,Female,64,Bajo
21.0,70.0,Medium,Medium,No,8.0,74.0,Low,Yes,2.0,Medium,Medium,Public,Positive,3.0,No,High School,Near,Male,65,Bajo
24.0,93.0,Medium,Medium,Yes,7.0,76.0,High,Yes,2.0,Low,Medium,Public,Neutral,1.0,Yes,High School,Near,Male,70,Alto
24.0,85.0,High,Low,Yes,9.0,89.0,Medium,Yes,1.0,Low,Medium,Public,Positive,2.0,No,High School,Near,Male,70,Alto
22.0,94.0,Low,High,Yes,7.0,81.0,Medium,Yes,2.0,Medium,Medium,Public,Neutral,4.0,No,High School,Near,Male,71,Alto
27.0,81.0,High,High,Yes,6.0,70.0,Medium,Yes,0.0,Low,Medium,Public,Positive,5.0,No,High School,Near,Female,70,Alto
11.0,75.0,Low,High,No,8.0,64.0,Medium,Yes,3.0,Low,Medium,Public,Neutral,3.0,Yes,High School,Near,Female,62,Bajo
23.0,97.0,Medium,Medium,Yes,6.0,99.0,Low,Yes,1.0,Low,Medium,Private,Positive,3.0,No,High School,Near,Female,72,Alto
24.0,61.0,Medium,Medium,No,10.0,64.0,Low,Yes,0.0,Low,Medium,Private,Positive,3.0,No,High School,Near,Female,62,Bajo
13.0,94.0,Low,Medium,Yes,7.0,56.0,High,Yes,2.0,Low,Medium,Public,Neutral,4.0,No,High School,Near,Male,67,Medio
11.0,69.0,Low,Medium,Yes,8.0,65.0,Low,Yes,0.0,Low,Medium,Public,Negative,2.0,No,High School,Near,Male,58,Bajo
16.0,94.0,Low,Medium,Yes,6.0,66.0,Medium,Yes,3.0,Medium,Medium,Public,Negative,4.0,No,High School,Near,Female,69,Medio
16.0,66.0,Medium,Low,No,9.0,56.0,Medium,Yes,0.0,Low,Medium,Private,Positive,4.0,Yes,High School,Near,Female,60,Bajo
25.0,83.0,High,High,Yes,7.0,85.0,High,Yes,2.0,Low,Medium,Public,Negative,4.0,No,High School,Near,Male,72,Alto
16.0,96.0,Medium,Medium,No,7.0,81.0,Medium,Yes,0.0,Low,Medium,Public,Negative,3.0,No,High School,Near,Male,66,Bajo
15.0,79.0,Medium,High,Yes,7.0,66.0,Medium,Yes,2.0,Low,Medium,Public,Positive,3.0,No,High School,Near,Female,66,Bajo
16.0,90.0,Medium,High,Yes,5.0,100.0,Low,Yes,1.0,High,Medium,Private,Negative,4.0,No,High School,Near,Male,69,Medio
27.0,92.0,Low,Medium,Yes,7.0,83.0,Low,Yes,2.0,Low,Medium,Public,Positive,4.0,Yes,High School,Near,Female,70,Alto
20.0,89.0,Low,Medium,Yes,8.0,85.0,Medium,Yes,2.0,Medium,Medium,Public,Positive,1.0,No,High School,Near,Female,70,Alto
19.0,97.0,High,High,No,5.0,78.0,Low,Yes,0.0,Medium,Medium,Private,Negative,3.0,No,High School,Near,Male,70,Alto
19.0,78.0,Low,High,Yes,9.0,78.0,Medium,Yes,2.0,Low,Medium,Public,Negative,2.0,No,High School,Near,Female,67,Medio
28.0,67.0,High,Medium,Yes,7.0,51.0,Medium,Yes,2.0,Medium,Medium,Public,Neutral,3.0,No,High School,Near,Female,67,Medio
16.0,62.0,Low,Low,No,7.0,89.0,High,Yes,0.0,Medium,Medium,Public,Neutral,3.0,No,High School,Near,Female,59,Bajo
28.0,70.0,Medium,Medium,Yes,4.0,96.0,Low,Yes,1.0,Medium,Medium,Private,Positive,2.0,No,High School,Near,Male,67,Medio
21.0,66.0,High,Medium,Yes,7.0,56.0,Medium,Yes,1.0,Low,Medium,Private,Neutral,4.0,No,High School,Near,Male,65,Bajo
19.0,82.0,Medium,Medium,No,5.0,90.0,Medium,Yes,1.0,High,Medium,Public,Negative,3.0,No,High School,Near,Male,68,Medio
35.0,67.0,High,High,Yes,6.0,77.0,Low,Yes,1.0,Low,Medium,Public,Positive,3.0,No,High School,Near,Male,71,Alto
14.0,62.0,Medium,Medium,No,5.0,64.0,Medium,Yes,2.0,Low,Medium,Public,Neutral,3.0,No,High School,Near,Male,61,Bajo
18.0,61.0,Medium,Medium,Yes,6.0,96.0,Medium,Yes,0.0,Medium,Medium,Public,Negative,3.0,No,High School,Near,Male,63,Bajo
13.0,93.0,Medium,High,Yes,7.0,51.0,Low,Yes,1.0,Low,Medium,Private,Neutral,3.0,No,High School,Near,Female,67,Medio
26.0,84.0,High,Medium,No,7.0,64.0,Medium,No,1.0,Medium,Medium,Public,Neutral,4.0,No,High School,Near,Male,69,Medio
30.0,74.0,Medium,High,No,8.0,94.0,Low,Yes,0.0,Medium,Medium,Public,Positive,3.0,No,High School,Near,Male,70,Alto
30.0,96.0,Medium,Low,Yes,4.0,74.0,High,No,0.0,Low,Medium,Public,Negative,3.0,No,High School,Near,Male,69,Medio
27.0,63.0,High,Medium,Yes,7.0,80.0,Medium,Yes,1.0,Low,Medium,Public,Neutral,4.0,No,High School,Near,Female,66,Bajo
19.0,99.0,Medium,Low,Yes,7.0,87.0,Low,Yes,1.0,Medium,Medium,Public,Positive,4.0,No,High School,Near,Female,70,Alto
18.0,85.0,Medium,Medium,Yes,6.0,57.0,Low,Yes,2.0,Medium,Medium,Public,Neutral,2.0,No,High School,Near,Male,67,Medio
10.0,67.0,High,High,No,6.0,61.0,Medium,Yes,0.0,Low,Medium,Private,Neutral,2.0,No,High School,Near,Female,61,Bajo
32.0,87.0,Medium,High,Yes,9.0,100.0,Medium,Yes,2.0,Medium,Medium,Private,Neutral,2.0,No,High School,Near,Male,74,Alto
23.0,91.0,Medium,High,Yes,10.0,62.0,Low,Yes,1.0,Medium,Medium,Private,Negative,3.0,No,High School,Near,Male,70,Alto
17.0,77.0,High,Medium,Yes,4.0,77.0,Low,Yes,0.0,Medium,Medium,Private,Positive,4.0,No,High School,Near,Female,66,Bajo
28.0,94.0,Medium,High,Yes,6.0,65.0,High,Yes,1.0,Low,Medium,Public,Positive,1.0,No,High School,Near,Female,73,Alto
14.0,66.0,Medium,Medium,Yes,5.0,93.0,Medium,Yes,1.0,Medium,Medium,Private,Negative,2.0,No,High School,Near,Male,62,Bajo
22.0,71.0,Medium,Low,Yes,7.0,98.0,Low,Yes,2.0,Low,Medium,Public,Neutral,2.0,No,High School,Near,Female,65,Bajo
19.0,64.0,High,Medium,No,9.0,57.0,Low,Yes,0.0,Medium,Medium,Private,Neutral,3.0,No,High School,Near,Female,62,Bajo
24.0,68.0,Low,Medium,Yes,8.0,80.0,Medium,No,1.0,Low,Medium,Public,Positive,4.0,No,High School,Near,Male,64,Bajo
20.0,70.0,Medium,Medium,Yes,7.0,91.0,Medium,Yes,1.0,Low,Medium,Public,Negative,2.0,No,High School,Near,Male,63,Bajo
11.0,97.0,Medium,Medium,No,7.0,91.0,Medium,Yes,1.0,Medium,Medium,Public,Positive,4.0,No,High School,Near,Male,69,Medio
20.0,63.0,Medium,Medium,No,7.0,72.0,Low,Yes,3.0,Low,Medium,Public,Negative,5.0,Yes,High School,Near,Male,63,Bajo
26.0,77.0,Medium,Medium,Yes,8.0,61.0,Medium,Yes,1.0,Low,Medium,Public,Neutral,4.0,No,High School,Near,Male,67,Medio
20.0,81.0,Medium,Low,No,8.0,69.0,Medium,Yes,1.0,Medium,Medium,Private,Neutral,2.0,No,High School,Near,Female,65,Bajo
25.0,96.0,Medium,High,No,8.0,88.0,Medium,Yes,0.0,Low,Medium,Private,Neutral,1.0,No,High School,Near,Male,71,Alto
14.0,100.0,Medium,Medium,Yes,4.0,100.0,Medium,Yes,3.0,Low,Medium,Public,Neutral,3.0,No,High School,Near,Female,71,Alto
20.0,90.0,Medium,Medium,No,7.0,78.0,High,Yes,0.0,Medium,Medium,Public,Positive,4.0,Yes,High School,Near,Male,69,Medio
16.0,99.0,Medium,High,Yes,7.0,60.0,Medium,Yes,2.0,Low,Medium,Private,Neutral,3.0,No,High School,Near,Male,71,Alto
24.0,91.0,Low,Medium,Yes,8.0,52.0,Medium,Yes,1.0,Low,Medium,Public,Neutral,5.0,No,High School,Near,Male,68,Medio
20.0,99.0,Low,Medium,Yes,7.0,97.0,Medium,Yes,2.0,Low,Medium,Public,Neutral,0.0,No,High School,Near,Male,70,Alto
24.0,88.0,Medium,High,Yes,8.0,74.0,Medium,Yes,0.0,Low,Medium,Private,Neutral,3.0,No,High School,Near,Male,71,Alto
27.0,63.0,Medium,Medium,Yes,6.0,86.0,Medium,Yes,1.0,Medium,Medium,Public,Positive,4.0,No,High School,Near,Female,68,Medio
24.0,76.0,Low,High,No,8.0,83.0,Medium,Yes,1.0,High,Medium,Private,Positive,4.0,No,High School,Near,Female,69,Medio
22.0,86.0,Medium,Medium,Yes,9.0,95.0,Medium,Yes,4.0,Medium,Medium,Private,Positive,2.0,No,High School,Near,Male,71,Alto
14.0,74.0,High,Medium,No,5.0,63.0,Low,No,2.0,Low,Medium,Private,Positive,3.0,No,High School,Near,Female,63,Bajo
20.0,71.0,Low,Medium,No,5.0,72.0,Medium,Yes,4.0,Medium,Medium,Public,Positive,4.0,No,High School,Near,Male,66,Bajo
17.0,83.0,Medium,Medium,No,8.0,96.0,Medium,Yes,1.0,Low,Medium,Public,Positive,3.0,No,High School,Near,Male,67,Medio
18.0,97.0,High,Low,Yes,7.0,79.0,Medium,Yes,3.0,High,Medium,Private,Positive,3.0,No,High School,Near,Male,71,Alto
18.0,61.0,Low,Low,No,9.0,54.0,Medium,Yes,0.0,Medium,Medium,Public,Neutral,2.0,No,High School,Near,Female,59,Bajo
14.0,91.0,High,Medium,Yes,7.0,60.0,Medium,Yes,0.0,High,Medium,Public,Neutral,2.0,No,High School,Near,Male,67,Medio
8.0,89.0,High,High,No,8.0,62.0,Medium,Yes,2.0,Medium,Medium,Public,Positive,4.0,Yes,High School,Near,Male,66,Bajo
16.0,99.0,Low,High,Yes,6.0,100.0,High,Yes,1.0,High,Medium,Public,Positive,3.0,No,High School,Near,Female,72,Alto
21.0,97.0,High,High,No,8.0,61.0,Low,Yes,0.0,Low,Medium,Public,Neutral,3.0,Yes,High School,Near,Female,70,Alto
12.0,90.0,Medium,Medium,Yes,8.0,93.0,Low,Yes,3.0,High,Medium,Public,Neutral,3.0,No,High School,Near,Female,68,Medio
20.0,81.0,Low,Medium,No,6.0,54.0,Low,Yes,0.0,Low,Medium,Public,Positive,2.0,No,High School,Near,Female,63,Bajo
31.0,68.0,Medium,Medium,No,9.0,59.0,Medium,Yes,3.0,High,Medium,Public,Neutral,2.0,No,High School,Near,Female,69,Medio
26.0,82.0,Low,Medium,No,4.0,94.0,Low,Yes,0.0,Low,Medium,Private,Positive,3.0,No,High School,Near,Male,67,Medio
30.0,91.0,Medium,High,Yes,7.0,95.0,Low,Yes,1.0,Medium,Medium,Public,Positive,3.0,No,High School,Near,Female,75,Alto
22.0,96.0,Low,Low,Yes,5.0,59.0,Medium,Yes,0.0,Medium,Medium,Private,Positive,2.0,No,High School,Near,Female,67,Medio
27.0,92.0,High,High,Yes,5.0,61.0,Medium,Yes,0.0,Medium,Medium,Private,Positive,3.0,No,High School,Near,Male,74,Alto
16.0,68.0,Medium,High,Yes,8.0,77.0,Medium,Yes,1.0,Medium,Medium,Public,Positive,4.0,No,High School,Near,Male,66,Bajo
16.0,84.0,Medium,High,Yes,5.0,53.0,Medium,No,2.0,Low,Medium,Public,Neutral,1.0,No,High School,Near,Male,65,Bajo
4.0,73.0,Low,Medium,Yes,5.0,97.0,High,Yes,1.0,Low,Medium,Public,Negative,1.0,No,High School,Near,Male,60,Bajo
27.0,60.0,Medium,High,No,8.0,68.0,High,Yes,1.0,Medium,Medium,Private,Negative,4.0,Yes,High School,Near,Female,63,Bajo
29.0,68.0,Low,High,Yes,5.0,74.0,Low,Yes,3.0,High,Medium,Public,Neutral,2.0,Yes,High School,Near,Male,69,Medio
17.0,65.0,High,High,No,9.0,55.0,Medium,Yes,1.0,Medium,Medium,Public,Positive,2.0,No,High School,Near,Male,64,Bajo
18.0,94.0,Low,Medium,Yes,8.0,52.0,Medium,Yes,1.0,Medium,Medium,Private,Positive,4.0,No,High School,Near,Female,68,Medio
15.0,70.0,Medium,Medium,No,6.0,73.0,Low,Yes,2.0,Medium,Medium,Public,Positive,4.0,No,High School,Near,Male,63,Bajo
22.0,71.0,Medium,Medium,Yes,8.0,56.0,Low,Yes,0.0,Medium,Medium,Public,Neutral,2.0,No,High School,Near,Male,65,Bajo
27.0,98.0,Medium,High,No,4.0,82.0,Medium,Yes,0.0,High,Medium,Public,Positive,3.0,No,High School,Near,Female,74,Alto
10.0,75.0,Medium,High,Yes,8.0,90.0,Medium,Yes,2.0,Low,Medium,Public,Positive,2.0,No,High School,Near,Male,65,Bajo
22.0,60.0,Medium,Medium,Yes,5.0,52.0,Medium,Yes,0.0,Low,Medium,Public,Negative,2.0,No,High School,Near,Female,61,Bajo
18.0,71.0,Medium,High,Yes,6.0,81.0,Medium,Yes,1.0,Low,Medium,Public,Positive,3.0,No,High School,Near,Male,66,Bajo
21.0,65.0,Medium,High,Yes,6.0,91.0,High,Yes,1.0,Medium,Medium,Public,Positive,3.0,No,High School,Near,Male,67,Medio
23.0,64.0,High,Medium,Yes,9.0,72.0,Medium,Yes,0.0,Low,Medium,Public,Positive,3.0,No,High School,Near,Male,66,Bajo
19.0,63.0,High,Medium,No,6.0,98.0,High,Yes,4.0,High,Medium,Private,Positive,2.0,No,High School,Near,Male,69,Medio
19.0,84.0,Medium,Medium,Yes,7.0,56.0,Low,Yes,2.0,Low,Medium,Public,Neutral,3.0,No,High School,Near,Female,65,Bajo
19.0,68.0,High,High,No,6.0,66.0,Medium,Yes,2.0,Medium,Medium,Public,Neutral,3.0,No,High School,Near,Female,65,Bajo
26.0,74.0,High,Medium,No,6.0,62.0,Medium,Yes,0.0,Low,Medium,Private,Neutral,3.0,No,High School,Near,Female,66,Bajo
23.0,94.0,Medium,High,No,5.0,100.0,Low,Yes,2.0,Medium,Medium,Public,Neutral,2.0,No,High School,Near,Male,73,Alto
21.0,77.0,Low,Medium,Yes,7.0,65.0,Medium,Yes,2.0,Low,Medium,Public,Negative,2.0,No,High School,Near,Female,64,Bajo
12.0,97.0,Medium,Low,Yes,7.0,69.0,Low,Yes,0.0,Low,Medium,Public,Positive,5.0,No,High School,Near,Female,67,Medio
18.0,80.0,Medium,Low,Yes,8.0,92.0,High,Yes,0.0,Medium,Medium,Private,Positive,1.0,No,High School,Near,Male,67,Medio
25.0,76.0,Medium,Low,Yes,7.0,96.0,Medium,Yes,3.0,Medium,Medium,Public,Positive,4.0,Yes,High School,Near,Female,68,Medio
20.0,90.0,Medium,Low,Yes,7.0,97.0,Medium,Yes,2.0,High,Medium,Public,Positive,3.0,No,High School,Near,Male,71,Alto
24.0,63.0,Medium,Medium,Yes,8.0,78.0,Medium,Yes,0.0,Low,Medium,Private,Negative,3.0,No,High School,Near,Male,64,Bajo
31.0,64.0,Medium,Medium,Yes,6.0,83.0,Medium,Yes,1.0,Medium,Medium,Public,Positive,2.0,No,High School,Near,Female,67,Medio
26.0,86.0,Medium,Low,No,5.0,67.0,Medium,Yes,2.0,Low,Medium,Private,Positive,1.0,No,High School,Near,Female,68,Medio
21.0,79.0,Low,Medium,Yes,8.0,80.0,High,Yes,1.0,Low,Medium,Private,Negative,3.0,No,High School,Near,Male,67,Medio
17.0,92.0,Low,Medium,Yes,6.0,65.0,High,Yes,3.0,Medium,Medium,Public,Positive,2.0,No,High School,Near,Male,70,Alto
5.0,97.0,Medium,Low,Yes,7.0,87.0,Medium,Yes,2.0,Medium,Medium,Private,Neutral,3.0,Yes,High School,Near,Female,64,Bajo
19.0,76.0,Medium,Medium,Yes,6.0,65.0,Medium,Yes,0.0,Low,Medium,Public,Neutral,4.0,Yes,High School,Near,Female,63,Bajo
18.0,84.0,High,High,No,6.0,94.0,Medium,Yes,3.0,High,Medium,Public,Neutral,4.0,No,High School,Near,Male,71,Alto
22.0,80.0,Low,Low,No,4.0,57.0,Low,Yes,1.0,Low,Medium,Public,Neutral,3.0,No,High School,Near,Male,64,Bajo
19.0,99.0,Low,Low,No,8.0,79.0,High,Yes,3.0,Medium,Medium,Private,Positive,4.0,No,High School,Near,Male,70,Alto
18.0,93.0,Medium,High,No,4.0,76.0,High,Yes,3.0,Low,Medium,Public,Negative,3.0,No,High School,Near,Female,70,Alto
9.0,96.0,Medium,High,Yes,9.0,63.0,Medium,Yes,1.0,High,Medium,Private,Neutral,1.0,No,High School,Near,Male,67,Medio
14.0,70.0,Medium,Medium,Yes,9.0,51.0,Low,Yes,1.0,Low,Medium,Public,Negative,4.0,No,High School,Near,Male,62,Bajo
23.0,91.0,Medium,Medium,No,6.0,57.0,Low,Yes,2.0,Low,Medium,Private,Positive,2.0,No,High School,Near,Male,69,Medio
30.0,71.0,Low,High,No,9.0,98.0,Low,Yes,2.0,High,Medium,Public,Positive,1.0,No,High School,Near,Female,69,Medio
19.0,68.0,Low,High,No,10.0,97.0,Low,No,0.0,Low,Medium,Public,Positive,3.0,No,High School,Near,Female,62,Bajo
22.0,98.0,Low,Medium,No,7.0,56.0,High,Yes,1.0,High,Medium,Private,Neutral,1.0,No,High School,Near,Female,70,Alto
26.0,61.0,Medium,Medium,Yes,8.0,69.0,High,Yes,2.0,Medium,Medium,Public,Positive,3.0,No,High School,Near,Male,66,Bajo
15.0,99.0,High,Medium,No,7.0,73.0,Low,Yes,1.0,Low,Medium,Public,Positive,3.0,No,High School,Near,Male,69,Medio
22.0,66.0,Medium,Low,Yes,9.0,74.0,Medium,Yes,3.0,Low,Medium,Public,Negative,3.0,No,High School,Near,Female,65,Bajo
16.0,93.0,Low,High,Yes,5.0,65.0,Low,Yes,0.0,Medium,Medium,Public,Negative,3.0,No,High School,Near,Female,66,Bajo
25.0,71.0,High,Medium,Yes,7.0,96.0,Low,Yes,2.0,Low,Medium,Public,Positive,3.0,No,High School,Near,Female,69,Medio
21.0,74.0,High,Medium,Yes,8.0,95.0,Low,Yes,1.0,Medium,Medium,Private,Positive,5.0,Yes,High School,Near,Female,66,Bajo
22.0,69.0,Low,High,Yes,8.0,51.0,Medium,Yes,1.0,Low,Medium,Public,Positive,3.0,No,High School,Near,Female,65,Bajo
15.0,83.0,Medium,Low,Yes,7.0,83.0,Low,Yes,1.0,High,Medium,Public,Neutral,2.0,No,High School,Near,Female,66,Bajo
24.0,74.0,Low,Low,Yes,9.0,54.0,Medium,Yes,1.0,Low,Medium,Public,Neutral,3.0,No,High School,Near,Female,63,Bajo
33.0,86.0,Low,Medium,Yes,7.0,80.0,Medium,Yes,0.0,Low,Medium,Public,Neutral,3.0,No,High School,Near,Female,72,Alto
14.0,61.0,Medium,Medium,Yes,7.0,93.0,Low,Yes,3.0,Medium,Medium,Public,Negative,2.0,No,High School,Near,Male,62,Bajo
18.0,63.0,High,High,No,8.0,82.0,Medium,Yes,1.0,High,Medium,Private,Negative,1.0,No,High School,Near,Male,64,Bajo
21.0,64.0,Medium,Low,No,7.0,73.0,High,Yes,2.0,Low,Medium,Public,Negative,2.0,Yes,High School,Near,Female,61,Bajo
25.0,77.0,High,Medium,Yes,7.0,98.0,Low,Yes,0.0,High,Medium,Public,Positive,2.0,No,High School,Near,Male,70,Alto
17.0,93.0,Medium,Medium,No,6.0,87.0,Medium,Yes,1.0,Low,Medium,Private,Negative,2.0,No,High School,Near,Female,67,Medio
3.0,96.0,High,High,Yes,10.0,62.0,Medium,Yes,3.0,Low,Medium,Private,Neutral,4.0,No,High School,Near,Male,66,Bajo
28.0,70.0,Medium,Medium,Yes,6.0,69.0,Medium,Yes,2.0,Low,Medium,Public,Positive,4.0,Yes,High School,Near,Male,66,Bajo
25.0,83.0,Low,Medium,Yes,8.0,88.0,Low,Yes,1.0,Medium,Medium,Public,Neutral,3.0,Yes,High School,Near,Male,68,Medio
10.0,91.0,High,High,Yes,10.0,51.0,Medium,Yes,0.0,Low,Medium,Public,Positive,3.0,No,High School,Near,Male,67,Medio
16.0,72.0,Medium,High,No,5.0,53.0,Medium,Yes,1.0,High,Medium,Public,Positive,3.0,No,High School,Near,Male,65,Bajo
29.0,76.0,Medium,High,Yes,8.0,93.0,Low,No,0.0,Medium,Medium,Public,Positive,4.0,No,High School,Near,Male,70,Alto
29.0,81.0,Medium,Medium,Yes,7.0,52.0,Medium,No,1.0,High,Medium,Public,Neutral,4.0,No,High School,Near,Female,69,Medio
26.0,65.0,Medium,Medium,Yes,10.0,84.0,Medium,Yes,1.0,Low,Medium,Public,Positive,4.0,No,High School,Near,Male,68,Medio
19.0,61.0,Medium,Medium,No,6.0,66.0,Medium,Yes,0.0,High,Medium,Public,Neutral,1.0,No,High School,Near,Male,61,Bajo
20.0,66.0,Medium,High,Yes,6.0,91.0,Low,Yes,0.0,Medium,Medium,Public,Negative,5.0,No,High School,Near,Male,65,Bajo
19.0,85.0,High,High,No,7.0,92.0,Medium,Yes,3.0,Medium,Medium,Public,Neutral,2.0,No,High School,Near,Female,71,Alto
27.0,63.0,Medium,High,No,6.0,98.0,Low,Yes,0.0,Medium,Medium,Private,Negative,3.0,No,High School,Near,Female,66,Bajo
15.0,68.0,Medium,High,No,6.0,55.0,Medium,No,0.0,High,Medium,Private,Positive,3.0,No,High School,Near,Female,62,Bajo
15.0,74.0,Low,Low,No,10.0,71.0,Medium,Yes,0.0,Low,Medium,Public,Negative,2.0,No,High School,Near,Male,61,Bajo
26.0,63.0,High,High,Yes,7.0,79.0,Medium,Yes,1.0,Low,Medium,Public,Negative,2.0,No,High School,Near,Male,67,Medio
20.0,68.0,Medium,High,Yes,6.0,96.0,Medium,Yes,0.0,Low,Medium,Public,Neutral,3.0,No,High School,Near,Female,66,Bajo
28.0,96.0,Low,High,No,6.0,63.0,High,No,1.0,High,Medium,Public,Positive,2.0,No,High School,Near,Female,71,Alto
16.0,61.0,Medium,High,Yes,8.0,54.0,High,Yes,0.0,Low,Medium,Private,Positive,3.0,No,High School,Near,Male,62,Bajo
20.0,86.0,Medium,Medium,Yes,8.0,60.0,Low,Yes,1.0,High,Medium,Public,Neutral,3.0,Yes,High School,Near,Male,67,Medio
14.0,75.0,Medium,Medium,Yes,6.0,75.0,Medium,Yes,0.0,Low,Medium,Public,Neutral,2.0,No,High School,Near,Male,64,Bajo
20.0,87.0,Medium,Low,No,5.0,84.0,Medium,Yes,2.0,Medium,Medium,Private,Neutral,3.0,No,High School,Near,Male,68,Medio
11.0,84.0,Medium,Medium,Yes,7.0,85.0,High,Yes,3.0,Medium,Medium,Public,Neutral,4.0,No,High School,Near,Female,67,Medio
17.0,69.0,Medium,Medium,Yes,7.0,54.0,High,Yes,1.0,High,Medium,Public,Neutral,2.0,No,High School,Near,Male,63,Bajo
11.0,94.0,High,High,No,6.0,88.0,Medium,Yes,2.0,Medium,Medium,Public,Positive,4.0,No,High School,Near,Male,70,Alto
24.0,80.0,Low,High,Yes,9.0,83.0,Medium,Yes,1.0,Low,Medium,Public,Negative,1.0,No,High School,Near,Male,67,Medio
24.0,93.0,Medium,High,Yes,8.0,70.0,Low,Yes,1.0,Medium,Medium,Private,Neutral,3.0,No,High School,Near,Female,71,Alto
10.0,76.0,Medium,Low,Yes,7.0,79.0,Low,Yes,3.0,Medium,Medium,Private,Neutral,4.0,No,High School,Near,Female,62,Bajo
28.0,99.0,Medium,Medium,Yes,6.0,88.0,Medium,Yes,3.0,Low,Medium,Public,Positive,4.0,No,High School,Near,Female,75,Alto
35.0,91.0,Low,Medium,Yes,10.0,63.0,Low,Yes,1.0,Medium,Medium,Public,Neutral,5.0,No,High School,Near,Male,72,Alto
20.0,99.0,Medium,Low,Yes,5.0,97.0,Low,Yes,4.0,High,Medium,Public,Neutral,3.0,No,High School,Near,Female,73,Alto
16.0,81.0,Low,Medium,No,6.0,57.0,High,Yes,3.0,Low,Medium,Private,Positive,3.0,No,High School,Near,Male,64,Bajo
37.0,79.0,Medium,High,No,6.0,95.0,High,Yes,1.0,High,Medium,Public,Negative,1.0,No,High School,Near,Male,73,Alto
12.0,90.0,Medium,Low,Yes,7.0,87.0,Low,Yes,2.0,Low,Medium,Public,Neutral,2.0,No,High School,Near,Male,66,Bajo
20.0,95.0,Low,Low,No,8.0,83.0,High,Yes,1.0,Medium,Medium,Private,Positive,3.0,No,High School,Near,Female,69,Medio
21.0,99.0,Medium,Medium,Yes,5.0,54.0,High,Yes,1.0,Low,Medium,Public,Neutral,4.0,No,High School,Near,Male,70,Alto
28.0,73.0,Medium,High,Yes,6.0,96.0,Medium,Yes,1.0,Medium,Medium,Public,Negative,0.0,No,High School,Near,Female,70,Alto
22.0,92.0,High,High,No,8.0,65.0,Medium,Yes,0.0,Medium,Medium,Private,Positive,2.0,No,High School,Near,Male,71,Alto
17.0,68.0,Low,High,Yes,6.0,87.0,High,Yes,0.0,Low,Medium,Private,Positive,4.0,Yes,High School,Near,Male,64,Bajo
14.0,82.0,Medium,High,No,6.0,94.0,Low,Yes,7.0,Medium,Medium,Private,Negative,4.0,No,High School,Near,Male,71,Alto
18.0,67.0,High,Medium,Yes,7.0,62.0,High,Yes,1.0,Low,Medium,Private,Positive,2.0,No,High School,Near,Male,63,Bajo
14.0,74.0,High,High,Yes,6.0,96.0,Low,Yes,2.0,Low,Medium,Public,Neutral,4.0,No,High School,Near,Male,68,Medio
20.0,97.0,Medium,Medium,No,7.0,81.0,Medium,Yes,3.0,Medium,Medium,Public,Neutral,3.0,Yes,High School,Near,Male,71,Alto
17.0,66.0,Medium,Medium,Yes,8.0,83.0,Medium,Yes,4.0,Medium,Medium,Private,Negative,5.0,No,High School,Near,Male,65,Bajo
11.0,85.0,High,Medium,Yes,7.0,96.0,Medium,No,1.0,Low,Medium,Public,Neutral,3.0,No,High School,Near,Male,66,Bajo
28.0,84.0,High,High,Yes,9.0,76.0,High,Yes,0.0,High,Medium,Private,Negative,3.0,No,High School,Near,Male,72,Alto
17.0,65.0,High,High,Yes,8.0,72.0,Low,Yes,1.0,Low,Medium,Public,Positive,4.0,No,High School,Near,Male,65,Bajo
12.0,73.0,Low,Medium,No,7.0,82.0,Medium,No,1.0,Low,Medium,Public,Positive,3.0,No,High School,Near,Male,60,Bajo
19.0,83.0,Low,Medium,No,7.0,78.0,High,No,2.0,Low,Medium,Public,Positive,4.0,No,High School,Near,Male,67,Medio
20.0,67.0,Medium,High,No,10.0,53.0,High,Yes,1.0,Low,Medium,Private,Positive,2.0,No,High School,Near,Male,65,Bajo
10.0,92.0,High,Low,Yes,6.0,59.0,High,Yes,0.0,Low,Medium,Public,Negative,2.0,No,High School,Near,Female,64,Bajo
22.0,99.0,High,High,Yes,7.0,51.0,Medium,Yes,2.0,High,Medium,Public,Negative,4.0,Yes,High School,Near,Male,72,Alto
14.0,69.0,High,Medium,No,6.0,55.0,Medium,Yes,3.0,Low,Medium,Private,Positive,2.0,No,High School,Near,Male,62,Bajo
30.0,67.0,Medium,Medium,Yes,8.0,86.0,Medium,Yes,0.0,Low,Medium,Public,Neutral,4.0,No,High School,Near,Female,67,Medio
23.0,78.0,Medium,Medium,Yes,10.0,50.0,Medium,Yes,1.0,Medium,Medium,Private,Positive,3.0,Yes,High School,Near,Female,67,Medio
18.0,90.0,Medium,Medium,No,7.0,65.0,Low,Yes,4.0,Medium,Medium,Public,Positive,3.0,No,High School,Near,Female,69,Medio
16.0,71.0,High,High,Yes,7.0,72.0,Low,Yes,1.0,Medium,Medium,Private,Neutral,4.0,No,High School,Near,Female,65,Bajo
19.0,61.0,Medium,High,No,7.0,97.0,Low,Yes,0.0,Medium,Medium,Public,Negative,3.0,Yes,High School,Near,Male,62,Bajo
24.0,82.0,High,Medium,Yes,5.0,66.0,Medium,Yes,0.0,Medium,Medium,Private,Neutral,3.0,No,High School,Near,Male,69,Medio
20.0,98.0,Medium,High,No,7.0,89.0,Medium,Yes,1.0,High,Medium,Public,Positive,3.0,No,High School,Near,Female,72,Alto
19.0,76.0,Low,High,Yes,10.0,70.0,Low,Yes,1.0,Low,Medium,Public,Negative,3.0,No,High School,Near,Female,63,Bajo
20.0,77.0,High,Medium,No,8.0,55.0,Low,Yes,1.0,Medium,Medium,Public,Negative,3.0,No,High School,Near,Female,64,Bajo
16.0,99.0,Low,Medium,Yes,9.0,55.0,Medium,Yes,1.0,High,Medium,Public,Neutral,3.0,Yes,High School,Near,Female,67,Medio
18.0,88.0,Medium,Medium,No,9.0,72.0,High,Yes,2.0,High,Medium,Public,Neutral,4.0,No,High School,Near,Male,70,Alto
7.0,89.0,High,Low,Yes,6.0,53.0,Medium,Yes,3.0,Low,Medium,Private,Neutral,2.0,No,High School,Near,Male,64,Bajo
26.0,83.0,Medium,Medium,No,10.0,79.0,Medium,Yes,1.0,High,Medium,Public,Neutral,2.0,No,High School,Near,Female,69,Medio
22.0,99.0,High,High,No,4.0,75.0,Low,Yes,2.0,Medium,Medium,Private,Negative,4.0,No,High School,Near,Female,72,Alto
15.0,88.0,Medium,Medium,Yes,7.0,85.0,Medium,Yes,4.0,Medium,Medium,Private,Negative,2.0,No,High School,Near,Female,69,Medio
31.0,96.0,High,Medium,Yes,4.0,59.0,Medium,Yes,3.0,Low,Medium,Private,Neutral,5.0,No,High School,Near,Female,75,Alto
21.0,88.0,Low,Medium,No,4.0,80.0,Low,Yes,1.0,Medium,Medium,Public,Positive,2.0,Yes,High School,Near,Male,67,Medio
14.0,89.0,Medium,Medium,Yes,8.0,59.0,High,Yes,1.0,Low,Medium,Private,Neutral,3.0,No,High School,Near,Male,67,Medio
25.0,72.0,Medium,Medium,No,6.0,86.0,High,Yes,0.0,Medium,Medium,Public,Neutral,2.0,No,High School,Near,Female,66,Bajo
22.0,72.0,Medium,Low,Yes,9.0,65.0,High,Yes,0.0,Medium,Medium,Public,Neutral,3.0,No,High School,Near,Male,64,Bajo
22.0,91.0,Medium,Low,No,4.0,81.0,Medium,Yes,2.0,Low,Medium,Private,Negative,3.0,No,High School,Near,Male,68,Medio
17.0,72.0,High,Medium,Yes,7.0,94.0,High,Yes,1.0,Low,Medium,Public,Neutral,5.0,No,High School,Near,Male,66,Bajo
23.0,83.0,High,Medium,No,5.0,74.0,Medium,Yes,3.0,Low,Medium,Public,Negative,2.0,No,High School,Near,Male,69,Medio
18.0,70.0,High,Low,Yes,7.0,60.0,Medium,Yes,1.0,Medium,Medium,Public,Positive,3.0,No,High School,Near,Male,65,Bajo
23.0,93.0,Medium,Low,Yes,9.0,94.0,High,Yes,2.0,Medium,Medium,Private,Negative,3.0,No,High School,Near,Female,70,Alto
9.0,64.0,Medium,Low,Yes,10.0,68.0,Low,Yes,0.0,Medium,Medium,Private,Negative,3.0,No,High School,Near,Male,57,Bajo
17.0,93.0,Medium,Medium,No,8.0,87.0,Low,Yes,2.0,High,Medium,Private,Negative,3.0,No,High School,Near,Male,69,Medio
30.0,84.0,High,Low,Yes,5.0,66.0,Low,Yes,0.0,Medium,Medium,Public,Positive,2.0,No,High School,Near,Female,70,Alto
15.0,67.0,Low,Medium,Yes,5.0,65.0,Medium,Yes,4.0,Medium,Medium,Private,Negative,2.0,No,High School,Near,Male,63,Bajo
16.0,82.0,Medium,Medium,No,7.0,82.0,Medium,Yes,1.0,Medium,Medium,Public,Neutral,3.0,No,High School,Near,Female,66,Bajo
17.0,71.0,Medium,Medium,Yes,6.0,58.0,Medium,Yes,3.0,Medium,Medium,Private,Positive,3.0,Yes,High School,Near,Male,64,Bajo
13.0,73.0,Medium,High,No,8.0,93.0,Medium,Yes,0.0,High,Medium,Public,Neutral,3.0,No,High School,Near,Female,65,Bajo
7.0,74.0,High,Medium,No,10.0,69.0,High,Yes,1.0,High,Medium,Public,Positive,4.0,No,High School,Near,Male,64,Bajo
19.0,63.0,Medium,Low,Yes,6.0,51.0,High,Yes,2.0,Medium,Medium,Public,Neutral,4.0,No,High School,Near,Male,62,Bajo
21.0,99.0,High,Medium,Yes,6.0,65.0,Low,Yes,1.0,Medium,Medium,Private,Positive,2.0,No,High School,Near,Female,71,Alto
20.0,61.0,Medium,High,No,5.0,89.0,Medium,Yes,1.0,Medium,Medium,Public,Neutral,2.0,No,High School,Near,Female,64,Bajo
19.0,86.0,High,High,Yes,7.0,93.0,High,Yes,1.0,Medium,Medium,Public,Neutral,2.0,No,High School,Near,Male,72,Alto
20.0,75.0,Medium,Medium,No,7.0,78.0,Medium,Yes,0.0,Low,Medium,Public,Negative,2.0,No,High School,Near,Female,64,Bajo
26.0,86.0,Medium,Low,Yes,7.0,65.0,Medium,Yes,2.0,High,Medium,Private,Neutral,4.0,No,High School,Near,Male,71,Alto
19.0,74.0,Medium,Medium,Yes,8.0,76.0,High,Yes,5.0,Medium,Medium,Public,Neutral,4.0,Yes,High School,Near,Female,68,Medio
17.0,87.0,Medium,Medium,Yes,8.0,92.0,Medium,No,3.0,High,Medium,Public,Negative,2.0,No,High School,Near,Male,68,Medio
18.0,89.0,Medium,Medium,No,7.0,66.0,Medium,Yes,2.0,Medium,Medium,Public,Positive,3.0,No,High School,Near,Male,68,Medio
23.0,88.0,Medium,Medium,No,7.0,69.0,Medium,Yes,3.0,Low,Medium,Public,Negative,3.0,No,High School,Near,Male,69,Medio
28.0,65.0,Low,Medium,Yes,7.0,77.0,High,Yes,1.0,Low,Medium,Public,Positive,3.0,No,High School,Near,Male,67,Medio
16.0,86.0,Medium,Low,No,7.0,94.0,Low,Yes,0.0,Low,Medium,Private,Positive,4.0,No,High School,Near,Male,66,Bajo
21.0,71.0,Medium,Medium,Yes,6.0,79.0,Medium,Yes,1.0,Low,Medium,Private,Neutral,4.0,No,High School,Near,Male,65,Bajo
22.0,61.0,Medium,High,No,5.0,60.0,High,Yes,0.0,High,Medium,Private,Neutral,2.0,No,High School,Near,Male,63,Bajo
14.0,77.0,High,Low,No,7.0,54.0,Medium,Yes,1.0,Medium,Medium,Public,Negative,2.0,No,High School,Near,Male,62,Bajo
20.0,77.0,High,High,No,6.0,55.0,Medium,Yes,1.0,High,Medium,Private,Neutral,1.0,No,High School,Near,Male,67,Medio
11.0,79.0,Medium,Medium,Yes,8.0,98.0,Medium,Yes,2.0,Low,Medium,Public,Neutral,4.0,No,High School,Near,Female,65,Bajo
9.0,88.0,Medium,Medium,Yes,7.0,91.0,Medium,Yes,1.0,Low,Medium,Public,Negative,3.0,No,High School,Near,Female,66,Bajo
22.0,72.0,Low,High,No,7.0,88.0,Medium,No,2.0,Medium,Medium,Public,Positive,4.0,No,High School,Near,Female,66,Bajo
18.0,73.0,Medium,Medium,Yes,8.0,75.0,Medium,Yes,0.0,High,Medium,Public,Neutral,1.0,Yes,High School,Near,Female,64,Bajo
21.0,62.0,High,Medium,Yes,5.0,84.0,Medium,Yes,5.0,Low,Medium,Public,Positive,4.0,No,High School,Near,Female,67,Medio
20.0,87.0,Medium,Medium,No,10.0,56.0,Medium,Yes,2.0,Medium,Medium,Public,Neutral,2.0,No,High School,Near,Female,67,Medio
14.0,83.0,Low,Low,No,4.0,81.0,Low,Yes,1.0,Low,Medium,Public,Negative,4.0,Yes,High School,Near,Male,61,Bajo
20.0,74.0,Medium,Medium,Yes,9.0,91.0,Medium,Yes,1.0,Low,Medium,Public,Neutral,5.0,No,High School,Near,Male,66,Bajo
13.0,88.0,High,Medium,Yes,7.0,53.0,Medium,Yes,2.0,Medium,Medium,Private,Negative,4.0,No,High School,Near,Male,66,Bajo
28.0,81.0,Medium,Low,Yes,6.0,65.0,Medium,Yes,1.0,Low,Medium,Public,Positive,2.0,No,High School,Near,Male,67,Medio
12.0,79.0,High,Medium,No,5.0,56.0,High,Yes,1.0,Low,Medium,Public,Positive,5.0,No,High School,Near,Female,64,Bajo
19.0,80.0,High,Low,No,6.0,63.0,Low,Yes,1.0,Low,Medium,Public,Neutral,3.0,No,High School,Near,Male,64,Bajo
14.0,85.0,Low,Medium,No,7.0,89.0,Medium,Yes,2.0,Medium,Medium,Public,Positive,2.0,No,High School,Near,Male,67,Medio
23.0,86.0,Low,High,No,7.0,67.0,Low,Yes,2.0,Medium,Medium,Private,Neutral,3.0,Yes,High School,Near,Female,68,Medio
18.0,72.0,Medium,Low,No,9.0,84.0,Medium,Yes,2.0,Medium,Medium,Public,Neutral,4.0,No,High School,Near,Male,64,Bajo
17.0,66.0,Medium,Medium,Yes,7.0,89.0,Medium,Yes,0.0,Medium,Medium,Private,Negative,3.0,No,High School,Near,Male,63,Bajo
25.0,66.0,Medium,High,Yes,7.0,91.0,Medium,Yes,2.0,Low,Medium,Public,Neutral,3.0,No,High School,Near,Male,68,Medio
20.0,86.0,Low,Low,No,8.0,94.0,Low,Yes,2.0,Low,Medium,Private,Negative,2.0,No,High School,Near,Female,64,Bajo
23.0,95.0,Low,Medium,Yes,7.0,80.0,High,Yes,2.0,Low,Medium,Public,Neutral,4.0,No,High School,Near,Female,70,Alto
14.0,76.0,Low,Medium,No,7.0,64.0,Medium,Yes,3.0,Medium,Medium,Private,Positive,3.0,No,High School,Near,Male,64,Bajo
12.0,67.0,High,Medium,No,7.0,58.0,Medium,Yes,0.0,High,Medium,Public,Neutral,2.0,Yes,High School,Near,Male,59,Bajo
21.0,90.0,High,Medium,Yes,8.0,75.0,Medium,Yes,4.0,Low,Medium,Public,Neutral,2.0,No,High School,Near,Male,71,Alto
18.0,93.0,Low,Medium,Yes,6.0,55.0,Medium,Yes,3.0,Low,Medium,Public,Negative,5.0,No,High School,Near,Male,67,Medio
24.0,95.0,Medium,Low,Yes,6.0,96.0,High,Yes,3.0,Low,Medium,Private,Neutral,3.0,No,High School,Near,Female,73,Alto
20.0,84.0,Low,Low,No,8.0,72.0,Medium,Yes,3.0,High,Medium,Public,Neutral,3.0,No,High School,Near,Male,66,Bajo
21.0,94.0,High,High,No,5.0,94.0,Medium,Yes,2.0,Low,Medium,Private,Neutral,2.0,No,High School,Near,Male,73,Alto
10.0,61.0,High,Medium,Yes,7.0,85.0,High,Yes,1.0,Medium,Medium,Public,Neutral,4.0,No,High School,Near,Female,62,Bajo
31.0,64.0,Medium,High,No,6.0,93.0,Medium,Yes,1.0,Low,Medium,Public,Neutral,3.0,No,High School,Near,Female,69,Medio
19.0,64.0,Medium,High,No,8.0,94.0,Medium,Yes,3.0,Medium,Medium,Private,Neutral,3.0,Yes,High School,Near,Female,66,Bajo
24.0,89.0,Medium,Low,Yes,9.0,53.0,Medium,Yes,1.0,Low,Medium,Private,Neutral,3.0,No,High School,Near,Male,68,Medio
15.0,63.0,Medium,Medium,Yes,6.0,86.0,Low,Yes,4.0,High,Medium,Public,Positive,5.0,No,High School,Near,Male,65,Bajo
22.0,80.0,Medium,Medium,Yes,8.0,61.0,High,Yes,1.0,Low,Medium,Public,Positive,2.0,No,High School,Near,Male,67,Medio
12.0,79.0,Medium,Medium,Yes,7.0,99.0,Low,Yes,2.0,Medium,Medium,Public,Negative,2.0,Yes,High School,Near,Female,64,Bajo
23.0,72.0,High,High,Yes,6.0,89.0,Medium,No,0.0,Medium,Medium,Private,Negative,3.0,No,High School,Near,Male,67,Medio
18.0,95.0,Low,Low,Yes,7.0,50.0,Low,Yes,3.0,Medium,Medium,Private,Neutral,3.0,No,High School,Near,Female,66,Bajo
20.0,67.0,High,Medium,No,9.0,96.0,High,Yes,1.0,High,Medium,Public,Positive,3.0,No,High School,Near,Female,68,Medio
24.0,74.0,Medium,Medium,Yes,7.0,65.0,Low,Yes,3.0,Medium,Medium,Public,Neutral,2.0,No,High School,Near,Male,68,Medio
13.0,91.0,Medium,Low,Yes,9.0,71.0,Low,Yes,1.0,Low,Medium,Public,Positive,2.0,No,High School,Near,Male,64,Bajo
16.0,61.0,High,Medium,Yes,7.0,81.0,Low,Yes,2.0,Medium,Medium,Public,Neutral,1.0,No,High School,Near,Female,63,Bajo
23.0,87.0,High,Medium,No,5.0,96.0,Medium,Yes,2.0,Medium,Medium,Public,Positive,3.0,No,High School,Near,Female,72,Alto
33.0,93.0,High,Medium,No,7.0,96.0,Medium,Yes,1.0,Low,Medium,Public,Positive,1.0,No,High School,Near,Female,75,Alto
19.0,97.0,High,Medium,No,5.0,78.0,Low,Yes,2.0,Low,Medium,Public,Positive,3.0,No,High School,Near,Male,71,Alto
24.0,95.0,High,Medium,No,7.0,66.0,Low,Yes,2.0,High,Medium,Public,Negative,3.0,No,High School,Near,Male,71,Alto
19.0,73.0,Medium,Medium,Yes,6.0,64.0,Low,Yes,4.0,Medium,Medium,Public,Positive,5.0,Yes,High School,Near,Female,66,Bajo
32.0,83.0,High,Medium,Yes,10.0,68.0,Medium,No,3.0,Low,Medium,Private,Positive,4.0,No,High School,Near,Female,71,Alto
10.0,63.0,High,Medium,No,9.0,59.0,Low,Yes,0.0,Medium,Medium,Public,Positive,5.0,No,High School,Near,Male,61,Bajo
21.0,70.0,Medium,Medium,Yes,7.0,83.0,Medium,Yes,1.0,Medium,Medium,Public,Neutral,3.0,No,High School,Near,Male,65,Bajo
10.0,64.0,Medium,Low,No,9.0,76.0,Low,Yes,1.0,Low,Medium,Private,Positive,1.0,No,High School,Near,Female,58,Bajo
5.0,73.0,High,Low,Yes,6.0,89.0,High,Yes,1.0,Medium,Medium,Public,Neutral,2.0,No,High School,Near,Male,62,Bajo
22.0,95.0,High,Low,No,5.0,55.0,Medium,Yes,2.0,High,Medium,Public,Neutral,0.0,Yes,High School,Near,Female,69,Medio
21.0,74.0,Medium,Low,Yes,8.0,70.0,Medium,Yes,1.0,Medium,Medium,Public,Neutral,3.0,No,High School,Near,Male,65,Bajo
18.0,82.0,High,Medium,Yes,8.0,62.0,High,Yes,3.0,Low,Medium,Private,Neutral,4.0,No,High School,Near,Female,69,Medio
19.0,77.0,High,Medium,Yes,6.0,77.0,High,Yes,1.0,Low,Medium,Private,Neutral,3.0,No,High School,Near,Female,68,Medio
39.0,78.0,Medium,Medium,No,6.0,73.0,Medium,Yes,0.0,Low,Medium,Public,Positive,2.0,No,High School,Near,Male,70,Alto
18.0,99.0,High,Medium,Yes,8.0,72.0,Medium,Yes,4.0,Low,Medium,Public,Neutral,4.0,No,High School,Near,Female,72,Alto
23.0,72.0,Low,Medium,Yes,4.0,66.0,Low,No,3.0,Low,Medium,Private,Positive,4.0,No,High School,Near,Female,66,Bajo
16.0,85.0,Low,High,Yes,8.0,86.0,Low,Yes,2.0,High,Medium,Private,Neutral,4.0,No,High School,Near,Female,68,Medio
22.0,77.0,Medium,Medium,Yes,7.0,74.0,High,Yes,2.0,Low,Medium,Private,Negative,4.0,No,High School,Near,Male,67,Medio
19.0,62.0,High,Low,Yes,8.0,60.0,Medium,Yes,1.0,Low,Medium,Public,Positive,2.0,No,High School,Near,Female,61,Bajo
18.0,80.0,Low,Low,Yes,8.0,77.0,Medium,Yes,1.0,Low,Medium,Public,Negative,2.0,No,High School,Near,Female,64,Bajo
31.0,93.0,High,Medium,No,6.0,80.0,Medium,Yes,3.0,Medium,Medium,Public,Neutral,2.0,No,High School,Near,Male,74,Alto
27.0,64.0,Medium,Medium,No,5.0,51.0,High,Yes,1.0,Low,Medium,Public,Negative,3.0,No,High School,Near,Female,64,Bajo
21.0,63.0,High,Low,Yes,9.0,60.0,Medium,Yes,2.0,Medium,Medium,Public,Negative,2.0,No,High School,Near,Male,64,Bajo
6.0,66.0,High,Medium,Yes,7.0,62.0,Low,Yes,2.0,Low,Medium,Public,Neutral,4.0,No,High School,Near,Male,61,Bajo
18.0,91.0,High,High,Yes,7.0,62.0,Medium,Yes,3.0,Low,Medium,Private,Positive,3.0,No,High School,Near,Male,71,Alto
36.0,89.0,High,Low,Yes,8.0,62.0,Low,Yes,2.0,Low,Medium,Private,Negative,3.0,No,High School,Near,Male,72,Alto
19.0,83.0,High,High,No,6.0,64.0,Medium,Yes,0.0,Medium,Medium,Private,Negative,5.0,No,High School,Near,Female,68,Medio
27.0,79.0,Low,High,Yes,8.0,63.0,High,Yes,2.0,Low,Medium,Public,Negative,5.0,No,High School,Near,Female,69,Medio
29.0,96.0,Medium,High,No,8.0,94.0,High,No,2.0,Low,Medium,Public,Negative,4.0,No,High School,Near,Male,74,Alto
21.0,91.0,Medium,High,Yes,9.0,66.0,Low,Yes,3.0,Low,Medium,Public,Neutral,4.0,No,High School,Near,Female,70,Alto
15.0,92.0,High,Low,Yes,9.0,67.0,Low,Yes,1.0,High,Medium,Public,Positive,2.0,No,High School,Near,Male,69,Medio
5.0,93.0,Low,Low,No,7.0,63.0,Medium,Yes,2.0,Medium,Medium,Public,Neutral,3.0,No,High School,Near,Male,64,Bajo
24.0,86.0,Low,Low,Yes,8.0,98.0,Medium,Yes,2.0,High,Medium,Public,Positive,5.0,No,High School,Near,Male,71,Alto
15.0,78.0,High,Low,Yes,7.0,77.0,Low,Yes,0.0,High,Medium,Public,Neutral,3.0,No,High School,Near,Male,65,Bajo
21.0,95.0,High,Medium,Yes,7.0,81.0,Medium,Yes,0.0,Medium,Medium,Public,Neutral,3.0,No,High School,Near,Male,71,Alto
13.0,97.0,High,High,Yes,5.0,87.0,Low,Yes,1.0,Medium,Medium,Public,Neutral,2.0,No,High School,Near,Female,71,Alto
18.0,61.0,Low,Medium,Yes,7.0,67.0,Medium,Yes,5.0,High,Medium,Public,Positive,2.0,No,High School,Near,Male,66,Bajo
20.0,62.0,Medium,Medium,No,4.0,98.0,High,Yes,1.0,High,Medium,Public,Negative,4.0,No,High School,Near,Male,64,Bajo
22.0,98.0,Medium,Medium,No,7.0,58.0,Medium,Yes,0.0,Medium,Medium,Private,Neutral,3.0,No,High School,Near,Male,70,Alto
13.0,71.0,Low,Low,No,9.0,73.0,Low,Yes,1.0,High,Medium,Private,Neutral,3.0,No,High School,Near,Male,61,Bajo
27.0,95.0,Medium,Medium,Yes,8.0,57.0,High,Yes,1.0,Medium,Medium,Private,Positive,3.0,No,High School,Near,Female,71,Alto
16.0,76.0,Medium,Medium,No,7.0,90.0,Medium,Yes,0.0,Low,Medium,Public,Neutral,3.0,No,High School,Near,Male,65,Bajo
10.0,65.0,Low,High,No,7.0,55.0,Medium,Yes,0.0,Low,Medium,Public,Neutral,3.0,No,High School,Near,Female,59,Bajo
19.0,63.0,Medium,Medium,Yes,6.0,78.0,Low,Yes,3.0,Medium,Medium,Public,Neutral,2.0,Yes,High School,Near,Male,63,Bajo
20.0,66.0,Medium,Medium,Yes,6.0,55.0,Low,Yes,1.0,High,Medium,Public,Negative,3.0,No,High School,Near,Female,64,Bajo
21.0,70.0,Low,Low,No,8.0,73.0,Low,Yes,0.0,High,Medium,Public,Neutral,4.0,No,High School,Near,Male,63,Bajo
28.0,80.0,High,High,No,5.0,64.0,Medium,Yes,1.0,Low,Medium,Private,Neutral,2.0,No,High School,Near,Female,70,Alto
19.0,88.0,High,Medium,Yes,5.0,95.0,Medium,Yes,1.0,Medium,Medium,Public,Neutral,3.0,No,High School,Near,Male,70,Alto
19.0,99.0,High,High,Yes,8.0,53.0,Medium,Yes,1.0,Medium,Medium,Private,Neutral,4.0,No,High School,Near,Male,72,Alto
13.0,78.0,Medium,High,No,7.0,82.0,High,Yes,0.0,Low,Medium,Public,Neutral,2.0,No,High School,Near,Female,65,Bajo
25.0,81.0,High,Medium,Yes,7.0,85.0,High,Yes,3.0,Medium,Medium,Public,Negative,1.0,No,High School,Near,Female,71,Alto
21.0,81.0,High,Medium,Yes,7.0,94.0,Medium,Yes,3.0,Medium,Medium,Public,Neutral,1.0,No,High School,Near,Male,70,Alto
17.0,82.0,Medium,Low,No,10.0,94.0,Medium,Yes,1.0,High,Medium,Private,Neutral,3.0,No,High School,Near,Female,66,Bajo
9.0,81.0,Medium,Medium,Yes,7.0,99.0,Medium,Yes,2.0,Low,Medium,Public,Neutral,3.0,No,High School,Near,Female,64,Bajo
29.0,60.0,Low,High,No,7.0,63.0,Medium,Yes,0.0,Low,Medium,Public,Negative,4.0,No,High School,Near,Male,64,Bajo
13.0,60.0,High,Low,No,10.0,64.0,Low,Yes,1.0,Medium,Medium,Public,Neutral,4.0,No,High School,Near,Male,59,Bajo
16.0,64.0,Medium,High,Yes,7.0,70.0,Medium,Yes,5.0,Low,Medium,Public,Positive,4.0,No,High School,Near,Male,65,Bajo
22.0,64.0,High,Medium,Yes,10.0,77.0,Medium,Yes,1.0,Low,Medium,Public,Positive,3.0,No,High School,Near,Male,66,Bajo
13.0,88.0,Medium,Medium,Yes,4.0,68.0,High,Yes,1.0,High,Medium,Public,Positive,2.0,No,High School,Near,Female,67,Medio
11.0,68.0,High,Medium,Yes,5.0,87.0,Medium,Yes,1.0,Low,Medium,Public,Positive,4.0,Yes,High School,Near,Male,62,Bajo
7.0,96.0,High,Low,No,6.0,50.0,Medium,Yes,1.0,High,Medium,Private,Negative,3.0,No,High School,Near,Male,65,Bajo
24.0,97.0,High,Medium,Yes,8.0,51.0,Medium,Yes,3.0,Low,Medium,Public,Neutral,2.0,No,High School,Near,Female,73,Alto
17.0,99.0,Medium,Medium,No,10.0,86.0,Low,Yes,1.0,Medium,Medium,Private,Positive,2.0,No,High School,Near,Male,70,Alto
38.0,98.0,Low,Medium,No,6.0,94.0,Medium,Yes,2.0,Low,Medium,Public,Negative,4.0,No,High School,Near,Female,75,Alto
14.0,71.0,High,High,Yes,8.0,89.0,Medium,Yes,0.0,Medium,Medium,Public,Neutral,3.0,No,High School,Near,Female,66,Bajo
14.0,80.0,High,Medium,No,10.0,56.0,Low,Yes,1.0,Low,Medium,Public,Positive,3.0,No,High School,Near,Female,65,Bajo
17.0,67.0,Medium,Medium,No,9.0,97.0,Medium,Yes,1.0,Medium,Medium,Public,Neutral,3.0,No,High School,Near,Female,64,Bajo
21.0,92.0,High,Low,No,6.0,76.0,Low,Yes,2.0,Low,Medium,Public,Positive,5.0,No,High School,Near,Male,70,Alto
17.0,96.0,Medium,High,Yes,8.0,87.0,Medium,Yes,0.0,Medium,Medium,Private,Positive,5.0,No,High School,Near,Male,71,Alto
24.0,94.0,Low,Medium,No,8.0,60.0,Low,Yes,0.0,Medium,Medium,Public,Neutral,3.0,No,High School,Near,Male,68,Medio
14.0,77.0,Medium,Medium,Yes,6.0,77.0,Low,Yes,1.0,Low,Medium,Private,Neutral,2.0,No,High School,Near,Male,64,Bajo
12.0,90.0,High,High,No,8.0,67.0,Low,Yes,2.0,Low,Medium,Public,Neutral,3.0,No,High School,Near,Female,67,Medio
9.0,64.0,Medium,High,Yes,6.0,99.0,Medium,Yes,6.0,Low,Medium,Public,Positive,6.0,Yes,High School,Near,Male,65,Bajo
7.0,62.0,High,Medium,Yes,7.0,74.0,Medium,Yes,3.0,Medium,Medium,Public,Neutral,3.0,No,High School,Near,Female,62,Bajo
17.0,90.0,Low,High,Yes,5.0,88.0,Low,Yes,1.0,Medium,Medium,Public,Negative,1.0,No,High School,Near,Female,68,Medio
18.0,77.0,High,Medium,Yes,4.0,80.0,Medium,Yes,1.0,Medium,Medium,Private,Negative,2.0,No,High School,Near,Male,66,Bajo
16.0,100.0,High,High,Yes,7.0,55.0,High,Yes,1.0,Low,Medium,Public,Negative,2.0,Yes,High School,Near,Male,69,Medio
27.0,64.0,Medium,Medium,Yes,7.0,77.0,High,Yes,3.0,High,Medium,Public,Neutral,4.0,No,High School,Near,Male,68,Medio
27.0,94.0,Medium,Low,No,5.0,77.0,Medium,Yes,0.0,Medium,Medium,Public,Positive,2.0,No,High School,Near,Female,71,Alto
18.0,79.0,Medium,High,Yes,8.0,86.0,Medium,Yes,3.0,Low,Medium,Public,Neutral,4.0,No,High School,Near,Female,68,Medio
9.0,93.0,High,Low,Yes,7.0,66.0,Medium,Yes,0.0,Low,Medium,Private,Neutral,2.0,No,High School,Near,Male,64,Bajo
17.0,93.0,Low,Medium,No,8.0,93.0,Low,Yes,0.0,Low,Medium,Public,Negative,3.0,No,High School,Near,Male,66,Bajo
16.0,97.0,Medium,Low,Yes,8.0,81.0,High,Yes,0.0,High,Medium,Private,Positive,2.0,No,High School,Near,Male,70,Alto
16.0,72.0,Low,Medium,No,9.0,52.0,Medium,Yes,1.0,Medium,Medium,Public,Negative,1.0,Yes,High School,Near,Female,60,Bajo
16.0,98.0,Medium,Medium,Yes,8.0,85.0,Low,Yes,0.0,Low,Medium,Public,Positive,2.0,No,High School,Near,Male,69,Medio
16.0,66.0,Medium,Medium,Yes,7.0,95.0,Low,Yes,1.0,Medium,Medium,Public,Positive,4.0,No,High School,Near,Male,65,Bajo
18.0,63.0,High,High,Yes,7.0,84.0,Medium,Yes,1.0,Medium,Medium,Public,Neutral,2.0,No,High School,Near,Female,66,Bajo
16.0,77.0,Medium,Low,No,10.0,69.0,Medium,Yes,1.0,Medium,Medium,Private,Neutral,3.0,No,High School,Near,Female,64,Bajo
21.0,93.0,Medium,High,No,8.0,80.0,Medium,Yes,0.0,High,Medium,Public,Positive,1.0,No,High School,Near,Female,71,Alto
22.0,79.0,High,Low,No,7.0,59.0,Medium,Yes,0.0,Medium,Medium,Public,Positive,3.0,No,High School,Near,Male,66,Bajo
15.0,93.0,Medium,Low,Yes,7.0,80.0,Low,Yes,0.0,Low,Medium,Public,Positive,3.0,No,High School,Near,Female,66,Bajo
28.0,89.0,Medium,Medium,No,6.0,75.0,Medium,Yes,1.0,Low,Medium,Private,Negative,3.0,No,High School,Near,Male,68,Medio
14.0,68.0,High,High,No,5.0,51.0,High,Yes,1.0,High,Medium,Public,Neutral,5.0,Yes,High School,Near,Male,63,Bajo
10.0,98.0,Medium,Low,Yes,10.0,66.0,Low,Yes,1.0,Low,Medium,Public,Negative,2.0,No,High School,Near,Female,66,Bajo
22.0,62.0,Low,Medium,No,8.0,60.0,Low,No,0.0,Medium,Medium,Public,Positive,2.0,No,High School,Near,Male,61,Bajo
15.0,96.0,Medium,Low,No,5.0,70.0,High,Yes,4.0,Low,Medium,Private,Positive,3.0,No,High School,Near,Male,70,Alto
22.0,72.0,Medium,High,Yes,7.0,62.0,Low,Yes,5.0,High,Medium,Private,Neutral,2.0,No,High School,Near,Female,68,Medio
6.0,80.0,Medium,Medium,Yes,9.0,92.0,Low,Yes,5.0,Low,Medium,Public,Neutral,2.0,No,High School,Near,Male,65,Bajo
28.0,77.0,High,Medium,No,6.0,85.0,High,Yes,0.0,Low,Medium,Public,Negative,1.0,No,High School,Near,Female,69,Medio
24.0,67.0,Medium,High,Yes,6.0,87.0,Low,Yes,0.0,Medium,Medium,Public,Positive,4.0,No,High School,Near,Male,67,Medio
11.0,74.0,High,Medium,No,8.0,68.0,Low,Yes,0.0,Medium,Medium,Public,Positive,3.0,No,High School,Near,Male,62,Bajo
11.0,68.0,Low,High,Yes,8.0,50.0,Low,Yes,2.0,Low,Medium,Private,Positive,4.0,No,High School,Near,Female,61,Bajo
30.0,68.0,High,High,Yes,6.0,61.0,High,Yes,1.0,Medium,Medium,Public,Positive,3.0,No,High School,Near,Female,70,Alto
16.0,67.0,High,Medium,Yes,6.0,88.0,Medium,Yes,0.0,High,Medium,Public,Neutral,3.0,No,High School,Near,Male,65,Bajo
15.0,80.0,High,Medium,No,8.0,80.0,Medium,Yes,1.0,Low,Medium,Public,Neutral,4.0,No,High School,Near,Female,65,Bajo
6.0,92.0,Medium,Medium,Yes,5.0,77.0,Medium,Yes,1.0,Low,Medium,Public,Positive,4.0,No,High School,Near,Male,66,Bajo
18.0,83.0,Medium,High,Yes,6.0,64.0,Low,No,1.0,Medium,Medium,Private,Negative,3.0,No,High School,Near,Female,66,Bajo
19.0,96.0,Medium,Medium,Yes,7.0,54.0,High,Yes,1.0,Low,Medium,Public,Neutral,3.0,No,High School,Near,Male,69,Medio
24.0,85.0,High,High,No,8.0,89.0,Medium,Yes,1.0,Low,Medium,Public,Neutral,3.0,No,High School,Near,Female,70,Alto
12.0,88.0,High,Medium,No,6.0,52.0,Low,No,1.0,Medium,Medium,Public,Negative,1.0,No,High School,Near,Male,63,Bajo
11.0,87.0,Low,Medium,No,8.0,53.0,High,Yes,1.0,Medium,Medium,Public,Positive,3.0,No,High School,Near,Female,64,Bajo
23.0,78.0,High,Low,No,9.0,65.0,High,Yes,1.0,Low,Medium,Public,Neutral,2.0,Yes,High School,Near,Female,65,Bajo
26.0,88.0,High,Medium,Yes,6.0,79.0,Medium,Yes,1.0,Low,Medium,Public,Neutral,4.0,No,High School,Near,Male,71,Alto
11.0,63.0,Medium,Medium,Yes,10.0,100.0,High,Yes,0.0,Medium,Medium,Public,Neutral,3.0,No,High School,Near,Female,61,Bajo
26.0,94.0,Low,Low,Yes,9.0,55.0,Low,Yes,2.0,High,Medium,Public,Neutral,3.0,No,High School,Near,Male,69,Medio
20.0,91.0,High,Medium,No,7.0,74.0,Medium,Yes,1.0,Medium,Medium,Public,Neutral,4.0,No,High School,Near,Male,69,Medio
27.0,70.0,Medium,Medium,No,7.0,80.0,Low,Yes,1.0,Low,Medium,Public,Neutral,3.0,No,High School,Near,Female,66,Bajo
20.0,91.0,High,Medium,No,6.0,91.0,Medium,Yes,3.0,High,Medium,Public,Neutral,2.0,No,High School,Near,Male,72,Alto
5.0,61.0,High,Medium,No,9.0,84.0,High,Yes,1.0,Medium,Medium,Public,Neutral,3.0,No,High School,Near,Male,60,Bajo
19.0,69.0,Low,Low,No,7.0,90.0,Medium,Yes,0.0,Low,Medium,Public,Neutral,1.0,No,High School,Near,Male,62,Bajo
26.0,63.0,Medium,Medium,Yes,5.0,76.0,Medium,Yes,3.0,Medium,Medium,Public,Neutral,5.0,Yes,High School,Near,Female,66,Bajo
15.0,91.0,Medium,High,Yes,4.0,72.0,Low,Yes,1.0,High,Medium,Private,Neutral,2.0,No,High School,Near,Male,69,Medio
18.0,90.0,High,Medium,No,7.0,81.0,Medium,Yes,2.0,Medium,Medium,Public,Negative,3.0,No,High School,Near,Male,69,Medio
19.0,93.0,Medium,High,No,7.0,95.0,Low,Yes,3.0,Medium,Medium,Private,Negative,3.0,No,High School,Near,Female,71,Alto
3.0,60.0,Medium,Low,Yes,6.0,78.0,Low,Yes,1.0,Low,Medium,Public,Positive,1.0,No,High School,Near,Female,57,Bajo
30.0,80.0,High,High,No,5.0,80.0,Medium,Yes,0.0,Low,Medium,Private,Positive,4.0,No,High School,Near,Female,72,Alto
15.0,88.0,Low,Medium,Yes,4.0,67.0,Medium,Yes,1.0,Medium,Medium,Private,Positive,4.0,No,High School,Near,Female,66,Bajo
23.0,66.0,Medium,Medium,Yes,6.0,80.0,Medium,Yes,1.0,Medium,Medium,Public,Positive,3.0,No,High School,Near,Female,66,Bajo
19.0,86.0,Medium,Medium,No,6.0,81.0,Medium,Yes,3.0,Medium,Medium,Public,Neutral,3.0,No,High School,Near,Male,70,Alto
28.0,63.0,Medium,Medium,No,8.0,88.0,Medium,Yes,2.0,Low,Medium,Public,Positive,2.0,No,High School,Near,Male,67,Medio
22.0,67.0,Medium,Medium,Yes,7.0,79.0,Medium,Yes,1.0,Medium,Medium,Private,Neutral,3.0,No,High School,Near,Female,65,Bajo
19.0,79.0,Medium,Medium,Yes,9.0,60.0,Low,Yes,1.0,Low,Medium,Public,Neutral,3.0,Yes,High School,Near,Female,63,Bajo
15.0,86.0,High,Low,No,8.0,79.0,Medium,Yes,3.0,Low,Medium,Public,Positive,3.0,No,High School,Near,Female,68,Medio
25.0,66.0,Low,Medium,Yes,8.0,65.0,Medium,Yes,0.0,Medium,Medium,Public,Positive,3.0,Yes,High School,Near,Male,63,Bajo
9.0,67.0,Medium,High,Yes,8.0,54.0,Medium,Yes,3.0,Medium,Medium,Private,Positive,5.0,No,High School,Near,Male,63,Bajo
24.0,68.0,Medium,Medium,Yes,5.0,91.0,High,Yes,1.0,High,Medium,Public,Negative,4.0,No,High School,Near,Female,68,Medio
13.0,70.0,Medium,Medium,Yes,6.0,53.0,Medium,Yes,2.0,Low,Medium,Public,Negative,0.0,Yes,High School,Near,Female,60,Bajo
28.0,69.0,Medium,Medium,No,10.0,82.0,High,Yes,0.0,Medium,Medium,Private,Neutral,2.0,No,High School,Near,Female,67,Medio
21.0,76.0,Low,Low,Yes,4.0,99.0,High,Yes,0.0,Low,Medium,Public,Positive,3.0,No,High School,Near,Male,65,Bajo
24.0,86.0,High,Low,Yes,7.0,54.0,Medium,Yes,0.0,Low,Medium,Public,Neutral,2.0,No,High School,Near,Male,68,Medio
20.0,78.0,Medium,Low,No,8.0,61.0,Medium,Yes,0.0,Medium,Medium,Public,Neutral,2.0,Yes,High School,Near,Female,62,Bajo
9.0,91.0,Medium,Low,No,4.0,88.0,Low,Yes,2.0,Medium,Medium,Public,Neutral,4.0,Yes,High School,Near,Female,65,Bajo
15.0,89.0,Medium,Medium,Yes,6.0,55.0,High,Yes,1.0,Low,Medium,Private,Positive,3.0,No,High School,Near,Male,66,Bajo
24.0,65.0,Medium,Medium,Yes,10.0,92.0,Low,Yes,3.0,Medium,Medium,Public,Neutral,4.0,No,High School,Near,Male,67,Medio
21.0,62.0,Low,High,Yes,7.0,50.0,Low,No,1.0,High,Medium,Public,Negative,2.0,No,High School,Near,Female,60,Bajo
27.0,95.0,Low,High,Yes,6.0,94.0,High,Yes,2.0,Medium,Medium,Public,Neutral,4.0,No,High School,Near,Female,74,Alto
22.0,63.0,Low,Low,Yes,7.0,53.0,Medium,Yes,1.0,High,Medium,Public,Neutral,4.0,No,High School,Near,Male,62,Bajo
14.0,66.0,Low,Medium,Yes,6.0,96.0,Low,Yes,0.0,High,Medium,Public,Negative,3.0,No,High School,Near,Male,61,Bajo
15.0,61.0,Medium,Medium,No,10.0,93.0,High,Yes,0.0,Medium,Medium,Public,Neutral,4.0,No,High School,Near,Male,63,Bajo
21.0,85.0,Medium,Low,No,6.0,77.0,Medium,Yes,2.0,Low,Medium,Public,Neutral,3.0,No,High School,Near,Male,66,Bajo
6.0,83.0,Medium,Medium,No,6.0,89.0,Medium,Yes,1.0,Low,Medium,Public,Positive,4.0,No,High School,Near,Female,65,Bajo
30.0,99.0,Low,Medium,No,5.0,54.0,Medium,Yes,0.0,Medium,Medium,Private,Positive,3.0,No,High School,Near,Male,72,Alto
23.0,95.0,High,Medium,No,7.0,57.0,Medium,Yes,1.0,Low,Medium,Private,Neutral,2.0,No,High School,Near,Female,70,Alto
27.0,76.0,High,High,Yes,7.0,68.0,Medium,Yes,1.0,Medium,Medium,Public,Neutral,3.0,No,High School,Near,Female,71,Alto
11.0,75.0,High,High,Yes,9.0,77.0,Medium,No,1.0,High,Medium,Private,Neutral,2.0,Yes,High School,Near,Male,64,Bajo
27.0,72.0,Medium,High,No,5.0,93.0,Low,Yes,1.0,High,Medium,Public,Positive,2.0,No,High School,Near,Male,70,Alto
33.0,66.0,Medium,Medium,No,8.0,77.0,Medium,Yes,2.0,Medium,Medium,Public,Neutral,3.0,No,High School,Near,Male,68,Medio
12.0,66.0,Low,High,Yes,7.0,83.0,Medium,No,1.0,Medium,Medium,Public,Neutral,3.0,No,High School,Near,Male,61,Bajo
25.0,65.0,High,Medium,Yes,4.0,84.0,High,Yes,1.0,High,Medium,Public,Positive,2.0,No,High School,Near,Male,68,Medio
20.0,65.0,Low,Medium,No,6.0,94.0,Medium,Yes,1.0,Low,Medium,Public,Positive,2.0,No,High School,Near,Female,64,Bajo
11.0,70.0,Medium,High,Yes,6.0,89.0,Low,Yes,2.0,Medium,Medium,Public,Positive,4.0,No,High School,Near,Female,64,Bajo
23.0,72.0,Medium,High,Yes,10.0,99.0,Medium,Yes,2.0,Medium,Medium,Private,Neutral,4.0,No,High School,Near,Female,71,Alto
25.0,98.0,Medium,High,Yes,8.0,51.0,Medium,Yes,0.0,Medium,Medium,Private,Positive,2.0,No,High School,Near,Female,72,Alto
16.0,83.0,Medium,Medium,Yes,7.0,60.0,Medium,Yes,0.0,High,Medium,Public,Positive,1.0,No,High School,Near,Female,66,Bajo
27.0,100.0,Low,Medium,Yes,4.0,97.0,Low,Yes,4.0,Low,Medium,Public,Positive,3.0,No,High School,Near,Female,74,Alto
10.0,75.0,Medium,Medium,Yes,4.0,90.0,Medium,Yes,3.0,Medium,Medium,Public,Positive,3.0,Yes,High School,Near,Male,65,Bajo
11.0,78.0,High,High,No,8.0,63.0,Low,Yes,1.0,Low,Medium,Public,Neutral,3.0,No,High School,Near,Female,64,Bajo
21.0,73.0,High,Medium,Yes,8.0,99.0,Medium,Yes,1.0,Medium,Medium,Public,Positive,4.0,No,High School,Near,Male,69,Medio
20.0,67.0,Medium,Medium,No,6.0,93.0,Low,No,1.0,Low,Medium,Public,Negative,3.0,Yes,High School,Near,Male,62,Bajo
16.0,66.0,Medium,Medium,Yes,7.0,53.0,High,Yes,2.0,Medium,Medium,Public,Negative,2.0,No,High School,Near,Male,62,Bajo
25.0,98.0,Low,Low,Yes,7.0,91.0,Medium,Yes,2.0,Low,Medium,Public,Positive,3.0,No,High School,Near,Female,72,Alto
23.0,99.0,Medium,High,No,7.0,89.0,High,Yes,1.0,Medium,Medium,Public,Neutral,3.0,No,High School,Near,Female,73,Alto
25.0,62.0,Medium,Low,No,6.0,61.0,High,Yes,1.0,Medium,Medium,Public,Positive,4.0,No,High School,Near,Female,64,Bajo
19.0,66.0,Medium,Medium,No,8.0,83.0,Medium,Yes,2.0,Medium,Medium,Public,Neutral,3.0,No,High School,Near,Female,65,Bajo
24.0,77.0,High,High,Yes,9.0,99.0,Medium,Yes,1.0,Low,Medium,Public,Positive,1.0,No,High School,Near,Male,70,Alto
17.0,67.0,Medium,Medium,Yes,6.0,84.0,High,Yes,1.0,High,Medium,Public,Neutral,3.0,No,High School,Near,Female,66,Bajo
32.0,75.0,Low,High,No,5.0,91.0,Low,Yes,1.0,High,Medium,Public,Positive,2.0,No,High School,Near,Female,70,Alto
15.0,65.0,Medium,High,Yes,6.0,55.0,Low,Yes,2.0,Medium,Medium,Private,Positive,3.0,No,High School,Near,Female,63,Bajo
33.0,78.0,Low,Low,No,7.0,86.0,Medium,Yes,1.0,Low,Medium,Public,Positive,4.0,No,High School,Near,Male,69,Medio
20.0,71.0,High,Medium,Yes,8.0,60.0,Low,Yes,0.0,Medium,Medium,Public,Neutral,2.0,No,High School,Near,Male,64,Bajo
12.0,74.0,Low,Medium,No,8.0,54.0,Medium,Yes,2.0,Medium,Medium,Private,Positive,5.0,No,High School,Near,Female,63,Bajo
28.0,64.0,Medium,Medium,No,8.0,78.0,Low,Yes,2.0,Medium,Medium,Private,Negative,3.0,No,High School,Near,Male,66,Bajo
21.0,77.0,Medium,Medium,Yes,8.0,88.0,Low,Yes,2.0,High,Medium,Private,Positive,1.0,No,High School,Near,Female,68,Medio
25.0,99.0,Medium,Medium,Yes,7.0,77.0,Medium,Yes,0.0,High,Medium,Public,Neutral,3.0,No,High School,Near,Male,97,Alto
27.0,73.0,Low,Low,No,9.0,97.0,Medium,Yes,2.0,Medium,Medium,Public,Neutral,1.0,No,High School,Near,Female,67,Medio
22.0,95.0,Medium,Medium,No,7.0,85.0,Medium,Yes,0.0,Medium,Medium,Private,Positive,4.0,No,High School,Near,Male,71,Alto
16.0,94.0,Low,Low,Yes,8.0,56.0,Low,Yes,2.0,Low,Medium,Public,Positive,2.0,No,High School,Near,Female,66,Bajo
26.0,98.0,Medium,Low,Yes,7.0,97.0,Medium,Yes,2.0,Low,Medium,Public,Neutral,2.0,Yes,High School,Near,Male,72,Alto
20.0,92.0,High,Medium,Yes,7.0,58.0,Low,Yes,2.0,Low,Medium,Public,Neutral,4.0,No,High School,Near,Female,70,Alto
24.0,86.0,Medium,Medium,Yes,7.0,88.0,Medium,Yes,1.0,Low,Medium,Public,Neutral,3.0,No,High School,Near,Male,69,Medio
7.0,94.0,Medium,Low,Yes,9.0,57.0,High,Yes,2.0,Medium,Medium,Public,Negative,3.0,No,High School,Near,Female,66,Bajo
23.0,63.0,High,High,No,7.0,100.0,Low,Yes,2.0,Medium,Medium,Private,Positive,3.0,No,High School,Near,Female,69,Medio
16.0,79.0,Medium,Medium,Yes,6.0,67.0,Low,No,2.0,Medium,Medium,Private,Positive,3.0,No,High School,Near,Male,65,Bajo
30.0,100.0,High,High,No,6.0,75.0,Medium,Yes,0.0,Low,Medium,Public,Neutral,4.0,No,High School,Near,Female,75,Alto
24.0,91.0,Low,Medium,No,8.0,73.0,Medium,Yes,2.0,Low,Medium,Private,Positive,2.0,No,High School,Near,Male,70,Alto
21.0,98.0,High,Low,Yes,6.0,55.0,Low,Yes,1.0,Medium,Medium,Public,Positive,3.0,No,High School,Near,Male,70,Alto
23.0,91.0,Medium,High,Yes,7.0,75.0,Low,Yes,2.0,Low,Medium,Public,Negative,2.0,No,High School,Near,Male,69,Medio
14.0,95.0,High,Medium,No,7.0,57.0,Medium,Yes,2.0,Low,Medium,Public,Neutral,2.0,No,High School,Near,Female,68,Medio
30.0,88.0,Low,Medium,Yes,6.0,90.0,High,Yes,4.0,High,Medium,Private,Negative,2.0,No,High School,Near,Male,73,Alto
32.0,90.0,Medium,Medium,Yes,5.0,98.0,High,Yes,0.0,Medium,Medium,Public,Neutral,3.0,No,High School,Near,Male,74,Alto
22.0,81.0,Low,Low,No,5.0,90.0,Medium,Yes,0.0,High,Medium,Public,Positive,2.0,No,High School,Near,Female,66,Bajo
30.0,97.0,High,Medium,Yes,6.0,72.0,High,Yes,1.0,Low,Medium,Public,Positive,2.0,No,High School,Near,Female,74,Alto
17.0,93.0,Medium,Low,Yes,5.0,50.0,Low,Yes,3.0,High,Medium,Public,Positive,2.0,No,High School,Near,Male,67,Medio
15.0,94.0,High,Medium,Yes,8.0,52.0,Low,Yes,1.0,Medium,Medium,Private,Positive,2.0,No,High School,Near,Female,67,Medio
20.0,87.0,Medium,High,No,10.0,75.0,Low,Yes,3.0,Medium,Medium,Private,Neutral,2.0,No,High School,Near,Female,70,Alto
23.0,72.0,Low,High,Yes,6.0,84.0,Medium,Yes,1.0,High,Medium,Public,Neutral,2.0,No,High School,Near,Male,67,Medio
18.0,61.0,Medium,Low,Yes,6.0,91.0,High,Yes,3.0,Medium,Medium,Public,Positive,3.0,No,High School,Near,Female,80,Alto
23.0,97.0,Medium,High,Yes,6.0,80.0,Low,Yes,1.0,Low,Medium,Public,Negative,2.0,No,High School,Near,Male,70,Alto
22.0,83.0,High,Medium,No,8.0,99.0,Low,Yes,4.0,High,Medium,Public,Negative,4.0,Yes,High School,Near,Female,71,Alto
14.0,72.0,Medium,Low,No,8.0,75.0,High,Yes,4.0,High,Medium,Private,Positive,2.0,Yes,High School,Near,Male,64,Bajo
23.0,66.0,High,High,Yes,7.0,80.0,Medium,Yes,1.0,Medium,Medium,Public,Positive,3.0,No,High School,Near,Female,68,Medio
25.0,93.0,Medium,Medium,No,5.0,62.0,Medium,Yes,0.0,Low,Medium,Public,Neutral,3.0,No,High School,Near,Male,68,Medio
21.0,93.0,Medium,Medium,Yes,6.0,67.0,Medium,No,1.0,High,Medium,Public,Positive,3.0,No,High School,Near,Female,69,Medio
27.0,93.0,High,Low,Yes,7.0,84.0,Low,Yes,1.0,Medium,Medium,Private,Neutral,2.0,No,High School,Near,Male,72,Alto
13.0,86.0,Medium,Medium,No,7.0,80.0,Medium,Yes,0.0,Low,Medium,Private,Negative,5.0,No,High School,Near,Male,65,Bajo
23.0,75.0,Low,Low,Yes,7.0,68.0,Medium,Yes,1.0,High,Medium,Private,Neutral,4.0,Yes,High School,Near,Male,64,Bajo
13.0,72.0,Medium,High,No,8.0,56.0,Low,Yes,1.0,Low,Medium,Public,Positive,4.0,No,High School,Near,Female,64,Bajo
13.0,60.0,Low,Medium,No,5.0,67.0,High,Yes,1.0,Low,Medium,Public,Positive,4.0,Yes,High School,Near,Male,58,Bajo
16.0,93.0,High,Medium,Yes,7.0,52.0,Low,Yes,2.0,Medium,Medium,Public,Neutral,3.0,No,High School,Near,Male,69,Medio
14.0,63.0,High,Low,No,7.0,79.0,Medium,Yes,1.0,Low,Medium,Public,Neutral,3.0,No,High School,Near,Male,61,Bajo
17.0,85.0,High,High,Yes,6.0,66.0,Medium,Yes,0.0,Medium,Medium,Public,Neutral,2.0,No,High School,Near,Female,68,Medio
19.0,80.0,High,Medium,Yes,6.0,69.0,Low,Yes,1.0,Low,Medium,Private,Neutral,4.0,Yes,High School,Near,Male,66,Bajo
25.0,81.0,Medium,Medium,No,8.0,79.0,Low,Yes,1.0,Medium,Medium,Public,Neutral,4.0,No,High School,Near,Female,68,Medio
18.0,97.0,Low,High,No,5.0,79.0,Low,Yes,2.0,Low,Medium,Public,Positive,3.0,No,High School,Near,Male,70,Alto
10.0,61.0,High,Low,Yes,10.0,79.0,Medium,Yes,4.0,High,Medium,Public,Positive,2.0,Yes,High School,Near,Male,62,Bajo
27.0,91.0,Medium,Medium,No,8.0,75.0,Low,Yes,2.0,Medium,Medium,Private,Neutral,3.0,No,High School,Near,Male,71,Alto
15.0,62.0,Medium,Medium,No,7.0,74.0,High,Yes,0.0,Low,Medium,Public,Negative,3.0,No,High School,Near,Female,61,Bajo
20.0,62.0,High,Medium,Yes,7.0,91.0,Low,Yes,1.0,Medium,Medium,Public,Negative,3.0,No,High School,Near,Male,64,Bajo
23.0,77.0,Medium,Low,No,8.0,73.0,Medium,Yes,1.0,Low,Medium,Public,Positive,2.0,No,High School,Near,Male,65,Bajo
21.0,63.0,Low,Medium,Yes,6.0,77.0,Low,Yes,3.0,Medium,Medium,Public,Negative,1.0,No,High School,Near,Male,63,Bajo
27.0,92.0,High,Medium,Yes,6.0,99.0,Low,Yes,4.0,Low,Medium,Private,Positive,3.0,No,High School,Near,Female,74,Alto
23.0,81.0,Medium,High,No,9.0,59.0,Low,Yes,2.0,Medium,Medium,Public,Neutral,2.0,No,High School,Near,Male,68,Medio
15.0,61.0,High,Medium,Yes,6.0,86.0,High,Yes,2.0,High,Medium,Public,Neutral,3.0,No,High School,Near,Female,65,Bajo
33.0,62.0,Medium,Medium,No,7.0,74.0,Low,Yes,2.0,Medium,Medium,Public,Neutral,2.0,No,High School,Near,Male,66,Bajo
21.0,85.0,Medium,High,Yes,6.0,92.0,Medium,Yes,1.0,Medium,Medium,Public,Neutral,2.0,Yes,High School,Near,Male,69,Medio
19.0,92.0,Low,Medium,Yes,7.0,70.0,Low,Yes,2.0,High,Medium,Private,Positive,2.0,No,High School,Near,Male,69,Medio
26.0,78.0,High,Medium,No,8.0,65.0,Medium,Yes,3.0,Medium,Medium,Public,Positive,3.0,No,High School,Near,Female,70,Alto
21.0,82.0,Medium,Medium,Yes,10.0,60.0,High,Yes,3.0,High,Medium,Public,Positive,4.0,No,High School,Near,Female,70,Alto
22.0,92.0,Medium,Medium,Yes,6.0,94.0,Medium,Yes,1.0,Medium,Medium,Public,Positive,3.0,No,High School,Near,Male,71,Alto
35.0,84.0,Medium,Medium,No,5.0,86.0,Medium,Yes,1.0,Medium,Medium,Public,Neutral,3.0,No,High School,Near,Female,72,Alto
18.0,69.0,Medium,Low,No,7.0,54.0,Medium,Yes,1.0,Low,Medium,Public,Neutral,4.0,No,High School,Near,Male,61,Bajo
18.0,85.0,Medium,High,Yes,6.0,86.0,High,No,1.0,Medium,Medium,Private,Neutral,3.0,No,High School,Near,Female,68,Medio
21.0,85.0,Medium,Low,Yes,7.0,52.0,Medium,Yes,3.0,Low,Medium,Private,Neutral,3.0,No,High School,Near,Male,66,Bajo
26.0,89.0,Medium,Medium,Yes,8.0,59.0,Low,Yes,1.0,Low,Medium,Public,Neutral,4.0,No,High School,Near,Male,70,Alto
11.0,85.0,Medium,Low,No,10.0,80.0,Low,No,0.0,Low,Medium,Public,Positive,3.0,No,High School,Near,Female,63,Bajo
8.0,99.0,Medium,High,Yes,6.0,73.0,Medium,Yes,1.0,Medium,Medium,Public,Positive,3.0,No,High School,Near,Female,68,Medio
16.0,68.0,Low,Medium,Yes,4.0,92.0,Medium,No,1.0,Medium,Medium,Public,Negative,4.0,No,High School,Near,Male,62,Bajo
10.0,98.0,Medium,High,No,7.0,80.0,Low,Yes,3.0,Medium,Medium,Private,Neutral,3.0,No,High School,Near,Male,69,Medio
17.0,82.0,Medium,Medium,Yes,8.0,98.0,Medium,Yes,3.0,Medium,Medium,Public,Positive,4.0,No,High School,Near,Male,69,Medio
23.0,87.0,Medium,Low,Yes,6.0,93.0,Medium,Yes,1.0,High,Medium,Private,Positive,4.0,No,High School,Near,Female,72,Alto
15.0,64.0,High,Medium,Yes,7.0,67.0,Medium,Yes,2.0,Low,Medium,Public,Positive,3.0,No,High School,Near,Male,64,Bajo
11.0,75.0,Low,Medium,No,7.0,92.0,Medium,No,2.0,Low,Medium,Public,Positive,4.0,No,High School,Near,Female,63,Bajo
20.0,91.0,Medium,Medium,Yes,7.0,93.0,High,Yes,1.0,Low,Medium,Public,Negative,3.0,No,High School,Near,Male,70,Alto
25.0,88.0,Low,Medium,Yes,8.0,98.0,Low,No,1.0,Low,Medium,Private,Neutral,4.0,No,High School,Near,Male,69,Medio
10.0,62.0,High,High,No,7.0,51.0,Medium,Yes,1.0,Medium,Medium,Private,Positive,2.0,No,High School,Near,Male,61,Bajo
25.0,82.0,High,High,No,8.0,94.0,Low,Yes,2.0,Low,Medium,Public,Neutral,3.0,No,High School,Near,Male,70,Alto
25.0,64.0,Medium,Medium,Yes,4.0,53.0,Low,Yes,1.0,Medium,Medium,Public,Neutral,2.0,No,High School,Near,Male,64,Bajo
26.0,100.0,High,High,Yes,6.0,76.0,High,Yes,0.0,Medium,Medium,Public,Negative,4.0,No,High School,Near,Male,76,Alto
27.0,96.0,Medium,Medium,Yes,6.0,71.0,Medium,Yes,2.0,Medium,Medium,Public,Neutral,2.0,No,High School,Near,Female,73,Alto
33.0,61.0,Low,Low,Yes,5.0,96.0,Medium,Yes,2.0,Medium,Medium,Public,Negative,3.0,No,High School,Near,Male,67,Medio
18.0,94.0,Medium,Medium,Yes,7.0,70.0,Medium,No,2.0,Medium,Medium,Public,Negative,3.0,No,High School,Near,Female,69,Medio
21.0,97.0,Medium,Medium,Yes,6.0,80.0,Low,Yes,2.0,Medium,Medium,Private,Positive,4.0,No,High School,Near,Male,72,Alto
18.0,74.0,Medium,Medium,No,6.0,85.0,Medium,Yes,4.0,Medium,Medium,Private,Negative,3.0,No,High School,Near,Female,66,Bajo
20.0,89.0,Medium,Medium,Yes,8.0,51.0,Medium,Yes,3.0,Medium,Medium,Public,Positive,3.0,No,High School,Near,Female,70,Alto
29.0,78.0,Medium,High,Yes,7.0,80.0,Medium,Yes,2.0,Medium,Medium,Public,Positive,4.0,No,High School,Near,Female,73,Alto
12.0,86.0,High,Medium,Yes,5.0,76.0,Low,No,2.0,High,Medium,Public,Positive,3.0,No,High School,Near,Female,68,Medio
15.0,74.0,Medium,High,No,6.0,80.0,Medium,Yes,2.0,High,Medium,Public,Negative,3.0,No,High School,Near,Male,66,Bajo
28.0,73.0,Low,Medium,Yes,8.0,54.0,Medium,Yes,4.0,Medium,Medium,Private,Neutral,1.0,No,High School,Near,Female,67,Medio
26.0,77.0,Medium,Low,No,7.0,53.0,High,No,3.0,Medium,Medium,Private,Positive,3.0,No,High School,Near,Female,67,Medio
18.0,66.0,Medium,High,Yes,9.0,59.0,Medium,No,0.0,Low,Medium,Private,Positive,3.0,No,High School,Near,Male,62,Bajo
25.0,93.0,Low,Medium,No,8.0,93.0,Medium,Yes,2.0,Medium,Medium,Public,Positive,3.0,No,High School,Near,Male,72,Alto
22.0,74.0,Low,High,Yes,6.0,68.0,Medium,Yes,0.0,Medium,Medium,Public,Positive,4.0,No,High School,Near,Male,65,Bajo
29.0,76.0,Medium,Low,Yes,9.0,72.0,Medium,Yes,1.0,High,Medium,Public,Positive,3.0,No,High School,Near,Male,69,Medio
20.0,96.0,Medium,High,No,9.0,70.0,Medium,Yes,2.0,Low,Medium,Public,Positive,2.0,Yes,High School,Near,Male,69,Medio
26.0,80.0,High,Medium,Yes,4.0,86.0,Medium,No,0.0,Low,Medium,Public,Positive,4.0,No,High School,Near,Male,69,Medio
36.0,82.0,Low,Low,Yes,7.0,63.0,Medium,Yes,0.0,Medium,Medium,Private,Positive,3.0,No,High School,Near,Male,69,Medio
24.0,98.0,Low,Medium,Yes,6.0,53.0,Medium,Yes,1.0,Medium,Medium,Public,Neutral,2.0,No,High School,Near,Female,69,Medio
20.0,95.0,Medium,High,Yes,7.0,69.0,Low,Yes,0.0,Medium,Medium,Public,Neutral,3.0,No,High School,Near,Male,70,Alto
24.0,67.0,High,Low,No,6.0,86.0,Medium,Yes,6.0,Low,Medium,Private,Positive,3.0,Yes,High School,Near,Female,67,Medio
18.0,79.0,Medium,High,Yes,6.0,96.0,Medium,Yes,3.0,Medium,Medium,Public,Positive,3.0,Yes,High School,Near,Male,69,Medio
34.0,99.0,Medium,Medium,Yes,8.0,53.0,Medium,Yes,0.0,Medium,Medium,Public,Neutral,5.0,No,High School,Near,Male,75,Alto
21.0,75.0,Low,Medium,Yes,5.0,91.0,Medium,Yes,2.0,Low,Medium,Public,Neutral,3.0,No,High School,Near,Male,66,Bajo
18.0,75.0,Medium,Low,Yes,7.0,53.0,Medium,Yes,0.0,High,Medium,Public,Neutral,2.0,No,High School,Near,Male,63,Bajo
15.0,68.0,Medium,Medium,Yes,5.0,67.0,Medium,Yes,3.0,Medium,Medium,Private,Negative,4.0,No,High School,Near,Male,64,Bajo
27.0,65.0,Medium,Medium,Yes,9.0,51.0,Medium,Yes,2.0,High,Medium,Private,Positive,2.0,No,High School,Near,Female,66,Bajo
25.0,90.0,Medium,Medium,Yes,7.0,96.0,Medium,Yes,1.0,Medium,Medium,Public,Positive,4.0,No,High School,Near,Male,72,Alto
17.0,91.0,Medium,High,No,8.0,85.0,High,Yes,3.0,Medium,Medium,Public,Neutral,4.0,No,High School,Near,Female,71,Alto
23.0,99.0,Low,Medium,Yes,7.0,68.0,Medium,Yes,0.0,High,Medium,Private,Positive,2.0,No,High School,Near,Male,70,Alto
11.0,91.0,High,Medium,No,7.0,69.0,Medium,Yes,2.0,Low,Medium,Private,Positive,2.0,No,High School,Near,Male,67,Medio
21.0,70.0,Medium,Low,No,7.0,82.0,High,Yes,0.0,High,Medium,Public,Positive,3.0,No,High School,Near,Female,65,Bajo
23.0,62.0,High,High,Yes,9.0,54.0,Low,Yes,3.0,Low,Medium,Private,Neutral,4.0,No,High School,Near,Male,65,Bajo
30.0,99.0,Medium,Medium,Yes,6.0,57.0,Medium,Yes,0.0,Low,Medium,Public,Neutral,4.0,No,High School,Near,Male,73,Alto
15.0,74.0,Medium,Medium,Yes,4.0,92.0,Low,Yes,1.0,Medium,Medium,Private,Positive,3.0,No,High School,Near,Male,66,Bajo
12.0,72.0,Low,Medium,Yes,6.0,60.0,High,Yes,0.0,Low,Medium,Public,Neutral,4.0,No,High School,Near,Male,62,Bajo
15.0,96.0,Medium,High,No,5.0,86.0,Medium,Yes,2.0,High,Medium,Private,Positive,2.0,No,High School,Near,Male,71,Alto
12.0,83.0,Medium,High,No,8.0,61.0,Medium,Yes,3.0,High,Medium,Public,Neutral,5.0,Yes,High School,Near,Male,66,Bajo
28.0,69.0,High,High,Yes,7.0,54.0,Low,No,1.0,Low,Medium,Public,Neutral,2.0,No,High School,Near,Male,65,Bajo
29.0,96.0,Medium,High,Yes,8.0,95.0,Medium,Yes,0.0,High,Medium,Private,Positive,2.0,No,High School,Near,Female,75,Alto
22.0,100.0,High,Medium,No,7.0,95.0,Medium,Yes,2.0,Low,Medium,Public,Positive,4.0,No,High School,Near,Male,74,Alto
27.0,63.0,Medium,Low,Yes,7.0,80.0,High,Yes,1.0,Medium,Medium,Private,Neutral,3.0,No,High School,Near,Male,65,Bajo
21.0,94.0,Medium,Medium,No,7.0,73.0,Low,Yes,2.0,Low,Medium,Private,Positive,3.0,No,High School,Near,Female,71,Alto
19.0,76.0,High,Low,Yes,9.0,78.0,Low,Yes,1.0,Low,Medium,Public,Negative,1.0,No,High School,Near,Female,65,Bajo
18.0,81.0,Medium,Low,Yes,7.0,70.0,High,Yes,0.0,Low,Medium,Private,Neutral,2.0,No,High School,Near,Male,65,Bajo
18.0,97.0,Medium,Low,No,9.0,88.0,Medium,Yes,0.0,Low,Medium,Public,Neutral,4.0,No,High School,Near,Female,67,Medio
11.0,99.0,Medium,Low,Yes,9.0,88.0,Medium,Yes,2.0,Low,Medium,Public,Neutral,2.0,No,High School,Near,Male,67,Medio
22.0,70.0,Medium,Medium,No,7.0,91.0,Medium,Yes,2.0,Medium,Medium,Public,Positive,1.0,No,High School,Near,Male,66,Bajo
20.0,69.0,High,Medium,Yes,7.0,76.0,High,Yes,1.0,Medium,Medium,Public,Positive,3.0,No,High School,Near,Female,67,Medio
24.0,63.0,Medium,Medium,No,6.0,90.0,Medium,No,2.0,Low,Medium,Private,Neutral,5.0,No,High School,Near,Female,66,Bajo
21.0,82.0,Low,High,No,9.0,58.0,Medium,Yes,0.0,Medium,Medium,Public,Negative,2.0,No,High School,Near,Male,65,Bajo
19.0,61.0,High,Medium,Yes,6.0,52.0,Low,No,1.0,Low,Medium,Public,Neutral,3.0,No,High School,Near,Female,59,Bajo
15.0,76.0,High,High,Yes,6.0,82.0,Medium,Yes,4.0,Low,Medium,Private,Positive,4.0,No,High School,Near,Female,69,Medio
20.0,63.0,Medium,Medium,No,7.0,55.0,High,Yes,2.0,Low,Medium,Public,Negative,3.0,No,High School,Near,Male,63,Bajo
24.0,76.0,Low,Medium,No,5.0,78.0,High,Yes,1.0,Medium,Medium,Private,Neutral,4.0,Yes,High School,Near,Male,65,Bajo
13.0,62.0,Medium,Low,No,6.0,86.0,High,Yes,2.0,Low,Medium,Public,Neutral,4.0,No,High School,Near,Male,61,Bajo
21.0,93.0,Low,Medium,No,9.0,70.0,Medium,Yes,0.0,Medium,Medium,Public,Neutral,1.0,No,High School,Near,Female,68,Medio
21.0,68.0,Medium,High,Yes,8.0,52.0,Medium,Yes,3.0,Low,Medium,Public,Neutral,2.0,No,High School,Near,Male,65,Bajo
16.0,73.0,Low,Low,No,6.0,94.0,Medium,No,1.0,Low,Medium,Private,Negative,2.0,No,High School,Near,Female,61,Bajo
16.0,95.0,Medium,High,Yes,8.0,52.0,Medium,Yes,0.0,Low,Medium,Private,Positive,3.0,No,High School,Near,Male,69,Medio
21.0,90.0,Low,Medium,Yes,10.0,95.0,High,Yes,2.0,High,Medium,Private,Neutral,4.0,No,High School,Near,Male,72,Alto
13.0,69.0,Medium,Low,Yes,7.0,53.0,High,No,2.0,Medium,Medium,Private,Negative,3.0,Yes,High School,Near,Female,59,Bajo
22.0,63.0,Medium,Medium,No,9.0,87.0,Low,Yes,0.0,High,Medium,Public,Negative,2.0,No,High School,Near,Female,63,Bajo
15.0,89.0,Medium,Medium,Yes,8.0,96.0,High,Yes,3.0,Low,Medium,Public,Negative,3.0,No,High School,Near,Male,69,Medio
26.0,76.0,Low,Low,No,7.0,95.0,High,Yes,1.0,Low,Medium,Public,Neutral,1.0,No,High School,Near,Male,67,Medio
34.0,91.0,Low,Medium,No,7.0,95.0,Medium,No,1.0,Medium,Medium,Public,Negative,3.0,Yes,High School,Near,Male,70,Alto
15.0,78.0,Medium,High,No,8.0,94.0,High,Yes,0.0,Low,Medium,Private,Positive,4.0,No,High School,Near,Male,67,Medio
23.0,74.0,Medium,Medium,Yes,6.0,76.0,Medium,No,1.0,Low,Medium,Public,Positive,2.0,No,High School,Near,Male,66,Bajo
16.0,78.0,Medium,Medium,Yes,4.0,78.0,Medium,Yes,5.0,High,Medium,Public,Positive,3.0,No,High School,Near,Female,68,Medio
26.0,90.0,Low,High,Yes,6.0,81.0,Medium,Yes,1.0,Low,Medium,Private,Neutral,3.0,No,High School,Near,Male,71,Alto
12.0,96.0,High,Medium,No,4.0,95.0,Medium,Yes,3.0,Medium,Medium,Private,Neutral,0.0,Yes,High School,Near,Male,69,Medio
23.0,62.0,High,Medium,Yes,6.0,92.0,Low,Yes,0.0,High,Medium,Public,Neutral,2.0,No,High School,Near,Male,65,Bajo
15.0,81.0,Medium,Medium,No,4.0,89.0,High,Yes,0.0,Low,Medium,Private,Negative,3.0,No,High School,Near,Female,66,Bajo
19.0,61.0,Medium,High,Yes,8.0,84.0,High,Yes,2.0,Medium,Medium,Public,Positive,4.0,No,High School,Near,Male,66,Bajo
14.0,79.0,High,Medium,No,5.0,81.0,High,Yes,3.0,High,Medium,Public,Negative,3.0,No,High School,Near,Female,67,Medio
25.0,95.0,High,Medium,Yes,8.0,96.0,Low,Yes,1.0,Medium,Medium,Public,Neutral,4.0,No,High School,Near,Male,74,Alto
15.0,74.0,High,High,No,8.0,60.0,Low,Yes,3.0,Low,Medium,Public,Positive,5.0,No,High School,Near,Male,66,Bajo
23.0,97.0,Medium,High,Yes,8.0,60.0,Medium,Yes,1.0,Medium,Medium,Public,Neutral,3.0,No,High School,Near,Male,72,Alto
18.0,85.0,High,Low,Yes,4.0,99.0,High,Yes,0.0,Low,Medium,Private,Neutral,4.0,No,High School,Near,Male,69,Medio
19.0,97.0,Low,High,No,9.0,78.0,Medium,Yes,0.0,Medium,Medium,Private,Negative,4.0,No,High School,Near,Female,68,Medio
21.0,90.0,Medium,High,Yes,8.0,74.0,Medium,Yes,4.0,Low,Medium,Private,Neutral,3.0,No,High School,Near,Male,71,Alto
15.0,64.0,Medium,Medium,No,8.0,93.0,Medium,Yes,0.0,Low,Medium,Public,Negative,2.0,No,High School,Near,Female,61,Bajo
21.0,69.0,Medium,Medium,Yes,10.0,92.0,Low,Yes,2.0,Low,Medium,Private,Neutral,3.0,No,High School,Near,Male,65,Bajo
29.0,76.0,Medium,High,Yes,8.0,59.0,Medium,Yes,4.0,Low,Medium,Public,Neutral,2.0,No,High School,Near,Male,71,Alto
15.0,67.0,Low,Medium,Yes,5.0,59.0,Low,Yes,0.0,Low,Medium,Private,Neutral,3.0,No,High School,Near,Male,59,Bajo
27.0,80.0,High,Medium,No,8.0,90.0,Low,Yes,1.0,Medium,Medium,Public,Neutral,3.0,No,High School,Near,Female,71,Alto
29.0,79.0,Medium,High,No,5.0,89.0,Medium,Yes,0.0,High,Medium,Public,Neutral,3.0,No,High School,Near,Female,72,Alto
15.0,98.0,High,High,Yes,7.0,61.0,Medium,Yes,1.0,Low,Medium,Private,Positive,3.0,No,High School,Near,Female,71,Alto
11.0,77.0,Low,Low,Yes,6.0,92.0,Low,Yes,0.0,Low,Medium,Public,Neutral,5.0,No,High School,Near,Male,61,Bajo
22.0,91.0,Medium,Medium,No,7.0,74.0,Medium,Yes,1.0,Medium,Medium,Private,Negative,2.0,Yes,High School,Near,Female,67,Medio
17.0,98.0,Medium,Medium,No,5.0,73.0,Low,Yes,0.0,Low,Medium,Public,Negative,2.0,No,High School,Near,Male,67,Medio
31.0,95.0,Medium,Medium,No,5.0,99.0,Medium,Yes,1.0,Medium,Medium,Private,Neutral,4.0,No,High School,Near,Female,74,Alto
20.0,68.0,High,High,No,6.0,76.0,Low,Yes,2.0,Medium,Medium,Public,Neutral,3.0,No,High School,Near,Female,66,Bajo
15.0,80.0,Medium,Medium,Yes,7.0,57.0,Low,Yes,1.0,Low,Medium,Private,Negative,4.0,No,High School,Near,Male,63,Bajo
13.0,74.0,Medium,Medium,No,6.0,64.0,Low,Yes,4.0,High,Medium,Private,Neutral,3.0,Yes,High School,Near,Male,63,Bajo
27.0,76.0,High,High,No,9.0,67.0,Medium,Yes,1.0,Low,Medium,Public,Positive,4.0,No,High School,Near,Female,68,Medio
17.0,74.0,Medium,Low,Yes,8.0,98.0,Low,Yes,1.0,High,Medium,Public,Neutral,3.0,No,High School,Near,Female,65,Bajo
20.0,93.0,Medium,Low,No,8.0,63.0,Medium,Yes,0.0,Low,Medium,Public,Negative,3.0,No,High School,Near,Male,66,Bajo
26.0,78.0,Medium,Medium,No,6.0,72.0,Medium,Yes,1.0,Low,Medium,Private,Neutral,3.0,No,High School,Near,Female,67,Medio
17.0,81.0,Medium,Medium,No,5.0,87.0,High,Yes,0.0,Low,Medium,Private,Neutral,2.0,No,High School,Near,Female,67,Medio
20.0,99.0,Medium,Low,Yes,7.0,64.0,High,Yes,0.0,Medium,Medium,Public,Positive,4.0,No,High School,Near,Male,70,Alto
20.0,62.0,Low,Medium,Yes,10.0,85.0,High,Yes,5.0,Low,Medium,Private,Neutral,4.0,No,High School,Near,Male,65,Bajo
24.0,80.0,Medium,Medium,Yes,7.0,60.0,Medium,Yes,1.0,High,Medium,Public,Positive,3.0,No,High School,Near,Female,68,Medio
24.0,91.0,Medium,High,Yes,9.0,62.0,Low,Yes,3.0,Low,Medium,Public,Negative,4.0,No,High School,Near,Male,70,Alto
19.0,66.0,High,Low,No,9.0,99.0,Medium,Yes,1.0,Medium,Medium,Public,Positive,3.0,No,High School,Near,Male,66,Bajo
20.0,84.0,High,Medium,Yes,8.0,68.0,Medium,Yes,0.0,Low,Medium,Private,Positive,4.0,No,High School,Near,Male,69,Medio
18.0,70.0,Medium,Medium,No,7.0,86.0,Medium,Yes,1.0,High,Medium,Public,Positive,2.0,No,High School,Near,Female,65,Bajo
11.0,95.0,Medium,Medium,Yes,6.0,92.0,Medium,No,2.0,Medium,Medium,Public,Neutral,3.0,No,High School,Near,Female,68,Medio
22.0,73.0,Low,Medium,Yes,7.0,67.0,Medium,Yes,3.0,High,Medium,Private,Positive,2.0,No,High School,Near,Male,65,Bajo
31.0,73.0,Medium,High,Yes,6.0,68.0,High,Yes,1.0,Medium,Medium,Public,Positive,3.0,No,High School,Near,Female,70,Alto
15.0,84.0,Low,Low,Yes,7.0,89.0,High,Yes,1.0,Low,Medium,Public,Neutral,3.0,No,High School,Near,Female,65,Bajo
15.0,67.0,High,Medium,Yes,5.0,80.0,High,Yes,3.0,Medium,Medium,Public,Neutral,4.0,No,High School,Near,Male,67,Medio
15.0,71.0,High,Low,No,6.0,68.0,Low,No,5.0,Low,Medium,Public,Positive,4.0,No,High School,Near,Female,64,Bajo
24.0,77.0,Medium,Medium,No,8.0,87.0,High,Yes,2.0,Low,Medium,Public,Positive,1.0,Yes,High School,Near,Female,68,Medio
23.0,74.0,Medium,High,Yes,6.0,93.0,Medium,Yes,4.0,High,Medium,Private,Neutral,3.0,No,High School,Near,Female,70,Alto
19.0,81.0,Low,High,Yes,6.0,62.0,Medium,No,1.0,Medium,Medium,Public,Negative,3.0,No,High School,Near,Female,64,Bajo
14.0,84.0,High,Medium,No,6.0,51.0,Low,Yes,4.0,High,Medium,Public,Neutral,3.0,No,High School,Near,Male,67,Medio
21.0,83.0,High,High,No,7.0,64.0,Medium,Yes,2.0,Medium,Medium,Private,Neutral,2.0,No,High School,Near,Male,68,Medio
11.0,86.0,Medium,Medium,Yes,4.0,84.0,Medium,Yes,5.0,Low,Medium,Public,Neutral,4.0,Yes,High School,Near,Male,67,Medio
21.0,72.0,Medium,Low,Yes,6.0,96.0,Low,Yes,4.0,High,Medium,Public,Positive,2.0,Yes,High School,Near,Female,66,Bajo
25.0,65.0,Medium,High,Yes,8.0,93.0,Low,No,2.0,Medium,Medium,Public,Negative,3.0,No,High School,Near,Female,66,Bajo
12.0,90.0,Medium,Low,Yes,7.0,61.0,Medium,Yes,2.0,Low,Medium,Private,Positive,2.0,No,High School,Near,Male,66,Bajo
11.0,94.0,Low,Low,Yes,8.0,94.0,Medium,Yes,2.0,Low,Medium,Public,Positive,2.0,No,High School,Near,Male,67,Medio
29.0,70.0,Medium,Medium,Yes,4.0,91.0,Low,Yes,2.0,Low,Medium,Public,Positive,3.0,No,High School,Near,Male,69,Medio
16.0,76.0,Low,Medium,No,6.0,87.0,Medium,Yes,3.0,Low,Medium,Private,Neutral,4.0,No,High School,Near,Female,65,Bajo
27.0,80.0,Low,Low,Yes,7.0,84.0,Low,Yes,4.0,Low,Medium,Public,Positive,3.0,No,High School,Near,Male,68,Medio
19.0,81.0,Low,High,No,8.0,90.0,Medium,Yes,2.0,Low,Medium,Private,Neutral,3.0,No,High School,Near,Female,67,Medio
19.0,86.0,Medium,Medium,Yes,9.0,93.0,Low,Yes,1.0,Low,Medium,Public,Positive,3.0,No,High School,Near,Male,69,Medio
23.0,62.0,Medium,Medium,No,8.0,91.0,High,No,3.0,High,Medium,Public,Neutral,3.0,No,High School,Near,Male,64,Bajo
15.0,89.0,Medium,Medium,No,6.0,56.0,Low,Yes,2.0,Medium,Medium,Public,Positive,4.0,No,High School,Near,Male,67,Medio
21.0,62.0,High,Medium,No,6.0,86.0,Medium,Yes,2.0,Medium,Medium,Private,Positive,4.0,No,High School,Near,Female,67,Medio
18.0,79.0,Medium,High,No,9.0,92.0,Low,Yes,1.0,Low,Medium,Private,Neutral,3.0,No,High School,Near,Male,67,Medio
12.0,93.0,Medium,High,No,6.0,59.0,Medium,Yes,2.0,Low,Medium,Private,Positive,3.0,No,High School,Near,Female,67,Medio
22.0,78.0,Medium,High,Yes,5.0,61.0,Low,Yes,2.0,Low,Medium,Public,Neutral,4.0,No,High School,Near,Male,68,Medio
18.0,66.0,Medium,Medium,Yes,7.0,89.0,High,Yes,4.0,Low,Medium,Public,Positive,3.0,Yes,High School,Near,Male,65,Bajo
19.0,99.0,Low,High,No,9.0,67.0,Low,Yes,3.0,High,Medium,Public,Neutral,1.0,No,High School,Near,Male,70,Alto
13.0,96.0,Medium,Medium,No,6.0,70.0,Medium,Yes,1.0,Low,Medium,Public,Neutral,3.0,No,High School,Near,Female,68,Medio
30.0,91.0,High,Low,Yes,6.0,69.0,Medium,Yes,2.0,Medium,Medium,Public,Negative,4.0,No,High School,Near,Female,72,Alto
25.0,76.0,Medium,High,No,6.0,61.0,Medium,Yes,1.0,Medium,Medium,Public,Neutral,3.0,No,High School,Near,Male,67,Medio
26.0,67.0,High,Low,Yes,8.0,97.0,Medium,Yes,2.0,Medium,Medium,Public,Neutral,0.0,No,High School,Near,Female,66,Bajo
18.0,98.0,Low,Low,Yes,7.0,90.0,Low,Yes,0.0,High,Medium,Private,Positive,1.0,No,High School,Near,Male,68,Medio
10.0,81.0,Medium,High,No,8.0,63.0,Medium,Yes,1.0,Low,Medium,Public,Neutral,2.0,No,High School,Near,Male,64,Bajo
32.0,94.0,Medium,High,Yes,9.0,55.0,High,Yes,4.0,Medium,Medium,Private,Positive,2.0,Yes,High School,Near,Male,75,Alto
20.0,74.0,High,Low,Yes,5.0,69.0,High,Yes,1.0,Medium,Medium,Public,Positive,4.0,No,High School,Near,Female,66,Bajo
16.0,73.0,High,High,Yes,6.0,71.0,Medium,Yes,0.0,Low,Medium,Public,Positive,4.0,No,High School,Near,Male,67,Medio
23.0,99.0,High,High,No,6.0,50.0,Medium,No,1.0,High,Medium,Private,Neutral,5.0,Yes,High School,Near,Male,71,Alto
27.0,81.0,Low,High,No,7.0,94.0,Low,Yes,0.0,Low,Medium,Public,Neutral,4.0,No,High School,Near,Male,68,Medio
20.0,66.0,Medium,Medium,Yes,8.0,93.0,Medium,Yes,2.0,Low,Medium,Public,Neutral,3.0,No,High School,Near,Male,65,Bajo
28.0,69.0,Low,High,Yes,6.0,93.0,Low,Yes,0.0,High,Medium,Public,Negative,3.0,No,High School,Near,Male,67,Medio
26.0,79.0,Low,High,Yes,6.0,90.0,Low,No,0.0,High,Medium,Private,Negative,2.0,Yes,High School,Near,Male,66,Bajo
14.0,62.0,Low,Medium,No,8.0,87.0,Medium,Yes,1.0,Medium,Medium,Public,Positive,1.0,No,High School,Near,Male,60,Bajo
16.0,79.0,Medium,Medium,No,8.0,82.0,Low,Yes,2.0,Low,Medium,Private,Neutral,3.0,Yes,High School,Near,Female,64,Bajo
26.0,77.0,Medium,Medium,Yes,7.0,98.0,Low,Yes,0.0,High,Medium,Public,Neutral,1.0,No,High School,Near,Male,69,Medio
4.0,91.0,Medium,Medium,No,4.0,86.0,Low,Yes,3.0,Low,Medium,Private,Neutral,4.0,Yes,High School,Near,Male,64,Bajo
19.0,74.0,Medium,High,No,9.0,82.0,High,Yes,2.0,Low,Medium,Private,Neutral,3.0,No,High School,Near,Male,66,Bajo
11.0,99.0,High,Medium,Yes,7.0,89.0,High,Yes,3.0,Low,Medium,Public,Positive,3.0,No,High School,Near,Male,72,Alto
17.0,67.0,Low,Low,Yes,7.0,62.0,Medium,Yes,0.0,Low,Medium,Public,Positive,4.0,No,High School,Near,Female,60,Bajo
18.0,84.0,Low,High,Yes,6.0,98.0,Low,Yes,3.0,Medium,Medium,Public,Positive,3.0,No,High School,Near,Male,69,Medio
18.0,64.0,Medium,Medium,Yes,6.0,51.0,Medium,Yes,2.0,Low,Medium,Public,Positive,1.0,No,High School,Near,Female,62,Bajo
17.0,89.0,Medium,Medium,Yes,6.0,82.0,Medium,Yes,3.0,Medium,Medium,Private,Positive,3.0,No,High School,Near,Female,70,Alto
13.0,100.0,Low,Low,Yes,4.0,54.0,Low,Yes,3.0,Low,Medium,Public,Positive,2.0,No,High School,Near,Female,65,Bajo
34.0,93.0,High,Medium,Yes,6.0,93.0,High,Yes,2.0,Low,Medium,Public,Neutral,4.0,No,High School,Near,Male,77,Alto
31.0,82.0,Medium,High,Yes,5.0,98.0,Medium,Yes,0.0,Low,Medium,Public,Neutral,3.0,No,High School,Near,Male,71,Alto
13.0,79.0,Medium,High,No,7.0,70.0,High,Yes,4.0,Low,Medium,Public,Positive,3.0,Yes,High School,Near,Female,66,Bajo
29.0,93.0,Medium,Medium,No,5.0,93.0,Medium,Yes,2.0,Low,Medium,Public,Positive,3.0,No,High School,Near,Female,74,Alto
18.0,97.0,Medium,High,No,8.0,67.0,Medium,Yes,1.0,Medium,Medium,Public,Neutral,3.0,No,High School,Near,Male,70,Alto
21.0,100.0,Medium,Medium,No,5.0,58.0,Medium,Yes,2.0,Medium,Medium,Private,Neutral,2.0,No,High School,Near,Male,69,Medio
20.0,76.0,Medium,Medium,No,9.0,64.0,Low,Yes,2.0,Low,Medium,Public,Negative,2.0,No,High School,Near,Male,64,Bajo
16.0,100.0,Medium,Medium,Yes,8.0,65.0,High,Yes,1.0,High,Medium,Public,Positive,2.0,Yes,High School,Near,Female,69,Medio
26.0,66.0,High,High,Yes,5.0,82.0,Medium,Yes,1.0,Low,Medium,Public,Neutral,3.0,No,High School,Near,Female,68,Medio
21.0,70.0,Medium,Low,Yes,7.0,90.0,Medium,No,1.0,Low,Medium,Public,Neutral,4.0,No,High School,Near,Male,63,Bajo
17.0,64.0,Medium,Medium,Yes,6.0,60.0,Medium,Yes,1.0,Medium,Medium,Private,Positive,2.0,Yes,High School,Near,Male,61,Bajo
12.0,71.0,Medium,Medium,No,8.0,54.0,Medium,Yes,0.0,Low,Medium,Public,Positive,5.0,No,High School,Near,Male,61,Bajo
15.0,91.0,Medium,Low,Yes,10.0,61.0,Medium,Yes,0.0,Low,Medium,Public,Neutral,4.0,No,High School,Near,Male,65,Bajo
10.0,94.0,Medium,High,No,9.0,65.0,Medium,Yes,3.0,Low,Medium,Private,Negative,2.0,No,High School,Near,Female,65,Bajo
20.0,91.0,High,Medium,Yes,6.0,64.0,High,Yes,0.0,High,Medium,Private,Positive,3.0,Yes,High School,Near,Female,69,Medio
13.0,85.0,High,High,Yes,7.0,61.0,High,Yes,3.0,Medium,Medium,Public,Positive,2.0,No,High School,Near,Female,69,Medio
18.0,81.0,Low,Medium,No,9.0,73.0,Medium,Yes,1.0,High,Medium,Public,Negative,2.0,No,High School,Near,Male,65,Bajo
28.0,88.0,Low,High,Yes,8.0,93.0,Medium,Yes,3.0,Low,Medium,Public,Negative,1.0,No,High School,Near,Female,72,Alto
27.0,76.0,High,High,Yes,9.0,55.0,Medium,Yes,3.0,Low,Medium,Private,Neutral,0.0,No,High School,Near,Female,69,Medio
20.0,94.0,High,Medium,Yes,8.0,93.0,Low,Yes,1.0,Medium,Medium,Public,Neutral,3.0,No,High School,Near,Female,71,Alto
19.0,87.0,Medium,Medium,Yes,7.0,75.0,Medium,Yes,2.0,Low,Medium,Public,Negative,3.0,No,High School,Near,Female,67,Medio
31.0,88.0,Medium,High,No,7.0,83.0,Medium,Yes,0.0,Low,Medium,Private,Neutral,2.0,No,High School,Near,Male,72,Alto
23.0,81.0,High,High,No,5.0,91.0,Low,Yes,0.0,High,Medium,Public,Positive,3.0,Yes,High School,Near,Female,70,Alto
18.0,95.0,Low,Medium,Yes,6.0,65.0,High,Yes,1.0,Low,Medium,Public,Negative,3.0,No,High School,Near,Female,68,Medio
11.0,70.0,Medium,Medium,No,6.0,98.0,Medium,Yes,3.0,High,Medium,Private,Neutral,4.0,No,High School,Near,Female,66,Bajo
22.0,75.0,Medium,High,No,6.0,54.0,Low,Yes,4.0,Low,Medium,Public,Positive,4.0,No,High School,Near,Male,68,Medio
25.0,91.0,High,Low,Yes,7.0,76.0,Low,Yes,1.0,Low,Medium,Private,Positive,3.0,No,High School,Near,Female,71,Alto
16.0,80.0,Low,Medium,Yes,7.0,63.0,High,Yes,2.0,Low,Medium,Private,Neutral,3.0,No,High School,Near,Male,63,Bajo
22.0,96.0,Medium,High,No,7.0,70.0,Medium,No,2.0,Medium,Medium,Private,Negative,4.0,No,High School,Near,Male,70,Alto
18.0,74.0,Medium,High,No,8.0,72.0,High,Yes,1.0,Low,Medium,Public,Negative,2.0,No,High School,Near,Male,65,Bajo
19.0,75.0,High,High,Yes,6.0,96.0,Medium,Yes,2.0,Medium,Medium,Public,Positive,4.0,No,High School,Near,Female,70,Alto
5.0,96.0,Medium,Low,Yes,8.0,72.0,Low,Yes,3.0,Medium,Medium,Public,Negative,5.0,No,High School,Near,Male,65,Bajo
19.0,79.0,High,High,Yes,9.0,85.0,Medium,Yes,0.0,Medium,Medium,Public,Positive,2.0,No,High School,Near,Male,68,Medio
26.0,81.0,High,Medium,Yes,8.0,98.0,Low,Yes,1.0,Medium,Medium,Private,Neutral,2.0,Yes,High School,Near,Female,69,Medio
16.0,73.0,Medium,Medium,Yes,6.0,75.0,High,Yes,3.0,Medium,Medium,Public,Positive,3.0,No,High School,Near,Female,66,Bajo
20.0,71.0,Low,Medium,No,8.0,70.0,Medium,Yes,0.0,Medium,Medium,Private,Neutral,3.0,No,High School,Near,Female,62,Bajo
15.0,86.0,Medium,High,No,8.0,99.0,High,Yes,2.0,Medium,Medium,Public,Neutral,5.0,No,High School,Near,Male,70,Alto
22.0,65.0,High,Low,No,8.0,91.0,Medium,Yes,2.0,High,Medium,Public,Negative,2.0,No,High School,Near,Female,65,Bajo
19.0,95.0,Low,High,Yes,9.0,97.0,Low,Yes,0.0,Medium,Medium,Public,Neutral,2.0,No,High School,Near,Male,71,Alto
14.0,91.0,Medium,High,Yes,8.0,70.0,Medium,Yes,2.0,Low,Medium,Private,Neutral,0.0,No,High School,Near,Male,68,Medio
28.0,68.0,Low,Low,Yes,9.0,85.0,Medium,Yes,0.0,Medium,Medium,Public,Negative,3.0,No,High School,Near,Male,65,Bajo
26.0,88.0,Low,High,Yes,7.0,62.0,High,No,1.0,High,Medium,Private,Positive,2.0,No,High School,Near,Female,70,Alto
16.0,84.0,Medium,High,Yes,6.0,93.0,Medium,Yes,0.0,High,Medium,Public,Positive,3.0,No,High School,Near,Male,69,Medio
23.0,67.0,Medium,Low,Yes,9.0,97.0,Medium,Yes,1.0,Medium,Medium,Private,Positive,3.0,No,High School,Near,Male,66,Bajo
23.0,71.0,Medium,Medium,Yes,6.0,63.0,Low,Yes,1.0,Low,Medium,Public,Positive,5.0,No,High School,Near,Male,66,Bajo
24.0,76.0,High,Medium,No,10.0,55.0,Low,Yes,2.0,Low,Medium,Public,Positive,4.0,No,High School,Near,Male,67,Medio
10.0,88.0,Low,Medium,No,9.0,60.0,Medium,Yes,1.0,Low,Medium,Public,Positive,3.0,No,High School,Near,Female,63,Bajo
26.0,86.0,Low,High,Yes,7.0,82.0,Medium,Yes,2.0,Low,Medium,Private,Positive,3.0,No,High School,Near,Female,70,Alto
17.0,81.0,High,Medium,No,9.0,64.0,Medium,Yes,0.0,High,Medium,Public,Positive,3.0,Yes,High School,Near,Male,65,Bajo
18.0,91.0,Medium,High,No,8.0,82.0,Medium,Yes,3.0,Medium,Medium,Private,Positive,2.0,No,High School,Near,Male,70,Alto
36.0,90.0,Medium,High,Yes,5.0,68.0,Low,Yes,1.0,Low,Medium,Public,Positive,2.0,No,High School,Near,Male,74,Alto
22.0,85.0,High,Medium,Yes,6.0,96.0,Medium,Yes,0.0,Low,Medium,Public,Neutral,3.0,No,High School,Near,Female,69,Medio
18.0,91.0,High,Medium,No,7.0,73.0,Low,Yes,0.0,Low,Medium,Public,Negative,4.0,No,High School,Near,Male,68,Medio
7.0,73.0,Medium,Medium,Yes,7.0,75.0,Medium,Yes,1.0,High,Medium,Private,Positive,3.0,No,High School,Near,Male,64,Bajo
28.0,95.0,High,Medium,No,9.0,67.0,Low,Yes,2.0,Medium,Medium,Public,Neutral,3.0,No,High School,Near,Male,73,Alto
12.0,85.0,Medium,Medium,Yes,7.0,54.0,Medium,Yes,4.0,Low,Medium,Public,Positive,3.0,No,High School,Near,Male,66,Bajo
14.0,93.0,Medium,Low,Yes,5.0,75.0,Low,Yes,0.0,Medium,Medium,Public,Negative,3.0,No,High School,Near,Male,65,Bajo
18.0,82.0,High,Low,Yes,6.0,89.0,High,Yes,0.0,Medium,Medium,Private,Positive,1.0,Yes,High School,Near,Male,66,Bajo
28.0,69.0,Medium,Low,No,8.0,98.0,Medium,Yes,0.0,Medium,Medium,Public,Positive,5.0,No,High School,Near,Male,67,Medio
25.0,82.0,Medium,High,No,4.0,54.0,Medium,Yes,0.0,Medium,Medium,Public,Neutral,3.0,No,High School,Near,Male,67,Medio
19.0,75.0,Medium,Medium,Yes,5.0,90.0,High,Yes,0.0,Medium,Medium,Private,Negative,3.0,No,High School,Near,Female,66,Bajo
22.0,88.0,Medium,Low,Yes,6.0,63.0,Low,Yes,3.0,Low,Medium,Public,Positive,3.0,No,High School,Near,Male,69,Medio
16.0,79.0,Medium,Medium,Yes,8.0,91.0,Medium,Yes,4.0,High,Medium,Private,Positive,1.0,No,High School,Near,Male,69,Medio
21.0,93.0,Medium,Low,No,7.0,67.0,High,Yes,2.0,Low,Medium,Public,Neutral,3.0,No,High School,Near,Female,68,Medio
20.0,87.0,Low,Low,No,8.0,56.0,Medium,No,1.0,High,Medium,Public,Negative,1.0,No,High School,Near,Female,64,Bajo
26.0,87.0,Medium,Medium,Yes,7.0,81.0,Medium,Yes,1.0,High,Medium,Public,Negative,2.0,No,High School,Near,Male,70,Alto
26.0,69.0,Medium,Medium,No,7.0,95.0,Medium,Yes,1.0,Low,Medium,Public,Negative,4.0,No,High School,Near,Female,67,Medio
23.0,99.0,Low,Low,No,6.0,59.0,Medium,Yes,1.0,Medium,Medium,Public,Positive,3.0,No,High School,Near,Male,68,Medio
18.0,94.0,Medium,Medium,Yes,8.0,51.0,Medium,Yes,0.0,High,Medium,Public,Positive,3.0,Yes,High School,Near,Female,67,Medio
24.0,92.0,High,Medium,Yes,5.0,94.0,Low,Yes,1.0,Medium,Medium,Public,Neutral,2.0,No,High School,Near,Female,73,Alto
19.0,73.0,Medium,Medium,Yes,7.0,85.0,Medium,Yes,1.0,Medium,Medium,Public,Neutral,3.0,No,High School,Near,Male,65,Bajo
14.0,81.0,Medium,High,No,9.0,90.0,Medium,Yes,3.0,High,Medium,Public,Neutral,3.0,No,High School,Near,Male,69,Medio
18.0,65.0,Medium,Medium,Yes,6.0,53.0,Medium,Yes,1.0,Medium,Medium,Private,Positive,3.0,Yes,High School,Near,Male,63,Bajo
21.0,82.0,Medium,Medium,No,5.0,95.0,Medium,Yes,3.0,Low,Medium,Public,Positive,4.0,No,High School,Near,Female,68,Medio
25.0,66.0,Medium,High,No,4.0,71.0,High,Yes,0.0,Medium,Medium,Public,Negative,3.0,Yes,High School,Near,Female,64,Bajo
19.0,82.0,Low,High,No,8.0,95.0,Medium,Yes,2.0,Low,Medium,Public,Neutral,4.0,Yes,High School,Near,Female,68,Medio
13.0,86.0,Medium,High,Yes,8.0,53.0,Medium,Yes,2.0,Low,Medium,Public,Positive,4.0,No,High School,Near,Male,66,Bajo
20.0,76.0,Medium,Medium,No,6.0,94.0,Low,Yes,2.0,Low,Medium,Public,Neutral,3.0,Yes,High School,Near,Male,65,Bajo
21.0,80.0,Medium,Medium,Yes,5.0,84.0,Low,Yes,4.0,Low,Medium,Private,Neutral,2.0,No,High School,Near,Female,69,Medio
21.0,95.0,Low,Medium,No,7.0,78.0,High,Yes,2.0,Low,Medium,Public,Neutral,2.0,Yes,High School,Near,Male,69,Medio
26.0,64.0,Low,High,Yes,9.0,53.0,Medium,No,2.0,Low,Medium,Public,Negative,4.0,No,High School,Near,Male,64,Bajo
26.0,92.0,High,High,No,5.0,84.0,High,Yes,0.0,Medium,Medium,Public,Neutral,2.0,No,High School,Near,Male,74,Alto
16.0,67.0,High,Medium,No,9.0,80.0,Medium,Yes,1.0,Low,Medium,Public,Neutral,3.0,No,High School,Near,Female,64,Bajo
16.0,61.0,Medium,Low,No,4.0,86.0,Medium,Yes,3.0,Medium,Medium,Public,Positive,4.0,No,High School,Near,Female,63,Bajo
14.0,67.0,High,Medium,Yes,5.0,86.0,Medium,No,0.0,High,Medium,Public,Positive,4.0,No,High School,Near,Female,64,Bajo
24.0,91.0,Medium,Medium,Yes,7.0,72.0,Medium,Yes,3.0,Medium,Medium,Public,Neutral,3.0,No,High School,Near,Male,71,Alto
29.0,76.0,Low,High,Yes,8.0,60.0,Medium,Yes,2.0,Medium,Medium,Public,Negative,3.0,No,High School,Near,Female,68,Medio
18.0,95.0,Medium,Medium,Yes,9.0,96.0,Low,Yes,4.0,Medium,Medium,Public,Negative,4.0,No,High School,Near,Female,72,Alto
19.0,81.0,Medium,Low,Yes,8.0,96.0,High,Yes,1.0,Low,Medium,Private,Negative,4.0,No,High School,Near,Male,67,Medio
29.0,61.0,Medium,High,No,9.0,61.0,Medium,Yes,0.0,Low,Medium,Private,Negative,3.0,No,High School,Near,Male,64,Bajo
23.0,89.0,Medium,Low,No,7.0,82.0,Medium,Yes,2.0,High,Medium,Public,Positive,1.0,No,High School,Near,Male,70,Alto
23.0,64.0,High,Medium,Yes,6.0,60.0,Low,Yes,2.0,Medium,Medium,Public,Negative,3.0,No,High School,Near,Female,65,Bajo
13.0,92.0,High,Medium,No,9.0,93.0,High,Yes,2.0,High,Medium,Public,Negative,2.0,No,High School,Near,Male,69,Medio
24.0,67.0,High,Medium,No,9.0,55.0,High,Yes,2.0,Low,Medium,Public,Positive,2.0,No,High School,Near,Male,65,Bajo
14.0,74.0,High,Medium,No,8.0,100.0,Medium,Yes,1.0,Low,Medium,Public,Neutral,3.0,No,High School,Near,Male,66,Bajo
13.0,90.0,High,Medium,No,8.0,81.0,Medium,Yes,0.0,Medium,Medium,Public,Positive,3.0,No,High School,Near,Female,67,Medio
18.0,98.0,Medium,Low,No,9.0,51.0,Medium,Yes,1.0,High,Medium,Public,Neutral,4.0,No,High School,Near,Male,68,Medio
16.0,75.0,Medium,Medium,Yes,8.0,94.0,Medium,Yes,0.0,Medium,Medium,Private,Positive,3.0,No,High School,Near,Male,65,Bajo
19.0,93.0,Medium,Medium,No,7.0,84.0,High,No,0.0,Medium,Medium,Public,Neutral,2.0,No,High School,Near,Male,68,Medio
11.0,68.0,Medium,High,Yes,8.0,85.0,High,No,2.0,Medium,Medium,Public,Negative,2.0,No,High School,Near,Male,63,Bajo
26.0,92.0,Medium,Medium,No,8.0,64.0,Medium,Yes,1.0,Medium,Medium,Private,Positive,5.0,No,High School,Near,Male,71,Alto
27.0,86.0,High,Medium,No,8.0,67.0,Medium,Yes,1.0,Low,Medium,Public,Positive,4.0,No,High School,Near,Male,71,Alto
8.0,68.0,High,Medium,Yes,7.0,96.0,Medium,Yes,2.0,Low,Medium,Public,Positive,3.0,No,High School,Near,Female,65,Bajo
26.0,72.0,Medium,Low,No,8.0,82.0,Medium,Yes,2.0,Medium,Medium,Public,Negative,2.0,No,High School,Near,Female,65,Bajo
15.0,65.0,Medium,Low,Yes,8.0,51.0,Medium,Yes,1.0,High,Medium,Public,Positive,3.0,No,High School,Near,Female,61,Bajo
25.0,75.0,High,High,Yes,7.0,66.0,Low,Yes,0.0,Low,Medium,Public,Negative,4.0,No,High School,Near,Male,68,Medio
20.0,68.0,Low,Medium,Yes,6.0,80.0,Low,Yes,4.0,Low,Medium,Private,Neutral,4.0,No,High School,Near,Female,65,Bajo
20.0,86.0,Low,Medium,No,9.0,57.0,Medium,Yes,0.0,Medium,Medium,Public,Positive,4.0,No,High School,Near,Male,66,Bajo
19.0,100.0,High,Low,Yes,5.0,55.0,Low,Yes,2.0,Low,Medium,Public,Positive,4.0,No,High School,Near,Male,69,Medio
27.0,60.0,High,High,No,6.0,53.0,Low,Yes,3.0,Low,Medium,Private,Positive,2.0,No,High School,Near,Female,65,Bajo
13.0,82.0,Medium,High,No,7.0,82.0,Medium,Yes,1.0,Low,Medium,Public,Positive,3.0,No,High School,Near,Female,65,Bajo
24.0,83.0,High,Medium,No,4.0,66.0,High,Yes,2.0,Medium,Medium,Private,Positive,4.0,Yes,High School,Near,Male,70,Alto
27.0,97.0,Medium,Medium,No,9.0,69.0,Medium,Yes,1.0,Low,Medium,Private,Neutral,2.0,No,High School,Near,Female,70,Alto
24.0,80.0,Medium,Medium,Yes,7.0,53.0,Medium,Yes,2.0,Low,Medium,Public,Positive,4.0,Yes,High School,Near,Female,67,Medio
34.0,82.0,Medium,High,Yes,9.0,87.0,High,Yes,3.0,Low,Medium,Public,Positive,4.0,No,High School,Near,Female,75,Alto
17.0,79.0,Low,Low,Yes,10.0,88.0,Low,Yes,3.0,Medium,Medium,Private,Neutral,3.0,No,High School,Near,Female,65,Bajo
26.0,71.0,Medium,Medium,Yes,7.0,91.0,Medium,No,2.0,Low,Medium,Private,Neutral,3.0,No,High School,Near,Female,66,Bajo
19.0,62.0,High,Medium,Yes,9.0,83.0,High,Yes,2.0,Medium,Medium,Public,Positive,3.0,No,High School,Near,Male,67,Medio
27.0,76.0,Low,Medium,Yes,5.0,89.0,Low,Yes,0.0,Low,Medium,Private,Positive,4.0,No,High School,Near,Male,67,Medio
20.0,62.0,Low,Medium,No,8.0,79.0,High,Yes,2.0,Low,Medium,Public,Positive,1.0,No,High School,Near,Female,62,Bajo
18.0,82.0,Medium,Medium,Yes,6.0,75.0,Medium,Yes,0.0,Low,Medium,Private,Negative,4.0,No,High School,Near,Male,66,Bajo
28.0,72.0,Low,High,No,8.0,63.0,Low,Yes,1.0,Low,Medium,Public,Neutral,2.0,No,High School,Near,Male,66,Bajo
17.0,81.0,High,Low,Yes,8.0,53.0,High,Yes,0.0,Medium,Medium,Public,Neutral,2.0,No,High School,Near,Male,64,Bajo
12.0,65.0,Low,Medium,No,7.0,65.0,Medium,Yes,2.0,Medium,Medium,Public,Neutral,2.0,No,High School,Near,Male,60,Bajo
17.0,97.0,Medium,Medium,Yes,8.0,84.0,Medium,No,3.0,Low,Medium,Private,Neutral,3.0,No,High School,Near,Female,70,Alto
24.0,96.0,Medium,Medium,No,8.0,96.0,Medium,Yes,2.0,Low,Medium,Public,Positive,3.0,No,High School,Near,Female,72,Alto
28.0,68.0,High,Medium,Yes,7.0,63.0,Medium,Yes,0.0,Low,Medium,Public,Negative,2.0,No,High School,Near,Male,67,Medio
21.0,74.0,Medium,High,Yes,10.0,83.0,Low,Yes,1.0,High,Medium,Public,Neutral,3.0,No,High School,Near,Female,67,Medio
28.0,85.0,Medium,Medium,Yes,7.0,74.0,Medium,Yes,1.0,Medium,Medium,Public,Positive,3.0,No,High School,Near,Female,72,Alto
12.0,64.0,High,High,Yes,9.0,81.0,Medium,No,1.0,High,Medium,Public,Neutral,3.0,No,High School,Near,Male,63,Bajo
17.0,74.0,Low,Medium,No,9.0,50.0,Medium,Yes,0.0,Low,Medium,Public,Negative,2.0,No,High School,Near,Female,60,Bajo
18.0,70.0,Medium,Medium,Yes,4.0,56.0,Medium,Yes,1.0,High,Medium,Public,Neutral,4.0,No,High School,Near,Male,65,Bajo
19.0,97.0,High,Medium,Yes,9.0,61.0,High,Yes,2.0,Medium,Medium,Public,Neutral,1.0,No,High School,Near,Male,72,Alto
21.0,94.0,Medium,High,No,9.0,95.0,Low,Yes,0.0,Medium,Medium,Private,Negative,3.0,No,High School,Near,Male,70,Alto
24.0,83.0,High,Medium,Yes,7.0,52.0,High,Yes,1.0,Medium,Medium,Public,Positive,4.0,No,High School,Near,Female,71,Alto
17.0,81.0,Low,Medium,Yes,8.0,78.0,Low,Yes,1.0,Low,Medium,Private,Positive,4.0,No,High School,Near,Male,66,Bajo
21.0,97.0,Low,Medium,Yes,8.0,96.0,High,Yes,2.0,Low,Medium,Public,Positive,4.0,No,High School,Near,Female,72,Alto
20.0,97.0,Low,Medium,Yes,9.0,83.0,High,Yes,3.0,Medium,Medium,Public,Positive,3.0,No,High School,Near,Female,73,Alto
14.0,99.0,High,Medium,Yes,6.0,74.0,Medium,Yes,2.0,Medium,Medium,Public,Neutral,3.0,No,High School,Near,Male,71,Alto
19.0,65.0,High,Low,No,9.0,69.0,Medium,Yes,4.0,Low,Medium,Public,Neutral,2.0,No,High School,Near,Male,64,Bajo
19.0,66.0,Medium,High,Yes,5.0,81.0,Medium,Yes,1.0,High,Medium,Private,Positive,3.0,No,High School,Near,Male,66,Bajo
19.0,87.0,Medium,Medium,No,4.0,74.0,High,Yes,1.0,High,Medium,Public,Positive,3.0,No,High School,Near,Male,69,Medio
20.0,82.0,Low,Medium,No,8.0,85.0,Low,Yes,1.0,Medium,Medium,Private,Neutral,3.0,Yes,High School,Near,Female,66,Bajo
20.0,61.0,Medium,High,No,9.0,81.0,Medium,Yes,0.0,High,Medium,Public,Neutral,2.0,Yes,High School,Near,Male,63,Bajo
17.0,62.0,Medium,Medium,Yes,7.0,78.0,Medium,Yes,0.0,Medium,Medium,Public,Negative,3.0,No,High School,Near,Male,62,Bajo
28.0,96.0,High,Low,Yes,4.0,98.0,High,Yes,1.0,High,Medium,Public,Positive,3.0,No,High School,Near,Male,98,Alto
13.0,95.0,High,High,Yes,5.0,92.0,Low,Yes,1.0,Medium,Medium,Private,Positive,2.0,No,High School,Near,Female,71,Alto
16.0,74.0,High,Medium,No,8.0,80.0,Medium,Yes,0.0,Low,Medium,Public,Positive,4.0,No,High School,Near,Female,66,Bajo
37.0,96.0,Medium,Medium,No,7.0,77.0,Medium,Yes,2.0,Medium,Medium,Public,Positive,3.0,No,High School,Near,Female,75,Alto
14.0,84.0,High,Medium,Yes,9.0,86.0,High,Yes,1.0,Low,Medium,Private,Positive,4.0,No,High School,Near,Female,68,Medio
12.0,92.0,High,Medium,No,7.0,90.0,Medium,Yes,2.0,Medium,Medium,Public,Negative,5.0,No,High School,Near,Male,69,Medio
24.0,77.0,Medium,Low,Yes,6.0,65.0,High,Yes,2.0,Medium,Medium,Private,Positive,3.0,No,High School,Near,Male,68,Medio
8.0,65.0,Medium,Medium,No,7.0,83.0,Low,Yes,3.0,Medium,Medium,Public,Negative,4.0,No,High School,Near,Female,60,Bajo
19.0,77.0,Medium,Low,No,9.0,57.0,Low,Yes,4.0,Medium,Medium,Public,Neutral,3.0,Yes,High School,Near,Female,64,Bajo
33.0,78.0,Medium,Medium,No,9.0,72.0,Medium,Yes,4.0,Medium,Medium,Public,Positive,3.0,No,High School,Near,Male,71,Alto
11.0,82.0,High,High,No,7.0,97.0,Low,Yes,2.0,High,Medium,Public,Positive,3.0,No,High School,Near,Male,69,Medio
8.0,64.0,Medium,Medium,Yes,7.0,66.0,Medium,Yes,1.0,Low,Medium,Private,Positive,3.0,No,High School,Near,Male,60,Bajo
11.0,100.0,High,High,Yes,8.0,58.0,High,Yes,1.0,Low,Medium,Private,Positive,3.0,No,High School,Near,Female,70,Alto
25.0,70.0,Low,Medium,Yes,6.0,57.0,Medium,Yes,4.0,Medium,Medium,Private,Neutral,3.0,No,High School,Near,Male,66,Bajo
27.0,68.0,High,Medium,No,8.0,70.0,High,Yes,0.0,Medium,Medium,Private,Positive,3.0,No,High School,Near,Male,68,Medio
17.0,81.0,High,Low,No,7.0,61.0,Medium,Yes,2.0,High,Medium,Public,Positive,2.0,No,High School,Near,Female,67,Medio
24.0,81.0,Medium,Medium,Yes,7.0,71.0,High,Yes,1.0,Medium,Medium,Public,Neutral,3.0,No,High School,Near,Male,70,Alto
28.0,78.0,High,Medium,Yes,7.0,86.0,Low,Yes,0.0,Low,Medium,Public,Neutral,2.0,No,High School,Near,Male,69,Medio
31.0,91.0,Medium,High,Yes,7.0,94.0,High,Yes,2.0,High,Medium,Public,Negative,3.0,No,High School,Near,Male,75,Alto
19.0,81.0,Medium,Low,Yes,10.0,56.0,Low,Yes,1.0,Medium,Medium,Public,Positive,3.0,No,High School,Near,Male,65,Bajo
6.0,84.0,Medium,Medium,Yes,6.0,88.0,Medium,Yes,1.0,Low,Medium,Private,Positive,5.0,No,High School,Near,Male,65,Bajo
15.0,89.0,Medium,Low,No,6.0,55.0,Medium,Yes,1.0,Medium,Medium,Public,Positive,4.0,No,High School,Near,Male,66,Bajo
17.0,61.0,High,Medium,Yes,9.0,69.0,High,Yes,1.0,Medium,Medium,Public,Positive,3.0,No,High School,Near,Male,64,Bajo
18.0,83.0,Low,Medium,No,8.0,100.0,Medium,Yes,1.0,Low,Medium,Private,Negative,2.0,No,High School,Near,Female,66,Bajo
19.0,95.0,Medium,High,Yes,8.0,53.0,Medium,Yes,3.0,Low,Medium,Public,Positive,1.0,No,High School,Near,Female,70,Alto
27.0,61.0,High,Low,No,5.0,51.0,High,Yes,1.0,Low,Medium,Private,Positive,1.0,No,High School,Near,Male,63,Bajo
28.0,76.0,Low,Low,No,7.0,67.0,High,Yes,1.0,High,Medium,Public,Negative,4.0,No,High School,Near,Male,66,Bajo
19.0,97.0,Low,Medium,Yes,8.0,98.0,Low,Yes,1.0,Medium,Medium,Public,Positive,3.0,No,High School,Near,Female,71,Alto
27.0,74.0,Medium,High,No,6.0,51.0,High,Yes,2.0,Medium,Medium,Private,Positive,4.0,No,High School,Near,Male,68,Medio
22.0,78.0,Medium,Medium,Yes,8.0,61.0,Medium,Yes,2.0,High,Medium,Public,Positive,5.0,No,High School,Near,Male,68,Medio
20.0,99.0,Low,Medium,No,7.0,80.0,High,Yes,0.0,Medium,Medium,Public,Negative,3.0,No,High School,Near,Male,71,Alto
25.0,68.0,Low,Medium,No,6.0,62.0,Low,Yes,1.0,Low,Medium,Private,Negative,4.0,No,High School,Near,Female,63,Bajo
20.0,63.0,Low,Low,No,9.0,53.0,Low,Yes,1.0,Medium,Medium,Public,Positive,4.0,No,High School,Near,Male,60,Bajo
32.0,94.0,Medium,High,Yes,9.0,53.0,Medium,Yes,1.0,Medium,Medium,Public,Neutral,3.0,No,High School,Near,Female,73,Alto
11.0,95.0,Medium,Medium,Yes,7.0,78.0,Low,Yes,4.0,Medium,Medium,Private,Negative,4.0,No,High School,Near,Female,68,Medio
17.0,79.0,High,High,Yes,8.0,78.0,Medium,Yes,2.0,High,Medium,Public,Positive,5.0,No,High School,Near,Female,70,Alto
19.0,81.0,Medium,Medium,Yes,9.0,85.0,Medium,Yes,1.0,Low,Medium,Public,Neutral,1.0,No,High School,Near,Male,66,Bajo
23.0,93.0,High,Medium,No,6.0,57.0,Medium,Yes,1.0,High,Medium,Public,Positive,2.0,No,High School,Near,Female,72,Alto
28.0,90.0,High,Low,Yes,8.0,75.0,Medium,Yes,1.0,Low,Medium,Public,Neutral,3.0,Yes,High School,Near,Male,70,Alto
20.0,71.0,High,High,Yes,6.0,80.0,Medium,Yes,2.0,High,Medium,Public,Positive,3.0,No,High School,Near,Male,68,Medio
11.0,61.0,Medium,Medium,Yes,5.0,61.0,Medium,Yes,3.0,Medium,Medium,Public,Neutral,0.0,Yes,High School,Near,Male,60,Bajo
25.0,79.0,High,Medium,No,6.0,77.0,Low,No,2.0,Low,Medium,Public,Neutral,3.0,No,High School,Near,Male,68,Medio
25.0,94.0,High,High,No,5.0,85.0,High,Yes,1.0,Medium,Medium,Public,Neutral,2.0,No,High School,Near,Female,74,Alto
8.0,96.0,Medium,Medium,Yes,8.0,100.0,High,Yes,1.0,High,Medium,Public,Negative,4.0,No,High School,Near,Male,68,Medio
20.0,98.0,Low,Medium,Yes,6.0,80.0,Low,Yes,4.0,Medium,Medium,Public,Positive,4.0,No,High School,Near,Male,72,Alto
10.0,95.0,Medium,High,Yes,5.0,93.0,High,Yes,0.0,Low,Medium,Public,Positive,3.0,No,High School,Near,Male,69,Medio
16.0,83.0,Low,Medium,Yes,8.0,92.0,Low,Yes,2.0,High,Medium,Public,Positive,4.0,No,High School,Near,Female,98,Alto
15.0,78.0,Medium,High,No,8.0,97.0,Medium,Yes,1.0,Medium,Medium,Public,Neutral,4.0,No,High School,Near,Male,68,Medio
25.0,91.0,Medium,Low,No,7.0,86.0,Medium,Yes,0.0,Medium,Medium,Public,Neutral,5.0,No,High School,Near,Female,70,Alto
21.0,90.0,Medium,Medium,No,8.0,61.0,Medium,Yes,1.0,High,Medium,Public,Positive,4.0,No,High School,Near,Female,69,Medio
12.0,82.0,High,Low,No,6.0,65.0,Low,Yes,3.0,Medium,Medium,Private,Negative,3.0,No,High School,Near,Female,64,Bajo
25.0,63.0,Medium,Low,No,6.0,89.0,High,Yes,1.0,Medium,Medium,Private,Neutral,4.0,No,High School,Near,Male,65,Bajo
11.0,97.0,Medium,Medium,No,8.0,76.0,High,Yes,2.0,Medium,Medium,Public,Positive,2.0,No,High School,Near,Female,69,Medio
22.0,78.0,Medium,Low,No,9.0,63.0,High,Yes,2.0,Medium,Medium,Public,Neutral,4.0,No,High School,Near,Male,67,Medio
15.0,75.0,Medium,High,No,6.0,83.0,Low,Yes,1.0,High,Medium,Private,Negative,2.0,No,High School,Near,Female,65,Bajo
18.0,85.0,Medium,High,Yes,6.0,95.0,High,Yes,2.0,Low,Medium,Private,Positive,4.0,No,High School,Near,Female,70,Alto
23.0,87.0,High,Low,No,8.0,68.0,Medium,Yes,0.0,High,Medium,Private,Neutral,3.0,No,High School,Near,Male,68,Medio
23.0,68.0,Medium,Medium,Yes,8.0,80.0,Medium,Yes,1.0,Medium,Medium,Public,Neutral,1.0,No,High School,Near,Female,65,Bajo
28.0,93.0,Medium,Medium,No,7.0,79.0,High,Yes,0.0,Medium,Medium,Public,Positive,4.0,No,High School,Near,Male,74,Alto
20.0,72.0,Medium,Medium,Yes,9.0,56.0,Medium,Yes,4.0,High,Medium,Public,Negative,2.0,No,High School,Near,Male,65,Bajo
22.0,67.0,High,High,Yes,10.0,55.0,Medium,Yes,1.0,Low,Medium,Public,Positive,2.0,No,High School,Near,Male,65,Bajo
17.0,76.0,High,Medium,Yes,8.0,94.0,Medium,Yes,3.0,Medium,Medium,Public,Neutral,4.0,No,High School,Near,Female,68,Medio
21.0,89.0,Medium,Medium,No,6.0,97.0,Medium,No,1.0,Low,Medium,Private,Negative,3.0,No,High School,Near,Female,68,Medio
23.0,99.0,Medium,Medium,No,8.0,95.0,High,Yes,5.0,Medium,Medium,Public,Neutral,4.0,No,High School,Near,Female,74,Alto
19.0,92.0,High,Medium,No,6.0,70.0,High,Yes,2.0,Medium,Medium,Private,Negative,3.0,No,High School,Near,Female,71,Alto
9.0,98.0,High,Medium,Yes,9.0,64.0,Medium,Yes,1.0,Low,Medium,Private,Negative,3.0,No,High School,Near,Male,67,Medio
22.0,66.0,Medium,Medium,Yes,6.0,97.0,Low,Yes,0.0,High,Medium,Public,Neutral,3.0,No,High School,Near,Female,64,Bajo
22.0,63.0,Low,Low,Yes,7.0,94.0,Medium,Yes,0.0,Medium,Medium,Public,Negative,3.0,Yes,High School,Near,Male,61,Bajo
16.0,82.0,Medium,Medium,No,6.0,91.0,Medium,Yes,0.0,Low,Medium,Public,Positive,3.0,No,High School,Near,Female,66,Bajo
12.0,72.0,Medium,Medium,No,7.0,67.0,Low,Yes,0.0,Low,Medium,Public,Positive,2.0,No,High School,Near,Female,61,Bajo
29.0,93.0,Medium,High,No,7.0,82.0,Medium,Yes,5.0,Low,Medium,Public,Negative,3.0,No,High School,Near,Male,73,Alto
23.0,87.0,Low,Medium,No,8.0,88.0,High,Yes,2.0,Medium,Medium,Public,Neutral,3.0,No,High School,Near,Male,70,Alto
19.0,99.0,Low,Medium,No,7.0,79.0,Medium,Yes,2.0,Low,Medium,Private,Neutral,2.0,No,High School,Near,Male,70,Alto
13.0,70.0,Medium,Low,Yes,7.0,80.0,High,Yes,1.0,High,Medium,Public,Positive,4.0,No,High School,Near,Female,63,Bajo
15.0,79.0,High,Medium,Yes,6.0,88.0,Medium,Yes,3.0,High,Medium,Public,Neutral,3.0,No,High School,Near,Male,69,Medio
28.0,80.0,High,High,No,7.0,88.0,Medium,Yes,2.0,High,Medium,Public,Negative,2.0,No,High School,Near,Male,72,Alto
21.0,70.0,Medium,High,Yes,5.0,62.0,Medium,Yes,2.0,Low,Medium,Public,Neutral,2.0,No,High School,Near,Female,66,Bajo
17.0,84.0,High,High,No,9.0,70.0,Medium,Yes,1.0,High,Medium,Public,Negative,4.0,No,High School,Near,Male,68,Medio
23.0,78.0,Medium,High,No,7.0,89.0,Medium,Yes,1.0,Medium,Medium,Public,Neutral,3.0,No,High School,Near,Male,67,Medio
15.0,78.0,Medium,High,Yes,9.0,63.0,Medium,No,2.0,Medium,Medium,Private,Positive,3.0,No,High School,Near,Female,65,Bajo
29.0,75.0,Low,Medium,Yes,7.0,96.0,Low,Yes,2.0,Low,Medium,Public,Positive,3.0,No,High School,Near,Male,68,Medio
28.0,61.0,High,Medium,Yes,4.0,92.0,Low,Yes,1.0,Medium,Medium,Private,Neutral,4.0,No,High School,Near,Female,68,Medio
17.0,81.0,High,Medium,No,6.0,95.0,High,Yes,2.0,Medium,Medium,Private,Positive,3.0,No,High School,Near,Male,69,Medio
16.0,73.0,High,High,Yes,7.0,65.0,Low,Yes,1.0,Medium,Medium,Private,Positive,4.0,No,High School,Near,Male,66,Bajo
4.0,60.0,Medium,Medium,Yes,7.0,55.0,Medium,Yes,2.0,Low,Medium,Private,Neutral,2.0,No,High School,Near,Male,58,Bajo
11.0,72.0,High,Low,No,8.0,55.0,High,Yes,0.0,Medium,Medium,Public,Neutral,3.0,Yes,High School,Near,Male,60,Bajo
12.0,71.0,High,High,Yes,7.0,78.0,High,Yes,3.0,Low,Medium,Public,Positive,4.0,No,High School,Near,Female,67,Medio
21.0,76.0,Medium,Medium,Yes,6.0,65.0,Low,Yes,2.0,Low,Medium,Public,Negative,2.0,No,High School,Near,Female,65,Bajo
18.0,65.0,High,Medium,Yes,6.0,63.0,High,Yes,1.0,Low,Medium,Public,Negative,2.0,No,High School,Near,Male,62,Bajo
12.0,80.0,Medium,High,Yes,6.0,61.0,Medium,Yes,0.0,High,Medium,Private,Neutral,2.0,No,High School,Near,Male,65,Bajo
18.0,88.0,High,High,No,8.0,78.0,Medium,Yes,0.0,Medium,Medium,Public,Neutral,2.0,No,High School,Near,Male,69,Medio
23.0,85.0,Low,High,No,8.0,77.0,Medium,Yes,0.0,High,Medium,Public,Positive,4.0,No,High School,Near,Male,70,Alto
23.0,92.0,Low,High,Yes,6.0,71.0,High,Yes,2.0,Low,Medium,Public,Positive,2.0,No,High School,Near,Male,70,Alto
9.0,78.0,High,Medium,No,9.0,57.0,Low,Yes,1.0,Low,Medium,Public,Positive,5.0,No,High School,Near,Female,63,Bajo
19.0,81.0,Low,Medium,Yes,8.0,96.0,High,Yes,0.0,Medium,Medium,Public,Neutral,4.0,No,High School,Near,Male,69,Medio
12.0,92.0,Low,Medium,No,6.0,71.0,Low,Yes,0.0,Medium,Medium,Private,Negative,4.0,No,High School,Near,Male,64,Bajo
25.0,77.0,Medium,High,No,7.0,56.0,Medium,Yes,1.0,Low,Medium,Public,Positive,3.0,No,High School,Near,Male,69,Medio
25.0,88.0,High,Medium,Yes,8.0,52.0,Low,Yes,1.0,Medium,Medium,Public,Positive,2.0,No,High School,Near,Male,70,Alto
15.0,77.0,Medium,Medium,Yes,5.0,58.0,Medium,Yes,1.0,Low,Medium,Public,Positive,3.0,No,High School,Near,Female,64,Bajo
15.0,77.0,High,Medium,Yes,5.0,65.0,Low,No,2.0,Low,Medium,Public,Positive,4.0,Yes,High School,Near,Male,65,Bajo
17.0,90.0,High,Medium,No,8.0,82.0,Medium,Yes,0.0,Medium,Medium,Public,Neutral,4.0,No,High School,Near,Male,70,Alto
6.0,67.0,Medium,Low,Yes,6.0,99.0,Low,Yes,0.0,Medium,Medium,Private,Neutral,2.0,No,High School,Near,Male,60,Bajo
22.0,74.0,Medium,High,Yes,9.0,64.0,High,Yes,3.0,Medium,Medium,Public,Neutral,3.0,No,High School,Near,Female,68,Medio
18.0,69.0,Low,Low,Yes,10.0,89.0,Low,Yes,2.0,Low,Medium,Public,Neutral,1.0,Yes,High School,Near,Male,61,Bajo
26.0,74.0,Medium,Low,Yes,8.0,96.0,Medium,Yes,2.0,Medium,Medium,Private,Neutral,3.0,No,High School,Near,Female,68,Medio
13.0,69.0,Medium,Low,No,8.0,70.0,Medium,Yes,1.0,High,Medium,Private,Neutral,3.0,No,High School,Near,Male,61,Bajo
16.0,83.0,Low,Medium,No,5.0,63.0,Low,Yes,2.0,High,Medium,Private,Positive,3.0,Yes,High School,Near,Female,64,Bajo
11.0,92.0,Medium,Medium,No,5.0,75.0,Medium,Yes,2.0,Medium,Medium,Public,Negative,3.0,No,High School,Near,Female,66,Bajo
14.0,91.0,Medium,Medium,Yes,7.0,95.0,Medium,Yes,2.0,High,Medium,Public,Positive,2.0,No,High School,Near,Male,70,Alto
13.0,75.0,High,High,Yes,5.0,51.0,Medium,Yes,3.0,Medium,Medium,Private,Negative,3.0,No,High School,Near,Female,65,Bajo
26.0,100.0,Medium,High,Yes,7.0,74.0,High,Yes,1.0,Medium,Medium,Public,Neutral,2.0,No,High School,Near,Female,74,Alto
16.0,84.0,High,High,No,6.0,88.0,Low,Yes,1.0,Medium,Medium,Private,Negative,1.0,Yes,High School,Near,Male,66,Bajo
21.0,76.0,Low,Medium,Yes,7.0,80.0,High,Yes,3.0,Low,Medium,Public,Negative,2.0,Yes,High School,Near,Male,65,Bajo
18.0,93.0,Low,High,No,7.0,75.0,High,Yes,1.0,High,Medium,Private,Positive,1.0,No,High School,Near,Female,69,Medio
12.0,89.0,Medium,High,Yes,8.0,78.0,Low,Yes,4.0,Low,Medium,Public,Neutral,5.0,No,High School,Near,Female,69,Medio
19.0,90.0,Low,High,No,7.0,81.0,Medium,Yes,2.0,Medium,Medium,Private,Positive,2.0,No,High School,Near,Female,69,Medio
24.0,68.0,High,Low,No,6.0,84.0,Medium,Yes,1.0,Low,Medium,Public,Positive,4.0,No,High School,Near,Female,66,Bajo
13.0,79.0,Medium,Low,No,5.0,68.0,Medium,No,2.0,High,Medium,Private,Positive,3.0,No,High School,Near,Female,63,Bajo
25.0,94.0,Medium,Low,Yes,7.0,76.0,Medium,Yes,1.0,Low,Medium,Private,Neutral,2.0,Yes,High School,Near,Female,69,Medio
15.0,80.0,Medium,High,Yes,4.0,64.0,Medium,Yes,1.0,Medium,Medium,Public,Neutral,1.0,No,High School,Near,Male,65,Bajo
17.0,87.0,Medium,Medium,No,9.0,99.0,Medium,Yes,1.0,Medium,Medium,Private,Neutral,3.0,No,High School,Near,Male,67,Medio
23.0,84.0,Medium,Medium,No,8.0,59.0,Low,Yes,1.0,Low,Medium,Public,Positive,4.0,Yes,High School,Near,Female,66,Bajo
16.0,94.0,Low,Medium,Yes,8.0,58.0,Medium,Yes,2.0,Low,Medium,Public,Positive,3.0,Yes,High School,Near,Male,67,Medio
20.0,71.0,Low,High,Yes,6.0,63.0,High,Yes,1.0,Low,Medium,Public,Positive,2.0,No,High School,Near,Male,65,Bajo
18.0,83.0,Medium,High,No,8.0,96.0,Low,Yes,0.0,Medium,Medium,Public,Positive,4.0,Yes,High School,Near,Female,69,Medio
21.0,65.0,Low,High,No,6.0,83.0,Medium,Yes,3.0,Low,Medium,Public,Neutral,5.0,No,High School,Near,Male,65,Bajo
6.0,88.0,High,High,Yes,7.0,73.0,Medium,Yes,3.0,Low,Medium,Private,Neutral,3.0,No,High School,Near,Male,67,Medio
9.0,89.0,Medium,Medium,Yes,6.0,96.0,Medium,Yes,0.0,High,Medium,Public,Negative,4.0,No,High School,Near,Male,66,Bajo
24.0,62.0,Low,Medium,No,7.0,95.0,Medium,Yes,1.0,High,Medium,Public,Positive,3.0,No,High School,Near,Female,64,Bajo
26.0,87.0,Medium,High,No,5.0,70.0,Low,Yes,1.0,Low,Medium,Private,Positive,2.0,No,High School,Near,Female,70,Alto
15.0,77.0,Medium,High,Yes,7.0,78.0,Medium,Yes,0.0,Low,Medium,Public,Neutral,3.0,No,High School,Near,Male,65,Bajo
19.0,65.0,Low,Medium,Yes,5.0,95.0,Medium,Yes,2.0,Medium,Medium,Private,Neutral,4.0,No,High School,Near,Male,65,Bajo
22.0,77.0,Low,Low,No,10.0,66.0,Medium,Yes,2.0,Low,Medium,Public,Positive,3.0,No,High School,Near,Male,64,Bajo
24.0,68.0,Medium,Low,Yes,7.0,70.0,Low,Yes,1.0,Low,Medium,Public,Neutral,3.0,No,High School,Near,Male,64,Bajo
8.0,77.0,Medium,Low,Yes,7.0,90.0,Low,Yes,1.0,Medium,Medium,Public,Neutral,0.0,No,High School,Near,Male,61,Bajo
15.0,75.0,High,Medium,No,8.0,85.0,Medium,Yes,1.0,Low,Medium,Public,Neutral,3.0,No,High School,Near,Male,65,Bajo
18.0,90.0,High,Medium,Yes,5.0,52.0,Low,Yes,5.0,Medium,Medium,Private,Positive,3.0,Yes,High School,Near,Male,68,Medio
24.0,91.0,Low,High,Yes,6.0,56.0,Medium,Yes,1.0,Low,Medium,Public,Positive,2.0,No,High School,Near,Male,70,Alto
35.0,84.0,Low,Medium,Yes,8.0,92.0,High,Yes,6.0,Low,Medium,Public,Negative,4.0,No,High School,Near,Male,74,Alto
19.0,61.0,Medium,Medium,No,7.0,51.0,Low,Yes,1.0,Low,Medium,Public,Neutral,1.0,No,High School,Near,Female,60,Bajo
12.0,97.0,High,Low,Yes,6.0,96.0,Medium,Yes,2.0,Low,Medium,Public,Positive,2.0,No,High School,Near,Female,71,Alto
22.0,87.0,High,High,Yes,8.0,64.0,Medium,No,2.0,Medium,Medium,Public,Negative,3.0,No,High School,Near,Female,70,Alto
28.0,61.0,Low,Medium,Yes,7.0,80.0,Low,Yes,2.0,Medium,Medium,Public,Positive,4.0,No,High School,Near,Female,67,Medio
21.0,93.0,Medium,Medium,Yes,8.0,78.0,Medium,No,0.0,Low,Medium,Private,Neutral,3.0,No,High School,Near,Male,68,Medio
15.0,68.0,High,Medium,No,8.0,70.0,Medium,Yes,3.0,Medium,Medium,Public,Negative,3.0,No,High School,Near,Female,64,Bajo
26.0,83.0,High,Low,No,6.0,52.0,Medium,Yes,0.0,Low,Medium,Public,Negative,3.0,No,High School,Near,Male,67,Medio
24.0,79.0,Low,Low,No,7.0,60.0,Low,Yes,0.0,Low,Medium,Public,Neutral,3.0,No,High School,Near,Female,65,Bajo
14.0,77.0,Medium,Medium,Yes,4.0,81.0,Low,Yes,3.0,Medium,Medium,Private,Neutral,3.0,No,High School,Near,Female,66,Bajo
22.0,96.0,Medium,Medium,Yes,6.0,72.0,Low,Yes,1.0,High,Medium,Public,Positive,4.0,No,High School,Near,Female,72,Alto
26.0,77.0,Low,Medium,Yes,7.0,71.0,High,Yes,3.0,High,Medium,Public,Neutral,3.0,No,High School,Near,Female,69,Medio
27.0,63.0,Medium,Medium,Yes,8.0,55.0,Low,Yes,1.0,Medium,Medium,Private,Neutral,3.0,No,High School,Near,Female,65,Bajo
20.0,98.0,Low,High,Yes,8.0,67.0,Medium,Yes,0.0,High,Medium,Public,Positive,3.0,No,High School,Near,Female,71,Alto
18.0,97.0,High,High,Yes,6.0,76.0,Medium,Yes,0.0,Medium,Medium,Public,Neutral,5.0,No,High School,Near,Male,72,Alto
27.0,87.0,High,Medium,No,6.0,54.0,Medium,Yes,0.0,Medium,Medium,Private,Positive,2.0,No,High School,Near,Female,70,Alto
13.0,79.0,High,Medium,No,9.0,53.0,Medium,No,1.0,Medium,Medium,Private,Positive,2.0,No,High School,Near,Male,63,Bajo
23.0,64.0,Medium,Medium,No,7.0,75.0,Medium,Yes,2.0,Medium,Medium,Public,Positive,2.0,No,High School,Near,Female,66,Bajo
12.0,92.0,Low,Low,Yes,7.0,78.0,High,Yes,3.0,Medium,Medium,Public,Negative,2.0,No,High School,Near,Male,67,Medio
26.0,63.0,Medium,High,No,8.0,63.0,Low,Yes,1.0,High,Medium,Public,Neutral,3.0,No,High School,Near,Male,67,Medio
18.0,63.0,Medium,Medium,Yes,7.0,66.0,Low,Yes,2.0,Medium,Medium,Private,Negative,2.0,No,High School,Near,Female,62,Bajo
28.0,81.0,Medium,High,Yes,7.0,90.0,High,Yes,3.0,Medium,Medium,Private,Negative,3.0,No,High School,Near,Male,72,Alto
23.0,66.0,Medium,High,Yes,7.0,93.0,High,Yes,1.0,High,Medium,Public,Positive,1.0,No,High School,Near,Female,69,Medio
13.0,60.0,Medium,Medium,Yes,6.0,66.0,Medium,Yes,1.0,Medium,Medium,Public,Positive,5.0,Yes,High School,Near,Male,61,Bajo
29.0,77.0,Medium,Low,Yes,7.0,68.0,High,Yes,1.0,Medium,Medium,Public,Positive,3.0,No,High School,Near,Female,67,Medio
29.0,65.0,Low,Medium,Yes,4.0,92.0,Medium,No,0.0,Medium,Medium,Private,Positive,4.0,No,High School,Near,Female,66,Bajo
25.0,66.0,Medium,Medium,Yes,6.0,99.0,Medium,Yes,2.0,Medium,Medium,Public,Positive,3.0,No,High School,Near,Female,68,Medio
15.0,63.0,Medium,High,No,8.0,66.0,High,Yes,1.0,Low,Medium,Private,Negative,4.0,No,High School,Near,Male,62,Bajo
18.0,68.0,High,Low,Yes,8.0,89.0,Medium,Yes,0.0,Medium,Medium,Public,Negative,3.0,No,High School,Near,Male,63,Bajo
21.0,89.0,Medium,Medium,Yes,9.0,74.0,High,Yes,3.0,Low,Medium,Private,Positive,4.0,No,High School,Near,Female,70,Alto
16.0,92.0,Low,High,Yes,8.0,63.0,Medium,Yes,2.0,Low,Medium,Public,Neutral,4.0,No,High School,Near,Male,68,Medio
30.0,78.0,Medium,High,Yes,8.0,84.0,Medium,Yes,1.0,High,Medium,Private,Negative,1.0,No,High School,Near,Male,71,Alto
21.0,80.0,High,Low,No,7.0,73.0,Medium,Yes,0.0,Medium,Medium,Private,Neutral,2.0,No,High School,Near,Female,65,Bajo
4.0,61.0,Low,High,Yes,6.0,63.0,Medium,Yes,4.0,Medium,Medium,Public,Neutral,3.0,No,High School,Near,Male,59,Bajo
22.0,63.0,High,Low,Yes,8.0,55.0,Medium,Yes,2.0,Medium,Medium,Private,Neutral,4.0,No,High School,Near,Male,64,Bajo
18.0,70.0,Medium,High,No,7.0,93.0,Medium,Yes,0.0,Medium,Medium,Public,Positive,3.0,No,High School,Near,Male,67,Medio
20.0,82.0,Medium,Medium,No,6.0,94.0,Medium,Yes,3.0,Low,Medium,Private,Positive,2.0,No,High School,Near,Male,68,Medio
18.0,90.0,High,High,Yes,6.0,54.0,Low,Yes,1.0,Medium,Medium,Public,Negative,3.0,No,High School,Near,Female,95,Alto
25.0,84.0,Medium,Medium,Yes,7.0,83.0,High,Yes,1.0,Low,Medium,Public,Positive,3.0,No,High School,Near,Male,70,Alto
27.0,76.0,Medium,Medium,No,9.0,58.0,Medium,Yes,1.0,Medium,Medium,Public,Positive,3.0,No,High School,Near,Female,68,Medio
22.0,65.0,Low,Medium,No,7.0,82.0,Medium,Yes,2.0,Medium,Medium,Public,Positive,4.0,Yes,High School,Near,Male,65,Bajo
18.0,91.0,Low,Medium,No,7.0,95.0,Medium,Yes,2.0,Low,Medium,Public,Positive,2.0,No,High School,Near,Male,70,Alto
20.0,75.0,Medium,Medium,No,8.0,63.0,Medium,Yes,4.0,Medium,Medium,Public,Neutral,3.0,No,High School,Near,Male,67,Medio
20.0,89.0,Medium,High,No,8.0,67.0,Medium,Yes,2.0,Low,Medium,Public,Neutral,2.0,Yes,High School,Near,Male,69,Medio
15.0,81.0,Medium,High,Yes,7.0,90.0,High,Yes,1.0,Low,Medium,Private,Positive,2.0,No,High School,Near,Female,68,Medio
23.0,90.0,High,High,No,7.0,87.0,High,Yes,1.0,Low,Medium,Public,Neutral,2.0,No,High School,Near,Female,72,Alto
23.0,96.0,Medium,High,No,6.0,70.0,Medium,Yes,1.0,Medium,Medium,Public,Neutral,2.0,No,High School,Near,Male,71,Alto
29.0,97.0,Medium,High,Yes,9.0,92.0,Medium,Yes,2.0,Low,Medium,Public,Positive,4.0,No,High School,Near,Female,75,Alto
28.0,81.0,Medium,High,No,6.0,96.0,Medium,Yes,0.0,Medium,Medium,Public,Neutral,2.0,No,High School,Near,Male,70,Alto
16.0,80.0,Medium,Medium,No,9.0,73.0,Medium,Yes,2.0,Medium,Medium,Private,Negative,4.0,No,High School,Near,Male,66,Bajo
25.0,71.0,Medium,High,Yes,7.0,52.0,High,Yes,3.0,Low,Medium,Private,Neutral,3.0,No,High School,Near,Male,67,Medio
14.0,97.0,Medium,Medium,Yes,7.0,75.0,High,Yes,1.0,Medium,Medium,Public,Positive,4.0,No,High School,Near,Female,70,Alto
24.0,78.0,High,High,Yes,8.0,87.0,Medium,Yes,2.0,Medium,Medium,Public,Neutral,3.0,No,High School,Near,Male,71,Alto
17.0,65.0,Medium,Medium,No,6.0,61.0,Medium,Yes,5.0,Low,Medium,Public,Positive,4.0,No,High School,Near,Female,64,Bajo
14.0,77.0,Medium,Medium,No,8.0,55.0,High,Yes,2.0,High,Medium,Private,Neutral,4.0,No,High School,Near,Male,65,Bajo
22.0,65.0,Medium,Medium,Yes,7.0,64.0,High,Yes,1.0,Medium,Medium,Private,Negative,2.0,No,High School,Near,Male,64,Bajo
4.0,80.0,Low,Medium,Yes,8.0,51.0,Medium,Yes,4.0,Medium,Medium,Public,Negative,5.0,No,High School,Near,Male,62,Bajo
9.0,82.0,High,Low,Yes,6.0,86.0,Medium,Yes,2.0,Low,Medium,Private,Negative,2.0,No,High School,Near,Female,64,Bajo
19.0,74.0,Medium,High,Yes,6.0,57.0,High,Yes,1.0,Medium,Medium,Private,Positive,2.0,No,High School,Near,Female,66,Bajo
20.0,63.0,Medium,Medium,Yes,4.0,86.0,Low,Yes,0.0,High,Medium,Public,Neutral,3.0,No,High School,Near,Male,64,Bajo
18.0,98.0,High,Medium,Yes,6.0,62.0,Low,Yes,3.0,Medium,Medium,Public,Positive,3.0,No,High School,Near,Female,71,Alto
11.0,91.0,High,Low,Yes,6.0,100.0,Low,Yes,4.0,Low,Medium,Public,Negative,2.0,No,High School,Near,Male,68,Medio
15.0,94.0,Medium,Medium,Yes,6.0,77.0,Low,Yes,3.0,High,Medium,Private,Neutral,4.0,No,High School,Near,Female,70,Alto
22.0,75.0,High,Medium,No,7.0,52.0,High,Yes,0.0,Low,Medium,Private,Neutral,3.0,No,High School,Near,Female,66,Bajo
23.0,90.0,Medium,Medium,No,7.0,89.0,Low,Yes,2.0,High,Medium,Public,Positive,4.0,No,High School,Near,Female,71,Alto
20.0,79.0,Medium,Medium,Yes,8.0,71.0,Medium,Yes,1.0,Medium,Medium,Public,Neutral,3.0,No,High School,Near,Female,68,Medio
27.0,68.0,Low,Low,Yes,8.0,80.0,High,Yes,3.0,Medium,Medium,Public,Positive,4.0,Yes,High School,Near,Male,66,Bajo
22.0,65.0,Low,Medium,No,8.0,98.0,High,Yes,4.0,Medium,Medium,Private,Neutral,3.0,No,High School,Near,Female,66,Bajo
16.0,74.0,Low,High,No,8.0,76.0,Medium,Yes,5.0,Low,Medium,Public,Negative,3.0,No,High School,Near,Male,65,Bajo
18.0,66.0,Medium,Medium,Yes,7.0,90.0,Medium,Yes,0.0,Medium,Medium,Public,Negative,4.0,No,High School,Near,Male,64,Bajo
12.0,100.0,Low,Medium,Yes,7.0,65.0,Medium,Yes,1.0,Low,Medium,Private,Positive,2.0,No,High School,Near,Male,67,Medio
19.0,62.0,Medium,Medium,Yes,8.0,86.0,Low,Yes,1.0,High,Medium,Public,Positive,3.0,No,High School,Near,Male,65,Bajo
27.0,78.0,Medium,Medium,Yes,8.0,55.0,Low,Yes,3.0,High,Medium,Public,Neutral,2.0,No,High School,Near,Male,69,Medio
24.0,78.0,High,Medium,Yes,5.0,95.0,Low,Yes,1.0,Low,Medium,Private,Positive,2.0,No,High School,Near,Male,69,Medio
28.0,72.0,Low,Medium,Yes,7.0,60.0,Medium,Yes,4.0,High,Medium,Public,Neutral,3.0,No,High School,Near,Male,69,Medio
18.0,83.0,Medium,High,No,4.0,65.0,Low,Yes,3.0,Low,Medium,Public,Positive,4.0,No,High School,Near,Male,68,Medio
28.0,66.0,Medium,Low,Yes,4.0,98.0,Medium,Yes,0.0,Medium,Medium,Public,Positive,3.0,No,High School,Near,Female,67,Medio
19.0,91.0,Medium,Low,No,6.0,58.0,High,Yes,2.0,Low,Medium,Public,Positive,3.0,No,High School,Near,Male,68,Medio
29.0,73.0,Low,Low,Yes,7.0,63.0,Medium,Yes,1.0,Low,Medium,Public,Negative,4.0,No,High School,Near,Female,65,Bajo
20.0,84.0,High,Medium,Yes,6.0,79.0,Medium,Yes,3.0,Medium,Medium,Public,Negative,3.0,No,High School,Near,Male,69,Medio
24.0,89.0,Medium,Low,No,4.0,99.0,High,Yes,1.0,High,Medium,Private,Positive,3.0,No,High School,Near,Male,73,Alto
29.0,96.0,High,Medium,No,8.0,85.0,Low,Yes,3.0,High,Medium,Public,Neutral,3.0,No,High School,Near,Male,76,Alto
19.0,93.0,Medium,High,Yes,6.0,56.0,Medium,Yes,0.0,Low,Medium,Private,Negative,3.0,No,High School,Near,Male,69,Medio
21.0,84.0,High,Low,Yes,8.0,87.0,Low,Yes,2.0,High,Medium,Public,Positive,1.0,No,High School,Near,Female,69,Medio
28.0,76.0,Medium,Medium,Yes,6.0,71.0,Medium,Yes,3.0,Low,Medium,Private,Positive,2.0,No,High School,Near,Female,68,Medio
19.0,80.0,High,High,Yes,6.0,100.0,Medium,Yes,1.0,Medium,Medium,Public,Positive,3.0,No,High School,Near,Male,70,Alto
12.0,91.0,Medium,Low,Yes,8.0,81.0,Low,Yes,0.0,Low,Medium,Public,Positive,4.0,No,High School,Near,Male,64,Bajo
33.0,95.0,Low,Low,Yes,6.0,77.0,Low,Yes,2.0,High,Medium,Private,Positive,3.0,No,High School,Near,Female,73,Alto
17.0,64.0,Medium,Medium,Yes,7.0,78.0,High,Yes,1.0,Medium,Medium,Public,Positive,3.0,No,High School,Near,Male,64,Bajo
21.0,75.0,Medium,Low,Yes,7.0,82.0,Medium,Yes,1.0,Medium,Medium,Public,Negative,4.0,No,High School,Near,Male,65,Bajo
27.0,91.0,Low,High,No,5.0,87.0,Medium,No,0.0,Medium,Medium,Public,Negative,3.0,No,High School,Near,Female,69,Medio
16.0,77.0,Medium,Low,Yes,8.0,54.0,Medium,No,0.0,Medium,Medium,Public,Negative,3.0,No,High School,Near,Male,62,Bajo
14.0,73.0,High,Medium,Yes,6.0,57.0,High,Yes,2.0,Medium,Medium,Public,Neutral,4.0,No,High School,Near,Female,64,Bajo
22.0,76.0,Low,High,No,5.0,65.0,Low,Yes,0.0,Medium,Medium,Public,Neutral,3.0,No,High School,Near,Female,64,Bajo
9.0,84.0,Medium,Medium,No,6.0,74.0,Medium,Yes,5.0,High,Medium,Public,Neutral,2.0,No,High School,Near,Male,67,Medio
18.0,100.0,Medium,Low,Yes,8.0,66.0,High,No,3.0,Low,Medium,Public,Negative,3.0,No,High School,Near,Male,69,Medio
21.0,80.0,Medium,Low,Yes,5.0,61.0,Medium,Yes,2.0,High,Medium,Public,Positive,3.0,No,High School,Near,Male,67,Medio
18.0,68.0,Low,High,No,8.0,96.0,Medium,Yes,1.0,High,Medium,Public,Neutral,3.0,No,High School,Near,Male,65,Bajo
11.0,67.0,Medium,High,No,8.0,52.0,High,Yes,3.0,High,Medium,Public,Negative,3.0,No,High School,Near,Female,63,Bajo
30.0,62.0,Low,Low,Yes,7.0,97.0,Medium,Yes,0.0,High,Medium,Private,Neutral,5.0,No,High School,Near,Female,66,Bajo
21.0,82.0,Medium,High,No,7.0,95.0,High,Yes,1.0,High,Medium,Public,Negative,3.0,No,High School,Near,Male,70,Alto
29.0,82.0,Medium,High,No,7.0,84.0,Low,Yes,1.0,Low,Medium,Private,Positive,2.0,No,High School,Near,Male,70,Alto
18.0,68.0,High,High,Yes,8.0,52.0,High,Yes,0.0,High,Medium,Public,Positive,3.0,No,High School,Near,Male,67,Medio
15.0,88.0,Low,Medium,Yes,6.0,61.0,Medium,Yes,0.0,High,Medium,Public,Neutral,4.0,Yes,High School,Near,Male,65,Bajo
22.0,90.0,Low,High,No,5.0,99.0,Medium,Yes,1.0,Low,Medium,Private,Positive,2.0,No,High School,Near,Female,70,Alto
19.0,70.0,Medium,Medium,Yes,7.0,95.0,High,No,0.0,Medium,Medium,Private,Positive,3.0,No,High School,Near,Female,66,Bajo
13.0,74.0,Medium,High,Yes,8.0,98.0,High,Yes,1.0,High,Medium,Public,Negative,2.0,No,High School,Near,Male,66,Bajo
29.0,100.0,Medium,Low,Yes,8.0,100.0,Low,Yes,0.0,Low,Medium,Private,Neutral,5.0,Yes,High School,Near,Male,72,Alto
16.0,75.0,High,Low,Yes,10.0,53.0,High,Yes,0.0,Low,Medium,Public,Positive,4.0,No,High School,Near,Female,64,Bajo
9.0,90.0,High,High,Yes,7.0,79.0,Low,Yes,4.0,High,Medium,Public,Positive,4.0,No,High School,Near,Male,70,Alto
28.0,78.0,Medium,High,No,7.0,92.0,Low,Yes,1.0,Medium,Medium,Public,Positive,3.0,No,High School,Near,Female,71,Alto
17.0,92.0,Medium,Medium,No,7.0,66.0,Low,Yes,2.0,Low,Medium,Public,Negative,3.0,No,High School,Near,Male,66,Bajo
16.0,91.0,High,Medium,Yes,6.0,72.0,High,Yes,0.0,High,Medium,Public,Negative,2.0,No,High School,Near,Female,70,Alto
9.0,87.0,Low,Medium,Yes,6.0,64.0,Medium,Yes,1.0,High,Medium,Public,Neutral,2.0,No,High School,Near,Female,64,Bajo
30.0,94.0,Medium,Low,No,5.0,52.0,Low,No,3.0,High,Medium,Private,Neutral,2.0,No,High School,Near,Female,70,Alto
12.0,98.0,Medium,Low,Yes,4.0,54.0,Medium,Yes,2.0,Medium,Medium,Private,Neutral,3.0,No,High School,Near,Female,67,Medio
20.0,83.0,Medium,Low,No,6.0,51.0,Low,Yes,2.0,Medium,Medium,Public,Neutral,4.0,No,High School,Near,Female,65,Bajo
25.0,69.0,High,Medium,No,7.0,76.0,Medium,Yes,1.0,High,Medium,Public,Positive,2.0,No,High School,Near,Female,68,Medio
23.0,76.0,High,Medium,No,8.0,81.0,Medium,Yes,3.0,Low,Medium,Public,Positive,2.0,No,High School,Near,Female,69,Medio
20.0,90.0,Medium,Low,Yes,6.0,65.0,Low,Yes,3.0,Low,Medium,Public,Negative,2.0,No,High School,Near,Female,68,Medio
10.0,86.0,High,High,Yes,6.0,91.0,High,Yes,2.0,Low,Medium,Private,Positive,3.0,No,High School,Near,Female,68,Medio
15.0,67.0,Medium,Low,Yes,9.0,94.0,Medium,Yes,0.0,Medium,Medium,Public,Positive,4.0,No,High School,Near,Male,64,Bajo
25.0,73.0,Medium,Medium,Yes,7.0,56.0,Medium,Yes,2.0,High,Medium,Public,Neutral,4.0,No,High School,Near,Female,93,Alto
23.0,83.0,High,High,Yes,4.0,89.0,Low,Yes,1.0,Medium,Medium,Public,Negative,3.0,No,High School,Near,Male,99,Alto
14.0,77.0,Low,High,No,6.0,75.0,Medium,Yes,1.0,Medium,Medium,Public,Neutral,4.0,Yes,High School,Near,Female,89,Alto
7.0,63.0,High,High,Yes,10.0,90.0,Medium,Yes,0.0,Low,Medium,Private,Positive,2.0,Yes,High School,Near,Male,86,Alto
11.0,62.0,High,Medium,Yes,7.0,76.0,High,Yes,3.0,High,Medium,Private,Neutral,3.0,Yes,High School,Near,Male,88,Alto
18.0,93.0,Medium,Medium,No,7.0,76.0,Low,Yes,2.0,Medium,Medium,Private,Neutral,4.0,No,High School,Near,Female,96,Alto
30.0,98.0,Medium,Low,Yes,9.0,93.0,Medium,Yes,1.0,Low,Medium,Private,Positive,3.0,No,High School,Near,Male,88,Alto
30.0,98.0,Medium,Low,Yes,9.0,93.0,Medium,Yes,1.0,Low,Medium,Private,Positive,3.0,No,High School,Near,Male,88,Alto
14.0,90.0,High,High,Yes,8.0,86.0,Medium,Yes,4.0,Medium,Medium,Private,Negative,2.0,No,High School,Near,Female,99,Alto
14.0,90.0,High,High,Yes,8.0,86.0,Medium,Yes,4.0,Medium,Medium,Private,Negative,2.0,No,High School,Near,Female,99,Alto
1.0,88.0,Medium,High,Yes,3.0,69.0,High,Yes,3.0,Medium,Medium,Private,Negative,2.0,No,High School,Near,Male,92,Alto
25.0,69.0,High,High,No,8.0,90.0,Low,No,0.0,Medium,Medium,Public,Negative,3.0,No,High School,Near,Female,93,Alto
17.0,93.0,Medium,Medium,No,7.0,70.0,Low,Yes,2.0,Medium,Medium,Private,Neutral,3.0,No,High School,Near,Female,96,Alto
5.0,62.0,Medium,Low,No,6.0,66.0,Medium,Yes,1.0,Low,Medium,Public,Negative,3.0,No,High School,Near,Male,54,Bajo
4.0,65.0,Low,High,No,7.0,69.0,Medium,Yes,1.0,Low,Medium,Private,Negative,2.0,No,High School,Near,Male,54,Bajo
9.0,58.0,High,Low,Yes,8.0,68.0,High,Yes,0.0,Low,Medium,Public,Negative,2.0,Yes,High School,Near,Male,57,Bajo
12.0,67.0,Low,Low,No,8.0,68.0,Low,Yes,1.0,Low,Medium,Public,Neutral,4.0,No,High School,Near,Female,55,Bajo
9.0,64.0,Medium,Low,Yes,9.0,66.0,Low,Yes,0.0,Medium,Medium,Private,Negative,3.0,No,High School,Near,Male,57,Bajo
2.0,61.0,Medium,Low,Yes,7.0,77.0,Low,Yes,1.0,Low,Medium,Public,Positive,1.0,No,High School,Near,Female,54,Bajo
4.0,68.0,High,Low,No,9.0,93.0,Low,No,2.0,Medium,Medium,Private,Negative,3.0,No,High School,Near,Female,58,Bajo
13.0,61.0,High,Low,No,7.0,68.0,Low,No,1.0,Medium,Medium,Public,Neutral,2.0,No,High School,Near,Male,58,Bajo
4.0,60.0,Low,High,Yes,7.0,71.0,High,Yes,0.0,Low,Medium,Public,Positive,1.0,No,High School,Near,Male,58,Bajo
13.0,61.0,Medium,Medium,No,5.0,82.0,Low,No,0.0,Low,Medium,Public,Neutral,0.0,No,High School,Near,Female,58,Bajo
3.0,62.0,Medium,Medium,No,6.0,78.0,High,Yes,3.0,High,Medium,Public,Neutral,2.0,No,High School,Near,Female,58,Bajo
3.0,67.0,Medium,Medium,No,6.0,73.0,Low,Yes,1.0,Low,Medium,Private,Positive,2.0,No,High School,Near,Male,58,Bajo
7.0,62.0,High,Medium,Yes,8.0,51.0,Low,Yes,0.0,Medium,Medium,Public,Positive,3.0,No,High School,Near,Male,58,Bajo
12.0,61.0,Medium,Low,No,6.0,52.0,Low,Yes,2.0,Low,Medium,Public,Positive,2.0,No,High School,Near,Female,58,Bajo
17.0,60.0,Medium,Low,No,6.0,66.0,Medium,Yes,0.0,Low,Medium,Public,Positive,2.0,No,High School,Near,Female,58,Bajo
11.0,64.0,Medium,Low,Yes,7.0,67.0,High,No,1.0,Medium,Medium,Public,Neutral,2.0,Yes,High School,Near,Male,58,Bajo
9.0,61.0,Low,High,Yes,7.0,53.0,Medium,Yes,0.0,Medium,Medium,Public,Positive,2.0,Yes,High School,Near,Male,58,Bajo
3.0,79.0,Low,Medium,Yes,7.0,65.0,Low,Yes,0.0,Medium,Medium,Public,Negative,3.0,No,High School,Near,Female,58,Bajo
13.0,64.0,Medium,High,No,6.0,57.0,Low,Yes,1.0,Low,Medium,Public,Neutral,3.0,Yes,High School,Near,Female,58,Bajo
11.0,63.0,Medium,High,Yes,9.0,52.0,High,Yes,0.0,Low,Medium,Public,Negative,3.0,Yes,High School,Near,Male,58,Bajo
3.0,60.0,Medium,Medium,Yes,5.0,76.0,High,No,1.0,Medium,Medium,Private,Neutral,4.0,No,High School,Near,Female,58,Bajo
3.0,70.0,Medium,Medium,Yes,7.0,58.0,Medium,Yes,0.0,Medium,Medium,Private,Neutral,2.0,No,High School,Near,Male,58,Bajo
6.0,73.0,Medium,Medium,No,8.0,93.0,Low,Yes,1.0,Low,Medium,Private,Neutral,2.0,Yes,High School,Near,Female,58,Bajo
15.0,60.0,High,Medium,No,7.0,63.0,Low,Yes,0.0,High,Medium,Public,Positive,1.0,Yes,High School,Near,Female,58,Bajo
11.0,69.0,Low,Medium,Yes,8.0,65.0,Low,Yes,0.0,Low,Medium,Public,Negative,2.0,No,High School,Near,Male,58,Bajo
10.0,64.0,Medium,Low,No,9.0,76.0,Low,Yes,1.0,Low,Medium,Private,Positive,2.0,No,High School,Near,Female,58,Bajo
13.0,60.0,Low,Medium,No,5.0,67.0,High,Yes,1.0,Low,Medium,Public,Neutral,4.0,Yes,High School,Near,Male,58,Bajo
4.0,60.0,Medium,Medium,Yes,7.0,55.0,Medium,Yes,2.0,Low,Medium,Public,Neutral,2.0,No,High School,Near,Male,58,Bajo
